ISO-10303-21;
HEADER;
FILE_DESCRIPTION(('Open CASCADE Model'),'2;1');
FILE_NAME('Open CASCADE Shape Model','2026-09-18T05:23:15',('Author'),(
    'Open CASCADE'),'Open CASCADE STEP processor 7.7','Open CASCADE 7.7'
  ,'Unknown');
FILE_SCHEMA(('AUTOMOTIVE_DESIGN { 1 0 10303 214 1 1 1 1 }'));
ENDSEC;
DATA;
#1 = APPLICATION_PROTOCOL_DEFINITION('international standard',
  'automotive_design',2000,#2);
#2 = APPLICATION_CONTEXT(
  'core data for automotive mechanical design processes');
#3 = SHAPE_DEFINITION_REPRESENTATION(#4,#10);
#4 = PRODUCT_DEFINITION_SHAPE('','',#5);
#5 = PRODUCT_DEFINITION('design','',#6,#9);
#6 = PRODUCT_DEFINITION_FORMATION('','',#7);
#7 = PRODUCT('Open CASCADE STEP translator 7.7 3',
  'Open CASCADE STEP translator 7.7 3','',(#8));
#8 = PRODUCT_CONTEXT('',#2,'mechanical');
#9 = PRODUCT_DEFINITION_CONTEXT('part definition',#2,'design');
#10 = ADVANCED_BREP_SHAPE_REPRESENTATION('',(#11,#15),#12791);
#11 = AXIS2_PLACEMENT_3D('',#12,#13,#14);
#12 = CARTESIAN_POINT('',(0.,0.,0.));
#13 = DIRECTION('',(0.,0.,1.));
#14 = DIRECTION('',(1.,0.,-0.));
#15 = MANIFOLD_SOLID_BREP('',#16);
#16 = CLOSED_SHELL('',(#17,#191,#2397,#2781,#3277,#3324,#3649,#3847,
    #3896,#3921,#3970,#3997,#4138,#4215,#4264,#4313,#4340,#4389,#4466,
    #4520,#4602,#4705,#4754,#4974,#5023,#5072,#5121,#5262,#5309,#5358,
    #5407,#5434,#5483,#5532,#5632,#5681,#5756,#5805,#5854,#5903,#6027,
    #6172,#6221,#6268,#6317,#6421,#6470,#6519,#6648,#6697,#6746,#6795,
    #6914,#6963,#7012,#7061,#7110,#7159,#7208,#7255,#7282,#7351,#7398,
    #7445,#7470,#7539,#7586,#7633,#7658,#7727,#7774,#7821,#7846,#7915,
    #7962,#8009,#8034,#8103,#8150,#8197,#8222,#8291,#8338,#8385,#8410,
    #8681,#8842,#8889,#9030,#9079,#9152,#9201,#9362,#9409,#9668,#9761,
    #10095,#10167,#10194,#10219,#10246,#10273,#10298,#10323,#10350,
    #10377,#10402,#10427,#10454,#10481,#10488,#10513,#10540,#10567,
    #10592,#10599,#10682,#10731,#10798,#10847,#10994,#11041,#11322,
    #11347,#11374,#11401,#11426,#11433,#11458,#11465,#11514,#11600,
    #11648,#11678,#11839,#11868,#11895,#11982,#12009,#12036,#12063,
    #12071,#12099,#12126,#12174,#12201,#12228,#12255,#12280,#12287,
    #12314,#12341,#12366,#12373,#12438,#12444,#12471,#12498,#12523,
    #12548,#12575,#12602,#12627,#12652,#12679,#12706,#12713,#12720,
    #12726,#12732,#12758,#12785));
#17 = ADVANCED_FACE('',(#18),#32,.F.);
#18 = FACE_BOUND('',#19,.F.);
#19 = EDGE_LOOP('',(#20,#55,#83,#111,#139,#166));
#20 = ORIENTED_EDGE('',*,*,#21,.F.);
#21 = EDGE_CURVE('',#22,#24,#26,.T.);
#22 = VERTEX_POINT('',#23);
#23 = CARTESIAN_POINT('',(265.6,1.,19.8));
#24 = VERTEX_POINT('',#25);
#25 = CARTESIAN_POINT('',(265.6,1.,30.3));
#26 = SURFACE_CURVE('',#27,(#31,#43),.PCURVE_S1.);
#27 = LINE('',#28,#29);
#28 = CARTESIAN_POINT('',(265.6,1.,19.8));
#29 = VECTOR('',#30,1.);
#30 = DIRECTION('',(0.,0.,1.));
#31 = PCURVE('',#32,#37);
#32 = PLANE('',#33);
#33 = AXIS2_PLACEMENT_3D('',#34,#35,#36);
#34 = CARTESIAN_POINT('',(265.6,1.,19.8));
#35 = DIRECTION('',(1.,0.,-0.));
#36 = DIRECTION('',(0.,0.,1.));
#37 = DEFINITIONAL_REPRESENTATION('',(#38),#42);
#38 = LINE('',#39,#40);
#39 = CARTESIAN_POINT('',(0.,0.));
#40 = VECTOR('',#41,1.);
#41 = DIRECTION('',(1.,0.));
#42 = ( GEOMETRIC_REPRESENTATION_CONTEXT(2) 
PARAMETRIC_REPRESENTATION_CONTEXT() REPRESENTATION_CONTEXT('2D SPACE',''
  ) );
#43 = PCURVE('',#44,#49);
#44 = PLANE('',#45);
#45 = AXIS2_PLACEMENT_3D('',#46,#47,#48);
#46 = CARTESIAN_POINT('',(265.6,1.,19.8));
#47 = DIRECTION('',(-0.,1.,0.));
#48 = DIRECTION('',(0.,0.,1.));
#49 = DEFINITIONAL_REPRESENTATION('',(#50),#54);
#50 = LINE('',#51,#52);
#51 = CARTESIAN_POINT('',(0.,0.));
#52 = VECTOR('',#53,1.);
#53 = DIRECTION('',(1.,0.));
#54 = ( GEOMETRIC_REPRESENTATION_CONTEXT(2) 
PARAMETRIC_REPRESENTATION_CONTEXT() REPRESENTATION_CONTEXT('2D SPACE',''
  ) );
#55 = ORIENTED_EDGE('',*,*,#56,.T.);
#56 = EDGE_CURVE('',#22,#57,#59,.T.);
#57 = VERTEX_POINT('',#58);
#58 = CARTESIAN_POINT('',(265.6,19.5,19.8));
#59 = SURFACE_CURVE('',#60,(#64,#71),.PCURVE_S1.);
#60 = LINE('',#61,#62);
#61 = CARTESIAN_POINT('',(265.6,1.,19.8));
#62 = VECTOR('',#63,1.);
#63 = DIRECTION('',(-0.,1.,0.));
#64 = PCURVE('',#32,#65);
#65 = DEFINITIONAL_REPRESENTATION('',(#66),#70);
#66 = LINE('',#67,#68);
#67 = CARTESIAN_POINT('',(0.,0.));
#68 = VECTOR('',#69,1.);
#69 = DIRECTION('',(0.,-1.));
#70 = ( GEOMETRIC_REPRESENTATION_CONTEXT(2) 
PARAMETRIC_REPRESENTATION_CONTEXT() REPRESENTATION_CONTEXT('2D SPACE',''
  ) );
#71 = PCURVE('',#72,#77);
#72 = PLANE('',#73);
#73 = AXIS2_PLACEMENT_3D('',#74,#75,#76);
#74 = CARTESIAN_POINT('',(265.6,1.,19.8));
#75 = DIRECTION('',(0.,0.,1.));
#76 = DIRECTION('',(1.,0.,-0.));
#77 = DEFINITIONAL_REPRESENTATION('',(#78),#82);
#78 = LINE('',#79,#80);
#79 = CARTESIAN_POINT('',(0.,0.));
#80 = VECTOR('',#81,1.);
#81 = DIRECTION('',(0.,1.));
#82 = ( GEOMETRIC_REPRESENTATION_CONTEXT(2) 
PARAMETRIC_REPRESENTATION_CONTEXT() REPRESENTATION_CONTEXT('2D SPACE',''
  ) );
#83 = ORIENTED_EDGE('',*,*,#84,.T.);
#84 = EDGE_CURVE('',#57,#85,#87,.T.);
#85 = VERTEX_POINT('',#86);
#86 = CARTESIAN_POINT('',(265.6,19.5,30.8));
#87 = SURFACE_CURVE('',#88,(#92,#99),.PCURVE_S1.);
#88 = LINE('',#89,#90);
#89 = CARTESIAN_POINT('',(265.6,19.5,19.8));
#90 = VECTOR('',#91,1.);
#91 = DIRECTION('',(0.,0.,1.));
#92 = PCURVE('',#32,#93);
#93 = DEFINITIONAL_REPRESENTATION('',(#94),#98);
#94 = LINE('',#95,#96);
#95 = CARTESIAN_POINT('',(0.,-18.5));
#96 = VECTOR('',#97,1.);
#97 = DIRECTION('',(1.,0.));
#98 = ( GEOMETRIC_REPRESENTATION_CONTEXT(2) 
PARAMETRIC_REPRESENTATION_CONTEXT() REPRESENTATION_CONTEXT('2D SPACE',''
  ) );
#99 = PCURVE('',#100,#105);
#100 = PLANE('',#101);
#101 = AXIS2_PLACEMENT_3D('',#102,#103,#104);
#102 = CARTESIAN_POINT('',(265.6,19.5,19.8));
#103 = DIRECTION('',(-0.,1.,0.));
#104 = DIRECTION('',(0.,0.,1.));
#105 = DEFINITIONAL_REPRESENTATION('',(#106),#110);
#106 = LINE('',#107,#108);
#107 = CARTESIAN_POINT('',(0.,0.));
#108 = VECTOR('',#109,1.);
#109 = DIRECTION('',(1.,0.));
#110 = ( GEOMETRIC_REPRESENTATION_CONTEXT(2) 
PARAMETRIC_REPRESENTATION_CONTEXT() REPRESENTATION_CONTEXT('2D SPACE',''
  ) );
#111 = ORIENTED_EDGE('',*,*,#112,.F.);
#112 = EDGE_CURVE('',#113,#85,#115,.T.);
#113 = VERTEX_POINT('',#114);
#114 = CARTESIAN_POINT('',(265.6,3.,30.8));
#115 = SURFACE_CURVE('',#116,(#120,#127),.PCURVE_S1.);
#116 = LINE('',#117,#118);
#117 = CARTESIAN_POINT('',(265.6,1.,30.8));
#118 = VECTOR('',#119,1.);
#119 = DIRECTION('',(-0.,1.,0.));
#120 = PCURVE('',#32,#121);
#121 = DEFINITIONAL_REPRESENTATION('',(#122),#126);
#122 = LINE('',#123,#124);
#123 = CARTESIAN_POINT('',(11.,0.));
#124 = VECTOR('',#125,1.);
#125 = DIRECTION('',(0.,-1.));
#126 = ( GEOMETRIC_REPRESENTATION_CONTEXT(2) 
PARAMETRIC_REPRESENTATION_CONTEXT() REPRESENTATION_CONTEXT('2D SPACE',''
  ) );
#127 = PCURVE('',#128,#133);
#128 = PLANE('',#129);
#129 = AXIS2_PLACEMENT_3D('',#130,#131,#132);
#130 = CARTESIAN_POINT('',(265.6,1.,30.8));
#131 = DIRECTION('',(0.,0.,1.));
#132 = DIRECTION('',(1.,0.,-0.));
#133 = DEFINITIONAL_REPRESENTATION('',(#134),#138);
#134 = LINE('',#135,#136);
#135 = CARTESIAN_POINT('',(0.,0.));
#136 = VECTOR('',#137,1.);
#137 = DIRECTION('',(0.,1.));
#138 = ( GEOMETRIC_REPRESENTATION_CONTEXT(2) 
PARAMETRIC_REPRESENTATION_CONTEXT() REPRESENTATION_CONTEXT('2D SPACE',''
  ) );
#139 = ORIENTED_EDGE('',*,*,#140,.F.);
#140 = EDGE_CURVE('',#141,#113,#143,.T.);
#141 = VERTEX_POINT('',#142);
#142 = CARTESIAN_POINT('',(265.6,3.,30.3));
#143 = SURFACE_CURVE('',#144,(#148,#154),.PCURVE_S1.);
#144 = LINE('',#145,#146);
#145 = CARTESIAN_POINT('',(265.6,3.,25.05));
#146 = VECTOR('',#147,1.);
#147 = DIRECTION('',(0.,0.,1.));
#148 = PCURVE('',#32,#149);
#149 = DEFINITIONAL_REPRESENTATION('',(#150),#153);
#150 = B_SPLINE_CURVE_WITH_KNOTS('',1,(#151,#152),.UNSPECIFIED.,.F.,.F.,
  (2,2),(5.25,5.75),.PIECEWISE_BEZIER_KNOTS.);
#151 = CARTESIAN_POINT('',(10.5,-2.));
#152 = CARTESIAN_POINT('',(11.,-2.));
#153 = ( GEOMETRIC_REPRESENTATION_CONTEXT(2) 
PARAMETRIC_REPRESENTATION_CONTEXT() REPRESENTATION_CONTEXT('2D SPACE',''
  ) );
#154 = PCURVE('',#155,#160);
#155 = PLANE('',#156);
#156 = AXIS2_PLACEMENT_3D('',#157,#158,#159);
#157 = CARTESIAN_POINT('',(183.,3.,30.3));
#158 = DIRECTION('',(-0.,1.,0.));
#159 = DIRECTION('',(0.,0.,1.));
#160 = DEFINITIONAL_REPRESENTATION('',(#161),#165);
#161 = LINE('',#162,#163);
#162 = CARTESIAN_POINT('',(-5.25,82.6));
#163 = VECTOR('',#164,1.);
#164 = DIRECTION('',(1.,0.));
#165 = ( GEOMETRIC_REPRESENTATION_CONTEXT(2) 
PARAMETRIC_REPRESENTATION_CONTEXT() REPRESENTATION_CONTEXT('2D SPACE',''
  ) );
#166 = ORIENTED_EDGE('',*,*,#167,.T.);
#167 = EDGE_CURVE('',#141,#24,#168,.T.);
#168 = SURFACE_CURVE('',#169,(#173,#179),.PCURVE_S1.);
#169 = LINE('',#170,#171);
#170 = CARTESIAN_POINT('',(265.6,1.,30.3));
#171 = VECTOR('',#172,1.);
#172 = DIRECTION('',(0.,-1.,0.));
#173 = PCURVE('',#32,#174);
#174 = DEFINITIONAL_REPRESENTATION('',(#175),#178);
#175 = B_SPLINE_CURVE_WITH_KNOTS('',1,(#176,#177),.UNSPECIFIED.,.F.,.F.,
  (2,2),(-2.,0.),.PIECEWISE_BEZIER_KNOTS.);
#176 = CARTESIAN_POINT('',(10.5,-2.));
#177 = CARTESIAN_POINT('',(10.5,0.));
#178 = ( GEOMETRIC_REPRESENTATION_CONTEXT(2) 
PARAMETRIC_REPRESENTATION_CONTEXT() REPRESENTATION_CONTEXT('2D SPACE',''
  ) );
#179 = PCURVE('',#180,#185);
#180 = PLANE('',#181);
#181 = AXIS2_PLACEMENT_3D('',#182,#183,#184);
#182 = CARTESIAN_POINT('',(183.,1.,30.3));
#183 = DIRECTION('',(0.,0.,1.));
#184 = DIRECTION('',(1.,0.,-0.));
#185 = DEFINITIONAL_REPRESENTATION('',(#186),#190);
#186 = LINE('',#187,#188);
#187 = CARTESIAN_POINT('',(82.6,0.));
#188 = VECTOR('',#189,1.);
#189 = DIRECTION('',(0.,-1.));
#190 = ( GEOMETRIC_REPRESENTATION_CONTEXT(2) 
PARAMETRIC_REPRESENTATION_CONTEXT() REPRESENTATION_CONTEXT('2D SPACE',''
  ) );
#191 = ADVANCED_FACE('',(#192,#1761,#1867,#1973,#2079,#2185,#2291),#44,
  .F.);
#192 = FACE_BOUND('',#193,.F.);
#193 = EDGE_LOOP('',(#194,#224,#247,#273,#301,#327,#348,#349,#372,#400,
    #428,#454,#482,#508,#531,#559,#587,#615,#643,#671,#699,#727,#755,
    #783,#811,#839,#867,#895,#923,#951,#979,#1007,#1035,#1063,#1091,
    #1119,#1147,#1175,#1203,#1231,#1259,#1287,#1315,#1343,#1371,#1399,
    #1427,#1455,#1483,#1511,#1539,#1567,#1595,#1623,#1651,#1679,#1707,
    #1735));
#194 = ORIENTED_EDGE('',*,*,#195,.F.);
#195 = EDGE_CURVE('',#196,#198,#200,.T.);
#196 = VERTEX_POINT('',#197);
#197 = CARTESIAN_POINT('',(299.6,1.,19.8));
#198 = VERTEX_POINT('',#199);
#199 = CARTESIAN_POINT('',(299.6,1.,74.3));
#200 = SURFACE_CURVE('',#201,(#205,#212),.PCURVE_S1.);
#201 = LINE('',#202,#203);
#202 = CARTESIAN_POINT('',(299.6,1.,19.8));
#203 = VECTOR('',#204,1.);
#204 = DIRECTION('',(0.,0.,1.));
#205 = PCURVE('',#44,#206);
#206 = DEFINITIONAL_REPRESENTATION('',(#207),#211);
#207 = LINE('',#208,#209);
#208 = CARTESIAN_POINT('',(0.,34.));
#209 = VECTOR('',#210,1.);
#210 = DIRECTION('',(1.,0.));
#211 = ( GEOMETRIC_REPRESENTATION_CONTEXT(2) 
PARAMETRIC_REPRESENTATION_CONTEXT() REPRESENTATION_CONTEXT('2D SPACE',''
  ) );
#212 = PCURVE('',#213,#218);
#213 = PLANE('',#214);
#214 = AXIS2_PLACEMENT_3D('',#215,#216,#217);
#215 = CARTESIAN_POINT('',(299.6,1.,19.8));
#216 = DIRECTION('',(1.,0.,-0.));
#217 = DIRECTION('',(0.,0.,1.));
#218 = DEFINITIONAL_REPRESENTATION('',(#219),#223);
#219 = LINE('',#220,#221);
#220 = CARTESIAN_POINT('',(0.,0.));
#221 = VECTOR('',#222,1.);
#222 = DIRECTION('',(1.,0.));
#223 = ( GEOMETRIC_REPRESENTATION_CONTEXT(2) 
PARAMETRIC_REPRESENTATION_CONTEXT() REPRESENTATION_CONTEXT('2D SPACE',''
  ) );
#224 = ORIENTED_EDGE('',*,*,#225,.F.);
#225 = EDGE_CURVE('',#226,#196,#228,.T.);
#226 = VERTEX_POINT('',#227);
#227 = CARTESIAN_POINT('',(291.59354838709,1.,19.8));
#228 = SURFACE_CURVE('',#229,(#233,#240),.PCURVE_S1.);
#229 = LINE('',#230,#231);
#230 = CARTESIAN_POINT('',(265.6,1.,19.8));
#231 = VECTOR('',#232,1.);
#232 = DIRECTION('',(1.,0.,-0.));
#233 = PCURVE('',#44,#234);
#234 = DEFINITIONAL_REPRESENTATION('',(#235),#239);
#235 = LINE('',#236,#237);
#236 = CARTESIAN_POINT('',(0.,0.));
#237 = VECTOR('',#238,1.);
#238 = DIRECTION('',(0.,1.));
#239 = ( GEOMETRIC_REPRESENTATION_CONTEXT(2) 
PARAMETRIC_REPRESENTATION_CONTEXT() REPRESENTATION_CONTEXT('2D SPACE',''
  ) );
#240 = PCURVE('',#72,#241);
#241 = DEFINITIONAL_REPRESENTATION('',(#242),#246);
#242 = LINE('',#243,#244);
#243 = CARTESIAN_POINT('',(0.,0.));
#244 = VECTOR('',#245,1.);
#245 = DIRECTION('',(1.,0.));
#246 = ( GEOMETRIC_REPRESENTATION_CONTEXT(2) 
PARAMETRIC_REPRESENTATION_CONTEXT() REPRESENTATION_CONTEXT('2D SPACE',''
  ) );
#247 = ORIENTED_EDGE('',*,*,#248,.F.);
#248 = EDGE_CURVE('',#249,#226,#251,.T.);
#249 = VERTEX_POINT('',#250);
#250 = CARTESIAN_POINT('',(294.4,1.,27.05));
#251 = SURFACE_CURVE('',#252,(#256,#262),.PCURVE_S1.);
#252 = LINE('',#253,#254);
#253 = CARTESIAN_POINT('',(289.80307692307,1.,15.174615384615));
#254 = VECTOR('',#255,1.);
#255 = DIRECTION('',(-0.360994102558,0.,-0.932568098274));
#256 = PCURVE('',#44,#257);
#257 = DEFINITIONAL_REPRESENTATION('',(#258),#261);
#258 = B_SPLINE_CURVE_WITH_KNOTS('',1,(#259,#260),.UNSPECIFIED.,.F.,.F.,
  (2,2),(-12.73406696772,-4.959835773864),.PIECEWISE_BEZIER_KNOTS.);
#259 = CARTESIAN_POINT('',(7.25,28.8));
#260 = CARTESIAN_POINT('',(-5.976974201369E-15,25.993548387097));
#261 = ( GEOMETRIC_REPRESENTATION_CONTEXT(2) 
PARAMETRIC_REPRESENTATION_CONTEXT() REPRESENTATION_CONTEXT('2D SPACE',''
  ) );
#262 = PCURVE('',#263,#268);
#263 = PLANE('',#264);
#264 = AXIS2_PLACEMENT_3D('',#265,#266,#267);
#265 = CARTESIAN_POINT('',(291.4,0.,19.3));
#266 = DIRECTION('',(0.932568098274,0.,-0.360994102558));
#267 = DIRECTION('',(0.360994102558,0.,0.932568098274));
#268 = DEFINITIONAL_REPRESENTATION('',(#269),#272);
#269 = B_SPLINE_CURVE_WITH_KNOTS('',1,(#270,#271),.UNSPECIFIED.,.F.,.F.,
  (2,2),(-12.73406696772,-4.959835773864),.PIECEWISE_BEZIER_KNOTS.);
#270 = CARTESIAN_POINT('',(8.310385069297,-1.));
#271 = CARTESIAN_POINT('',(0.536153875439,-1.));
#272 = ( GEOMETRIC_REPRESENTATION_CONTEXT(2) 
PARAMETRIC_REPRESENTATION_CONTEXT() REPRESENTATION_CONTEXT('2D SPACE',''
  ) );
#273 = ORIENTED_EDGE('',*,*,#274,.F.);
#274 = EDGE_CURVE('',#275,#249,#277,.T.);
#275 = VERTEX_POINT('',#276);
#276 = CARTESIAN_POINT('',(270.8,1.,27.05));
#277 = SURFACE_CURVE('',#278,(#282,#289),.PCURVE_S1.);
#278 = LINE('',#279,#280);
#279 = CARTESIAN_POINT('',(270.8,1.,27.05));
#280 = VECTOR('',#281,1.);
#281 = DIRECTION('',(1.,0.,0.));
#282 = PCURVE('',#44,#283);
#283 = DEFINITIONAL_REPRESENTATION('',(#284),#288);
#284 = LINE('',#285,#286);
#285 = CARTESIAN_POINT('',(7.25,5.2));
#286 = VECTOR('',#287,1.);
#287 = DIRECTION('',(0.,1.));
#288 = ( GEOMETRIC_REPRESENTATION_CONTEXT(2) 
PARAMETRIC_REPRESENTATION_CONTEXT() REPRESENTATION_CONTEXT('2D SPACE',''
  ) );
#289 = PCURVE('',#290,#295);
#290 = PLANE('',#291);
#291 = AXIS2_PLACEMENT_3D('',#292,#293,#294);
#292 = CARTESIAN_POINT('',(294.4,0.,27.05));
#293 = DIRECTION('',(0.,-0.,1.));
#294 = DIRECTION('',(-1.,0.,0.));
#295 = DEFINITIONAL_REPRESENTATION('',(#296),#300);
#296 = LINE('',#297,#298);
#297 = CARTESIAN_POINT('',(23.6,-1.));
#298 = VECTOR('',#299,1.);
#299 = DIRECTION('',(-1.,0.));
#300 = ( GEOMETRIC_REPRESENTATION_CONTEXT(2) 
PARAMETRIC_REPRESENTATION_CONTEXT() REPRESENTATION_CONTEXT('2D SPACE',''
  ) );
#301 = ORIENTED_EDGE('',*,*,#302,.F.);
#302 = EDGE_CURVE('',#303,#275,#305,.T.);
#303 = VERTEX_POINT('',#304);
#304 = CARTESIAN_POINT('',(273.6064516129,1.,19.8));
#305 = SURFACE_CURVE('',#306,(#310,#316),.PCURVE_S1.);
#306 = LINE('',#307,#308);
#307 = CARTESIAN_POINT('',(271.68153846153,1.,24.772692307692));
#308 = VECTOR('',#309,1.);
#309 = DIRECTION('',(-0.360994102558,-0.,0.932568098274));
#310 = PCURVE('',#44,#311);
#311 = DEFINITIONAL_REPRESENTATION('',(#312),#315);
#312 = B_SPLINE_CURVE_WITH_KNOTS('',1,(#313,#314),.UNSPECIFIED.,.F.,.F.,
  (2,2),(-5.332256504265,2.441974689594),.PIECEWISE_BEZIER_KNOTS.);
#313 = CARTESIAN_POINT('',(-5.241822483652E-15,8.006451612903));
#314 = CARTESIAN_POINT('',(7.25,5.2));
#315 = ( GEOMETRIC_REPRESENTATION_CONTEXT(2) 
PARAMETRIC_REPRESENTATION_CONTEXT() REPRESENTATION_CONTEXT('2D SPACE',''
  ) );
#316 = PCURVE('',#317,#322);
#317 = PLANE('',#318);
#318 = AXIS2_PLACEMENT_3D('',#319,#320,#321);
#319 = CARTESIAN_POINT('',(270.8,0.,27.05));
#320 = DIRECTION('',(-0.932568098274,0.,-0.360994102558));
#321 = DIRECTION('',(0.360994102558,0.,-0.932568098274));
#322 = DEFINITIONAL_REPRESENTATION('',(#323),#326);
#323 = B_SPLINE_CURVE_WITH_KNOTS('',1,(#324,#325),.UNSPECIFIED.,.F.,.F.,
  (2,2),(-5.332256504265,2.441974689594),.PIECEWISE_BEZIER_KNOTS.);
#324 = CARTESIAN_POINT('',(7.774231193859,-1.));
#325 = CARTESIAN_POINT('',(0.,-1.));
#326 = ( GEOMETRIC_REPRESENTATION_CONTEXT(2) 
PARAMETRIC_REPRESENTATION_CONTEXT() REPRESENTATION_CONTEXT('2D SPACE',''
  ) );
#327 = ORIENTED_EDGE('',*,*,#328,.F.);
#328 = EDGE_CURVE('',#22,#303,#329,.T.);
#329 = SURFACE_CURVE('',#330,(#334,#341),.PCURVE_S1.);
#330 = LINE('',#331,#332);
#331 = CARTESIAN_POINT('',(265.6,1.,19.8));
#332 = VECTOR('',#333,1.);
#333 = DIRECTION('',(1.,0.,-0.));
#334 = PCURVE('',#44,#335);
#335 = DEFINITIONAL_REPRESENTATION('',(#336),#340);
#336 = LINE('',#337,#338);
#337 = CARTESIAN_POINT('',(0.,0.));
#338 = VECTOR('',#339,1.);
#339 = DIRECTION('',(0.,1.));
#340 = ( GEOMETRIC_REPRESENTATION_CONTEXT(2) 
PARAMETRIC_REPRESENTATION_CONTEXT() REPRESENTATION_CONTEXT('2D SPACE',''
  ) );
#341 = PCURVE('',#72,#342);
#342 = DEFINITIONAL_REPRESENTATION('',(#343),#347);
#343 = LINE('',#344,#345);
#344 = CARTESIAN_POINT('',(0.,0.));
#345 = VECTOR('',#346,1.);
#346 = DIRECTION('',(1.,0.));
#347 = ( GEOMETRIC_REPRESENTATION_CONTEXT(2) 
PARAMETRIC_REPRESENTATION_CONTEXT() REPRESENTATION_CONTEXT('2D SPACE',''
  ) );
#348 = ORIENTED_EDGE('',*,*,#21,.T.);
#349 = ORIENTED_EDGE('',*,*,#350,.F.);
#350 = EDGE_CURVE('',#351,#24,#353,.T.);
#351 = VERTEX_POINT('',#352);
#352 = CARTESIAN_POINT('',(217.,1.,30.3));
#353 = SURFACE_CURVE('',#354,(#358,#365),.PCURVE_S1.);
#354 = LINE('',#355,#356);
#355 = CARTESIAN_POINT('',(217.,1.,30.3));
#356 = VECTOR('',#357,1.);
#357 = DIRECTION('',(1.,0.,0.));
#358 = PCURVE('',#44,#359);
#359 = DEFINITIONAL_REPRESENTATION('',(#360),#364);
#360 = LINE('',#361,#362);
#361 = CARTESIAN_POINT('',(10.5,-48.6));
#362 = VECTOR('',#363,1.);
#363 = DIRECTION('',(0.,1.));
#364 = ( GEOMETRIC_REPRESENTATION_CONTEXT(2) 
PARAMETRIC_REPRESENTATION_CONTEXT() REPRESENTATION_CONTEXT('2D SPACE',''
  ) );
#365 = PCURVE('',#180,#366);
#366 = DEFINITIONAL_REPRESENTATION('',(#367),#371);
#367 = LINE('',#368,#369);
#368 = CARTESIAN_POINT('',(34.,0.));
#369 = VECTOR('',#370,1.);
#370 = DIRECTION('',(1.,0.));
#371 = ( GEOMETRIC_REPRESENTATION_CONTEXT(2) 
PARAMETRIC_REPRESENTATION_CONTEXT() REPRESENTATION_CONTEXT('2D SPACE',''
  ) );
#372 = ORIENTED_EDGE('',*,*,#373,.F.);
#373 = EDGE_CURVE('',#374,#351,#376,.T.);
#374 = VERTEX_POINT('',#375);
#375 = CARTESIAN_POINT('',(217.,1.,19.8));
#376 = SURFACE_CURVE('',#377,(#381,#388),.PCURVE_S1.);
#377 = LINE('',#378,#379);
#378 = CARTESIAN_POINT('',(217.,1.,19.8));
#379 = VECTOR('',#380,1.);
#380 = DIRECTION('',(0.,0.,1.));
#381 = PCURVE('',#44,#382);
#382 = DEFINITIONAL_REPRESENTATION('',(#383),#387);
#383 = LINE('',#384,#385);
#384 = CARTESIAN_POINT('',(0.,-48.6));
#385 = VECTOR('',#386,1.);
#386 = DIRECTION('',(1.,0.));
#387 = ( GEOMETRIC_REPRESENTATION_CONTEXT(2) 
PARAMETRIC_REPRESENTATION_CONTEXT() REPRESENTATION_CONTEXT('2D SPACE',''
  ) );
#388 = PCURVE('',#389,#394);
#389 = PLANE('',#390);
#390 = AXIS2_PLACEMENT_3D('',#391,#392,#393);
#391 = CARTESIAN_POINT('',(217.,1.,19.8));
#392 = DIRECTION('',(1.,0.,-0.));
#393 = DIRECTION('',(0.,0.,1.));
#394 = DEFINITIONAL_REPRESENTATION('',(#395),#399);
#395 = LINE('',#396,#397);
#396 = CARTESIAN_POINT('',(0.,0.));
#397 = VECTOR('',#398,1.);
#398 = DIRECTION('',(1.,0.));
#399 = ( GEOMETRIC_REPRESENTATION_CONTEXT(2) 
PARAMETRIC_REPRESENTATION_CONTEXT() REPRESENTATION_CONTEXT('2D SPACE',''
  ) );
#400 = ORIENTED_EDGE('',*,*,#401,.F.);
#401 = EDGE_CURVE('',#402,#374,#404,.T.);
#402 = VERTEX_POINT('',#403);
#403 = CARTESIAN_POINT('',(208.99354838709,1.,19.8));
#404 = SURFACE_CURVE('',#405,(#409,#416),.PCURVE_S1.);
#405 = LINE('',#406,#407);
#406 = CARTESIAN_POINT('',(183.,1.,19.8));
#407 = VECTOR('',#408,1.);
#408 = DIRECTION('',(1.,0.,-0.));
#409 = PCURVE('',#44,#410);
#410 = DEFINITIONAL_REPRESENTATION('',(#411),#415);
#411 = LINE('',#412,#413);
#412 = CARTESIAN_POINT('',(0.,-82.6));
#413 = VECTOR('',#414,1.);
#414 = DIRECTION('',(0.,1.));
#415 = ( GEOMETRIC_REPRESENTATION_CONTEXT(2) 
PARAMETRIC_REPRESENTATION_CONTEXT() REPRESENTATION_CONTEXT('2D SPACE',''
  ) );
#416 = PCURVE('',#417,#422);
#417 = PLANE('',#418);
#418 = AXIS2_PLACEMENT_3D('',#419,#420,#421);
#419 = CARTESIAN_POINT('',(183.,1.,19.8));
#420 = DIRECTION('',(0.,0.,1.));
#421 = DIRECTION('',(1.,0.,-0.));
#422 = DEFINITIONAL_REPRESENTATION('',(#423),#427);
#423 = LINE('',#424,#425);
#424 = CARTESIAN_POINT('',(0.,0.));
#425 = VECTOR('',#426,1.);
#426 = DIRECTION('',(1.,0.));
#427 = ( GEOMETRIC_REPRESENTATION_CONTEXT(2) 
PARAMETRIC_REPRESENTATION_CONTEXT() REPRESENTATION_CONTEXT('2D SPACE',''
  ) );
#428 = ORIENTED_EDGE('',*,*,#429,.F.);
#429 = EDGE_CURVE('',#430,#402,#432,.T.);
#430 = VERTEX_POINT('',#431);
#431 = CARTESIAN_POINT('',(211.8,1.,27.05));
#432 = SURFACE_CURVE('',#433,(#437,#443),.PCURVE_S1.);
#433 = LINE('',#434,#435);
#434 = CARTESIAN_POINT('',(212.58515837104,1.,29.078325791855));
#435 = VECTOR('',#436,1.);
#436 = DIRECTION('',(-0.360994102558,0.,-0.932568098274));
#437 = PCURVE('',#44,#438);
#438 = DEFINITIONAL_REPRESENTATION('',(#439),#442);
#439 = B_SPLINE_CURVE_WITH_KNOTS('',1,(#440,#441),.UNSPECIFIED.,.F.,.F.,
  (2,2),(2.17498946791,9.949220661769),.PIECEWISE_BEZIER_KNOTS.);
#440 = CARTESIAN_POINT('',(7.25,-53.8));
#441 = CARTESIAN_POINT('',(-7.573512738301E-16,-56.6064516129));
#442 = ( GEOMETRIC_REPRESENTATION_CONTEXT(2) 
PARAMETRIC_REPRESENTATION_CONTEXT() REPRESENTATION_CONTEXT('2D SPACE',''
  ) );
#443 = PCURVE('',#444,#449);
#444 = PLANE('',#445);
#445 = AXIS2_PLACEMENT_3D('',#446,#447,#448);
#446 = CARTESIAN_POINT('',(208.8,0.,19.3));
#447 = DIRECTION('',(0.932568098274,0.,-0.360994102558));
#448 = DIRECTION('',(0.360994102558,0.,0.932568098274));
#449 = DEFINITIONAL_REPRESENTATION('',(#450),#453);
#450 = B_SPLINE_CURVE_WITH_KNOTS('',1,(#451,#452),.UNSPECIFIED.,.F.,.F.,
  (2,2),(2.17498946791,9.949220661769),.PIECEWISE_BEZIER_KNOTS.);
#451 = CARTESIAN_POINT('',(8.310385069297,-1.));
#452 = CARTESIAN_POINT('',(0.536153875439,-1.));
#453 = ( GEOMETRIC_REPRESENTATION_CONTEXT(2) 
PARAMETRIC_REPRESENTATION_CONTEXT() REPRESENTATION_CONTEXT('2D SPACE',''
  ) );
#454 = ORIENTED_EDGE('',*,*,#455,.F.);
#455 = EDGE_CURVE('',#456,#430,#458,.T.);
#456 = VERTEX_POINT('',#457);
#457 = CARTESIAN_POINT('',(188.2,1.,27.05));
#458 = SURFACE_CURVE('',#459,(#463,#470),.PCURVE_S1.);
#459 = LINE('',#460,#461);
#460 = CARTESIAN_POINT('',(188.2,1.,27.05));
#461 = VECTOR('',#462,1.);
#462 = DIRECTION('',(1.,0.,0.));
#463 = PCURVE('',#44,#464);
#464 = DEFINITIONAL_REPRESENTATION('',(#465),#469);
#465 = LINE('',#466,#467);
#466 = CARTESIAN_POINT('',(7.25,-77.4));
#467 = VECTOR('',#468,1.);
#468 = DIRECTION('',(0.,1.));
#469 = ( GEOMETRIC_REPRESENTATION_CONTEXT(2) 
PARAMETRIC_REPRESENTATION_CONTEXT() REPRESENTATION_CONTEXT('2D SPACE',''
  ) );
#470 = PCURVE('',#471,#476);
#471 = PLANE('',#472);
#472 = AXIS2_PLACEMENT_3D('',#473,#474,#475);
#473 = CARTESIAN_POINT('',(211.8,0.,27.05));
#474 = DIRECTION('',(0.,-0.,1.));
#475 = DIRECTION('',(-1.,0.,0.));
#476 = DEFINITIONAL_REPRESENTATION('',(#477),#481);
#477 = LINE('',#478,#479);
#478 = CARTESIAN_POINT('',(23.6,-1.));
#479 = VECTOR('',#480,1.);
#480 = DIRECTION('',(-1.,0.));
#481 = ( GEOMETRIC_REPRESENTATION_CONTEXT(2) 
PARAMETRIC_REPRESENTATION_CONTEXT() REPRESENTATION_CONTEXT('2D SPACE',''
  ) );
#482 = ORIENTED_EDGE('',*,*,#483,.F.);
#483 = EDGE_CURVE('',#484,#456,#486,.T.);
#484 = VERTEX_POINT('',#485);
#485 = CARTESIAN_POINT('',(191.0064516129,1.,19.8));
#486 = SURFACE_CURVE('',#487,(#491,#497),.PCURVE_S1.);
#487 = LINE('',#488,#489);
#488 = CARTESIAN_POINT('',(194.4636199095,1.,10.868981900452));
#489 = VECTOR('',#490,1.);
#490 = DIRECTION('',(-0.360994102558,-0.,0.932568098274));
#491 = PCURVE('',#44,#492);
#492 = DEFINITIONAL_REPRESENTATION('',(#493),#496);
#493 = B_SPLINE_CURVE_WITH_KNOTS('',1,(#494,#495),.UNSPECIFIED.,.F.,.F.,
  (2,2),(9.576799931368,17.351031125227),.PIECEWISE_BEZIER_KNOTS.);
#494 = CARTESIAN_POINT('',(-3.366213032574E-15,-74.59354838709));
#495 = CARTESIAN_POINT('',(7.25,-77.4));
#496 = ( GEOMETRIC_REPRESENTATION_CONTEXT(2) 
PARAMETRIC_REPRESENTATION_CONTEXT() REPRESENTATION_CONTEXT('2D SPACE',''
  ) );
#497 = PCURVE('',#498,#503);
#498 = PLANE('',#499);
#499 = AXIS2_PLACEMENT_3D('',#500,#501,#502);
#500 = CARTESIAN_POINT('',(188.2,0.,27.05));
#501 = DIRECTION('',(-0.932568098274,0.,-0.360994102558));
#502 = DIRECTION('',(0.360994102558,0.,-0.932568098274));
#503 = DEFINITIONAL_REPRESENTATION('',(#504),#507);
#504 = B_SPLINE_CURVE_WITH_KNOTS('',1,(#505,#506),.UNSPECIFIED.,.F.,.F.,
  (2,2),(9.576799931368,17.351031125227),.PIECEWISE_BEZIER_KNOTS.);
#505 = CARTESIAN_POINT('',(7.774231193859,-1.));
#506 = CARTESIAN_POINT('',(0.,-1.));
#507 = ( GEOMETRIC_REPRESENTATION_CONTEXT(2) 
PARAMETRIC_REPRESENTATION_CONTEXT() REPRESENTATION_CONTEXT('2D SPACE',''
  ) );
#508 = ORIENTED_EDGE('',*,*,#509,.F.);
#509 = EDGE_CURVE('',#510,#484,#512,.T.);
#510 = VERTEX_POINT('',#511);
#511 = CARTESIAN_POINT('',(183.,1.,19.8));
#512 = SURFACE_CURVE('',#513,(#517,#524),.PCURVE_S1.);
#513 = LINE('',#514,#515);
#514 = CARTESIAN_POINT('',(183.,1.,19.8));
#515 = VECTOR('',#516,1.);
#516 = DIRECTION('',(1.,0.,-0.));
#517 = PCURVE('',#44,#518);
#518 = DEFINITIONAL_REPRESENTATION('',(#519),#523);
#519 = LINE('',#520,#521);
#520 = CARTESIAN_POINT('',(0.,-82.6));
#521 = VECTOR('',#522,1.);
#522 = DIRECTION('',(0.,1.));
#523 = ( GEOMETRIC_REPRESENTATION_CONTEXT(2) 
PARAMETRIC_REPRESENTATION_CONTEXT() REPRESENTATION_CONTEXT('2D SPACE',''
  ) );
#524 = PCURVE('',#417,#525);
#525 = DEFINITIONAL_REPRESENTATION('',(#526),#530);
#526 = LINE('',#527,#528);
#527 = CARTESIAN_POINT('',(0.,0.));
#528 = VECTOR('',#529,1.);
#529 = DIRECTION('',(1.,0.));
#530 = ( GEOMETRIC_REPRESENTATION_CONTEXT(2) 
PARAMETRIC_REPRESENTATION_CONTEXT() REPRESENTATION_CONTEXT('2D SPACE',''
  ) );
#531 = ORIENTED_EDGE('',*,*,#532,.F.);
#532 = EDGE_CURVE('',#533,#510,#535,.T.);
#533 = VERTEX_POINT('',#534);
#534 = CARTESIAN_POINT('',(183.,1.,74.3));
#535 = SURFACE_CURVE('',#536,(#540,#547),.PCURVE_S1.);
#536 = LINE('',#537,#538);
#537 = CARTESIAN_POINT('',(183.,1.,74.3));
#538 = VECTOR('',#539,1.);
#539 = DIRECTION('',(0.,0.,-1.));
#540 = PCURVE('',#44,#541);
#541 = DEFINITIONAL_REPRESENTATION('',(#542),#546);
#542 = LINE('',#543,#544);
#543 = CARTESIAN_POINT('',(54.5,-82.6));
#544 = VECTOR('',#545,1.);
#545 = DIRECTION('',(-1.,0.));
#546 = ( GEOMETRIC_REPRESENTATION_CONTEXT(2) 
PARAMETRIC_REPRESENTATION_CONTEXT() REPRESENTATION_CONTEXT('2D SPACE',''
  ) );
#547 = PCURVE('',#548,#553);
#548 = PLANE('',#549);
#549 = AXIS2_PLACEMENT_3D('',#550,#551,#552);
#550 = CARTESIAN_POINT('',(183.,1.,30.3));
#551 = DIRECTION('',(1.,0.,-0.));
#552 = DIRECTION('',(0.,0.,1.));
#553 = DEFINITIONAL_REPRESENTATION('',(#554),#558);
#554 = LINE('',#555,#556);
#555 = CARTESIAN_POINT('',(44.,0.));
#556 = VECTOR('',#557,1.);
#557 = DIRECTION('',(-1.,0.));
#558 = ( GEOMETRIC_REPRESENTATION_CONTEXT(2) 
PARAMETRIC_REPRESENTATION_CONTEXT() REPRESENTATION_CONTEXT('2D SPACE',''
  ) );
#559 = ORIENTED_EDGE('',*,*,#560,.T.);
#560 = EDGE_CURVE('',#533,#561,#563,.T.);
#561 = VERTEX_POINT('',#562);
#562 = CARTESIAN_POINT('',(220.75,1.,74.3));
#563 = SURFACE_CURVE('',#564,(#568,#575),.PCURVE_S1.);
#564 = LINE('',#565,#566);
#565 = CARTESIAN_POINT('',(183.,1.,74.3));
#566 = VECTOR('',#567,1.);
#567 = DIRECTION('',(1.,0.,-0.));
#568 = PCURVE('',#44,#569);
#569 = DEFINITIONAL_REPRESENTATION('',(#570),#574);
#570 = LINE('',#571,#572);
#571 = CARTESIAN_POINT('',(54.5,-82.6));
#572 = VECTOR('',#573,1.);
#573 = DIRECTION('',(0.,1.));
#574 = ( GEOMETRIC_REPRESENTATION_CONTEXT(2) 
PARAMETRIC_REPRESENTATION_CONTEXT() REPRESENTATION_CONTEXT('2D SPACE',''
  ) );
#575 = PCURVE('',#576,#581);
#576 = PLANE('',#577);
#577 = AXIS2_PLACEMENT_3D('',#578,#579,#580);
#578 = CARTESIAN_POINT('',(183.,1.,74.3));
#579 = DIRECTION('',(0.,0.,1.));
#580 = DIRECTION('',(1.,0.,-0.));
#581 = DEFINITIONAL_REPRESENTATION('',(#582),#586);
#582 = LINE('',#583,#584);
#583 = CARTESIAN_POINT('',(0.,0.));
#584 = VECTOR('',#585,1.);
#585 = DIRECTION('',(1.,0.));
#586 = ( GEOMETRIC_REPRESENTATION_CONTEXT(2) 
PARAMETRIC_REPRESENTATION_CONTEXT() REPRESENTATION_CONTEXT('2D SPACE',''
  ) );
#587 = ORIENTED_EDGE('',*,*,#588,.T.);
#588 = EDGE_CURVE('',#561,#589,#591,.T.);
#589 = VERTEX_POINT('',#590);
#590 = CARTESIAN_POINT('',(220.75,1.,78.8));
#591 = SURFACE_CURVE('',#592,(#596,#603),.PCURVE_S1.);
#592 = LINE('',#593,#594);
#593 = CARTESIAN_POINT('',(220.75,1.,30.3));
#594 = VECTOR('',#595,1.);
#595 = DIRECTION('',(0.,0.,1.));
#596 = PCURVE('',#44,#597);
#597 = DEFINITIONAL_REPRESENTATION('',(#598),#602);
#598 = LINE('',#599,#600);
#599 = CARTESIAN_POINT('',(10.5,-44.85));
#600 = VECTOR('',#601,1.);
#601 = DIRECTION('',(1.,0.));
#602 = ( GEOMETRIC_REPRESENTATION_CONTEXT(2) 
PARAMETRIC_REPRESENTATION_CONTEXT() REPRESENTATION_CONTEXT('2D SPACE',''
  ) );
#603 = PCURVE('',#604,#609);
#604 = PLANE('',#605);
#605 = AXIS2_PLACEMENT_3D('',#606,#607,#608);
#606 = CARTESIAN_POINT('',(220.75,1.,30.3));
#607 = DIRECTION('',(1.,0.,-0.));
#608 = DIRECTION('',(0.,0.,1.));
#609 = DEFINITIONAL_REPRESENTATION('',(#610),#614);
#610 = LINE('',#611,#612);
#611 = CARTESIAN_POINT('',(0.,0.));
#612 = VECTOR('',#613,1.);
#613 = DIRECTION('',(1.,0.));
#614 = ( GEOMETRIC_REPRESENTATION_CONTEXT(2) 
PARAMETRIC_REPRESENTATION_CONTEXT() REPRESENTATION_CONTEXT('2D SPACE',''
  ) );
#615 = ORIENTED_EDGE('',*,*,#616,.F.);
#616 = EDGE_CURVE('',#617,#589,#619,.T.);
#617 = VERTEX_POINT('',#618);
#618 = CARTESIAN_POINT('',(217.75,1.,81.8));
#619 = SURFACE_CURVE('',#620,(#624,#631),.PCURVE_S1.);
#620 = LINE('',#621,#622);
#621 = CARTESIAN_POINT('',(217.75,1.,81.8));
#622 = VECTOR('',#623,1.);
#623 = DIRECTION('',(0.707106781187,0.,-0.707106781187));
#624 = PCURVE('',#44,#625);
#625 = DEFINITIONAL_REPRESENTATION('',(#626),#630);
#626 = LINE('',#627,#628);
#627 = CARTESIAN_POINT('',(62.,-47.85));
#628 = VECTOR('',#629,1.);
#629 = DIRECTION('',(-0.707106781187,0.707106781187));
#630 = ( GEOMETRIC_REPRESENTATION_CONTEXT(2) 
PARAMETRIC_REPRESENTATION_CONTEXT() REPRESENTATION_CONTEXT('2D SPACE',''
  ) );
#631 = PCURVE('',#632,#637);
#632 = PLANE('',#633);
#633 = AXIS2_PLACEMENT_3D('',#634,#635,#636);
#634 = CARTESIAN_POINT('',(217.75,1.,81.8));
#635 = DIRECTION('',(-0.707106781187,0.,-0.707106781187));
#636 = DIRECTION('',(0.707106781187,0.,-0.707106781187));
#637 = DEFINITIONAL_REPRESENTATION('',(#638),#642);
#638 = LINE('',#639,#640);
#639 = CARTESIAN_POINT('',(0.,0.));
#640 = VECTOR('',#641,1.);
#641 = DIRECTION('',(1.,0.));
#642 = ( GEOMETRIC_REPRESENTATION_CONTEXT(2) 
PARAMETRIC_REPRESENTATION_CONTEXT() REPRESENTATION_CONTEXT('2D SPACE',''
  ) );
#643 = ORIENTED_EDGE('',*,*,#644,.F.);
#644 = EDGE_CURVE('',#645,#617,#647,.T.);
#645 = VERTEX_POINT('',#646);
#646 = CARTESIAN_POINT('',(204.25,1.,81.8));
#647 = SURFACE_CURVE('',#648,(#652,#659),.PCURVE_S1.);
#648 = LINE('',#649,#650);
#649 = CARTESIAN_POINT('',(204.25,1.,81.8));
#650 = VECTOR('',#651,1.);
#651 = DIRECTION('',(1.,0.,-0.));
#652 = PCURVE('',#44,#653);
#653 = DEFINITIONAL_REPRESENTATION('',(#654),#658);
#654 = LINE('',#655,#656);
#655 = CARTESIAN_POINT('',(62.,-61.35));
#656 = VECTOR('',#657,1.);
#657 = DIRECTION('',(0.,1.));
#658 = ( GEOMETRIC_REPRESENTATION_CONTEXT(2) 
PARAMETRIC_REPRESENTATION_CONTEXT() REPRESENTATION_CONTEXT('2D SPACE',''
  ) );
#659 = PCURVE('',#660,#665);
#660 = PLANE('',#661);
#661 = AXIS2_PLACEMENT_3D('',#662,#663,#664);
#662 = CARTESIAN_POINT('',(204.25,1.,81.8));
#663 = DIRECTION('',(0.,0.,1.));
#664 = DIRECTION('',(1.,0.,-0.));
#665 = DEFINITIONAL_REPRESENTATION('',(#666),#670);
#666 = LINE('',#667,#668);
#667 = CARTESIAN_POINT('',(0.,0.));
#668 = VECTOR('',#669,1.);
#669 = DIRECTION('',(1.,0.));
#670 = ( GEOMETRIC_REPRESENTATION_CONTEXT(2) 
PARAMETRIC_REPRESENTATION_CONTEXT() REPRESENTATION_CONTEXT('2D SPACE',''
  ) );
#671 = ORIENTED_EDGE('',*,*,#672,.T.);
#672 = EDGE_CURVE('',#645,#673,#675,.T.);
#673 = VERTEX_POINT('',#674);
#674 = CARTESIAN_POINT('',(204.25,1.,95.8));
#675 = SURFACE_CURVE('',#676,(#680,#687),.PCURVE_S1.);
#676 = LINE('',#677,#678);
#677 = CARTESIAN_POINT('',(204.25,1.,81.8));
#678 = VECTOR('',#679,1.);
#679 = DIRECTION('',(0.,0.,1.));
#680 = PCURVE('',#44,#681);
#681 = DEFINITIONAL_REPRESENTATION('',(#682),#686);
#682 = LINE('',#683,#684);
#683 = CARTESIAN_POINT('',(62.,-61.35));
#684 = VECTOR('',#685,1.);
#685 = DIRECTION('',(1.,0.));
#686 = ( GEOMETRIC_REPRESENTATION_CONTEXT(2) 
PARAMETRIC_REPRESENTATION_CONTEXT() REPRESENTATION_CONTEXT('2D SPACE',''
  ) );
#687 = PCURVE('',#688,#693);
#688 = PLANE('',#689);
#689 = AXIS2_PLACEMENT_3D('',#690,#691,#692);
#690 = CARTESIAN_POINT('',(204.25,1.,81.8));
#691 = DIRECTION('',(1.,0.,-0.));
#692 = DIRECTION('',(0.,0.,1.));
#693 = DEFINITIONAL_REPRESENTATION('',(#694),#698);
#694 = LINE('',#695,#696);
#695 = CARTESIAN_POINT('',(0.,0.));
#696 = VECTOR('',#697,1.);
#697 = DIRECTION('',(1.,0.));
#698 = ( GEOMETRIC_REPRESENTATION_CONTEXT(2) 
PARAMETRIC_REPRESENTATION_CONTEXT() REPRESENTATION_CONTEXT('2D SPACE',''
  ) );
#699 = ORIENTED_EDGE('',*,*,#700,.T.);
#700 = EDGE_CURVE('',#673,#701,#703,.T.);
#701 = VERTEX_POINT('',#702);
#702 = CARTESIAN_POINT('',(217.75,1.,95.8));
#703 = SURFACE_CURVE('',#704,(#708,#715),.PCURVE_S1.);
#704 = LINE('',#705,#706);
#705 = CARTESIAN_POINT('',(204.25,1.,95.8));
#706 = VECTOR('',#707,1.);
#707 = DIRECTION('',(1.,0.,-0.));
#708 = PCURVE('',#44,#709);
#709 = DEFINITIONAL_REPRESENTATION('',(#710),#714);
#710 = LINE('',#711,#712);
#711 = CARTESIAN_POINT('',(76.,-61.35));
#712 = VECTOR('',#713,1.);
#713 = DIRECTION('',(0.,1.));
#714 = ( GEOMETRIC_REPRESENTATION_CONTEXT(2) 
PARAMETRIC_REPRESENTATION_CONTEXT() REPRESENTATION_CONTEXT('2D SPACE',''
  ) );
#715 = PCURVE('',#716,#721);
#716 = PLANE('',#717);
#717 = AXIS2_PLACEMENT_3D('',#718,#719,#720);
#718 = CARTESIAN_POINT('',(204.25,1.,95.8));
#719 = DIRECTION('',(0.,0.,1.));
#720 = DIRECTION('',(1.,0.,-0.));
#721 = DEFINITIONAL_REPRESENTATION('',(#722),#726);
#722 = LINE('',#723,#724);
#723 = CARTESIAN_POINT('',(0.,0.));
#724 = VECTOR('',#725,1.);
#725 = DIRECTION('',(1.,0.));
#726 = ( GEOMETRIC_REPRESENTATION_CONTEXT(2) 
PARAMETRIC_REPRESENTATION_CONTEXT() REPRESENTATION_CONTEXT('2D SPACE',''
  ) );
#727 = ORIENTED_EDGE('',*,*,#728,.T.);
#728 = EDGE_CURVE('',#701,#729,#731,.T.);
#729 = VERTEX_POINT('',#730);
#730 = CARTESIAN_POINT('',(220.75,1.,98.8));
#731 = SURFACE_CURVE('',#732,(#736,#743),.PCURVE_S1.);
#732 = LINE('',#733,#734);
#733 = CARTESIAN_POINT('',(217.75,1.,95.8));
#734 = VECTOR('',#735,1.);
#735 = DIRECTION('',(0.707106781187,0.,0.707106781187));
#736 = PCURVE('',#44,#737);
#737 = DEFINITIONAL_REPRESENTATION('',(#738),#742);
#738 = LINE('',#739,#740);
#739 = CARTESIAN_POINT('',(76.,-47.85));
#740 = VECTOR('',#741,1.);
#741 = DIRECTION('',(0.707106781187,0.707106781187));
#742 = ( GEOMETRIC_REPRESENTATION_CONTEXT(2) 
PARAMETRIC_REPRESENTATION_CONTEXT() REPRESENTATION_CONTEXT('2D SPACE',''
  ) );
#743 = PCURVE('',#744,#749);
#744 = PLANE('',#745);
#745 = AXIS2_PLACEMENT_3D('',#746,#747,#748);
#746 = CARTESIAN_POINT('',(217.75,1.,95.8));
#747 = DIRECTION('',(0.707106781187,0.,-0.707106781187));
#748 = DIRECTION('',(0.707106781187,0.,0.707106781187));
#749 = DEFINITIONAL_REPRESENTATION('',(#750),#754);
#750 = LINE('',#751,#752);
#751 = CARTESIAN_POINT('',(0.,0.));
#752 = VECTOR('',#753,1.);
#753 = DIRECTION('',(1.,0.));
#754 = ( GEOMETRIC_REPRESENTATION_CONTEXT(2) 
PARAMETRIC_REPRESENTATION_CONTEXT() REPRESENTATION_CONTEXT('2D SPACE',''
  ) );
#755 = ORIENTED_EDGE('',*,*,#756,.T.);
#756 = EDGE_CURVE('',#729,#757,#759,.T.);
#757 = VERTEX_POINT('',#758);
#758 = CARTESIAN_POINT('',(220.75,1.,103.3));
#759 = SURFACE_CURVE('',#760,(#764,#771),.PCURVE_S1.);
#760 = LINE('',#761,#762);
#761 = CARTESIAN_POINT('',(220.75,1.,30.3));
#762 = VECTOR('',#763,1.);
#763 = DIRECTION('',(0.,0.,1.));
#764 = PCURVE('',#44,#765);
#765 = DEFINITIONAL_REPRESENTATION('',(#766),#770);
#766 = LINE('',#767,#768);
#767 = CARTESIAN_POINT('',(10.5,-44.85));
#768 = VECTOR('',#769,1.);
#769 = DIRECTION('',(1.,0.));
#770 = ( GEOMETRIC_REPRESENTATION_CONTEXT(2) 
PARAMETRIC_REPRESENTATION_CONTEXT() REPRESENTATION_CONTEXT('2D SPACE',''
  ) );
#771 = PCURVE('',#772,#777);
#772 = PLANE('',#773);
#773 = AXIS2_PLACEMENT_3D('',#774,#775,#776);
#774 = CARTESIAN_POINT('',(220.75,1.,30.3));
#775 = DIRECTION('',(1.,0.,-0.));
#776 = DIRECTION('',(0.,0.,1.));
#777 = DEFINITIONAL_REPRESENTATION('',(#778),#782);
#778 = LINE('',#779,#780);
#779 = CARTESIAN_POINT('',(0.,0.));
#780 = VECTOR('',#781,1.);
#781 = DIRECTION('',(1.,0.));
#782 = ( GEOMETRIC_REPRESENTATION_CONTEXT(2) 
PARAMETRIC_REPRESENTATION_CONTEXT() REPRESENTATION_CONTEXT('2D SPACE',''
  ) );
#783 = ORIENTED_EDGE('',*,*,#784,.F.);
#784 = EDGE_CURVE('',#785,#757,#787,.T.);
#785 = VERTEX_POINT('',#786);
#786 = CARTESIAN_POINT('',(217.75,1.,106.3));
#787 = SURFACE_CURVE('',#788,(#792,#799),.PCURVE_S1.);
#788 = LINE('',#789,#790);
#789 = CARTESIAN_POINT('',(217.75,1.,106.3));
#790 = VECTOR('',#791,1.);
#791 = DIRECTION('',(0.707106781187,0.,-0.707106781187));
#792 = PCURVE('',#44,#793);
#793 = DEFINITIONAL_REPRESENTATION('',(#794),#798);
#794 = LINE('',#795,#796);
#795 = CARTESIAN_POINT('',(86.5,-47.85));
#796 = VECTOR('',#797,1.);
#797 = DIRECTION('',(-0.707106781187,0.707106781187));
#798 = ( GEOMETRIC_REPRESENTATION_CONTEXT(2) 
PARAMETRIC_REPRESENTATION_CONTEXT() REPRESENTATION_CONTEXT('2D SPACE',''
  ) );
#799 = PCURVE('',#800,#805);
#800 = PLANE('',#801);
#801 = AXIS2_PLACEMENT_3D('',#802,#803,#804);
#802 = CARTESIAN_POINT('',(217.75,1.,106.3));
#803 = DIRECTION('',(-0.707106781187,0.,-0.707106781187));
#804 = DIRECTION('',(0.707106781187,0.,-0.707106781187));
#805 = DEFINITIONAL_REPRESENTATION('',(#806),#810);
#806 = LINE('',#807,#808);
#807 = CARTESIAN_POINT('',(0.,0.));
#808 = VECTOR('',#809,1.);
#809 = DIRECTION('',(1.,0.));
#810 = ( GEOMETRIC_REPRESENTATION_CONTEXT(2) 
PARAMETRIC_REPRESENTATION_CONTEXT() REPRESENTATION_CONTEXT('2D SPACE',''
  ) );
#811 = ORIENTED_EDGE('',*,*,#812,.F.);
#812 = EDGE_CURVE('',#813,#785,#815,.T.);
#813 = VERTEX_POINT('',#814);
#814 = CARTESIAN_POINT('',(204.25,1.,106.3));
#815 = SURFACE_CURVE('',#816,(#820,#827),.PCURVE_S1.);
#816 = LINE('',#817,#818);
#817 = CARTESIAN_POINT('',(204.25,1.,106.3));
#818 = VECTOR('',#819,1.);
#819 = DIRECTION('',(1.,0.,-0.));
#820 = PCURVE('',#44,#821);
#821 = DEFINITIONAL_REPRESENTATION('',(#822),#826);
#822 = LINE('',#823,#824);
#823 = CARTESIAN_POINT('',(86.5,-61.35));
#824 = VECTOR('',#825,1.);
#825 = DIRECTION('',(0.,1.));
#826 = ( GEOMETRIC_REPRESENTATION_CONTEXT(2) 
PARAMETRIC_REPRESENTATION_CONTEXT() REPRESENTATION_CONTEXT('2D SPACE',''
  ) );
#827 = PCURVE('',#828,#833);
#828 = PLANE('',#829);
#829 = AXIS2_PLACEMENT_3D('',#830,#831,#832);
#830 = CARTESIAN_POINT('',(204.25,1.,106.3));
#831 = DIRECTION('',(0.,0.,1.));
#832 = DIRECTION('',(1.,0.,-0.));
#833 = DEFINITIONAL_REPRESENTATION('',(#834),#838);
#834 = LINE('',#835,#836);
#835 = CARTESIAN_POINT('',(0.,0.));
#836 = VECTOR('',#837,1.);
#837 = DIRECTION('',(1.,0.));
#838 = ( GEOMETRIC_REPRESENTATION_CONTEXT(2) 
PARAMETRIC_REPRESENTATION_CONTEXT() REPRESENTATION_CONTEXT('2D SPACE',''
  ) );
#839 = ORIENTED_EDGE('',*,*,#840,.T.);
#840 = EDGE_CURVE('',#813,#841,#843,.T.);
#841 = VERTEX_POINT('',#842);
#842 = CARTESIAN_POINT('',(204.25,1.,120.3));
#843 = SURFACE_CURVE('',#844,(#848,#855),.PCURVE_S1.);
#844 = LINE('',#845,#846);
#845 = CARTESIAN_POINT('',(204.25,1.,106.3));
#846 = VECTOR('',#847,1.);
#847 = DIRECTION('',(0.,0.,1.));
#848 = PCURVE('',#44,#849);
#849 = DEFINITIONAL_REPRESENTATION('',(#850),#854);
#850 = LINE('',#851,#852);
#851 = CARTESIAN_POINT('',(86.5,-61.35));
#852 = VECTOR('',#853,1.);
#853 = DIRECTION('',(1.,0.));
#854 = ( GEOMETRIC_REPRESENTATION_CONTEXT(2) 
PARAMETRIC_REPRESENTATION_CONTEXT() REPRESENTATION_CONTEXT('2D SPACE',''
  ) );
#855 = PCURVE('',#856,#861);
#856 = PLANE('',#857);
#857 = AXIS2_PLACEMENT_3D('',#858,#859,#860);
#858 = CARTESIAN_POINT('',(204.25,1.,106.3));
#859 = DIRECTION('',(1.,0.,-0.));
#860 = DIRECTION('',(0.,0.,1.));
#861 = DEFINITIONAL_REPRESENTATION('',(#862),#866);
#862 = LINE('',#863,#864);
#863 = CARTESIAN_POINT('',(0.,0.));
#864 = VECTOR('',#865,1.);
#865 = DIRECTION('',(1.,0.));
#866 = ( GEOMETRIC_REPRESENTATION_CONTEXT(2) 
PARAMETRIC_REPRESENTATION_CONTEXT() REPRESENTATION_CONTEXT('2D SPACE',''
  ) );
#867 = ORIENTED_EDGE('',*,*,#868,.T.);
#868 = EDGE_CURVE('',#841,#869,#871,.T.);
#869 = VERTEX_POINT('',#870);
#870 = CARTESIAN_POINT('',(217.75,1.,120.3));
#871 = SURFACE_CURVE('',#872,(#876,#883),.PCURVE_S1.);
#872 = LINE('',#873,#874);
#873 = CARTESIAN_POINT('',(204.25,1.,120.3));
#874 = VECTOR('',#875,1.);
#875 = DIRECTION('',(1.,0.,-0.));
#876 = PCURVE('',#44,#877);
#877 = DEFINITIONAL_REPRESENTATION('',(#878),#882);
#878 = LINE('',#879,#880);
#879 = CARTESIAN_POINT('',(100.5,-61.35));
#880 = VECTOR('',#881,1.);
#881 = DIRECTION('',(0.,1.));
#882 = ( GEOMETRIC_REPRESENTATION_CONTEXT(2) 
PARAMETRIC_REPRESENTATION_CONTEXT() REPRESENTATION_CONTEXT('2D SPACE',''
  ) );
#883 = PCURVE('',#884,#889);
#884 = PLANE('',#885);
#885 = AXIS2_PLACEMENT_3D('',#886,#887,#888);
#886 = CARTESIAN_POINT('',(204.25,1.,120.3));
#887 = DIRECTION('',(0.,0.,1.));
#888 = DIRECTION('',(1.,0.,-0.));
#889 = DEFINITIONAL_REPRESENTATION('',(#890),#894);
#890 = LINE('',#891,#892);
#891 = CARTESIAN_POINT('',(0.,0.));
#892 = VECTOR('',#893,1.);
#893 = DIRECTION('',(1.,0.));
#894 = ( GEOMETRIC_REPRESENTATION_CONTEXT(2) 
PARAMETRIC_REPRESENTATION_CONTEXT() REPRESENTATION_CONTEXT('2D SPACE',''
  ) );
#895 = ORIENTED_EDGE('',*,*,#896,.T.);
#896 = EDGE_CURVE('',#869,#897,#899,.T.);
#897 = VERTEX_POINT('',#898);
#898 = CARTESIAN_POINT('',(219.25,1.,121.8));
#899 = SURFACE_CURVE('',#900,(#904,#911),.PCURVE_S1.);
#900 = LINE('',#901,#902);
#901 = CARTESIAN_POINT('',(217.75,1.,120.3));
#902 = VECTOR('',#903,1.);
#903 = DIRECTION('',(0.707106781187,0.,0.707106781187));
#904 = PCURVE('',#44,#905);
#905 = DEFINITIONAL_REPRESENTATION('',(#906),#910);
#906 = LINE('',#907,#908);
#907 = CARTESIAN_POINT('',(100.5,-47.85));
#908 = VECTOR('',#909,1.);
#909 = DIRECTION('',(0.707106781187,0.707106781187));
#910 = ( GEOMETRIC_REPRESENTATION_CONTEXT(2) 
PARAMETRIC_REPRESENTATION_CONTEXT() REPRESENTATION_CONTEXT('2D SPACE',''
  ) );
#911 = PCURVE('',#912,#917);
#912 = PLANE('',#913);
#913 = AXIS2_PLACEMENT_3D('',#914,#915,#916);
#914 = CARTESIAN_POINT('',(217.75,1.,120.3));
#915 = DIRECTION('',(0.707106781187,0.,-0.707106781187));
#916 = DIRECTION('',(0.707106781187,0.,0.707106781187));
#917 = DEFINITIONAL_REPRESENTATION('',(#918),#922);
#918 = LINE('',#919,#920);
#919 = CARTESIAN_POINT('',(0.,0.));
#920 = VECTOR('',#921,1.);
#921 = DIRECTION('',(1.,0.));
#922 = ( GEOMETRIC_REPRESENTATION_CONTEXT(2) 
PARAMETRIC_REPRESENTATION_CONTEXT() REPRESENTATION_CONTEXT('2D SPACE',''
  ) );
#923 = ORIENTED_EDGE('',*,*,#924,.F.);
#924 = EDGE_CURVE('',#925,#897,#927,.T.);
#925 = VERTEX_POINT('',#926);
#926 = CARTESIAN_POINT('',(217.75,1.,123.3));
#927 = SURFACE_CURVE('',#928,(#932,#939),.PCURVE_S1.);
#928 = LINE('',#929,#930);
#929 = CARTESIAN_POINT('',(217.75,1.,123.3));
#930 = VECTOR('',#931,1.);
#931 = DIRECTION('',(0.707106781187,0.,-0.707106781187));
#932 = PCURVE('',#44,#933);
#933 = DEFINITIONAL_REPRESENTATION('',(#934),#938);
#934 = LINE('',#935,#936);
#935 = CARTESIAN_POINT('',(103.5,-47.85));
#936 = VECTOR('',#937,1.);
#937 = DIRECTION('',(-0.707106781187,0.707106781187));
#938 = ( GEOMETRIC_REPRESENTATION_CONTEXT(2) 
PARAMETRIC_REPRESENTATION_CONTEXT() REPRESENTATION_CONTEXT('2D SPACE',''
  ) );
#939 = PCURVE('',#940,#945);
#940 = PLANE('',#941);
#941 = AXIS2_PLACEMENT_3D('',#942,#943,#944);
#942 = CARTESIAN_POINT('',(217.75,1.,123.3));
#943 = DIRECTION('',(-0.707106781187,0.,-0.707106781187));
#944 = DIRECTION('',(0.707106781187,0.,-0.707106781187));
#945 = DEFINITIONAL_REPRESENTATION('',(#946),#950);
#946 = LINE('',#947,#948);
#947 = CARTESIAN_POINT('',(0.,0.));
#948 = VECTOR('',#949,1.);
#949 = DIRECTION('',(1.,0.));
#950 = ( GEOMETRIC_REPRESENTATION_CONTEXT(2) 
PARAMETRIC_REPRESENTATION_CONTEXT() REPRESENTATION_CONTEXT('2D SPACE',''
  ) );
#951 = ORIENTED_EDGE('',*,*,#952,.F.);
#952 = EDGE_CURVE('',#953,#925,#955,.T.);
#953 = VERTEX_POINT('',#954);
#954 = CARTESIAN_POINT('',(204.25,1.,123.3));
#955 = SURFACE_CURVE('',#956,(#960,#967),.PCURVE_S1.);
#956 = LINE('',#957,#958);
#957 = CARTESIAN_POINT('',(204.25,1.,123.3));
#958 = VECTOR('',#959,1.);
#959 = DIRECTION('',(1.,0.,-0.));
#960 = PCURVE('',#44,#961);
#961 = DEFINITIONAL_REPRESENTATION('',(#962),#966);
#962 = LINE('',#963,#964);
#963 = CARTESIAN_POINT('',(103.5,-61.35));
#964 = VECTOR('',#965,1.);
#965 = DIRECTION('',(0.,1.));
#966 = ( GEOMETRIC_REPRESENTATION_CONTEXT(2) 
PARAMETRIC_REPRESENTATION_CONTEXT() REPRESENTATION_CONTEXT('2D SPACE',''
  ) );
#967 = PCURVE('',#968,#973);
#968 = PLANE('',#969);
#969 = AXIS2_PLACEMENT_3D('',#970,#971,#972);
#970 = CARTESIAN_POINT('',(204.25,1.,123.3));
#971 = DIRECTION('',(0.,0.,1.));
#972 = DIRECTION('',(1.,0.,-0.));
#973 = DEFINITIONAL_REPRESENTATION('',(#974),#978);
#974 = LINE('',#975,#976);
#975 = CARTESIAN_POINT('',(0.,0.));
#976 = VECTOR('',#977,1.);
#977 = DIRECTION('',(1.,0.));
#978 = ( GEOMETRIC_REPRESENTATION_CONTEXT(2) 
PARAMETRIC_REPRESENTATION_CONTEXT() REPRESENTATION_CONTEXT('2D SPACE',''
  ) );
#979 = ORIENTED_EDGE('',*,*,#980,.T.);
#980 = EDGE_CURVE('',#953,#981,#983,.T.);
#981 = VERTEX_POINT('',#982);
#982 = CARTESIAN_POINT('',(204.25,1.,137.3));
#983 = SURFACE_CURVE('',#984,(#988,#995),.PCURVE_S1.);
#984 = LINE('',#985,#986);
#985 = CARTESIAN_POINT('',(204.25,1.,123.3));
#986 = VECTOR('',#987,1.);
#987 = DIRECTION('',(0.,0.,1.));
#988 = PCURVE('',#44,#989);
#989 = DEFINITIONAL_REPRESENTATION('',(#990),#994);
#990 = LINE('',#991,#992);
#991 = CARTESIAN_POINT('',(103.5,-61.35));
#992 = VECTOR('',#993,1.);
#993 = DIRECTION('',(1.,0.));
#994 = ( GEOMETRIC_REPRESENTATION_CONTEXT(2) 
PARAMETRIC_REPRESENTATION_CONTEXT() REPRESENTATION_CONTEXT('2D SPACE',''
  ) );
#995 = PCURVE('',#996,#1001);
#996 = PLANE('',#997);
#997 = AXIS2_PLACEMENT_3D('',#998,#999,#1000);
#998 = CARTESIAN_POINT('',(204.25,1.,123.3));
#999 = DIRECTION('',(1.,0.,-0.));
#1000 = DIRECTION('',(0.,0.,1.));
#1001 = DEFINITIONAL_REPRESENTATION('',(#1002),#1006);
#1002 = LINE('',#1003,#1004);
#1003 = CARTESIAN_POINT('',(0.,0.));
#1004 = VECTOR('',#1005,1.);
#1005 = DIRECTION('',(1.,0.));
#1006 = ( GEOMETRIC_REPRESENTATION_CONTEXT(2) 
PARAMETRIC_REPRESENTATION_CONTEXT() REPRESENTATION_CONTEXT('2D SPACE',''
  ) );
#1007 = ORIENTED_EDGE('',*,*,#1008,.T.);
#1008 = EDGE_CURVE('',#981,#1009,#1011,.T.);
#1009 = VERTEX_POINT('',#1010);
#1010 = CARTESIAN_POINT('',(217.75,1.,137.3));
#1011 = SURFACE_CURVE('',#1012,(#1016,#1023),.PCURVE_S1.);
#1012 = LINE('',#1013,#1014);
#1013 = CARTESIAN_POINT('',(204.25,1.,137.3));
#1014 = VECTOR('',#1015,1.);
#1015 = DIRECTION('',(1.,0.,-0.));
#1016 = PCURVE('',#44,#1017);
#1017 = DEFINITIONAL_REPRESENTATION('',(#1018),#1022);
#1018 = LINE('',#1019,#1020);
#1019 = CARTESIAN_POINT('',(117.5,-61.35));
#1020 = VECTOR('',#1021,1.);
#1021 = DIRECTION('',(0.,1.));
#1022 = ( GEOMETRIC_REPRESENTATION_CONTEXT(2) 
PARAMETRIC_REPRESENTATION_CONTEXT() REPRESENTATION_CONTEXT('2D SPACE',''
  ) );
#1023 = PCURVE('',#1024,#1029);
#1024 = PLANE('',#1025);
#1025 = AXIS2_PLACEMENT_3D('',#1026,#1027,#1028);
#1026 = CARTESIAN_POINT('',(204.25,1.,137.3));
#1027 = DIRECTION('',(0.,0.,1.));
#1028 = DIRECTION('',(1.,0.,-0.));
#1029 = DEFINITIONAL_REPRESENTATION('',(#1030),#1034);
#1030 = LINE('',#1031,#1032);
#1031 = CARTESIAN_POINT('',(0.,0.));
#1032 = VECTOR('',#1033,1.);
#1033 = DIRECTION('',(1.,0.));
#1034 = ( GEOMETRIC_REPRESENTATION_CONTEXT(2) 
PARAMETRIC_REPRESENTATION_CONTEXT() REPRESENTATION_CONTEXT('2D SPACE',''
  ) );
#1035 = ORIENTED_EDGE('',*,*,#1036,.T.);
#1036 = EDGE_CURVE('',#1009,#1037,#1039,.T.);
#1037 = VERTEX_POINT('',#1038);
#1038 = CARTESIAN_POINT('',(220.75,1.,140.3));
#1039 = SURFACE_CURVE('',#1040,(#1044,#1051),.PCURVE_S1.);
#1040 = LINE('',#1041,#1042);
#1041 = CARTESIAN_POINT('',(217.75,1.,137.3));
#1042 = VECTOR('',#1043,1.);
#1043 = DIRECTION('',(0.707106781187,0.,0.707106781187));
#1044 = PCURVE('',#44,#1045);
#1045 = DEFINITIONAL_REPRESENTATION('',(#1046),#1050);
#1046 = LINE('',#1047,#1048);
#1047 = CARTESIAN_POINT('',(117.5,-47.85));
#1048 = VECTOR('',#1049,1.);
#1049 = DIRECTION('',(0.707106781187,0.707106781187));
#1050 = ( GEOMETRIC_REPRESENTATION_CONTEXT(2) 
PARAMETRIC_REPRESENTATION_CONTEXT() REPRESENTATION_CONTEXT('2D SPACE',''
  ) );
#1051 = PCURVE('',#1052,#1057);
#1052 = PLANE('',#1053);
#1053 = AXIS2_PLACEMENT_3D('',#1054,#1055,#1056);
#1054 = CARTESIAN_POINT('',(217.75,1.,137.3));
#1055 = DIRECTION('',(0.707106781187,0.,-0.707106781187));
#1056 = DIRECTION('',(0.707106781187,0.,0.707106781187));
#1057 = DEFINITIONAL_REPRESENTATION('',(#1058),#1062);
#1058 = LINE('',#1059,#1060);
#1059 = CARTESIAN_POINT('',(0.,0.));
#1060 = VECTOR('',#1061,1.);
#1061 = DIRECTION('',(1.,0.));
#1062 = ( GEOMETRIC_REPRESENTATION_CONTEXT(2) 
PARAMETRIC_REPRESENTATION_CONTEXT() REPRESENTATION_CONTEXT('2D SPACE',''
  ) );
#1063 = ORIENTED_EDGE('',*,*,#1064,.T.);
#1064 = EDGE_CURVE('',#1037,#1065,#1067,.T.);
#1065 = VERTEX_POINT('',#1066);
#1066 = CARTESIAN_POINT('',(220.75,1.,137.3));
#1067 = SURFACE_CURVE('',#1068,(#1072,#1079),.PCURVE_S1.);
#1068 = LINE('',#1069,#1070);
#1069 = CARTESIAN_POINT('',(220.75,1.,140.3));
#1070 = VECTOR('',#1071,1.);
#1071 = DIRECTION('',(0.,0.,-1.));
#1072 = PCURVE('',#44,#1073);
#1073 = DEFINITIONAL_REPRESENTATION('',(#1074),#1078);
#1074 = LINE('',#1075,#1076);
#1075 = CARTESIAN_POINT('',(120.5,-44.85));
#1076 = VECTOR('',#1077,1.);
#1077 = DIRECTION('',(-1.,0.));
#1078 = ( GEOMETRIC_REPRESENTATION_CONTEXT(2) 
PARAMETRIC_REPRESENTATION_CONTEXT() REPRESENTATION_CONTEXT('2D SPACE',''
  ) );
#1079 = PCURVE('',#1080,#1085);
#1080 = PLANE('',#1081);
#1081 = AXIS2_PLACEMENT_3D('',#1082,#1083,#1084);
#1082 = CARTESIAN_POINT('',(220.75,1.,140.3));
#1083 = DIRECTION('',(-1.,0.,0.));
#1084 = DIRECTION('',(0.,0.,-1.));
#1085 = DEFINITIONAL_REPRESENTATION('',(#1086),#1090);
#1086 = LINE('',#1087,#1088);
#1087 = CARTESIAN_POINT('',(0.,-0.));
#1088 = VECTOR('',#1089,1.);
#1089 = DIRECTION('',(1.,0.));
#1090 = ( GEOMETRIC_REPRESENTATION_CONTEXT(2) 
PARAMETRIC_REPRESENTATION_CONTEXT() REPRESENTATION_CONTEXT('2D SPACE',''
  ) );
#1091 = ORIENTED_EDGE('',*,*,#1092,.T.);
#1092 = EDGE_CURVE('',#1065,#1093,#1095,.T.);
#1093 = VERTEX_POINT('',#1094);
#1094 = CARTESIAN_POINT('',(221.75,1.,137.3));
#1095 = SURFACE_CURVE('',#1096,(#1100,#1107),.PCURVE_S1.);
#1096 = LINE('',#1097,#1098);
#1097 = CARTESIAN_POINT('',(204.25,1.,137.3));
#1098 = VECTOR('',#1099,1.);
#1099 = DIRECTION('',(1.,0.,-0.));
#1100 = PCURVE('',#44,#1101);
#1101 = DEFINITIONAL_REPRESENTATION('',(#1102),#1106);
#1102 = LINE('',#1103,#1104);
#1103 = CARTESIAN_POINT('',(117.5,-61.35));
#1104 = VECTOR('',#1105,1.);
#1105 = DIRECTION('',(0.,1.));
#1106 = ( GEOMETRIC_REPRESENTATION_CONTEXT(2) 
PARAMETRIC_REPRESENTATION_CONTEXT() REPRESENTATION_CONTEXT('2D SPACE',''
  ) );
#1107 = PCURVE('',#1108,#1113);
#1108 = PLANE('',#1109);
#1109 = AXIS2_PLACEMENT_3D('',#1110,#1111,#1112);
#1110 = CARTESIAN_POINT('',(204.25,1.,137.3));
#1111 = DIRECTION('',(0.,0.,1.));
#1112 = DIRECTION('',(1.,0.,-0.));
#1113 = DEFINITIONAL_REPRESENTATION('',(#1114),#1118);
#1114 = LINE('',#1115,#1116);
#1115 = CARTESIAN_POINT('',(0.,0.));
#1116 = VECTOR('',#1117,1.);
#1117 = DIRECTION('',(1.,0.));
#1118 = ( GEOMETRIC_REPRESENTATION_CONTEXT(2) 
PARAMETRIC_REPRESENTATION_CONTEXT() REPRESENTATION_CONTEXT('2D SPACE',''
  ) );
#1119 = ORIENTED_EDGE('',*,*,#1120,.F.);
#1120 = EDGE_CURVE('',#1121,#1093,#1123,.T.);
#1121 = VERTEX_POINT('',#1122);
#1122 = CARTESIAN_POINT('',(221.75,1.,136.4));
#1123 = SURFACE_CURVE('',#1124,(#1128,#1135),.PCURVE_S1.);
#1124 = LINE('',#1125,#1126);
#1125 = CARTESIAN_POINT('',(221.75,1.,123.3));
#1126 = VECTOR('',#1127,1.);
#1127 = DIRECTION('',(0.,0.,1.));
#1128 = PCURVE('',#44,#1129);
#1129 = DEFINITIONAL_REPRESENTATION('',(#1130),#1134);
#1130 = LINE('',#1131,#1132);
#1131 = CARTESIAN_POINT('',(103.5,-43.85));
#1132 = VECTOR('',#1133,1.);
#1133 = DIRECTION('',(1.,0.));
#1134 = ( GEOMETRIC_REPRESENTATION_CONTEXT(2) 
PARAMETRIC_REPRESENTATION_CONTEXT() REPRESENTATION_CONTEXT('2D SPACE',''
  ) );
#1135 = PCURVE('',#1136,#1141);
#1136 = PLANE('',#1137);
#1137 = AXIS2_PLACEMENT_3D('',#1138,#1139,#1140);
#1138 = CARTESIAN_POINT('',(221.75,1.,123.3));
#1139 = DIRECTION('',(1.,0.,-0.));
#1140 = DIRECTION('',(0.,0.,1.));
#1141 = DEFINITIONAL_REPRESENTATION('',(#1142),#1146);
#1142 = LINE('',#1143,#1144);
#1143 = CARTESIAN_POINT('',(0.,0.));
#1144 = VECTOR('',#1145,1.);
#1145 = DIRECTION('',(1.,0.));
#1146 = ( GEOMETRIC_REPRESENTATION_CONTEXT(2) 
PARAMETRIC_REPRESENTATION_CONTEXT() REPRESENTATION_CONTEXT('2D SPACE',''
  ) );
#1147 = ORIENTED_EDGE('',*,*,#1148,.T.);
#1148 = EDGE_CURVE('',#1121,#1149,#1151,.T.);
#1149 = VERTEX_POINT('',#1150);
#1150 = CARTESIAN_POINT('',(260.85,1.,136.4));
#1151 = SURFACE_CURVE('',#1152,(#1156,#1163),.PCURVE_S1.);
#1152 = LINE('',#1153,#1154);
#1153 = CARTESIAN_POINT('',(220.75,1.,136.4));
#1154 = VECTOR('',#1155,1.);
#1155 = DIRECTION('',(1.,0.,-0.));
#1156 = PCURVE('',#44,#1157);
#1157 = DEFINITIONAL_REPRESENTATION('',(#1158),#1162);
#1158 = LINE('',#1159,#1160);
#1159 = CARTESIAN_POINT('',(116.6,-44.85));
#1160 = VECTOR('',#1161,1.);
#1161 = DIRECTION('',(0.,1.));
#1162 = ( GEOMETRIC_REPRESENTATION_CONTEXT(2) 
PARAMETRIC_REPRESENTATION_CONTEXT() REPRESENTATION_CONTEXT('2D SPACE',''
  ) );
#1163 = PCURVE('',#1164,#1169);
#1164 = PLANE('',#1165);
#1165 = AXIS2_PLACEMENT_3D('',#1166,#1167,#1168);
#1166 = CARTESIAN_POINT('',(220.75,1.,136.4));
#1167 = DIRECTION('',(0.,0.,1.));
#1168 = DIRECTION('',(1.,0.,-0.));
#1169 = DEFINITIONAL_REPRESENTATION('',(#1170),#1174);
#1170 = LINE('',#1171,#1172);
#1171 = CARTESIAN_POINT('',(0.,0.));
#1172 = VECTOR('',#1173,1.);
#1173 = DIRECTION('',(1.,0.));
#1174 = ( GEOMETRIC_REPRESENTATION_CONTEXT(2) 
PARAMETRIC_REPRESENTATION_CONTEXT() REPRESENTATION_CONTEXT('2D SPACE',''
  ) );
#1175 = ORIENTED_EDGE('',*,*,#1176,.T.);
#1176 = EDGE_CURVE('',#1149,#1177,#1179,.T.);
#1177 = VERTEX_POINT('',#1178);
#1178 = CARTESIAN_POINT('',(260.85,1.,137.3));
#1179 = SURFACE_CURVE('',#1180,(#1184,#1191),.PCURVE_S1.);
#1180 = LINE('',#1181,#1182);
#1181 = CARTESIAN_POINT('',(260.85,1.,123.3));
#1182 = VECTOR('',#1183,1.);
#1183 = DIRECTION('',(0.,0.,1.));
#1184 = PCURVE('',#44,#1185);
#1185 = DEFINITIONAL_REPRESENTATION('',(#1186),#1190);
#1186 = LINE('',#1187,#1188);
#1187 = CARTESIAN_POINT('',(103.5,-4.75));
#1188 = VECTOR('',#1189,1.);
#1189 = DIRECTION('',(1.,0.));
#1190 = ( GEOMETRIC_REPRESENTATION_CONTEXT(2) 
PARAMETRIC_REPRESENTATION_CONTEXT() REPRESENTATION_CONTEXT('2D SPACE',''
  ) );
#1191 = PCURVE('',#1192,#1197);
#1192 = PLANE('',#1193);
#1193 = AXIS2_PLACEMENT_3D('',#1194,#1195,#1196);
#1194 = CARTESIAN_POINT('',(260.85,1.,123.3));
#1195 = DIRECTION('',(1.,0.,-0.));
#1196 = DIRECTION('',(0.,0.,1.));
#1197 = DEFINITIONAL_REPRESENTATION('',(#1198),#1202);
#1198 = LINE('',#1199,#1200);
#1199 = CARTESIAN_POINT('',(0.,0.));
#1200 = VECTOR('',#1201,1.);
#1201 = DIRECTION('',(1.,0.));
#1202 = ( GEOMETRIC_REPRESENTATION_CONTEXT(2) 
PARAMETRIC_REPRESENTATION_CONTEXT() REPRESENTATION_CONTEXT('2D SPACE',''
  ) );
#1203 = ORIENTED_EDGE('',*,*,#1204,.T.);
#1204 = EDGE_CURVE('',#1177,#1205,#1207,.T.);
#1205 = VERTEX_POINT('',#1206);
#1206 = CARTESIAN_POINT('',(261.85,1.,137.3));
#1207 = SURFACE_CURVE('',#1208,(#1212,#1219),.PCURVE_S1.);
#1208 = LINE('',#1209,#1210);
#1209 = CARTESIAN_POINT('',(260.85,1.,137.3));
#1210 = VECTOR('',#1211,1.);
#1211 = DIRECTION('',(1.,0.,-0.));
#1212 = PCURVE('',#44,#1213);
#1213 = DEFINITIONAL_REPRESENTATION('',(#1214),#1218);
#1214 = LINE('',#1215,#1216);
#1215 = CARTESIAN_POINT('',(117.5,-4.75));
#1216 = VECTOR('',#1217,1.);
#1217 = DIRECTION('',(0.,1.));
#1218 = ( GEOMETRIC_REPRESENTATION_CONTEXT(2) 
PARAMETRIC_REPRESENTATION_CONTEXT() REPRESENTATION_CONTEXT('2D SPACE',''
  ) );
#1219 = PCURVE('',#1220,#1225);
#1220 = PLANE('',#1221);
#1221 = AXIS2_PLACEMENT_3D('',#1222,#1223,#1224);
#1222 = CARTESIAN_POINT('',(260.85,1.,137.3));
#1223 = DIRECTION('',(0.,0.,1.));
#1224 = DIRECTION('',(1.,0.,-0.));
#1225 = DEFINITIONAL_REPRESENTATION('',(#1226),#1230);
#1226 = LINE('',#1227,#1228);
#1227 = CARTESIAN_POINT('',(0.,0.));
#1228 = VECTOR('',#1229,1.);
#1229 = DIRECTION('',(1.,0.));
#1230 = ( GEOMETRIC_REPRESENTATION_CONTEXT(2) 
PARAMETRIC_REPRESENTATION_CONTEXT() REPRESENTATION_CONTEXT('2D SPACE',''
  ) );
#1231 = ORIENTED_EDGE('',*,*,#1232,.F.);
#1232 = EDGE_CURVE('',#1233,#1205,#1235,.T.);
#1233 = VERTEX_POINT('',#1234);
#1234 = CARTESIAN_POINT('',(261.85,1.,140.3));
#1235 = SURFACE_CURVE('',#1236,(#1240,#1247),.PCURVE_S1.);
#1236 = LINE('',#1237,#1238);
#1237 = CARTESIAN_POINT('',(261.85,1.,140.3));
#1238 = VECTOR('',#1239,1.);
#1239 = DIRECTION('',(0.,0.,-1.));
#1240 = PCURVE('',#44,#1241);
#1241 = DEFINITIONAL_REPRESENTATION('',(#1242),#1246);
#1242 = LINE('',#1243,#1244);
#1243 = CARTESIAN_POINT('',(120.5,-3.75));
#1244 = VECTOR('',#1245,1.);
#1245 = DIRECTION('',(-1.,0.));
#1246 = ( GEOMETRIC_REPRESENTATION_CONTEXT(2) 
PARAMETRIC_REPRESENTATION_CONTEXT() REPRESENTATION_CONTEXT('2D SPACE',''
  ) );
#1247 = PCURVE('',#1248,#1253);
#1248 = PLANE('',#1249);
#1249 = AXIS2_PLACEMENT_3D('',#1250,#1251,#1252);
#1250 = CARTESIAN_POINT('',(261.85,1.,140.3));
#1251 = DIRECTION('',(-1.,0.,0.));
#1252 = DIRECTION('',(0.,0.,-1.));
#1253 = DEFINITIONAL_REPRESENTATION('',(#1254),#1258);
#1254 = LINE('',#1255,#1256);
#1255 = CARTESIAN_POINT('',(0.,-0.));
#1256 = VECTOR('',#1257,1.);
#1257 = DIRECTION('',(1.,0.));
#1258 = ( GEOMETRIC_REPRESENTATION_CONTEXT(2) 
PARAMETRIC_REPRESENTATION_CONTEXT() REPRESENTATION_CONTEXT('2D SPACE',''
  ) );
#1259 = ORIENTED_EDGE('',*,*,#1260,.F.);
#1260 = EDGE_CURVE('',#1261,#1233,#1263,.T.);
#1261 = VERTEX_POINT('',#1262);
#1262 = CARTESIAN_POINT('',(264.85,1.,137.3));
#1263 = SURFACE_CURVE('',#1264,(#1268,#1275),.PCURVE_S1.);
#1264 = LINE('',#1265,#1266);
#1265 = CARTESIAN_POINT('',(264.85,1.,137.3));
#1266 = VECTOR('',#1267,1.);
#1267 = DIRECTION('',(-0.707106781187,0.,0.707106781187));
#1268 = PCURVE('',#44,#1269);
#1269 = DEFINITIONAL_REPRESENTATION('',(#1270),#1274);
#1270 = LINE('',#1271,#1272);
#1271 = CARTESIAN_POINT('',(117.5,-0.75));
#1272 = VECTOR('',#1273,1.);
#1273 = DIRECTION('',(0.707106781187,-0.707106781187));
#1274 = ( GEOMETRIC_REPRESENTATION_CONTEXT(2) 
PARAMETRIC_REPRESENTATION_CONTEXT() REPRESENTATION_CONTEXT('2D SPACE',''
  ) );
#1275 = PCURVE('',#1276,#1281);
#1276 = PLANE('',#1277);
#1277 = AXIS2_PLACEMENT_3D('',#1278,#1279,#1280);
#1278 = CARTESIAN_POINT('',(264.85,1.,137.3));
#1279 = DIRECTION('',(0.707106781187,-0.,0.707106781187));
#1280 = DIRECTION('',(-0.707106781187,0.,0.707106781187));
#1281 = DEFINITIONAL_REPRESENTATION('',(#1282),#1286);
#1282 = LINE('',#1283,#1284);
#1283 = CARTESIAN_POINT('',(0.,0.));
#1284 = VECTOR('',#1285,1.);
#1285 = DIRECTION('',(1.,0.));
#1286 = ( GEOMETRIC_REPRESENTATION_CONTEXT(2) 
PARAMETRIC_REPRESENTATION_CONTEXT() REPRESENTATION_CONTEXT('2D SPACE',''
  ) );
#1287 = ORIENTED_EDGE('',*,*,#1288,.T.);
#1288 = EDGE_CURVE('',#1261,#1289,#1291,.T.);
#1289 = VERTEX_POINT('',#1290);
#1290 = CARTESIAN_POINT('',(278.35,1.,137.3));
#1291 = SURFACE_CURVE('',#1292,(#1296,#1303),.PCURVE_S1.);
#1292 = LINE('',#1293,#1294);
#1293 = CARTESIAN_POINT('',(260.85,1.,137.3));
#1294 = VECTOR('',#1295,1.);
#1295 = DIRECTION('',(1.,0.,-0.));
#1296 = PCURVE('',#44,#1297);
#1297 = DEFINITIONAL_REPRESENTATION('',(#1298),#1302);
#1298 = LINE('',#1299,#1300);
#1299 = CARTESIAN_POINT('',(117.5,-4.75));
#1300 = VECTOR('',#1301,1.);
#1301 = DIRECTION('',(0.,1.));
#1302 = ( GEOMETRIC_REPRESENTATION_CONTEXT(2) 
PARAMETRIC_REPRESENTATION_CONTEXT() REPRESENTATION_CONTEXT('2D SPACE',''
  ) );
#1303 = PCURVE('',#1304,#1309);
#1304 = PLANE('',#1305);
#1305 = AXIS2_PLACEMENT_3D('',#1306,#1307,#1308);
#1306 = CARTESIAN_POINT('',(260.85,1.,137.3));
#1307 = DIRECTION('',(0.,0.,1.));
#1308 = DIRECTION('',(1.,0.,-0.));
#1309 = DEFINITIONAL_REPRESENTATION('',(#1310),#1314);
#1310 = LINE('',#1311,#1312);
#1311 = CARTESIAN_POINT('',(0.,0.));
#1312 = VECTOR('',#1313,1.);
#1313 = DIRECTION('',(1.,0.));
#1314 = ( GEOMETRIC_REPRESENTATION_CONTEXT(2) 
PARAMETRIC_REPRESENTATION_CONTEXT() REPRESENTATION_CONTEXT('2D SPACE',''
  ) );
#1315 = ORIENTED_EDGE('',*,*,#1316,.F.);
#1316 = EDGE_CURVE('',#1317,#1289,#1319,.T.);
#1317 = VERTEX_POINT('',#1318);
#1318 = CARTESIAN_POINT('',(278.35,1.,123.3));
#1319 = SURFACE_CURVE('',#1320,(#1324,#1331),.PCURVE_S1.);
#1320 = LINE('',#1321,#1322);
#1321 = CARTESIAN_POINT('',(278.35,1.,123.3));
#1322 = VECTOR('',#1323,1.);
#1323 = DIRECTION('',(0.,0.,1.));
#1324 = PCURVE('',#44,#1325);
#1325 = DEFINITIONAL_REPRESENTATION('',(#1326),#1330);
#1326 = LINE('',#1327,#1328);
#1327 = CARTESIAN_POINT('',(103.5,12.75));
#1328 = VECTOR('',#1329,1.);
#1329 = DIRECTION('',(1.,0.));
#1330 = ( GEOMETRIC_REPRESENTATION_CONTEXT(2) 
PARAMETRIC_REPRESENTATION_CONTEXT() REPRESENTATION_CONTEXT('2D SPACE',''
  ) );
#1331 = PCURVE('',#1332,#1337);
#1332 = PLANE('',#1333);
#1333 = AXIS2_PLACEMENT_3D('',#1334,#1335,#1336);
#1334 = CARTESIAN_POINT('',(278.35,1.,123.3));
#1335 = DIRECTION('',(1.,0.,-0.));
#1336 = DIRECTION('',(0.,0.,1.));
#1337 = DEFINITIONAL_REPRESENTATION('',(#1338),#1342);
#1338 = LINE('',#1339,#1340);
#1339 = CARTESIAN_POINT('',(0.,0.));
#1340 = VECTOR('',#1341,1.);
#1341 = DIRECTION('',(1.,0.));
#1342 = ( GEOMETRIC_REPRESENTATION_CONTEXT(2) 
PARAMETRIC_REPRESENTATION_CONTEXT() REPRESENTATION_CONTEXT('2D SPACE',''
  ) );
#1343 = ORIENTED_EDGE('',*,*,#1344,.F.);
#1344 = EDGE_CURVE('',#1345,#1317,#1347,.T.);
#1345 = VERTEX_POINT('',#1346);
#1346 = CARTESIAN_POINT('',(264.85,1.,123.3));
#1347 = SURFACE_CURVE('',#1348,(#1352,#1359),.PCURVE_S1.);
#1348 = LINE('',#1349,#1350);
#1349 = CARTESIAN_POINT('',(260.85,1.,123.3));
#1350 = VECTOR('',#1351,1.);
#1351 = DIRECTION('',(1.,0.,-0.));
#1352 = PCURVE('',#44,#1353);
#1353 = DEFINITIONAL_REPRESENTATION('',(#1354),#1358);
#1354 = LINE('',#1355,#1356);
#1355 = CARTESIAN_POINT('',(103.5,-4.75));
#1356 = VECTOR('',#1357,1.);
#1357 = DIRECTION('',(0.,1.));
#1358 = ( GEOMETRIC_REPRESENTATION_CONTEXT(2) 
PARAMETRIC_REPRESENTATION_CONTEXT() REPRESENTATION_CONTEXT('2D SPACE',''
  ) );
#1359 = PCURVE('',#1360,#1365);
#1360 = PLANE('',#1361);
#1361 = AXIS2_PLACEMENT_3D('',#1362,#1363,#1364);
#1362 = CARTESIAN_POINT('',(260.85,1.,123.3));
#1363 = DIRECTION('',(0.,0.,1.));
#1364 = DIRECTION('',(1.,0.,-0.));
#1365 = DEFINITIONAL_REPRESENTATION('',(#1366),#1370);
#1366 = LINE('',#1367,#1368);
#1367 = CARTESIAN_POINT('',(0.,0.));
#1368 = VECTOR('',#1369,1.);
#1369 = DIRECTION('',(1.,0.));
#1370 = ( GEOMETRIC_REPRESENTATION_CONTEXT(2) 
PARAMETRIC_REPRESENTATION_CONTEXT() REPRESENTATION_CONTEXT('2D SPACE',''
  ) );
#1371 = ORIENTED_EDGE('',*,*,#1372,.T.);
#1372 = EDGE_CURVE('',#1345,#1373,#1375,.T.);
#1373 = VERTEX_POINT('',#1374);
#1374 = CARTESIAN_POINT('',(263.35,1.,121.8));
#1375 = SURFACE_CURVE('',#1376,(#1380,#1387),.PCURVE_S1.);
#1376 = LINE('',#1377,#1378);
#1377 = CARTESIAN_POINT('',(264.85,1.,123.3));
#1378 = VECTOR('',#1379,1.);
#1379 = DIRECTION('',(-0.707106781187,0.,-0.707106781187));
#1380 = PCURVE('',#44,#1381);
#1381 = DEFINITIONAL_REPRESENTATION('',(#1382),#1386);
#1382 = LINE('',#1383,#1384);
#1383 = CARTESIAN_POINT('',(103.5,-0.75));
#1384 = VECTOR('',#1385,1.);
#1385 = DIRECTION('',(-0.707106781187,-0.707106781187));
#1386 = ( GEOMETRIC_REPRESENTATION_CONTEXT(2) 
PARAMETRIC_REPRESENTATION_CONTEXT() REPRESENTATION_CONTEXT('2D SPACE',''
  ) );
#1387 = PCURVE('',#1388,#1393);
#1388 = PLANE('',#1389);
#1389 = AXIS2_PLACEMENT_3D('',#1390,#1391,#1392);
#1390 = CARTESIAN_POINT('',(264.85,1.,123.3));
#1391 = DIRECTION('',(-0.707106781187,0.,0.707106781187));
#1392 = DIRECTION('',(-0.707106781187,0.,-0.707106781187));
#1393 = DEFINITIONAL_REPRESENTATION('',(#1394),#1398);
#1394 = LINE('',#1395,#1396);
#1395 = CARTESIAN_POINT('',(0.,0.));
#1396 = VECTOR('',#1397,1.);
#1397 = DIRECTION('',(1.,0.));
#1398 = ( GEOMETRIC_REPRESENTATION_CONTEXT(2) 
PARAMETRIC_REPRESENTATION_CONTEXT() REPRESENTATION_CONTEXT('2D SPACE',''
  ) );
#1399 = ORIENTED_EDGE('',*,*,#1400,.F.);
#1400 = EDGE_CURVE('',#1401,#1373,#1403,.T.);
#1401 = VERTEX_POINT('',#1402);
#1402 = CARTESIAN_POINT('',(264.85,1.,120.3));
#1403 = SURFACE_CURVE('',#1404,(#1408,#1415),.PCURVE_S1.);
#1404 = LINE('',#1405,#1406);
#1405 = CARTESIAN_POINT('',(264.85,1.,120.3));
#1406 = VECTOR('',#1407,1.);
#1407 = DIRECTION('',(-0.707106781187,0.,0.707106781187));
#1408 = PCURVE('',#44,#1409);
#1409 = DEFINITIONAL_REPRESENTATION('',(#1410),#1414);
#1410 = LINE('',#1411,#1412);
#1411 = CARTESIAN_POINT('',(100.5,-0.75));
#1412 = VECTOR('',#1413,1.);
#1413 = DIRECTION('',(0.707106781187,-0.707106781187));
#1414 = ( GEOMETRIC_REPRESENTATION_CONTEXT(2) 
PARAMETRIC_REPRESENTATION_CONTEXT() REPRESENTATION_CONTEXT('2D SPACE',''
  ) );
#1415 = PCURVE('',#1416,#1421);
#1416 = PLANE('',#1417);
#1417 = AXIS2_PLACEMENT_3D('',#1418,#1419,#1420);
#1418 = CARTESIAN_POINT('',(264.85,1.,120.3));
#1419 = DIRECTION('',(0.707106781187,-0.,0.707106781187));
#1420 = DIRECTION('',(-0.707106781187,0.,0.707106781187));
#1421 = DEFINITIONAL_REPRESENTATION('',(#1422),#1426);
#1422 = LINE('',#1423,#1424);
#1423 = CARTESIAN_POINT('',(0.,0.));
#1424 = VECTOR('',#1425,1.);
#1425 = DIRECTION('',(1.,0.));
#1426 = ( GEOMETRIC_REPRESENTATION_CONTEXT(2) 
PARAMETRIC_REPRESENTATION_CONTEXT() REPRESENTATION_CONTEXT('2D SPACE',''
  ) );
#1427 = ORIENTED_EDGE('',*,*,#1428,.T.);
#1428 = EDGE_CURVE('',#1401,#1429,#1431,.T.);
#1429 = VERTEX_POINT('',#1430);
#1430 = CARTESIAN_POINT('',(278.35,1.,120.3));
#1431 = SURFACE_CURVE('',#1432,(#1436,#1443),.PCURVE_S1.);
#1432 = LINE('',#1433,#1434);
#1433 = CARTESIAN_POINT('',(260.85,1.,120.3));
#1434 = VECTOR('',#1435,1.);
#1435 = DIRECTION('',(1.,0.,-0.));
#1436 = PCURVE('',#44,#1437);
#1437 = DEFINITIONAL_REPRESENTATION('',(#1438),#1442);
#1438 = LINE('',#1439,#1440);
#1439 = CARTESIAN_POINT('',(100.5,-4.75));
#1440 = VECTOR('',#1441,1.);
#1441 = DIRECTION('',(0.,1.));
#1442 = ( GEOMETRIC_REPRESENTATION_CONTEXT(2) 
PARAMETRIC_REPRESENTATION_CONTEXT() REPRESENTATION_CONTEXT('2D SPACE',''
  ) );
#1443 = PCURVE('',#1444,#1449);
#1444 = PLANE('',#1445);
#1445 = AXIS2_PLACEMENT_3D('',#1446,#1447,#1448);
#1446 = CARTESIAN_POINT('',(260.85,1.,120.3));
#1447 = DIRECTION('',(0.,0.,1.));
#1448 = DIRECTION('',(1.,0.,-0.));
#1449 = DEFINITIONAL_REPRESENTATION('',(#1450),#1454);
#1450 = LINE('',#1451,#1452);
#1451 = CARTESIAN_POINT('',(0.,0.));
#1452 = VECTOR('',#1453,1.);
#1453 = DIRECTION('',(1.,0.));
#1454 = ( GEOMETRIC_REPRESENTATION_CONTEXT(2) 
PARAMETRIC_REPRESENTATION_CONTEXT() REPRESENTATION_CONTEXT('2D SPACE',''
  ) );
#1455 = ORIENTED_EDGE('',*,*,#1456,.F.);
#1456 = EDGE_CURVE('',#1457,#1429,#1459,.T.);
#1457 = VERTEX_POINT('',#1458);
#1458 = CARTESIAN_POINT('',(278.35,1.,106.3));
#1459 = SURFACE_CURVE('',#1460,(#1464,#1471),.PCURVE_S1.);
#1460 = LINE('',#1461,#1462);
#1461 = CARTESIAN_POINT('',(278.35,1.,106.3));
#1462 = VECTOR('',#1463,1.);
#1463 = DIRECTION('',(0.,0.,1.));
#1464 = PCURVE('',#44,#1465);
#1465 = DEFINITIONAL_REPRESENTATION('',(#1466),#1470);
#1466 = LINE('',#1467,#1468);
#1467 = CARTESIAN_POINT('',(86.5,12.75));
#1468 = VECTOR('',#1469,1.);
#1469 = DIRECTION('',(1.,0.));
#1470 = ( GEOMETRIC_REPRESENTATION_CONTEXT(2) 
PARAMETRIC_REPRESENTATION_CONTEXT() REPRESENTATION_CONTEXT('2D SPACE',''
  ) );
#1471 = PCURVE('',#1472,#1477);
#1472 = PLANE('',#1473);
#1473 = AXIS2_PLACEMENT_3D('',#1474,#1475,#1476);
#1474 = CARTESIAN_POINT('',(278.35,1.,106.3));
#1475 = DIRECTION('',(1.,0.,-0.));
#1476 = DIRECTION('',(0.,0.,1.));
#1477 = DEFINITIONAL_REPRESENTATION('',(#1478),#1482);
#1478 = LINE('',#1479,#1480);
#1479 = CARTESIAN_POINT('',(0.,0.));
#1480 = VECTOR('',#1481,1.);
#1481 = DIRECTION('',(1.,0.));
#1482 = ( GEOMETRIC_REPRESENTATION_CONTEXT(2) 
PARAMETRIC_REPRESENTATION_CONTEXT() REPRESENTATION_CONTEXT('2D SPACE',''
  ) );
#1483 = ORIENTED_EDGE('',*,*,#1484,.F.);
#1484 = EDGE_CURVE('',#1485,#1457,#1487,.T.);
#1485 = VERTEX_POINT('',#1486);
#1486 = CARTESIAN_POINT('',(264.85,1.,106.3));
#1487 = SURFACE_CURVE('',#1488,(#1492,#1499),.PCURVE_S1.);
#1488 = LINE('',#1489,#1490);
#1489 = CARTESIAN_POINT('',(260.85,1.,106.3));
#1490 = VECTOR('',#1491,1.);
#1491 = DIRECTION('',(1.,0.,-0.));
#1492 = PCURVE('',#44,#1493);
#1493 = DEFINITIONAL_REPRESENTATION('',(#1494),#1498);
#1494 = LINE('',#1495,#1496);
#1495 = CARTESIAN_POINT('',(86.5,-4.75));
#1496 = VECTOR('',#1497,1.);
#1497 = DIRECTION('',(0.,1.));
#1498 = ( GEOMETRIC_REPRESENTATION_CONTEXT(2) 
PARAMETRIC_REPRESENTATION_CONTEXT() REPRESENTATION_CONTEXT('2D SPACE',''
  ) );
#1499 = PCURVE('',#1500,#1505);
#1500 = PLANE('',#1501);
#1501 = AXIS2_PLACEMENT_3D('',#1502,#1503,#1504);
#1502 = CARTESIAN_POINT('',(260.85,1.,106.3));
#1503 = DIRECTION('',(0.,0.,1.));
#1504 = DIRECTION('',(1.,0.,-0.));
#1505 = DEFINITIONAL_REPRESENTATION('',(#1506),#1510);
#1506 = LINE('',#1507,#1508);
#1507 = CARTESIAN_POINT('',(0.,0.));
#1508 = VECTOR('',#1509,1.);
#1509 = DIRECTION('',(1.,0.));
#1510 = ( GEOMETRIC_REPRESENTATION_CONTEXT(2) 
PARAMETRIC_REPRESENTATION_CONTEXT() REPRESENTATION_CONTEXT('2D SPACE',''
  ) );
#1511 = ORIENTED_EDGE('',*,*,#1512,.T.);
#1512 = EDGE_CURVE('',#1485,#1513,#1515,.T.);
#1513 = VERTEX_POINT('',#1514);
#1514 = CARTESIAN_POINT('',(261.85,1.,103.3));
#1515 = SURFACE_CURVE('',#1516,(#1520,#1527),.PCURVE_S1.);
#1516 = LINE('',#1517,#1518);
#1517 = CARTESIAN_POINT('',(264.85,1.,106.3));
#1518 = VECTOR('',#1519,1.);
#1519 = DIRECTION('',(-0.707106781187,0.,-0.707106781187));
#1520 = PCURVE('',#44,#1521);
#1521 = DEFINITIONAL_REPRESENTATION('',(#1522),#1526);
#1522 = LINE('',#1523,#1524);
#1523 = CARTESIAN_POINT('',(86.5,-0.75));
#1524 = VECTOR('',#1525,1.);
#1525 = DIRECTION('',(-0.707106781187,-0.707106781187));
#1526 = ( GEOMETRIC_REPRESENTATION_CONTEXT(2) 
PARAMETRIC_REPRESENTATION_CONTEXT() REPRESENTATION_CONTEXT('2D SPACE',''
  ) );
#1527 = PCURVE('',#1528,#1533);
#1528 = PLANE('',#1529);
#1529 = AXIS2_PLACEMENT_3D('',#1530,#1531,#1532);
#1530 = CARTESIAN_POINT('',(264.85,1.,106.3));
#1531 = DIRECTION('',(-0.707106781187,0.,0.707106781187));
#1532 = DIRECTION('',(-0.707106781187,0.,-0.707106781187));
#1533 = DEFINITIONAL_REPRESENTATION('',(#1534),#1538);
#1534 = LINE('',#1535,#1536);
#1535 = CARTESIAN_POINT('',(0.,0.));
#1536 = VECTOR('',#1537,1.);
#1537 = DIRECTION('',(1.,0.));
#1538 = ( GEOMETRIC_REPRESENTATION_CONTEXT(2) 
PARAMETRIC_REPRESENTATION_CONTEXT() REPRESENTATION_CONTEXT('2D SPACE',''
  ) );
#1539 = ORIENTED_EDGE('',*,*,#1540,.F.);
#1540 = EDGE_CURVE('',#1541,#1513,#1543,.T.);
#1541 = VERTEX_POINT('',#1542);
#1542 = CARTESIAN_POINT('',(261.85,1.,98.8));
#1543 = SURFACE_CURVE('',#1544,(#1548,#1555),.PCURVE_S1.);
#1544 = LINE('',#1545,#1546);
#1545 = CARTESIAN_POINT('',(261.85,1.,30.3));
#1546 = VECTOR('',#1547,1.);
#1547 = DIRECTION('',(0.,0.,1.));
#1548 = PCURVE('',#44,#1549);
#1549 = DEFINITIONAL_REPRESENTATION('',(#1550),#1554);
#1550 = LINE('',#1551,#1552);
#1551 = CARTESIAN_POINT('',(10.5,-3.75));
#1552 = VECTOR('',#1553,1.);
#1553 = DIRECTION('',(1.,0.));
#1554 = ( GEOMETRIC_REPRESENTATION_CONTEXT(2) 
PARAMETRIC_REPRESENTATION_CONTEXT() REPRESENTATION_CONTEXT('2D SPACE',''
  ) );
#1555 = PCURVE('',#1556,#1561);
#1556 = PLANE('',#1557);
#1557 = AXIS2_PLACEMENT_3D('',#1558,#1559,#1560);
#1558 = CARTESIAN_POINT('',(261.85,1.,30.3));
#1559 = DIRECTION('',(1.,0.,-0.));
#1560 = DIRECTION('',(0.,0.,1.));
#1561 = DEFINITIONAL_REPRESENTATION('',(#1562),#1566);
#1562 = LINE('',#1563,#1564);
#1563 = CARTESIAN_POINT('',(0.,0.));
#1564 = VECTOR('',#1565,1.);
#1565 = DIRECTION('',(1.,0.));
#1566 = ( GEOMETRIC_REPRESENTATION_CONTEXT(2) 
PARAMETRIC_REPRESENTATION_CONTEXT() REPRESENTATION_CONTEXT('2D SPACE',''
  ) );
#1567 = ORIENTED_EDGE('',*,*,#1568,.F.);
#1568 = EDGE_CURVE('',#1569,#1541,#1571,.T.);
#1569 = VERTEX_POINT('',#1570);
#1570 = CARTESIAN_POINT('',(264.85,1.,95.8));
#1571 = SURFACE_CURVE('',#1572,(#1576,#1583),.PCURVE_S1.);
#1572 = LINE('',#1573,#1574);
#1573 = CARTESIAN_POINT('',(264.85,1.,95.8));
#1574 = VECTOR('',#1575,1.);
#1575 = DIRECTION('',(-0.707106781187,0.,0.707106781187));
#1576 = PCURVE('',#44,#1577);
#1577 = DEFINITIONAL_REPRESENTATION('',(#1578),#1582);
#1578 = LINE('',#1579,#1580);
#1579 = CARTESIAN_POINT('',(76.,-0.75));
#1580 = VECTOR('',#1581,1.);
#1581 = DIRECTION('',(0.707106781187,-0.707106781187));
#1582 = ( GEOMETRIC_REPRESENTATION_CONTEXT(2) 
PARAMETRIC_REPRESENTATION_CONTEXT() REPRESENTATION_CONTEXT('2D SPACE',''
  ) );
#1583 = PCURVE('',#1584,#1589);
#1584 = PLANE('',#1585);
#1585 = AXIS2_PLACEMENT_3D('',#1586,#1587,#1588);
#1586 = CARTESIAN_POINT('',(264.85,1.,95.8));
#1587 = DIRECTION('',(0.707106781187,-0.,0.707106781187));
#1588 = DIRECTION('',(-0.707106781187,0.,0.707106781187));
#1589 = DEFINITIONAL_REPRESENTATION('',(#1590),#1594);
#1590 = LINE('',#1591,#1592);
#1591 = CARTESIAN_POINT('',(0.,0.));
#1592 = VECTOR('',#1593,1.);
#1593 = DIRECTION('',(1.,0.));
#1594 = ( GEOMETRIC_REPRESENTATION_CONTEXT(2) 
PARAMETRIC_REPRESENTATION_CONTEXT() REPRESENTATION_CONTEXT('2D SPACE',''
  ) );
#1595 = ORIENTED_EDGE('',*,*,#1596,.T.);
#1596 = EDGE_CURVE('',#1569,#1597,#1599,.T.);
#1597 = VERTEX_POINT('',#1598);
#1598 = CARTESIAN_POINT('',(278.35,1.,95.8));
#1599 = SURFACE_CURVE('',#1600,(#1604,#1611),.PCURVE_S1.);
#1600 = LINE('',#1601,#1602);
#1601 = CARTESIAN_POINT('',(260.85,1.,95.8));
#1602 = VECTOR('',#1603,1.);
#1603 = DIRECTION('',(1.,0.,-0.));
#1604 = PCURVE('',#44,#1605);
#1605 = DEFINITIONAL_REPRESENTATION('',(#1606),#1610);
#1606 = LINE('',#1607,#1608);
#1607 = CARTESIAN_POINT('',(76.,-4.75));
#1608 = VECTOR('',#1609,1.);
#1609 = DIRECTION('',(0.,1.));
#1610 = ( GEOMETRIC_REPRESENTATION_CONTEXT(2) 
PARAMETRIC_REPRESENTATION_CONTEXT() REPRESENTATION_CONTEXT('2D SPACE',''
  ) );
#1611 = PCURVE('',#1612,#1617);
#1612 = PLANE('',#1613);
#1613 = AXIS2_PLACEMENT_3D('',#1614,#1615,#1616);
#1614 = CARTESIAN_POINT('',(260.85,1.,95.8));
#1615 = DIRECTION('',(0.,0.,1.));
#1616 = DIRECTION('',(1.,0.,-0.));
#1617 = DEFINITIONAL_REPRESENTATION('',(#1618),#1622);
#1618 = LINE('',#1619,#1620);
#1619 = CARTESIAN_POINT('',(0.,0.));
#1620 = VECTOR('',#1621,1.);
#1621 = DIRECTION('',(1.,0.));
#1622 = ( GEOMETRIC_REPRESENTATION_CONTEXT(2) 
PARAMETRIC_REPRESENTATION_CONTEXT() REPRESENTATION_CONTEXT('2D SPACE',''
  ) );
#1623 = ORIENTED_EDGE('',*,*,#1624,.F.);
#1624 = EDGE_CURVE('',#1625,#1597,#1627,.T.);
#1625 = VERTEX_POINT('',#1626);
#1626 = CARTESIAN_POINT('',(278.35,1.,81.8));
#1627 = SURFACE_CURVE('',#1628,(#1632,#1639),.PCURVE_S1.);
#1628 = LINE('',#1629,#1630);
#1629 = CARTESIAN_POINT('',(278.35,1.,81.8));
#1630 = VECTOR('',#1631,1.);
#1631 = DIRECTION('',(0.,0.,1.));
#1632 = PCURVE('',#44,#1633);
#1633 = DEFINITIONAL_REPRESENTATION('',(#1634),#1638);
#1634 = LINE('',#1635,#1636);
#1635 = CARTESIAN_POINT('',(62.,12.75));
#1636 = VECTOR('',#1637,1.);
#1637 = DIRECTION('',(1.,0.));
#1638 = ( GEOMETRIC_REPRESENTATION_CONTEXT(2) 
PARAMETRIC_REPRESENTATION_CONTEXT() REPRESENTATION_CONTEXT('2D SPACE',''
  ) );
#1639 = PCURVE('',#1640,#1645);
#1640 = PLANE('',#1641);
#1641 = AXIS2_PLACEMENT_3D('',#1642,#1643,#1644);
#1642 = CARTESIAN_POINT('',(278.35,1.,81.8));
#1643 = DIRECTION('',(1.,0.,-0.));
#1644 = DIRECTION('',(0.,0.,1.));
#1645 = DEFINITIONAL_REPRESENTATION('',(#1646),#1650);
#1646 = LINE('',#1647,#1648);
#1647 = CARTESIAN_POINT('',(0.,0.));
#1648 = VECTOR('',#1649,1.);
#1649 = DIRECTION('',(1.,0.));
#1650 = ( GEOMETRIC_REPRESENTATION_CONTEXT(2) 
PARAMETRIC_REPRESENTATION_CONTEXT() REPRESENTATION_CONTEXT('2D SPACE',''
  ) );
#1651 = ORIENTED_EDGE('',*,*,#1652,.F.);
#1652 = EDGE_CURVE('',#1653,#1625,#1655,.T.);
#1653 = VERTEX_POINT('',#1654);
#1654 = CARTESIAN_POINT('',(264.85,1.,81.8));
#1655 = SURFACE_CURVE('',#1656,(#1660,#1667),.PCURVE_S1.);
#1656 = LINE('',#1657,#1658);
#1657 = CARTESIAN_POINT('',(260.85,1.,81.8));
#1658 = VECTOR('',#1659,1.);
#1659 = DIRECTION('',(1.,0.,-0.));
#1660 = PCURVE('',#44,#1661);
#1661 = DEFINITIONAL_REPRESENTATION('',(#1662),#1666);
#1662 = LINE('',#1663,#1664);
#1663 = CARTESIAN_POINT('',(62.,-4.75));
#1664 = VECTOR('',#1665,1.);
#1665 = DIRECTION('',(0.,1.));
#1666 = ( GEOMETRIC_REPRESENTATION_CONTEXT(2) 
PARAMETRIC_REPRESENTATION_CONTEXT() REPRESENTATION_CONTEXT('2D SPACE',''
  ) );
#1667 = PCURVE('',#1668,#1673);
#1668 = PLANE('',#1669);
#1669 = AXIS2_PLACEMENT_3D('',#1670,#1671,#1672);
#1670 = CARTESIAN_POINT('',(260.85,1.,81.8));
#1671 = DIRECTION('',(0.,0.,1.));
#1672 = DIRECTION('',(1.,0.,-0.));
#1673 = DEFINITIONAL_REPRESENTATION('',(#1674),#1678);
#1674 = LINE('',#1675,#1676);
#1675 = CARTESIAN_POINT('',(0.,0.));
#1676 = VECTOR('',#1677,1.);
#1677 = DIRECTION('',(1.,0.));
#1678 = ( GEOMETRIC_REPRESENTATION_CONTEXT(2) 
PARAMETRIC_REPRESENTATION_CONTEXT() REPRESENTATION_CONTEXT('2D SPACE',''
  ) );
#1679 = ORIENTED_EDGE('',*,*,#1680,.T.);
#1680 = EDGE_CURVE('',#1653,#1681,#1683,.T.);
#1681 = VERTEX_POINT('',#1682);
#1682 = CARTESIAN_POINT('',(261.85,1.,78.8));
#1683 = SURFACE_CURVE('',#1684,(#1688,#1695),.PCURVE_S1.);
#1684 = LINE('',#1685,#1686);
#1685 = CARTESIAN_POINT('',(264.85,1.,81.8));
#1686 = VECTOR('',#1687,1.);
#1687 = DIRECTION('',(-0.707106781187,0.,-0.707106781187));
#1688 = PCURVE('',#44,#1689);
#1689 = DEFINITIONAL_REPRESENTATION('',(#1690),#1694);
#1690 = LINE('',#1691,#1692);
#1691 = CARTESIAN_POINT('',(62.,-0.75));
#1692 = VECTOR('',#1693,1.);
#1693 = DIRECTION('',(-0.707106781187,-0.707106781187));
#1694 = ( GEOMETRIC_REPRESENTATION_CONTEXT(2) 
PARAMETRIC_REPRESENTATION_CONTEXT() REPRESENTATION_CONTEXT('2D SPACE',''
  ) );
#1695 = PCURVE('',#1696,#1701);
#1696 = PLANE('',#1697);
#1697 = AXIS2_PLACEMENT_3D('',#1698,#1699,#1700);
#1698 = CARTESIAN_POINT('',(264.85,1.,81.8));
#1699 = DIRECTION('',(-0.707106781187,0.,0.707106781187));
#1700 = DIRECTION('',(-0.707106781187,0.,-0.707106781187));
#1701 = DEFINITIONAL_REPRESENTATION('',(#1702),#1706);
#1702 = LINE('',#1703,#1704);
#1703 = CARTESIAN_POINT('',(0.,0.));
#1704 = VECTOR('',#1705,1.);
#1705 = DIRECTION('',(1.,0.));
#1706 = ( GEOMETRIC_REPRESENTATION_CONTEXT(2) 
PARAMETRIC_REPRESENTATION_CONTEXT() REPRESENTATION_CONTEXT('2D SPACE',''
  ) );
#1707 = ORIENTED_EDGE('',*,*,#1708,.F.);
#1708 = EDGE_CURVE('',#1709,#1681,#1711,.T.);
#1709 = VERTEX_POINT('',#1710);
#1710 = CARTESIAN_POINT('',(261.85,1.,74.3));
#1711 = SURFACE_CURVE('',#1712,(#1716,#1723),.PCURVE_S1.);
#1712 = LINE('',#1713,#1714);
#1713 = CARTESIAN_POINT('',(261.85,1.,30.3));
#1714 = VECTOR('',#1715,1.);
#1715 = DIRECTION('',(0.,0.,1.));
#1716 = PCURVE('',#44,#1717);
#1717 = DEFINITIONAL_REPRESENTATION('',(#1718),#1722);
#1718 = LINE('',#1719,#1720);
#1719 = CARTESIAN_POINT('',(10.5,-3.75));
#1720 = VECTOR('',#1721,1.);
#1721 = DIRECTION('',(1.,0.));
#1722 = ( GEOMETRIC_REPRESENTATION_CONTEXT(2) 
PARAMETRIC_REPRESENTATION_CONTEXT() REPRESENTATION_CONTEXT('2D SPACE',''
  ) );
#1723 = PCURVE('',#1724,#1729);
#1724 = PLANE('',#1725);
#1725 = AXIS2_PLACEMENT_3D('',#1726,#1727,#1728);
#1726 = CARTESIAN_POINT('',(261.85,1.,30.3));
#1727 = DIRECTION('',(1.,0.,-0.));
#1728 = DIRECTION('',(0.,0.,1.));
#1729 = DEFINITIONAL_REPRESENTATION('',(#1730),#1734);
#1730 = LINE('',#1731,#1732);
#1731 = CARTESIAN_POINT('',(0.,0.));
#1732 = VECTOR('',#1733,1.);
#1733 = DIRECTION('',(1.,0.));
#1734 = ( GEOMETRIC_REPRESENTATION_CONTEXT(2) 
PARAMETRIC_REPRESENTATION_CONTEXT() REPRESENTATION_CONTEXT('2D SPACE',''
  ) );
#1735 = ORIENTED_EDGE('',*,*,#1736,.T.);
#1736 = EDGE_CURVE('',#1709,#198,#1737,.T.);
#1737 = SURFACE_CURVE('',#1738,(#1742,#1749),.PCURVE_S1.);
#1738 = LINE('',#1739,#1740);
#1739 = CARTESIAN_POINT('',(183.,1.,74.3));
#1740 = VECTOR('',#1741,1.);
#1741 = DIRECTION('',(1.,0.,-0.));
#1742 = PCURVE('',#44,#1743);
#1743 = DEFINITIONAL_REPRESENTATION('',(#1744),#1748);
#1744 = LINE('',#1745,#1746);
#1745 = CARTESIAN_POINT('',(54.5,-82.6));
#1746 = VECTOR('',#1747,1.);
#1747 = DIRECTION('',(0.,1.));
#1748 = ( GEOMETRIC_REPRESENTATION_CONTEXT(2) 
PARAMETRIC_REPRESENTATION_CONTEXT() REPRESENTATION_CONTEXT('2D SPACE',''
  ) );
#1749 = PCURVE('',#1750,#1755);
#1750 = PLANE('',#1751);
#1751 = AXIS2_PLACEMENT_3D('',#1752,#1753,#1754);
#1752 = CARTESIAN_POINT('',(183.,1.,74.3));
#1753 = DIRECTION('',(0.,0.,1.));
#1754 = DIRECTION('',(1.,0.,-0.));
#1755 = DEFINITIONAL_REPRESENTATION('',(#1756),#1760);
#1756 = LINE('',#1757,#1758);
#1757 = CARTESIAN_POINT('',(0.,0.));
#1758 = VECTOR('',#1759,1.);
#1759 = DIRECTION('',(1.,0.));
#1760 = ( GEOMETRIC_REPRESENTATION_CONTEXT(2) 
PARAMETRIC_REPRESENTATION_CONTEXT() REPRESENTATION_CONTEXT('2D SPACE',''
  ) );
#1761 = FACE_BOUND('',#1762,.F.);
#1762 = EDGE_LOOP('',(#1763,#1791,#1817,#1843));
#1763 = ORIENTED_EDGE('',*,*,#1764,.F.);
#1764 = EDGE_CURVE('',#1765,#1767,#1769,.T.);
#1765 = VERTEX_POINT('',#1766);
#1766 = CARTESIAN_POINT('',(208.05,1.,91.5));
#1767 = VERTEX_POINT('',#1768);
#1768 = CARTESIAN_POINT('',(210.45,1.,91.5));
#1769 = SURFACE_CURVE('',#1770,(#1774,#1780),.PCURVE_S1.);
#1770 = LINE('',#1771,#1772);
#1771 = CARTESIAN_POINT('',(236.825,1.,91.5));
#1772 = VECTOR('',#1773,1.);
#1773 = DIRECTION('',(1.,0.,-0.));
#1774 = PCURVE('',#44,#1775);
#1775 = DEFINITIONAL_REPRESENTATION('',(#1776),#1779);
#1776 = B_SPLINE_CURVE_WITH_KNOTS('',1,(#1777,#1778),.UNSPECIFIED.,.F.,
  .F.,(2,2),(-28.775,-26.375),.PIECEWISE_BEZIER_KNOTS.);
#1777 = CARTESIAN_POINT('',(71.7,-57.55));
#1778 = CARTESIAN_POINT('',(71.7,-55.15));
#1779 = ( GEOMETRIC_REPRESENTATION_CONTEXT(2) 
PARAMETRIC_REPRESENTATION_CONTEXT() REPRESENTATION_CONTEXT('2D SPACE',''
  ) );
#1780 = PCURVE('',#1781,#1786);
#1781 = PLANE('',#1782);
#1782 = AXIS2_PLACEMENT_3D('',#1783,#1784,#1785);
#1783 = CARTESIAN_POINT('',(208.05,0.,91.5));
#1784 = DIRECTION('',(0.,0.,1.));
#1785 = DIRECTION('',(1.,0.,-0.));
#1786 = DEFINITIONAL_REPRESENTATION('',(#1787),#1790);
#1787 = B_SPLINE_CURVE_WITH_KNOTS('',1,(#1788,#1789),.UNSPECIFIED.,.F.,
  .F.,(2,2),(-28.775,-26.375),.PIECEWISE_BEZIER_KNOTS.);
#1788 = CARTESIAN_POINT('',(0.,1.));
#1789 = CARTESIAN_POINT('',(2.4,1.));
#1790 = ( GEOMETRIC_REPRESENTATION_CONTEXT(2) 
PARAMETRIC_REPRESENTATION_CONTEXT() REPRESENTATION_CONTEXT('2D SPACE',''
  ) );
#1791 = ORIENTED_EDGE('',*,*,#1792,.T.);
#1792 = EDGE_CURVE('',#1765,#1793,#1795,.T.);
#1793 = VERTEX_POINT('',#1794);
#1794 = CARTESIAN_POINT('',(208.05,1.,86.1));
#1795 = SURFACE_CURVE('',#1796,(#1800,#1806),.PCURVE_S1.);
#1796 = LINE('',#1797,#1798);
#1797 = CARTESIAN_POINT('',(208.05,1.,52.95));
#1798 = VECTOR('',#1799,1.);
#1799 = DIRECTION('',(-0.,0.,-1.));
#1800 = PCURVE('',#44,#1801);
#1801 = DEFINITIONAL_REPRESENTATION('',(#1802),#1805);
#1802 = B_SPLINE_CURVE_WITH_KNOTS('',1,(#1803,#1804),.UNSPECIFIED.,.F.,
  .F.,(2,2),(-38.55,-33.15),.PIECEWISE_BEZIER_KNOTS.);
#1803 = CARTESIAN_POINT('',(71.7,-57.55));
#1804 = CARTESIAN_POINT('',(66.3,-57.55));
#1805 = ( GEOMETRIC_REPRESENTATION_CONTEXT(2) 
PARAMETRIC_REPRESENTATION_CONTEXT() REPRESENTATION_CONTEXT('2D SPACE',''
  ) );
#1806 = PCURVE('',#1807,#1812);
#1807 = PLANE('',#1808);
#1808 = AXIS2_PLACEMENT_3D('',#1809,#1810,#1811);
#1809 = CARTESIAN_POINT('',(208.05,0.,86.1));
#1810 = DIRECTION('',(1.,0.,-0.));
#1811 = DIRECTION('',(0.,0.,1.));
#1812 = DEFINITIONAL_REPRESENTATION('',(#1813),#1816);
#1813 = B_SPLINE_CURVE_WITH_KNOTS('',1,(#1814,#1815),.UNSPECIFIED.,.F.,
  .F.,(2,2),(-38.55,-33.15),.PIECEWISE_BEZIER_KNOTS.);
#1814 = CARTESIAN_POINT('',(5.4,-1.));
#1815 = CARTESIAN_POINT('',(0.,-1.));
#1816 = ( GEOMETRIC_REPRESENTATION_CONTEXT(2) 
PARAMETRIC_REPRESENTATION_CONTEXT() REPRESENTATION_CONTEXT('2D SPACE',''
  ) );
#1817 = ORIENTED_EDGE('',*,*,#1818,.T.);
#1818 = EDGE_CURVE('',#1793,#1819,#1821,.T.);
#1819 = VERTEX_POINT('',#1820);
#1820 = CARTESIAN_POINT('',(210.45,1.,86.1));
#1821 = SURFACE_CURVE('',#1822,(#1826,#1832),.PCURVE_S1.);
#1822 = LINE('',#1823,#1824);
#1823 = CARTESIAN_POINT('',(236.825,1.,86.1));
#1824 = VECTOR('',#1825,1.);
#1825 = DIRECTION('',(1.,0.,-0.));
#1826 = PCURVE('',#44,#1827);
#1827 = DEFINITIONAL_REPRESENTATION('',(#1828),#1831);
#1828 = B_SPLINE_CURVE_WITH_KNOTS('',1,(#1829,#1830),.UNSPECIFIED.,.F.,
  .F.,(2,2),(-28.775,-26.375),.PIECEWISE_BEZIER_KNOTS.);
#1829 = CARTESIAN_POINT('',(66.3,-57.55));
#1830 = CARTESIAN_POINT('',(66.3,-55.15));
#1831 = ( GEOMETRIC_REPRESENTATION_CONTEXT(2) 
PARAMETRIC_REPRESENTATION_CONTEXT() REPRESENTATION_CONTEXT('2D SPACE',''
  ) );
#1832 = PCURVE('',#1833,#1838);
#1833 = PLANE('',#1834);
#1834 = AXIS2_PLACEMENT_3D('',#1835,#1836,#1837);
#1835 = CARTESIAN_POINT('',(208.05,0.,86.1));
#1836 = DIRECTION('',(0.,0.,1.));
#1837 = DIRECTION('',(1.,0.,-0.));
#1838 = DEFINITIONAL_REPRESENTATION('',(#1839),#1842);
#1839 = B_SPLINE_CURVE_WITH_KNOTS('',1,(#1840,#1841),.UNSPECIFIED.,.F.,
  .F.,(2,2),(-28.775,-26.375),.PIECEWISE_BEZIER_KNOTS.);
#1840 = CARTESIAN_POINT('',(0.,1.));
#1841 = CARTESIAN_POINT('',(2.4,1.));
#1842 = ( GEOMETRIC_REPRESENTATION_CONTEXT(2) 
PARAMETRIC_REPRESENTATION_CONTEXT() REPRESENTATION_CONTEXT('2D SPACE',''
  ) );
#1843 = ORIENTED_EDGE('',*,*,#1844,.F.);
#1844 = EDGE_CURVE('',#1767,#1819,#1845,.T.);
#1845 = SURFACE_CURVE('',#1846,(#1850,#1856),.PCURVE_S1.);
#1846 = LINE('',#1847,#1848);
#1847 = CARTESIAN_POINT('',(210.45,1.,52.95));
#1848 = VECTOR('',#1849,1.);
#1849 = DIRECTION('',(-0.,0.,-1.));
#1850 = PCURVE('',#44,#1851);
#1851 = DEFINITIONAL_REPRESENTATION('',(#1852),#1855);
#1852 = B_SPLINE_CURVE_WITH_KNOTS('',1,(#1853,#1854),.UNSPECIFIED.,.F.,
  .F.,(2,2),(-38.55,-33.15),.PIECEWISE_BEZIER_KNOTS.);
#1853 = CARTESIAN_POINT('',(71.7,-55.15));
#1854 = CARTESIAN_POINT('',(66.3,-55.15));
#1855 = ( GEOMETRIC_REPRESENTATION_CONTEXT(2) 
PARAMETRIC_REPRESENTATION_CONTEXT() REPRESENTATION_CONTEXT('2D SPACE',''
  ) );
#1856 = PCURVE('',#1857,#1862);
#1857 = PLANE('',#1858);
#1858 = AXIS2_PLACEMENT_3D('',#1859,#1860,#1861);
#1859 = CARTESIAN_POINT('',(210.45,0.,86.1));
#1860 = DIRECTION('',(1.,0.,-0.));
#1861 = DIRECTION('',(0.,0.,1.));
#1862 = DEFINITIONAL_REPRESENTATION('',(#1863),#1866);
#1863 = B_SPLINE_CURVE_WITH_KNOTS('',1,(#1864,#1865),.UNSPECIFIED.,.F.,
  .F.,(2,2),(-38.55,-33.15),.PIECEWISE_BEZIER_KNOTS.);
#1864 = CARTESIAN_POINT('',(5.4,-1.));
#1865 = CARTESIAN_POINT('',(0.,-1.));
#1866 = ( GEOMETRIC_REPRESENTATION_CONTEXT(2) 
PARAMETRIC_REPRESENTATION_CONTEXT() REPRESENTATION_CONTEXT('2D SPACE',''
  ) );
#1867 = FACE_BOUND('',#1868,.F.);
#1868 = EDGE_LOOP('',(#1869,#1897,#1923,#1949));
#1869 = ORIENTED_EDGE('',*,*,#1870,.F.);
#1870 = EDGE_CURVE('',#1871,#1873,#1875,.T.);
#1871 = VERTEX_POINT('',#1872);
#1872 = CARTESIAN_POINT('',(208.05,1.,116.));
#1873 = VERTEX_POINT('',#1874);
#1874 = CARTESIAN_POINT('',(210.45,1.,116.));
#1875 = SURFACE_CURVE('',#1876,(#1880,#1886),.PCURVE_S1.);
#1876 = LINE('',#1877,#1878);
#1877 = CARTESIAN_POINT('',(236.825,1.,116.));
#1878 = VECTOR('',#1879,1.);
#1879 = DIRECTION('',(1.,0.,-0.));
#1880 = PCURVE('',#44,#1881);
#1881 = DEFINITIONAL_REPRESENTATION('',(#1882),#1885);
#1882 = B_SPLINE_CURVE_WITH_KNOTS('',1,(#1883,#1884),.UNSPECIFIED.,.F.,
  .F.,(2,2),(-28.775,-26.375),.PIECEWISE_BEZIER_KNOTS.);
#1883 = CARTESIAN_POINT('',(96.2,-57.55));
#1884 = CARTESIAN_POINT('',(96.2,-55.15));
#1885 = ( GEOMETRIC_REPRESENTATION_CONTEXT(2) 
PARAMETRIC_REPRESENTATION_CONTEXT() REPRESENTATION_CONTEXT('2D SPACE',''
  ) );
#1886 = PCURVE('',#1887,#1892);
#1887 = PLANE('',#1888);
#1888 = AXIS2_PLACEMENT_3D('',#1889,#1890,#1891);
#1889 = CARTESIAN_POINT('',(208.05,0.,116.));
#1890 = DIRECTION('',(0.,0.,1.));
#1891 = DIRECTION('',(1.,0.,-0.));
#1892 = DEFINITIONAL_REPRESENTATION('',(#1893),#1896);
#1893 = B_SPLINE_CURVE_WITH_KNOTS('',1,(#1894,#1895),.UNSPECIFIED.,.F.,
  .F.,(2,2),(-28.775,-26.375),.PIECEWISE_BEZIER_KNOTS.);
#1894 = CARTESIAN_POINT('',(0.,1.));
#1895 = CARTESIAN_POINT('',(2.4,1.));
#1896 = ( GEOMETRIC_REPRESENTATION_CONTEXT(2) 
PARAMETRIC_REPRESENTATION_CONTEXT() REPRESENTATION_CONTEXT('2D SPACE',''
  ) );
#1897 = ORIENTED_EDGE('',*,*,#1898,.T.);
#1898 = EDGE_CURVE('',#1871,#1899,#1901,.T.);
#1899 = VERTEX_POINT('',#1900);
#1900 = CARTESIAN_POINT('',(208.05,1.,110.6));
#1901 = SURFACE_CURVE('',#1902,(#1906,#1912),.PCURVE_S1.);
#1902 = LINE('',#1903,#1904);
#1903 = CARTESIAN_POINT('',(208.05,1.,65.2));
#1904 = VECTOR('',#1905,1.);
#1905 = DIRECTION('',(-0.,0.,-1.));
#1906 = PCURVE('',#44,#1907);
#1907 = DEFINITIONAL_REPRESENTATION('',(#1908),#1911);
#1908 = B_SPLINE_CURVE_WITH_KNOTS('',1,(#1909,#1910),.UNSPECIFIED.,.F.,
  .F.,(2,2),(-50.8,-45.4),.PIECEWISE_BEZIER_KNOTS.);
#1909 = CARTESIAN_POINT('',(96.2,-57.55));
#1910 = CARTESIAN_POINT('',(90.8,-57.55));
#1911 = ( GEOMETRIC_REPRESENTATION_CONTEXT(2) 
PARAMETRIC_REPRESENTATION_CONTEXT() REPRESENTATION_CONTEXT('2D SPACE',''
  ) );
#1912 = PCURVE('',#1913,#1918);
#1913 = PLANE('',#1914);
#1914 = AXIS2_PLACEMENT_3D('',#1915,#1916,#1917);
#1915 = CARTESIAN_POINT('',(208.05,0.,110.6));
#1916 = DIRECTION('',(1.,0.,-0.));
#1917 = DIRECTION('',(0.,0.,1.));
#1918 = DEFINITIONAL_REPRESENTATION('',(#1919),#1922);
#1919 = B_SPLINE_CURVE_WITH_KNOTS('',1,(#1920,#1921),.UNSPECIFIED.,.F.,
  .F.,(2,2),(-50.8,-45.4),.PIECEWISE_BEZIER_KNOTS.);
#1920 = CARTESIAN_POINT('',(5.4,-1.));
#1921 = CARTESIAN_POINT('',(0.,-1.));
#1922 = ( GEOMETRIC_REPRESENTATION_CONTEXT(2) 
PARAMETRIC_REPRESENTATION_CONTEXT() REPRESENTATION_CONTEXT('2D SPACE',''
  ) );
#1923 = ORIENTED_EDGE('',*,*,#1924,.T.);
#1924 = EDGE_CURVE('',#1899,#1925,#1927,.T.);
#1925 = VERTEX_POINT('',#1926);
#1926 = CARTESIAN_POINT('',(210.45,1.,110.6));
#1927 = SURFACE_CURVE('',#1928,(#1932,#1938),.PCURVE_S1.);
#1928 = LINE('',#1929,#1930);
#1929 = CARTESIAN_POINT('',(236.825,1.,110.6));
#1930 = VECTOR('',#1931,1.);
#1931 = DIRECTION('',(1.,0.,-0.));
#1932 = PCURVE('',#44,#1933);
#1933 = DEFINITIONAL_REPRESENTATION('',(#1934),#1937);
#1934 = B_SPLINE_CURVE_WITH_KNOTS('',1,(#1935,#1936),.UNSPECIFIED.,.F.,
  .F.,(2,2),(-28.775,-26.375),.PIECEWISE_BEZIER_KNOTS.);
#1935 = CARTESIAN_POINT('',(90.8,-57.55));
#1936 = CARTESIAN_POINT('',(90.8,-55.15));
#1937 = ( GEOMETRIC_REPRESENTATION_CONTEXT(2) 
PARAMETRIC_REPRESENTATION_CONTEXT() REPRESENTATION_CONTEXT('2D SPACE',''
  ) );
#1938 = PCURVE('',#1939,#1944);
#1939 = PLANE('',#1940);
#1940 = AXIS2_PLACEMENT_3D('',#1941,#1942,#1943);
#1941 = CARTESIAN_POINT('',(208.05,0.,110.6));
#1942 = DIRECTION('',(0.,0.,1.));
#1943 = DIRECTION('',(1.,0.,-0.));
#1944 = DEFINITIONAL_REPRESENTATION('',(#1945),#1948);
#1945 = B_SPLINE_CURVE_WITH_KNOTS('',1,(#1946,#1947),.UNSPECIFIED.,.F.,
  .F.,(2,2),(-28.775,-26.375),.PIECEWISE_BEZIER_KNOTS.);
#1946 = CARTESIAN_POINT('',(0.,1.));
#1947 = CARTESIAN_POINT('',(2.4,1.));
#1948 = ( GEOMETRIC_REPRESENTATION_CONTEXT(2) 
PARAMETRIC_REPRESENTATION_CONTEXT() REPRESENTATION_CONTEXT('2D SPACE',''
  ) );
#1949 = ORIENTED_EDGE('',*,*,#1950,.F.);
#1950 = EDGE_CURVE('',#1873,#1925,#1951,.T.);
#1951 = SURFACE_CURVE('',#1952,(#1956,#1962),.PCURVE_S1.);
#1952 = LINE('',#1953,#1954);
#1953 = CARTESIAN_POINT('',(210.45,1.,65.2));
#1954 = VECTOR('',#1955,1.);
#1955 = DIRECTION('',(-0.,0.,-1.));
#1956 = PCURVE('',#44,#1957);
#1957 = DEFINITIONAL_REPRESENTATION('',(#1958),#1961);
#1958 = B_SPLINE_CURVE_WITH_KNOTS('',1,(#1959,#1960),.UNSPECIFIED.,.F.,
  .F.,(2,2),(-50.8,-45.4),.PIECEWISE_BEZIER_KNOTS.);
#1959 = CARTESIAN_POINT('',(96.2,-55.15));
#1960 = CARTESIAN_POINT('',(90.8,-55.15));
#1961 = ( GEOMETRIC_REPRESENTATION_CONTEXT(2) 
PARAMETRIC_REPRESENTATION_CONTEXT() REPRESENTATION_CONTEXT('2D SPACE',''
  ) );
#1962 = PCURVE('',#1963,#1968);
#1963 = PLANE('',#1964);
#1964 = AXIS2_PLACEMENT_3D('',#1965,#1966,#1967);
#1965 = CARTESIAN_POINT('',(210.45,0.,110.6));
#1966 = DIRECTION('',(1.,0.,-0.));
#1967 = DIRECTION('',(0.,0.,1.));
#1968 = DEFINITIONAL_REPRESENTATION('',(#1969),#1972);
#1969 = B_SPLINE_CURVE_WITH_KNOTS('',1,(#1970,#1971),.UNSPECIFIED.,.F.,
  .F.,(2,2),(-50.8,-45.4),.PIECEWISE_BEZIER_KNOTS.);
#1970 = CARTESIAN_POINT('',(5.4,-1.));
#1971 = CARTESIAN_POINT('',(0.,-1.));
#1972 = ( GEOMETRIC_REPRESENTATION_CONTEXT(2) 
PARAMETRIC_REPRESENTATION_CONTEXT() REPRESENTATION_CONTEXT('2D SPACE',''
  ) );
#1973 = FACE_BOUND('',#1974,.F.);
#1974 = EDGE_LOOP('',(#1975,#2003,#2029,#2055));
#1975 = ORIENTED_EDGE('',*,*,#1976,.F.);
#1976 = EDGE_CURVE('',#1977,#1979,#1981,.T.);
#1977 = VERTEX_POINT('',#1978);
#1978 = CARTESIAN_POINT('',(208.05,1.,133.));
#1979 = VERTEX_POINT('',#1980);
#1980 = CARTESIAN_POINT('',(210.45,1.,133.));
#1981 = SURFACE_CURVE('',#1982,(#1986,#1992),.PCURVE_S1.);
#1982 = LINE('',#1983,#1984);
#1983 = CARTESIAN_POINT('',(236.825,1.,133.));
#1984 = VECTOR('',#1985,1.);
#1985 = DIRECTION('',(1.,0.,-0.));
#1986 = PCURVE('',#44,#1987);
#1987 = DEFINITIONAL_REPRESENTATION('',(#1988),#1991);
#1988 = B_SPLINE_CURVE_WITH_KNOTS('',1,(#1989,#1990),.UNSPECIFIED.,.F.,
  .F.,(2,2),(-28.775,-26.375),.PIECEWISE_BEZIER_KNOTS.);
#1989 = CARTESIAN_POINT('',(113.2,-57.55));
#1990 = CARTESIAN_POINT('',(113.2,-55.15));
#1991 = ( GEOMETRIC_REPRESENTATION_CONTEXT(2) 
PARAMETRIC_REPRESENTATION_CONTEXT() REPRESENTATION_CONTEXT('2D SPACE',''
  ) );
#1992 = PCURVE('',#1993,#1998);
#1993 = PLANE('',#1994);
#1994 = AXIS2_PLACEMENT_3D('',#1995,#1996,#1997);
#1995 = CARTESIAN_POINT('',(208.05,0.,133.));
#1996 = DIRECTION('',(0.,0.,1.));
#1997 = DIRECTION('',(1.,0.,-0.));
#1998 = DEFINITIONAL_REPRESENTATION('',(#1999),#2002);
#1999 = B_SPLINE_CURVE_WITH_KNOTS('',1,(#2000,#2001),.UNSPECIFIED.,.F.,
  .F.,(2,2),(-28.775,-26.375),.PIECEWISE_BEZIER_KNOTS.);
#2000 = CARTESIAN_POINT('',(0.,1.));
#2001 = CARTESIAN_POINT('',(2.4,1.));
#2002 = ( GEOMETRIC_REPRESENTATION_CONTEXT(2) 
PARAMETRIC_REPRESENTATION_CONTEXT() REPRESENTATION_CONTEXT('2D SPACE',''
  ) );
#2003 = ORIENTED_EDGE('',*,*,#2004,.T.);
#2004 = EDGE_CURVE('',#1977,#2005,#2007,.T.);
#2005 = VERTEX_POINT('',#2006);
#2006 = CARTESIAN_POINT('',(208.05,1.,127.6));
#2007 = SURFACE_CURVE('',#2008,(#2012,#2018),.PCURVE_S1.);
#2008 = LINE('',#2009,#2010);
#2009 = CARTESIAN_POINT('',(208.05,1.,73.7));
#2010 = VECTOR('',#2011,1.);
#2011 = DIRECTION('',(-0.,0.,-1.));
#2012 = PCURVE('',#44,#2013);
#2013 = DEFINITIONAL_REPRESENTATION('',(#2014),#2017);
#2014 = B_SPLINE_CURVE_WITH_KNOTS('',1,(#2015,#2016),.UNSPECIFIED.,.F.,
  .F.,(2,2),(-59.3,-53.9),.PIECEWISE_BEZIER_KNOTS.);
#2015 = CARTESIAN_POINT('',(113.2,-57.55));
#2016 = CARTESIAN_POINT('',(107.8,-57.55));
#2017 = ( GEOMETRIC_REPRESENTATION_CONTEXT(2) 
PARAMETRIC_REPRESENTATION_CONTEXT() REPRESENTATION_CONTEXT('2D SPACE',''
  ) );
#2018 = PCURVE('',#2019,#2024);
#2019 = PLANE('',#2020);
#2020 = AXIS2_PLACEMENT_3D('',#2021,#2022,#2023);
#2021 = CARTESIAN_POINT('',(208.05,0.,127.6));
#2022 = DIRECTION('',(1.,0.,-0.));
#2023 = DIRECTION('',(0.,0.,1.));
#2024 = DEFINITIONAL_REPRESENTATION('',(#2025),#2028);
#2025 = B_SPLINE_CURVE_WITH_KNOTS('',1,(#2026,#2027),.UNSPECIFIED.,.F.,
  .F.,(2,2),(-59.3,-53.9),.PIECEWISE_BEZIER_KNOTS.);
#2026 = CARTESIAN_POINT('',(5.4,-1.));
#2027 = CARTESIAN_POINT('',(0.,-1.));
#2028 = ( GEOMETRIC_REPRESENTATION_CONTEXT(2) 
PARAMETRIC_REPRESENTATION_CONTEXT() REPRESENTATION_CONTEXT('2D SPACE',''
  ) );
#2029 = ORIENTED_EDGE('',*,*,#2030,.T.);
#2030 = EDGE_CURVE('',#2005,#2031,#2033,.T.);
#2031 = VERTEX_POINT('',#2032);
#2032 = CARTESIAN_POINT('',(210.45,1.,127.6));
#2033 = SURFACE_CURVE('',#2034,(#2038,#2044),.PCURVE_S1.);
#2034 = LINE('',#2035,#2036);
#2035 = CARTESIAN_POINT('',(236.825,1.,127.6));
#2036 = VECTOR('',#2037,1.);
#2037 = DIRECTION('',(1.,0.,-0.));
#2038 = PCURVE('',#44,#2039);
#2039 = DEFINITIONAL_REPRESENTATION('',(#2040),#2043);
#2040 = B_SPLINE_CURVE_WITH_KNOTS('',1,(#2041,#2042),.UNSPECIFIED.,.F.,
  .F.,(2,2),(-28.775,-26.375),.PIECEWISE_BEZIER_KNOTS.);
#2041 = CARTESIAN_POINT('',(107.8,-57.55));
#2042 = CARTESIAN_POINT('',(107.8,-55.15));
#2043 = ( GEOMETRIC_REPRESENTATION_CONTEXT(2) 
PARAMETRIC_REPRESENTATION_CONTEXT() REPRESENTATION_CONTEXT('2D SPACE',''
  ) );
#2044 = PCURVE('',#2045,#2050);
#2045 = PLANE('',#2046);
#2046 = AXIS2_PLACEMENT_3D('',#2047,#2048,#2049);
#2047 = CARTESIAN_POINT('',(208.05,0.,127.6));
#2048 = DIRECTION('',(0.,0.,1.));
#2049 = DIRECTION('',(1.,0.,-0.));
#2050 = DEFINITIONAL_REPRESENTATION('',(#2051),#2054);
#2051 = B_SPLINE_CURVE_WITH_KNOTS('',1,(#2052,#2053),.UNSPECIFIED.,.F.,
  .F.,(2,2),(-28.775,-26.375),.PIECEWISE_BEZIER_KNOTS.);
#2052 = CARTESIAN_POINT('',(0.,1.));
#2053 = CARTESIAN_POINT('',(2.4,1.));
#2054 = ( GEOMETRIC_REPRESENTATION_CONTEXT(2) 
PARAMETRIC_REPRESENTATION_CONTEXT() REPRESENTATION_CONTEXT('2D SPACE',''
  ) );
#2055 = ORIENTED_EDGE('',*,*,#2056,.F.);
#2056 = EDGE_CURVE('',#1979,#2031,#2057,.T.);
#2057 = SURFACE_CURVE('',#2058,(#2062,#2068),.PCURVE_S1.);
#2058 = LINE('',#2059,#2060);
#2059 = CARTESIAN_POINT('',(210.45,1.,73.7));
#2060 = VECTOR('',#2061,1.);
#2061 = DIRECTION('',(-0.,0.,-1.));
#2062 = PCURVE('',#44,#2063);
#2063 = DEFINITIONAL_REPRESENTATION('',(#2064),#2067);
#2064 = B_SPLINE_CURVE_WITH_KNOTS('',1,(#2065,#2066),.UNSPECIFIED.,.F.,
  .F.,(2,2),(-59.3,-53.9),.PIECEWISE_BEZIER_KNOTS.);
#2065 = CARTESIAN_POINT('',(113.2,-55.15));
#2066 = CARTESIAN_POINT('',(107.8,-55.15));
#2067 = ( GEOMETRIC_REPRESENTATION_CONTEXT(2) 
PARAMETRIC_REPRESENTATION_CONTEXT() REPRESENTATION_CONTEXT('2D SPACE',''
  ) );
#2068 = PCURVE('',#2069,#2074);
#2069 = PLANE('',#2070);
#2070 = AXIS2_PLACEMENT_3D('',#2071,#2072,#2073);
#2071 = CARTESIAN_POINT('',(210.45,0.,127.6));
#2072 = DIRECTION('',(1.,0.,-0.));
#2073 = DIRECTION('',(0.,0.,1.));
#2074 = DEFINITIONAL_REPRESENTATION('',(#2075),#2078);
#2075 = B_SPLINE_CURVE_WITH_KNOTS('',1,(#2076,#2077),.UNSPECIFIED.,.F.,
  .F.,(2,2),(-59.3,-53.9),.PIECEWISE_BEZIER_KNOTS.);
#2076 = CARTESIAN_POINT('',(5.4,-1.));
#2077 = CARTESIAN_POINT('',(0.,-1.));
#2078 = ( GEOMETRIC_REPRESENTATION_CONTEXT(2) 
PARAMETRIC_REPRESENTATION_CONTEXT() REPRESENTATION_CONTEXT('2D SPACE',''
  ) );
#2079 = FACE_BOUND('',#2080,.F.);
#2080 = EDGE_LOOP('',(#2081,#2109,#2135,#2161));
#2081 = ORIENTED_EDGE('',*,*,#2082,.F.);
#2082 = EDGE_CURVE('',#2083,#2085,#2087,.T.);
#2083 = VERTEX_POINT('',#2084);
#2084 = CARTESIAN_POINT('',(272.15,1.,91.5));
#2085 = VERTEX_POINT('',#2086);
#2086 = CARTESIAN_POINT('',(274.55,1.,91.5));
#2087 = SURFACE_CURVE('',#2088,(#2092,#2098),.PCURVE_S1.);
#2088 = LINE('',#2089,#2090);
#2089 = CARTESIAN_POINT('',(268.875,1.,91.5));
#2090 = VECTOR('',#2091,1.);
#2091 = DIRECTION('',(1.,0.,-0.));
#2092 = PCURVE('',#44,#2093);
#2093 = DEFINITIONAL_REPRESENTATION('',(#2094),#2097);
#2094 = B_SPLINE_CURVE_WITH_KNOTS('',1,(#2095,#2096),.UNSPECIFIED.,.F.,
  .F.,(2,2),(3.275,5.675),.PIECEWISE_BEZIER_KNOTS.);
#2095 = CARTESIAN_POINT('',(71.7,6.55));
#2096 = CARTESIAN_POINT('',(71.7,8.95));
#2097 = ( GEOMETRIC_REPRESENTATION_CONTEXT(2) 
PARAMETRIC_REPRESENTATION_CONTEXT() REPRESENTATION_CONTEXT('2D SPACE',''
  ) );
#2098 = PCURVE('',#2099,#2104);
#2099 = PLANE('',#2100);
#2100 = AXIS2_PLACEMENT_3D('',#2101,#2102,#2103);
#2101 = CARTESIAN_POINT('',(272.15,0.,91.5));
#2102 = DIRECTION('',(0.,0.,1.));
#2103 = DIRECTION('',(1.,0.,-0.));
#2104 = DEFINITIONAL_REPRESENTATION('',(#2105),#2108);
#2105 = B_SPLINE_CURVE_WITH_KNOTS('',1,(#2106,#2107),.UNSPECIFIED.,.F.,
  .F.,(2,2),(3.275,5.675),.PIECEWISE_BEZIER_KNOTS.);
#2106 = CARTESIAN_POINT('',(0.,1.));
#2107 = CARTESIAN_POINT('',(2.4,1.));
#2108 = ( GEOMETRIC_REPRESENTATION_CONTEXT(2) 
PARAMETRIC_REPRESENTATION_CONTEXT() REPRESENTATION_CONTEXT('2D SPACE',''
  ) );
#2109 = ORIENTED_EDGE('',*,*,#2110,.T.);
#2110 = EDGE_CURVE('',#2083,#2111,#2113,.T.);
#2111 = VERTEX_POINT('',#2112);
#2112 = CARTESIAN_POINT('',(272.15,1.,86.1));
#2113 = SURFACE_CURVE('',#2114,(#2118,#2124),.PCURVE_S1.);
#2114 = LINE('',#2115,#2116);
#2115 = CARTESIAN_POINT('',(272.15,1.,52.95));
#2116 = VECTOR('',#2117,1.);
#2117 = DIRECTION('',(-0.,0.,-1.));
#2118 = PCURVE('',#44,#2119);
#2119 = DEFINITIONAL_REPRESENTATION('',(#2120),#2123);
#2120 = B_SPLINE_CURVE_WITH_KNOTS('',1,(#2121,#2122),.UNSPECIFIED.,.F.,
  .F.,(2,2),(-38.55,-33.15),.PIECEWISE_BEZIER_KNOTS.);
#2121 = CARTESIAN_POINT('',(71.7,6.55));
#2122 = CARTESIAN_POINT('',(66.3,6.55));
#2123 = ( GEOMETRIC_REPRESENTATION_CONTEXT(2) 
PARAMETRIC_REPRESENTATION_CONTEXT() REPRESENTATION_CONTEXT('2D SPACE',''
  ) );
#2124 = PCURVE('',#2125,#2130);
#2125 = PLANE('',#2126);
#2126 = AXIS2_PLACEMENT_3D('',#2127,#2128,#2129);
#2127 = CARTESIAN_POINT('',(272.15,0.,86.1));
#2128 = DIRECTION('',(1.,0.,-0.));
#2129 = DIRECTION('',(0.,0.,1.));
#2130 = DEFINITIONAL_REPRESENTATION('',(#2131),#2134);
#2131 = B_SPLINE_CURVE_WITH_KNOTS('',1,(#2132,#2133),.UNSPECIFIED.,.F.,
  .F.,(2,2),(-38.55,-33.15),.PIECEWISE_BEZIER_KNOTS.);
#2132 = CARTESIAN_POINT('',(5.4,-1.));
#2133 = CARTESIAN_POINT('',(0.,-1.));
#2134 = ( GEOMETRIC_REPRESENTATION_CONTEXT(2) 
PARAMETRIC_REPRESENTATION_CONTEXT() REPRESENTATION_CONTEXT('2D SPACE',''
  ) );
#2135 = ORIENTED_EDGE('',*,*,#2136,.T.);
#2136 = EDGE_CURVE('',#2111,#2137,#2139,.T.);
#2137 = VERTEX_POINT('',#2138);
#2138 = CARTESIAN_POINT('',(274.55,1.,86.1));
#2139 = SURFACE_CURVE('',#2140,(#2144,#2150),.PCURVE_S1.);
#2140 = LINE('',#2141,#2142);
#2141 = CARTESIAN_POINT('',(268.875,1.,86.1));
#2142 = VECTOR('',#2143,1.);
#2143 = DIRECTION('',(1.,0.,-0.));
#2144 = PCURVE('',#44,#2145);
#2145 = DEFINITIONAL_REPRESENTATION('',(#2146),#2149);
#2146 = B_SPLINE_CURVE_WITH_KNOTS('',1,(#2147,#2148),.UNSPECIFIED.,.F.,
  .F.,(2,2),(3.275,5.675),.PIECEWISE_BEZIER_KNOTS.);
#2147 = CARTESIAN_POINT('',(66.3,6.55));
#2148 = CARTESIAN_POINT('',(66.3,8.95));
#2149 = ( GEOMETRIC_REPRESENTATION_CONTEXT(2) 
PARAMETRIC_REPRESENTATION_CONTEXT() REPRESENTATION_CONTEXT('2D SPACE',''
  ) );
#2150 = PCURVE('',#2151,#2156);
#2151 = PLANE('',#2152);
#2152 = AXIS2_PLACEMENT_3D('',#2153,#2154,#2155);
#2153 = CARTESIAN_POINT('',(272.15,0.,86.1));
#2154 = DIRECTION('',(0.,0.,1.));
#2155 = DIRECTION('',(1.,0.,-0.));
#2156 = DEFINITIONAL_REPRESENTATION('',(#2157),#2160);
#2157 = B_SPLINE_CURVE_WITH_KNOTS('',1,(#2158,#2159),.UNSPECIFIED.,.F.,
  .F.,(2,2),(3.275,5.675),.PIECEWISE_BEZIER_KNOTS.);
#2158 = CARTESIAN_POINT('',(0.,1.));
#2159 = CARTESIAN_POINT('',(2.4,1.));
#2160 = ( GEOMETRIC_REPRESENTATION_CONTEXT(2) 
PARAMETRIC_REPRESENTATION_CONTEXT() REPRESENTATION_CONTEXT('2D SPACE',''
  ) );
#2161 = ORIENTED_EDGE('',*,*,#2162,.F.);
#2162 = EDGE_CURVE('',#2085,#2137,#2163,.T.);
#2163 = SURFACE_CURVE('',#2164,(#2168,#2174),.PCURVE_S1.);
#2164 = LINE('',#2165,#2166);
#2165 = CARTESIAN_POINT('',(274.55,1.,52.95));
#2166 = VECTOR('',#2167,1.);
#2167 = DIRECTION('',(-0.,0.,-1.));
#2168 = PCURVE('',#44,#2169);
#2169 = DEFINITIONAL_REPRESENTATION('',(#2170),#2173);
#2170 = B_SPLINE_CURVE_WITH_KNOTS('',1,(#2171,#2172),.UNSPECIFIED.,.F.,
  .F.,(2,2),(-38.55,-33.15),.PIECEWISE_BEZIER_KNOTS.);
#2171 = CARTESIAN_POINT('',(71.7,8.95));
#2172 = CARTESIAN_POINT('',(66.3,8.95));
#2173 = ( GEOMETRIC_REPRESENTATION_CONTEXT(2) 
PARAMETRIC_REPRESENTATION_CONTEXT() REPRESENTATION_CONTEXT('2D SPACE',''
  ) );
#2174 = PCURVE('',#2175,#2180);
#2175 = PLANE('',#2176);
#2176 = AXIS2_PLACEMENT_3D('',#2177,#2178,#2179);
#2177 = CARTESIAN_POINT('',(274.55,0.,86.1));
#2178 = DIRECTION('',(1.,0.,-0.));
#2179 = DIRECTION('',(0.,0.,1.));
#2180 = DEFINITIONAL_REPRESENTATION('',(#2181),#2184);
#2181 = B_SPLINE_CURVE_WITH_KNOTS('',1,(#2182,#2183),.UNSPECIFIED.,.F.,
  .F.,(2,2),(-38.55,-33.15),.PIECEWISE_BEZIER_KNOTS.);
#2182 = CARTESIAN_POINT('',(5.4,-1.));
#2183 = CARTESIAN_POINT('',(0.,-1.));
#2184 = ( GEOMETRIC_REPRESENTATION_CONTEXT(2) 
PARAMETRIC_REPRESENTATION_CONTEXT() REPRESENTATION_CONTEXT('2D SPACE',''
  ) );
#2185 = FACE_BOUND('',#2186,.F.);
#2186 = EDGE_LOOP('',(#2187,#2215,#2241,#2267));
#2187 = ORIENTED_EDGE('',*,*,#2188,.F.);
#2188 = EDGE_CURVE('',#2189,#2191,#2193,.T.);
#2189 = VERTEX_POINT('',#2190);
#2190 = CARTESIAN_POINT('',(272.15,1.,116.));
#2191 = VERTEX_POINT('',#2192);
#2192 = CARTESIAN_POINT('',(274.55,1.,116.));
#2193 = SURFACE_CURVE('',#2194,(#2198,#2204),.PCURVE_S1.);
#2194 = LINE('',#2195,#2196);
#2195 = CARTESIAN_POINT('',(268.875,1.,116.));
#2196 = VECTOR('',#2197,1.);
#2197 = DIRECTION('',(1.,0.,-0.));
#2198 = PCURVE('',#44,#2199);
#2199 = DEFINITIONAL_REPRESENTATION('',(#2200),#2203);
#2200 = B_SPLINE_CURVE_WITH_KNOTS('',1,(#2201,#2202),.UNSPECIFIED.,.F.,
  .F.,(2,2),(3.275,5.675),.PIECEWISE_BEZIER_KNOTS.);
#2201 = CARTESIAN_POINT('',(96.2,6.55));
#2202 = CARTESIAN_POINT('',(96.2,8.95));
#2203 = ( GEOMETRIC_REPRESENTATION_CONTEXT(2) 
PARAMETRIC_REPRESENTATION_CONTEXT() REPRESENTATION_CONTEXT('2D SPACE',''
  ) );
#2204 = PCURVE('',#2205,#2210);
#2205 = PLANE('',#2206);
#2206 = AXIS2_PLACEMENT_3D('',#2207,#2208,#2209);
#2207 = CARTESIAN_POINT('',(272.15,0.,116.));
#2208 = DIRECTION('',(0.,0.,1.));
#2209 = DIRECTION('',(1.,0.,-0.));
#2210 = DEFINITIONAL_REPRESENTATION('',(#2211),#2214);
#2211 = B_SPLINE_CURVE_WITH_KNOTS('',1,(#2212,#2213),.UNSPECIFIED.,.F.,
  .F.,(2,2),(3.275,5.675),.PIECEWISE_BEZIER_KNOTS.);
#2212 = CARTESIAN_POINT('',(0.,1.));
#2213 = CARTESIAN_POINT('',(2.4,1.));
#2214 = ( GEOMETRIC_REPRESENTATION_CONTEXT(2) 
PARAMETRIC_REPRESENTATION_CONTEXT() REPRESENTATION_CONTEXT('2D SPACE',''
  ) );
#2215 = ORIENTED_EDGE('',*,*,#2216,.T.);
#2216 = EDGE_CURVE('',#2189,#2217,#2219,.T.);
#2217 = VERTEX_POINT('',#2218);
#2218 = CARTESIAN_POINT('',(272.15,1.,110.6));
#2219 = SURFACE_CURVE('',#2220,(#2224,#2230),.PCURVE_S1.);
#2220 = LINE('',#2221,#2222);
#2221 = CARTESIAN_POINT('',(272.15,1.,65.2));
#2222 = VECTOR('',#2223,1.);
#2223 = DIRECTION('',(-0.,0.,-1.));
#2224 = PCURVE('',#44,#2225);
#2225 = DEFINITIONAL_REPRESENTATION('',(#2226),#2229);
#2226 = B_SPLINE_CURVE_WITH_KNOTS('',1,(#2227,#2228),.UNSPECIFIED.,.F.,
  .F.,(2,2),(-50.8,-45.4),.PIECEWISE_BEZIER_KNOTS.);
#2227 = CARTESIAN_POINT('',(96.2,6.55));
#2228 = CARTESIAN_POINT('',(90.8,6.55));
#2229 = ( GEOMETRIC_REPRESENTATION_CONTEXT(2) 
PARAMETRIC_REPRESENTATION_CONTEXT() REPRESENTATION_CONTEXT('2D SPACE',''
  ) );
#2230 = PCURVE('',#2231,#2236);
#2231 = PLANE('',#2232);
#2232 = AXIS2_PLACEMENT_3D('',#2233,#2234,#2235);
#2233 = CARTESIAN_POINT('',(272.15,0.,110.6));
#2234 = DIRECTION('',(1.,0.,-0.));
#2235 = DIRECTION('',(0.,0.,1.));
#2236 = DEFINITIONAL_REPRESENTATION('',(#2237),#2240);
#2237 = B_SPLINE_CURVE_WITH_KNOTS('',1,(#2238,#2239),.UNSPECIFIED.,.F.,
  .F.,(2,2),(-50.8,-45.4),.PIECEWISE_BEZIER_KNOTS.);
#2238 = CARTESIAN_POINT('',(5.4,-1.));
#2239 = CARTESIAN_POINT('',(0.,-1.));
#2240 = ( GEOMETRIC_REPRESENTATION_CONTEXT(2) 
PARAMETRIC_REPRESENTATION_CONTEXT() REPRESENTATION_CONTEXT('2D SPACE',''
  ) );
#2241 = ORIENTED_EDGE('',*,*,#2242,.T.);
#2242 = EDGE_CURVE('',#2217,#2243,#2245,.T.);
#2243 = VERTEX_POINT('',#2244);
#2244 = CARTESIAN_POINT('',(274.55,1.,110.6));
#2245 = SURFACE_CURVE('',#2246,(#2250,#2256),.PCURVE_S1.);
#2246 = LINE('',#2247,#2248);
#2247 = CARTESIAN_POINT('',(268.875,1.,110.6));
#2248 = VECTOR('',#2249,1.);
#2249 = DIRECTION('',(1.,0.,-0.));
#2250 = PCURVE('',#44,#2251);
#2251 = DEFINITIONAL_REPRESENTATION('',(#2252),#2255);
#2252 = B_SPLINE_CURVE_WITH_KNOTS('',1,(#2253,#2254),.UNSPECIFIED.,.F.,
  .F.,(2,2),(3.275,5.675),.PIECEWISE_BEZIER_KNOTS.);
#2253 = CARTESIAN_POINT('',(90.8,6.55));
#2254 = CARTESIAN_POINT('',(90.8,8.95));
#2255 = ( GEOMETRIC_REPRESENTATION_CONTEXT(2) 
PARAMETRIC_REPRESENTATION_CONTEXT() REPRESENTATION_CONTEXT('2D SPACE',''
  ) );
#2256 = PCURVE('',#2257,#2262);
#2257 = PLANE('',#2258);
#2258 = AXIS2_PLACEMENT_3D('',#2259,#2260,#2261);
#2259 = CARTESIAN_POINT('',(272.15,0.,110.6));
#2260 = DIRECTION('',(0.,0.,1.));
#2261 = DIRECTION('',(1.,0.,-0.));
#2262 = DEFINITIONAL_REPRESENTATION('',(#2263),#2266);
#2263 = B_SPLINE_CURVE_WITH_KNOTS('',1,(#2264,#2265),.UNSPECIFIED.,.F.,
  .F.,(2,2),(3.275,5.675),.PIECEWISE_BEZIER_KNOTS.);
#2264 = CARTESIAN_POINT('',(0.,1.));
#2265 = CARTESIAN_POINT('',(2.4,1.));
#2266 = ( GEOMETRIC_REPRESENTATION_CONTEXT(2) 
PARAMETRIC_REPRESENTATION_CONTEXT() REPRESENTATION_CONTEXT('2D SPACE',''
  ) );
#2267 = ORIENTED_EDGE('',*,*,#2268,.F.);
#2268 = EDGE_CURVE('',#2191,#2243,#2269,.T.);
#2269 = SURFACE_CURVE('',#2270,(#2274,#2280),.PCURVE_S1.);
#2270 = LINE('',#2271,#2272);
#2271 = CARTESIAN_POINT('',(274.55,1.,65.2));
#2272 = VECTOR('',#2273,1.);
#2273 = DIRECTION('',(-0.,0.,-1.));
#2274 = PCURVE('',#44,#2275);
#2275 = DEFINITIONAL_REPRESENTATION('',(#2276),#2279);
#2276 = B_SPLINE_CURVE_WITH_KNOTS('',1,(#2277,#2278),.UNSPECIFIED.,.F.,
  .F.,(2,2),(-50.8,-45.4),.PIECEWISE_BEZIER_KNOTS.);
#2277 = CARTESIAN_POINT('',(96.2,8.95));
#2278 = CARTESIAN_POINT('',(90.8,8.95));
#2279 = ( GEOMETRIC_REPRESENTATION_CONTEXT(2) 
PARAMETRIC_REPRESENTATION_CONTEXT() REPRESENTATION_CONTEXT('2D SPACE',''
  ) );
#2280 = PCURVE('',#2281,#2286);
#2281 = PLANE('',#2282);
#2282 = AXIS2_PLACEMENT_3D('',#2283,#2284,#2285);
#2283 = CARTESIAN_POINT('',(274.55,0.,110.6));
#2284 = DIRECTION('',(1.,0.,-0.));
#2285 = DIRECTION('',(0.,0.,1.));
#2286 = DEFINITIONAL_REPRESENTATION('',(#2287),#2290);
#2287 = B_SPLINE_CURVE_WITH_KNOTS('',1,(#2288,#2289),.UNSPECIFIED.,.F.,
  .F.,(2,2),(-50.8,-45.4),.PIECEWISE_BEZIER_KNOTS.);
#2288 = CARTESIAN_POINT('',(5.4,-1.));
#2289 = CARTESIAN_POINT('',(0.,-1.));
#2290 = ( GEOMETRIC_REPRESENTATION_CONTEXT(2) 
PARAMETRIC_REPRESENTATION_CONTEXT() REPRESENTATION_CONTEXT('2D SPACE',''
  ) );
#2291 = FACE_BOUND('',#2292,.F.);
#2292 = EDGE_LOOP('',(#2293,#2321,#2347,#2373));
#2293 = ORIENTED_EDGE('',*,*,#2294,.F.);
#2294 = EDGE_CURVE('',#2295,#2297,#2299,.T.);
#2295 = VERTEX_POINT('',#2296);
#2296 = CARTESIAN_POINT('',(272.15,1.,133.));
#2297 = VERTEX_POINT('',#2298);
#2298 = CARTESIAN_POINT('',(274.55,1.,133.));
#2299 = SURFACE_CURVE('',#2300,(#2304,#2310),.PCURVE_S1.);
#2300 = LINE('',#2301,#2302);
#2301 = CARTESIAN_POINT('',(268.875,1.,133.));
#2302 = VECTOR('',#2303,1.);
#2303 = DIRECTION('',(1.,0.,-0.));
#2304 = PCURVE('',#44,#2305);
#2305 = DEFINITIONAL_REPRESENTATION('',(#2306),#2309);
#2306 = B_SPLINE_CURVE_WITH_KNOTS('',1,(#2307,#2308),.UNSPECIFIED.,.F.,
  .F.,(2,2),(3.275,5.675),.PIECEWISE_BEZIER_KNOTS.);
#2307 = CARTESIAN_POINT('',(113.2,6.55));
#2308 = CARTESIAN_POINT('',(113.2,8.95));
#2309 = ( GEOMETRIC_REPRESENTATION_CONTEXT(2) 
PARAMETRIC_REPRESENTATION_CONTEXT() REPRESENTATION_CONTEXT('2D SPACE',''
  ) );
#2310 = PCURVE('',#2311,#2316);
#2311 = PLANE('',#2312);
#2312 = AXIS2_PLACEMENT_3D('',#2313,#2314,#2315);
#2313 = CARTESIAN_POINT('',(272.15,0.,133.));
#2314 = DIRECTION('',(0.,0.,1.));
#2315 = DIRECTION('',(1.,0.,-0.));
#2316 = DEFINITIONAL_REPRESENTATION('',(#2317),#2320);
#2317 = B_SPLINE_CURVE_WITH_KNOTS('',1,(#2318,#2319),.UNSPECIFIED.,.F.,
  .F.,(2,2),(3.275,5.675),.PIECEWISE_BEZIER_KNOTS.);
#2318 = CARTESIAN_POINT('',(0.,1.));
#2319 = CARTESIAN_POINT('',(2.4,1.));
#2320 = ( GEOMETRIC_REPRESENTATION_CONTEXT(2) 
PARAMETRIC_REPRESENTATION_CONTEXT() REPRESENTATION_CONTEXT('2D SPACE',''
  ) );
#2321 = ORIENTED_EDGE('',*,*,#2322,.T.);
#2322 = EDGE_CURVE('',#2295,#2323,#2325,.T.);
#2323 = VERTEX_POINT('',#2324);
#2324 = CARTESIAN_POINT('',(272.15,1.,127.6));
#2325 = SURFACE_CURVE('',#2326,(#2330,#2336),.PCURVE_S1.);
#2326 = LINE('',#2327,#2328);
#2327 = CARTESIAN_POINT('',(272.15,1.,73.7));
#2328 = VECTOR('',#2329,1.);
#2329 = DIRECTION('',(-0.,0.,-1.));
#2330 = PCURVE('',#44,#2331);
#2331 = DEFINITIONAL_REPRESENTATION('',(#2332),#2335);
#2332 = B_SPLINE_CURVE_WITH_KNOTS('',1,(#2333,#2334),.UNSPECIFIED.,.F.,
  .F.,(2,2),(-59.3,-53.9),.PIECEWISE_BEZIER_KNOTS.);
#2333 = CARTESIAN_POINT('',(113.2,6.55));
#2334 = CARTESIAN_POINT('',(107.8,6.55));
#2335 = ( GEOMETRIC_REPRESENTATION_CONTEXT(2) 
PARAMETRIC_REPRESENTATION_CONTEXT() REPRESENTATION_CONTEXT('2D SPACE',''
  ) );
#2336 = PCURVE('',#2337,#2342);
#2337 = PLANE('',#2338);
#2338 = AXIS2_PLACEMENT_3D('',#2339,#2340,#2341);
#2339 = CARTESIAN_POINT('',(272.15,0.,127.6));
#2340 = DIRECTION('',(1.,0.,-0.));
#2341 = DIRECTION('',(0.,0.,1.));
#2342 = DEFINITIONAL_REPRESENTATION('',(#2343),#2346);
#2343 = B_SPLINE_CURVE_WITH_KNOTS('',1,(#2344,#2345),.UNSPECIFIED.,.F.,
  .F.,(2,2),(-59.3,-53.9),.PIECEWISE_BEZIER_KNOTS.);
#2344 = CARTESIAN_POINT('',(5.4,-1.));
#2345 = CARTESIAN_POINT('',(0.,-1.));
#2346 = ( GEOMETRIC_REPRESENTATION_CONTEXT(2) 
PARAMETRIC_REPRESENTATION_CONTEXT() REPRESENTATION_CONTEXT('2D SPACE',''
  ) );
#2347 = ORIENTED_EDGE('',*,*,#2348,.T.);
#2348 = EDGE_CURVE('',#2323,#2349,#2351,.T.);
#2349 = VERTEX_POINT('',#2350);
#2350 = CARTESIAN_POINT('',(274.55,1.,127.6));
#2351 = SURFACE_CURVE('',#2352,(#2356,#2362),.PCURVE_S1.);
#2352 = LINE('',#2353,#2354);
#2353 = CARTESIAN_POINT('',(268.875,1.,127.6));
#2354 = VECTOR('',#2355,1.);
#2355 = DIRECTION('',(1.,0.,-0.));
#2356 = PCURVE('',#44,#2357);
#2357 = DEFINITIONAL_REPRESENTATION('',(#2358),#2361);
#2358 = B_SPLINE_CURVE_WITH_KNOTS('',1,(#2359,#2360),.UNSPECIFIED.,.F.,
  .F.,(2,2),(3.275,5.675),.PIECEWISE_BEZIER_KNOTS.);
#2359 = CARTESIAN_POINT('',(107.8,6.55));
#2360 = CARTESIAN_POINT('',(107.8,8.95));
#2361 = ( GEOMETRIC_REPRESENTATION_CONTEXT(2) 
PARAMETRIC_REPRESENTATION_CONTEXT() REPRESENTATION_CONTEXT('2D SPACE',''
  ) );
#2362 = PCURVE('',#2363,#2368);
#2363 = PLANE('',#2364);
#2364 = AXIS2_PLACEMENT_3D('',#2365,#2366,#2367);
#2365 = CARTESIAN_POINT('',(272.15,0.,127.6));
#2366 = DIRECTION('',(0.,0.,1.));
#2367 = DIRECTION('',(1.,0.,-0.));
#2368 = DEFINITIONAL_REPRESENTATION('',(#2369),#2372);
#2369 = B_SPLINE_CURVE_WITH_KNOTS('',1,(#2370,#2371),.UNSPECIFIED.,.F.,
  .F.,(2,2),(3.275,5.675),.PIECEWISE_BEZIER_KNOTS.);
#2370 = CARTESIAN_POINT('',(0.,1.));
#2371 = CARTESIAN_POINT('',(2.4,1.));
#2372 = ( GEOMETRIC_REPRESENTATION_CONTEXT(2) 
PARAMETRIC_REPRESENTATION_CONTEXT() REPRESENTATION_CONTEXT('2D SPACE',''
  ) );
#2373 = ORIENTED_EDGE('',*,*,#2374,.F.);
#2374 = EDGE_CURVE('',#2297,#2349,#2375,.T.);
#2375 = SURFACE_CURVE('',#2376,(#2380,#2386),.PCURVE_S1.);
#2376 = LINE('',#2377,#2378);
#2377 = CARTESIAN_POINT('',(274.55,1.,73.7));
#2378 = VECTOR('',#2379,1.);
#2379 = DIRECTION('',(-0.,0.,-1.));
#2380 = PCURVE('',#44,#2381);
#2381 = DEFINITIONAL_REPRESENTATION('',(#2382),#2385);
#2382 = B_SPLINE_CURVE_WITH_KNOTS('',1,(#2383,#2384),.UNSPECIFIED.,.F.,
  .F.,(2,2),(-59.3,-53.9),.PIECEWISE_BEZIER_KNOTS.);
#2383 = CARTESIAN_POINT('',(113.2,8.95));
#2384 = CARTESIAN_POINT('',(107.8,8.95));
#2385 = ( GEOMETRIC_REPRESENTATION_CONTEXT(2) 
PARAMETRIC_REPRESENTATION_CONTEXT() REPRESENTATION_CONTEXT('2D SPACE',''
  ) );
#2386 = PCURVE('',#2387,#2392);
#2387 = PLANE('',#2388);
#2388 = AXIS2_PLACEMENT_3D('',#2389,#2390,#2391);
#2389 = CARTESIAN_POINT('',(274.55,0.,127.6));
#2390 = DIRECTION('',(1.,0.,-0.));
#2391 = DIRECTION('',(0.,0.,1.));
#2392 = DEFINITIONAL_REPRESENTATION('',(#2393),#2396);
#2393 = B_SPLINE_CURVE_WITH_KNOTS('',1,(#2394,#2395),.UNSPECIFIED.,.F.,
  .F.,(2,2),(-59.3,-53.9),.PIECEWISE_BEZIER_KNOTS.);
#2394 = CARTESIAN_POINT('',(5.4,-1.));
#2395 = CARTESIAN_POINT('',(0.,-1.));
#2396 = ( GEOMETRIC_REPRESENTATION_CONTEXT(2) 
PARAMETRIC_REPRESENTATION_CONTEXT() REPRESENTATION_CONTEXT('2D SPACE',''
  ) );
#2397 = ADVANCED_FACE('',(#2398),#180,.F.);
#2398 = FACE_BOUND('',#2399,.F.);
#2399 = EDGE_LOOP('',(#2400,#2423,#2451,#2479,#2507,#2535,#2563,#2591,
    #2619,#2647,#2675,#2703,#2731,#2759,#2779,#2780));
#2400 = ORIENTED_EDGE('',*,*,#2401,.F.);
#2401 = EDGE_CURVE('',#2402,#141,#2404,.T.);
#2402 = VERTEX_POINT('',#2403);
#2403 = CARTESIAN_POINT('',(261.75,3.,30.3));
#2404 = SURFACE_CURVE('',#2405,(#2409,#2416),.PCURVE_S1.);
#2405 = LINE('',#2406,#2407);
#2406 = CARTESIAN_POINT('',(261.75,3.,30.3));
#2407 = VECTOR('',#2408,1.);
#2408 = DIRECTION('',(1.,0.,0.));
#2409 = PCURVE('',#180,#2410);
#2410 = DEFINITIONAL_REPRESENTATION('',(#2411),#2415);
#2411 = LINE('',#2412,#2413);
#2412 = CARTESIAN_POINT('',(78.75,2.));
#2413 = VECTOR('',#2414,1.);
#2414 = DIRECTION('',(1.,0.));
#2415 = ( GEOMETRIC_REPRESENTATION_CONTEXT(2) 
PARAMETRIC_REPRESENTATION_CONTEXT() REPRESENTATION_CONTEXT('2D SPACE',''
  ) );
#2416 = PCURVE('',#155,#2417);
#2417 = DEFINITIONAL_REPRESENTATION('',(#2418),#2422);
#2418 = LINE('',#2419,#2420);
#2419 = CARTESIAN_POINT('',(0.,78.75));
#2420 = VECTOR('',#2421,1.);
#2421 = DIRECTION('',(0.,1.));
#2422 = ( GEOMETRIC_REPRESENTATION_CONTEXT(2) 
PARAMETRIC_REPRESENTATION_CONTEXT() REPRESENTATION_CONTEXT('2D SPACE',''
  ) );
#2423 = ORIENTED_EDGE('',*,*,#2424,.T.);
#2424 = EDGE_CURVE('',#2402,#2425,#2427,.T.);
#2425 = VERTEX_POINT('',#2426);
#2426 = CARTESIAN_POINT('',(260.25,4.5,30.3));
#2427 = SURFACE_CURVE('',#2428,(#2432,#2439),.PCURVE_S1.);
#2428 = LINE('',#2429,#2430);
#2429 = CARTESIAN_POINT('',(261.75,3.,30.3));
#2430 = VECTOR('',#2431,1.);
#2431 = DIRECTION('',(-0.707106781187,0.707106781187,0.));
#2432 = PCURVE('',#180,#2433);
#2433 = DEFINITIONAL_REPRESENTATION('',(#2434),#2438);
#2434 = LINE('',#2435,#2436);
#2435 = CARTESIAN_POINT('',(78.75,2.));
#2436 = VECTOR('',#2437,1.);
#2437 = DIRECTION('',(-0.707106781187,0.707106781187));
#2438 = ( GEOMETRIC_REPRESENTATION_CONTEXT(2) 
PARAMETRIC_REPRESENTATION_CONTEXT() REPRESENTATION_CONTEXT('2D SPACE',''
  ) );
#2439 = PCURVE('',#2440,#2445);
#2440 = PLANE('',#2441);
#2441 = AXIS2_PLACEMENT_3D('',#2442,#2443,#2444);
#2442 = CARTESIAN_POINT('',(261.75,3.,30.3));
#2443 = DIRECTION('',(-0.707106781187,-0.707106781187,0.));
#2444 = DIRECTION('',(-0.707106781187,0.707106781187,0.));
#2445 = DEFINITIONAL_REPRESENTATION('',(#2446),#2450);
#2446 = LINE('',#2447,#2448);
#2447 = CARTESIAN_POINT('',(0.,0.));
#2448 = VECTOR('',#2449,1.);
#2449 = DIRECTION('',(1.,0.));
#2450 = ( GEOMETRIC_REPRESENTATION_CONTEXT(2) 
PARAMETRIC_REPRESENTATION_CONTEXT() REPRESENTATION_CONTEXT('2D SPACE',''
  ) );
#2451 = ORIENTED_EDGE('',*,*,#2452,.T.);
#2452 = EDGE_CURVE('',#2425,#2453,#2455,.T.);
#2453 = VERTEX_POINT('',#2454);
#2454 = CARTESIAN_POINT('',(260.25,10.,30.3));
#2455 = SURFACE_CURVE('',#2456,(#2460,#2467),.PCURVE_S1.);
#2456 = LINE('',#2457,#2458);
#2457 = CARTESIAN_POINT('',(260.25,2.5,30.3));
#2458 = VECTOR('',#2459,1.);
#2459 = DIRECTION('',(-0.,1.,0.));
#2460 = PCURVE('',#180,#2461);
#2461 = DEFINITIONAL_REPRESENTATION('',(#2462),#2466);
#2462 = LINE('',#2463,#2464);
#2463 = CARTESIAN_POINT('',(77.25,1.5));
#2464 = VECTOR('',#2465,1.);
#2465 = DIRECTION('',(0.,1.));
#2466 = ( GEOMETRIC_REPRESENTATION_CONTEXT(2) 
PARAMETRIC_REPRESENTATION_CONTEXT() REPRESENTATION_CONTEXT('2D SPACE',''
  ) );
#2467 = PCURVE('',#2468,#2473);
#2468 = PLANE('',#2469);
#2469 = AXIS2_PLACEMENT_3D('',#2470,#2471,#2472);
#2470 = CARTESIAN_POINT('',(260.25,2.5,30.3));
#2471 = DIRECTION('',(1.,0.,-0.));
#2472 = DIRECTION('',(0.,0.,1.));
#2473 = DEFINITIONAL_REPRESENTATION('',(#2474),#2478);
#2474 = LINE('',#2475,#2476);
#2475 = CARTESIAN_POINT('',(0.,0.));
#2476 = VECTOR('',#2477,1.);
#2477 = DIRECTION('',(0.,-1.));
#2478 = ( GEOMETRIC_REPRESENTATION_CONTEXT(2) 
PARAMETRIC_REPRESENTATION_CONTEXT() REPRESENTATION_CONTEXT('2D SPACE',''
  ) );
#2479 = ORIENTED_EDGE('',*,*,#2480,.F.);
#2480 = EDGE_CURVE('',#2481,#2453,#2483,.T.);
#2481 = VERTEX_POINT('',#2482);
#2482 = CARTESIAN_POINT('',(254.25,10.,30.3));
#2483 = SURFACE_CURVE('',#2484,(#2488,#2495),.PCURVE_S1.);
#2484 = LINE('',#2485,#2486);
#2485 = CARTESIAN_POINT('',(254.25,10.,30.3));
#2486 = VECTOR('',#2487,1.);
#2487 = DIRECTION('',(1.,0.,-0.));
#2488 = PCURVE('',#180,#2489);
#2489 = DEFINITIONAL_REPRESENTATION('',(#2490),#2494);
#2490 = LINE('',#2491,#2492);
#2491 = CARTESIAN_POINT('',(71.25,9.));
#2492 = VECTOR('',#2493,1.);
#2493 = DIRECTION('',(1.,0.));
#2494 = ( GEOMETRIC_REPRESENTATION_CONTEXT(2) 
PARAMETRIC_REPRESENTATION_CONTEXT() REPRESENTATION_CONTEXT('2D SPACE',''
  ) );
#2495 = PCURVE('',#2496,#2501);
#2496 = PLANE('',#2497);
#2497 = AXIS2_PLACEMENT_3D('',#2498,#2499,#2500);
#2498 = CARTESIAN_POINT('',(254.25,10.,30.3));
#2499 = DIRECTION('',(-0.,1.,0.));
#2500 = DIRECTION('',(0.,0.,1.));
#2501 = DEFINITIONAL_REPRESENTATION('',(#2502),#2506);
#2502 = LINE('',#2503,#2504);
#2503 = CARTESIAN_POINT('',(0.,0.));
#2504 = VECTOR('',#2505,1.);
#2505 = DIRECTION('',(0.,1.));
#2506 = ( GEOMETRIC_REPRESENTATION_CONTEXT(2) 
PARAMETRIC_REPRESENTATION_CONTEXT() REPRESENTATION_CONTEXT('2D SPACE',''
  ) );
#2507 = ORIENTED_EDGE('',*,*,#2508,.F.);
#2508 = EDGE_CURVE('',#2509,#2481,#2511,.T.);
#2509 = VERTEX_POINT('',#2510);
#2510 = CARTESIAN_POINT('',(254.25,4.5,30.3));
#2511 = SURFACE_CURVE('',#2512,(#2516,#2523),.PCURVE_S1.);
#2512 = LINE('',#2513,#2514);
#2513 = CARTESIAN_POINT('',(254.25,2.5,30.3));
#2514 = VECTOR('',#2515,1.);
#2515 = DIRECTION('',(-0.,1.,0.));
#2516 = PCURVE('',#180,#2517);
#2517 = DEFINITIONAL_REPRESENTATION('',(#2518),#2522);
#2518 = LINE('',#2519,#2520);
#2519 = CARTESIAN_POINT('',(71.25,1.5));
#2520 = VECTOR('',#2521,1.);
#2521 = DIRECTION('',(0.,1.));
#2522 = ( GEOMETRIC_REPRESENTATION_CONTEXT(2) 
PARAMETRIC_REPRESENTATION_CONTEXT() REPRESENTATION_CONTEXT('2D SPACE',''
  ) );
#2523 = PCURVE('',#2524,#2529);
#2524 = PLANE('',#2525);
#2525 = AXIS2_PLACEMENT_3D('',#2526,#2527,#2528);
#2526 = CARTESIAN_POINT('',(254.25,2.5,30.3));
#2527 = DIRECTION('',(1.,0.,-0.));
#2528 = DIRECTION('',(0.,0.,1.));
#2529 = DEFINITIONAL_REPRESENTATION('',(#2530),#2534);
#2530 = LINE('',#2531,#2532);
#2531 = CARTESIAN_POINT('',(0.,0.));
#2532 = VECTOR('',#2533,1.);
#2533 = DIRECTION('',(0.,-1.));
#2534 = ( GEOMETRIC_REPRESENTATION_CONTEXT(2) 
PARAMETRIC_REPRESENTATION_CONTEXT() REPRESENTATION_CONTEXT('2D SPACE',''
  ) );
#2535 = ORIENTED_EDGE('',*,*,#2536,.F.);
#2536 = EDGE_CURVE('',#2537,#2509,#2539,.T.);
#2537 = VERTEX_POINT('',#2538);
#2538 = CARTESIAN_POINT('',(252.75,3.,30.3));
#2539 = SURFACE_CURVE('',#2540,(#2544,#2551),.PCURVE_S1.);
#2540 = LINE('',#2541,#2542);
#2541 = CARTESIAN_POINT('',(252.75,3.,30.3));
#2542 = VECTOR('',#2543,1.);
#2543 = DIRECTION('',(0.707106781187,0.707106781187,0.));
#2544 = PCURVE('',#180,#2545);
#2545 = DEFINITIONAL_REPRESENTATION('',(#2546),#2550);
#2546 = LINE('',#2547,#2548);
#2547 = CARTESIAN_POINT('',(69.75,2.));
#2548 = VECTOR('',#2549,1.);
#2549 = DIRECTION('',(0.707106781187,0.707106781187));
#2550 = ( GEOMETRIC_REPRESENTATION_CONTEXT(2) 
PARAMETRIC_REPRESENTATION_CONTEXT() REPRESENTATION_CONTEXT('2D SPACE',''
  ) );
#2551 = PCURVE('',#2552,#2557);
#2552 = PLANE('',#2553);
#2553 = AXIS2_PLACEMENT_3D('',#2554,#2555,#2556);
#2554 = CARTESIAN_POINT('',(252.75,3.,30.3));
#2555 = DIRECTION('',(-0.707106781187,0.707106781187,0.));
#2556 = DIRECTION('',(0.707106781187,0.707106781187,0.));
#2557 = DEFINITIONAL_REPRESENTATION('',(#2558),#2562);
#2558 = LINE('',#2559,#2560);
#2559 = CARTESIAN_POINT('',(0.,0.));
#2560 = VECTOR('',#2561,1.);
#2561 = DIRECTION('',(1.,0.));
#2562 = ( GEOMETRIC_REPRESENTATION_CONTEXT(2) 
PARAMETRIC_REPRESENTATION_CONTEXT() REPRESENTATION_CONTEXT('2D SPACE',''
  ) );
#2563 = ORIENTED_EDGE('',*,*,#2564,.F.);
#2564 = EDGE_CURVE('',#2565,#2537,#2567,.T.);
#2565 = VERTEX_POINT('',#2566);
#2566 = CARTESIAN_POINT('',(229.25,3.,30.3));
#2567 = SURFACE_CURVE('',#2568,(#2572,#2579),.PCURVE_S1.);
#2568 = LINE('',#2569,#2570);
#2569 = CARTESIAN_POINT('',(220.75,3.,30.3));
#2570 = VECTOR('',#2571,1.);
#2571 = DIRECTION('',(1.,0.,-0.));
#2572 = PCURVE('',#180,#2573);
#2573 = DEFINITIONAL_REPRESENTATION('',(#2574),#2578);
#2574 = LINE('',#2575,#2576);
#2575 = CARTESIAN_POINT('',(37.75,2.));
#2576 = VECTOR('',#2577,1.);
#2577 = DIRECTION('',(1.,0.));
#2578 = ( GEOMETRIC_REPRESENTATION_CONTEXT(2) 
PARAMETRIC_REPRESENTATION_CONTEXT() REPRESENTATION_CONTEXT('2D SPACE',''
  ) );
#2579 = PCURVE('',#2580,#2585);
#2580 = PLANE('',#2581);
#2581 = AXIS2_PLACEMENT_3D('',#2582,#2583,#2584);
#2582 = CARTESIAN_POINT('',(183.,3.,30.3));
#2583 = DIRECTION('',(-0.,1.,0.));
#2584 = DIRECTION('',(0.,0.,1.));
#2585 = DEFINITIONAL_REPRESENTATION('',(#2586),#2590);
#2586 = LINE('',#2587,#2588);
#2587 = CARTESIAN_POINT('',(0.,37.75));
#2588 = VECTOR('',#2589,1.);
#2589 = DIRECTION('',(0.,1.));
#2590 = ( GEOMETRIC_REPRESENTATION_CONTEXT(2) 
PARAMETRIC_REPRESENTATION_CONTEXT() REPRESENTATION_CONTEXT('2D SPACE',''
  ) );
#2591 = ORIENTED_EDGE('',*,*,#2592,.T.);
#2592 = EDGE_CURVE('',#2565,#2593,#2595,.T.);
#2593 = VERTEX_POINT('',#2594);
#2594 = CARTESIAN_POINT('',(227.75,4.5,30.3));
#2595 = SURFACE_CURVE('',#2596,(#2600,#2607),.PCURVE_S1.);
#2596 = LINE('',#2597,#2598);
#2597 = CARTESIAN_POINT('',(229.25,3.,30.3));
#2598 = VECTOR('',#2599,1.);
#2599 = DIRECTION('',(-0.707106781187,0.707106781187,0.));
#2600 = PCURVE('',#180,#2601);
#2601 = DEFINITIONAL_REPRESENTATION('',(#2602),#2606);
#2602 = LINE('',#2603,#2604);
#2603 = CARTESIAN_POINT('',(46.25,2.));
#2604 = VECTOR('',#2605,1.);
#2605 = DIRECTION('',(-0.707106781187,0.707106781187));
#2606 = ( GEOMETRIC_REPRESENTATION_CONTEXT(2) 
PARAMETRIC_REPRESENTATION_CONTEXT() REPRESENTATION_CONTEXT('2D SPACE',''
  ) );
#2607 = PCURVE('',#2608,#2613);
#2608 = PLANE('',#2609);
#2609 = AXIS2_PLACEMENT_3D('',#2610,#2611,#2612);
#2610 = CARTESIAN_POINT('',(229.25,3.,30.3));
#2611 = DIRECTION('',(-0.707106781187,-0.707106781187,0.));
#2612 = DIRECTION('',(-0.707106781187,0.707106781187,0.));
#2613 = DEFINITIONAL_REPRESENTATION('',(#2614),#2618);
#2614 = LINE('',#2615,#2616);
#2615 = CARTESIAN_POINT('',(0.,0.));
#2616 = VECTOR('',#2617,1.);
#2617 = DIRECTION('',(1.,0.));
#2618 = ( GEOMETRIC_REPRESENTATION_CONTEXT(2) 
PARAMETRIC_REPRESENTATION_CONTEXT() REPRESENTATION_CONTEXT('2D SPACE',''
  ) );
#2619 = ORIENTED_EDGE('',*,*,#2620,.T.);
#2620 = EDGE_CURVE('',#2593,#2621,#2623,.T.);
#2621 = VERTEX_POINT('',#2622);
#2622 = CARTESIAN_POINT('',(227.75,10.,30.3));
#2623 = SURFACE_CURVE('',#2624,(#2628,#2635),.PCURVE_S1.);
#2624 = LINE('',#2625,#2626);
#2625 = CARTESIAN_POINT('',(227.75,2.5,30.3));
#2626 = VECTOR('',#2627,1.);
#2627 = DIRECTION('',(-0.,1.,0.));
#2628 = PCURVE('',#180,#2629);
#2629 = DEFINITIONAL_REPRESENTATION('',(#2630),#2634);
#2630 = LINE('',#2631,#2632);
#2631 = CARTESIAN_POINT('',(44.75,1.5));
#2632 = VECTOR('',#2633,1.);
#2633 = DIRECTION('',(0.,1.));
#2634 = ( GEOMETRIC_REPRESENTATION_CONTEXT(2) 
PARAMETRIC_REPRESENTATION_CONTEXT() REPRESENTATION_CONTEXT('2D SPACE',''
  ) );
#2635 = PCURVE('',#2636,#2641);
#2636 = PLANE('',#2637);
#2637 = AXIS2_PLACEMENT_3D('',#2638,#2639,#2640);
#2638 = CARTESIAN_POINT('',(227.75,2.5,30.3));
#2639 = DIRECTION('',(1.,0.,-0.));
#2640 = DIRECTION('',(0.,0.,1.));
#2641 = DEFINITIONAL_REPRESENTATION('',(#2642),#2646);
#2642 = LINE('',#2643,#2644);
#2643 = CARTESIAN_POINT('',(0.,0.));
#2644 = VECTOR('',#2645,1.);
#2645 = DIRECTION('',(0.,-1.));
#2646 = ( GEOMETRIC_REPRESENTATION_CONTEXT(2) 
PARAMETRIC_REPRESENTATION_CONTEXT() REPRESENTATION_CONTEXT('2D SPACE',''
  ) );
#2647 = ORIENTED_EDGE('',*,*,#2648,.F.);
#2648 = EDGE_CURVE('',#2649,#2621,#2651,.T.);
#2649 = VERTEX_POINT('',#2650);
#2650 = CARTESIAN_POINT('',(221.75,10.,30.3));
#2651 = SURFACE_CURVE('',#2652,(#2656,#2663),.PCURVE_S1.);
#2652 = LINE('',#2653,#2654);
#2653 = CARTESIAN_POINT('',(221.75,10.,30.3));
#2654 = VECTOR('',#2655,1.);
#2655 = DIRECTION('',(1.,0.,-0.));
#2656 = PCURVE('',#180,#2657);
#2657 = DEFINITIONAL_REPRESENTATION('',(#2658),#2662);
#2658 = LINE('',#2659,#2660);
#2659 = CARTESIAN_POINT('',(38.75,9.));
#2660 = VECTOR('',#2661,1.);
#2661 = DIRECTION('',(1.,0.));
#2662 = ( GEOMETRIC_REPRESENTATION_CONTEXT(2) 
PARAMETRIC_REPRESENTATION_CONTEXT() REPRESENTATION_CONTEXT('2D SPACE',''
  ) );
#2663 = PCURVE('',#2664,#2669);
#2664 = PLANE('',#2665);
#2665 = AXIS2_PLACEMENT_3D('',#2666,#2667,#2668);
#2666 = CARTESIAN_POINT('',(221.75,10.,30.3));
#2667 = DIRECTION('',(-0.,1.,0.));
#2668 = DIRECTION('',(0.,0.,1.));
#2669 = DEFINITIONAL_REPRESENTATION('',(#2670),#2674);
#2670 = LINE('',#2671,#2672);
#2671 = CARTESIAN_POINT('',(0.,0.));
#2672 = VECTOR('',#2673,1.);
#2673 = DIRECTION('',(0.,1.));
#2674 = ( GEOMETRIC_REPRESENTATION_CONTEXT(2) 
PARAMETRIC_REPRESENTATION_CONTEXT() REPRESENTATION_CONTEXT('2D SPACE',''
  ) );
#2675 = ORIENTED_EDGE('',*,*,#2676,.F.);
#2676 = EDGE_CURVE('',#2677,#2649,#2679,.T.);
#2677 = VERTEX_POINT('',#2678);
#2678 = CARTESIAN_POINT('',(221.75,4.5,30.3));
#2679 = SURFACE_CURVE('',#2680,(#2684,#2691),.PCURVE_S1.);
#2680 = LINE('',#2681,#2682);
#2681 = CARTESIAN_POINT('',(221.75,2.5,30.3));
#2682 = VECTOR('',#2683,1.);
#2683 = DIRECTION('',(-0.,1.,0.));
#2684 = PCURVE('',#180,#2685);
#2685 = DEFINITIONAL_REPRESENTATION('',(#2686),#2690);
#2686 = LINE('',#2687,#2688);
#2687 = CARTESIAN_POINT('',(38.75,1.5));
#2688 = VECTOR('',#2689,1.);
#2689 = DIRECTION('',(0.,1.));
#2690 = ( GEOMETRIC_REPRESENTATION_CONTEXT(2) 
PARAMETRIC_REPRESENTATION_CONTEXT() REPRESENTATION_CONTEXT('2D SPACE',''
  ) );
#2691 = PCURVE('',#2692,#2697);
#2692 = PLANE('',#2693);
#2693 = AXIS2_PLACEMENT_3D('',#2694,#2695,#2696);
#2694 = CARTESIAN_POINT('',(221.75,2.5,30.3));
#2695 = DIRECTION('',(1.,0.,-0.));
#2696 = DIRECTION('',(0.,0.,1.));
#2697 = DEFINITIONAL_REPRESENTATION('',(#2698),#2702);
#2698 = LINE('',#2699,#2700);
#2699 = CARTESIAN_POINT('',(0.,0.));
#2700 = VECTOR('',#2701,1.);
#2701 = DIRECTION('',(0.,-1.));
#2702 = ( GEOMETRIC_REPRESENTATION_CONTEXT(2) 
PARAMETRIC_REPRESENTATION_CONTEXT() REPRESENTATION_CONTEXT('2D SPACE',''
  ) );
#2703 = ORIENTED_EDGE('',*,*,#2704,.F.);
#2704 = EDGE_CURVE('',#2705,#2677,#2707,.T.);
#2705 = VERTEX_POINT('',#2706);
#2706 = CARTESIAN_POINT('',(220.25,3.,30.3));
#2707 = SURFACE_CURVE('',#2708,(#2712,#2719),.PCURVE_S1.);
#2708 = LINE('',#2709,#2710);
#2709 = CARTESIAN_POINT('',(220.25,3.,30.3));
#2710 = VECTOR('',#2711,1.);
#2711 = DIRECTION('',(0.707106781187,0.707106781187,0.));
#2712 = PCURVE('',#180,#2713);
#2713 = DEFINITIONAL_REPRESENTATION('',(#2714),#2718);
#2714 = LINE('',#2715,#2716);
#2715 = CARTESIAN_POINT('',(37.25,2.));
#2716 = VECTOR('',#2717,1.);
#2717 = DIRECTION('',(0.707106781187,0.707106781187));
#2718 = ( GEOMETRIC_REPRESENTATION_CONTEXT(2) 
PARAMETRIC_REPRESENTATION_CONTEXT() REPRESENTATION_CONTEXT('2D SPACE',''
  ) );
#2719 = PCURVE('',#2720,#2725);
#2720 = PLANE('',#2721);
#2721 = AXIS2_PLACEMENT_3D('',#2722,#2723,#2724);
#2722 = CARTESIAN_POINT('',(220.25,3.,30.3));
#2723 = DIRECTION('',(-0.707106781187,0.707106781187,0.));
#2724 = DIRECTION('',(0.707106781187,0.707106781187,0.));
#2725 = DEFINITIONAL_REPRESENTATION('',(#2726),#2730);
#2726 = LINE('',#2727,#2728);
#2727 = CARTESIAN_POINT('',(0.,0.));
#2728 = VECTOR('',#2729,1.);
#2729 = DIRECTION('',(1.,0.));
#2730 = ( GEOMETRIC_REPRESENTATION_CONTEXT(2) 
PARAMETRIC_REPRESENTATION_CONTEXT() REPRESENTATION_CONTEXT('2D SPACE',''
  ) );
#2731 = ORIENTED_EDGE('',*,*,#2732,.F.);
#2732 = EDGE_CURVE('',#2733,#2705,#2735,.T.);
#2733 = VERTEX_POINT('',#2734);
#2734 = CARTESIAN_POINT('',(217.,3.,30.3));
#2735 = SURFACE_CURVE('',#2736,(#2740,#2747),.PCURVE_S1.);
#2736 = LINE('',#2737,#2738);
#2737 = CARTESIAN_POINT('',(183.,3.,30.3));
#2738 = VECTOR('',#2739,1.);
#2739 = DIRECTION('',(1.,0.,-0.));
#2740 = PCURVE('',#180,#2741);
#2741 = DEFINITIONAL_REPRESENTATION('',(#2742),#2746);
#2742 = LINE('',#2743,#2744);
#2743 = CARTESIAN_POINT('',(0.,2.));
#2744 = VECTOR('',#2745,1.);
#2745 = DIRECTION('',(1.,0.));
#2746 = ( GEOMETRIC_REPRESENTATION_CONTEXT(2) 
PARAMETRIC_REPRESENTATION_CONTEXT() REPRESENTATION_CONTEXT('2D SPACE',''
  ) );
#2747 = PCURVE('',#2748,#2753);
#2748 = PLANE('',#2749);
#2749 = AXIS2_PLACEMENT_3D('',#2750,#2751,#2752);
#2750 = CARTESIAN_POINT('',(183.,3.,30.3));
#2751 = DIRECTION('',(-0.,1.,0.));
#2752 = DIRECTION('',(0.,0.,1.));
#2753 = DEFINITIONAL_REPRESENTATION('',(#2754),#2758);
#2754 = LINE('',#2755,#2756);
#2755 = CARTESIAN_POINT('',(0.,0.));
#2756 = VECTOR('',#2757,1.);
#2757 = DIRECTION('',(0.,1.));
#2758 = ( GEOMETRIC_REPRESENTATION_CONTEXT(2) 
PARAMETRIC_REPRESENTATION_CONTEXT() REPRESENTATION_CONTEXT('2D SPACE',''
  ) );
#2759 = ORIENTED_EDGE('',*,*,#2760,.T.);
#2760 = EDGE_CURVE('',#2733,#351,#2761,.T.);
#2761 = SURFACE_CURVE('',#2762,(#2766,#2773),.PCURVE_S1.);
#2762 = LINE('',#2763,#2764);
#2763 = CARTESIAN_POINT('',(217.,1.,30.3));
#2764 = VECTOR('',#2765,1.);
#2765 = DIRECTION('',(0.,-1.,0.));
#2766 = PCURVE('',#180,#2767);
#2767 = DEFINITIONAL_REPRESENTATION('',(#2768),#2772);
#2768 = LINE('',#2769,#2770);
#2769 = CARTESIAN_POINT('',(34.,0.));
#2770 = VECTOR('',#2771,1.);
#2771 = DIRECTION('',(0.,-1.));
#2772 = ( GEOMETRIC_REPRESENTATION_CONTEXT(2) 
PARAMETRIC_REPRESENTATION_CONTEXT() REPRESENTATION_CONTEXT('2D SPACE',''
  ) );
#2773 = PCURVE('',#389,#2774);
#2774 = DEFINITIONAL_REPRESENTATION('',(#2775),#2778);
#2775 = B_SPLINE_CURVE_WITH_KNOTS('',1,(#2776,#2777),.UNSPECIFIED.,.F.,
  .F.,(2,2),(-2.,0.),.PIECEWISE_BEZIER_KNOTS.);
#2776 = CARTESIAN_POINT('',(10.5,-2.));
#2777 = CARTESIAN_POINT('',(10.5,0.));
#2778 = ( GEOMETRIC_REPRESENTATION_CONTEXT(2) 
PARAMETRIC_REPRESENTATION_CONTEXT() REPRESENTATION_CONTEXT('2D SPACE',''
  ) );
#2779 = ORIENTED_EDGE('',*,*,#350,.T.);
#2780 = ORIENTED_EDGE('',*,*,#167,.F.);
#2781 = ADVANCED_FACE('',(#2782),#155,.T.);
#2782 = FACE_BOUND('',#2783,.T.);
#2783 = EDGE_LOOP('',(#2784,#2785,#2808,#2835,#2863,#2886,#2909,#2932,
    #2959,#2986,#3013,#3040,#3067,#3094,#3121,#3148,#3175,#3202,#3229,
    #3256,#3276));
#2784 = ORIENTED_EDGE('',*,*,#2401,.F.);
#2785 = ORIENTED_EDGE('',*,*,#2786,.T.);
#2786 = EDGE_CURVE('',#2402,#2787,#2789,.T.);
#2787 = VERTEX_POINT('',#2788);
#2788 = CARTESIAN_POINT('',(261.75,3.,81.8));
#2789 = SURFACE_CURVE('',#2790,(#2794,#2801),.PCURVE_S1.);
#2790 = LINE('',#2791,#2792);
#2791 = CARTESIAN_POINT('',(261.75,3.,30.3));
#2792 = VECTOR('',#2793,1.);
#2793 = DIRECTION('',(0.,0.,1.));
#2794 = PCURVE('',#155,#2795);
#2795 = DEFINITIONAL_REPRESENTATION('',(#2796),#2800);
#2796 = LINE('',#2797,#2798);
#2797 = CARTESIAN_POINT('',(0.,78.75));
#2798 = VECTOR('',#2799,1.);
#2799 = DIRECTION('',(1.,0.));
#2800 = ( GEOMETRIC_REPRESENTATION_CONTEXT(2) 
PARAMETRIC_REPRESENTATION_CONTEXT() REPRESENTATION_CONTEXT('2D SPACE',''
  ) );
#2801 = PCURVE('',#2440,#2802);
#2802 = DEFINITIONAL_REPRESENTATION('',(#2803),#2807);
#2803 = LINE('',#2804,#2805);
#2804 = CARTESIAN_POINT('',(0.,0.));
#2805 = VECTOR('',#2806,1.);
#2806 = DIRECTION('',(0.,-1.));
#2807 = ( GEOMETRIC_REPRESENTATION_CONTEXT(2) 
PARAMETRIC_REPRESENTATION_CONTEXT() REPRESENTATION_CONTEXT('2D SPACE',''
  ) );
#2808 = ORIENTED_EDGE('',*,*,#2809,.T.);
#2809 = EDGE_CURVE('',#2787,#2810,#2812,.T.);
#2810 = VERTEX_POINT('',#2811);
#2811 = CARTESIAN_POINT('',(261.85,3.,81.8));
#2812 = SURFACE_CURVE('',#2813,(#2817,#2824),.PCURVE_S1.);
#2813 = LINE('',#2814,#2815);
#2814 = CARTESIAN_POINT('',(240.8,3.,81.8));
#2815 = VECTOR('',#2816,1.);
#2816 = DIRECTION('',(1.,0.,-0.));
#2817 = PCURVE('',#155,#2818);
#2818 = DEFINITIONAL_REPRESENTATION('',(#2819),#2823);
#2819 = LINE('',#2820,#2821);
#2820 = CARTESIAN_POINT('',(51.5,57.8));
#2821 = VECTOR('',#2822,1.);
#2822 = DIRECTION('',(0.,1.));
#2823 = ( GEOMETRIC_REPRESENTATION_CONTEXT(2) 
PARAMETRIC_REPRESENTATION_CONTEXT() REPRESENTATION_CONTEXT('2D SPACE',''
  ) );
#2824 = PCURVE('',#2825,#2830);
#2825 = PLANE('',#2826);
#2826 = AXIS2_PLACEMENT_3D('',#2827,#2828,#2829);
#2827 = CARTESIAN_POINT('',(260.85,1.,81.8));
#2828 = DIRECTION('',(0.,0.,1.));
#2829 = DIRECTION('',(1.,0.,-0.));
#2830 = DEFINITIONAL_REPRESENTATION('',(#2831),#2834);
#2831 = B_SPLINE_CURVE_WITH_KNOTS('',1,(#2832,#2833),.UNSPECIFIED.,.F.,
  .F.,(2,2),(20.05,21.05),.PIECEWISE_BEZIER_KNOTS.);
#2832 = CARTESIAN_POINT('',(0.,2.));
#2833 = CARTESIAN_POINT('',(1.,2.));
#2834 = ( GEOMETRIC_REPRESENTATION_CONTEXT(2) 
PARAMETRIC_REPRESENTATION_CONTEXT() REPRESENTATION_CONTEXT('2D SPACE',''
  ) );
#2835 = ORIENTED_EDGE('',*,*,#2836,.F.);
#2836 = EDGE_CURVE('',#2837,#2810,#2839,.T.);
#2837 = VERTEX_POINT('',#2838);
#2838 = CARTESIAN_POINT('',(261.85,3.,78.8));
#2839 = SURFACE_CURVE('',#2840,(#2844,#2851),.PCURVE_S1.);
#2840 = LINE('',#2841,#2842);
#2841 = CARTESIAN_POINT('',(261.85,3.,30.3));
#2842 = VECTOR('',#2843,1.);
#2843 = DIRECTION('',(0.,0.,1.));
#2844 = PCURVE('',#155,#2845);
#2845 = DEFINITIONAL_REPRESENTATION('',(#2846),#2850);
#2846 = LINE('',#2847,#2848);
#2847 = CARTESIAN_POINT('',(0.,78.85));
#2848 = VECTOR('',#2849,1.);
#2849 = DIRECTION('',(1.,0.));
#2850 = ( GEOMETRIC_REPRESENTATION_CONTEXT(2) 
PARAMETRIC_REPRESENTATION_CONTEXT() REPRESENTATION_CONTEXT('2D SPACE',''
  ) );
#2851 = PCURVE('',#2852,#2857);
#2852 = PLANE('',#2853);
#2853 = AXIS2_PLACEMENT_3D('',#2854,#2855,#2856);
#2854 = CARTESIAN_POINT('',(261.85,1.,78.8));
#2855 = DIRECTION('',(1.,0.,0.));
#2856 = DIRECTION('',(0.,0.,1.));
#2857 = DEFINITIONAL_REPRESENTATION('',(#2858),#2862);
#2858 = LINE('',#2859,#2860);
#2859 = CARTESIAN_POINT('',(-48.5,-2.));
#2860 = VECTOR('',#2861,1.);
#2861 = DIRECTION('',(1.,0.));
#2862 = ( GEOMETRIC_REPRESENTATION_CONTEXT(2) 
PARAMETRIC_REPRESENTATION_CONTEXT() REPRESENTATION_CONTEXT('2D SPACE',''
  ) );
#2863 = ORIENTED_EDGE('',*,*,#2864,.F.);
#2864 = EDGE_CURVE('',#2865,#2837,#2867,.T.);
#2865 = VERTEX_POINT('',#2866);
#2866 = CARTESIAN_POINT('',(261.85,3.,74.3));
#2867 = SURFACE_CURVE('',#2868,(#2872,#2879),.PCURVE_S1.);
#2868 = LINE('',#2869,#2870);
#2869 = CARTESIAN_POINT('',(261.85,3.,30.3));
#2870 = VECTOR('',#2871,1.);
#2871 = DIRECTION('',(0.,0.,1.));
#2872 = PCURVE('',#155,#2873);
#2873 = DEFINITIONAL_REPRESENTATION('',(#2874),#2878);
#2874 = LINE('',#2875,#2876);
#2875 = CARTESIAN_POINT('',(0.,78.85));
#2876 = VECTOR('',#2877,1.);
#2877 = DIRECTION('',(1.,0.));
#2878 = ( GEOMETRIC_REPRESENTATION_CONTEXT(2) 
PARAMETRIC_REPRESENTATION_CONTEXT() REPRESENTATION_CONTEXT('2D SPACE',''
  ) );
#2879 = PCURVE('',#1724,#2880);
#2880 = DEFINITIONAL_REPRESENTATION('',(#2881),#2885);
#2881 = LINE('',#2882,#2883);
#2882 = CARTESIAN_POINT('',(0.,-2.));
#2883 = VECTOR('',#2884,1.);
#2884 = DIRECTION('',(1.,0.));
#2885 = ( GEOMETRIC_REPRESENTATION_CONTEXT(2) 
PARAMETRIC_REPRESENTATION_CONTEXT() REPRESENTATION_CONTEXT('2D SPACE',''
  ) );
#2886 = ORIENTED_EDGE('',*,*,#2887,.T.);
#2887 = EDGE_CURVE('',#2865,#2888,#2890,.T.);
#2888 = VERTEX_POINT('',#2889);
#2889 = CARTESIAN_POINT('',(299.6,3.,74.3));
#2890 = SURFACE_CURVE('',#2891,(#2895,#2902),.PCURVE_S1.);
#2891 = LINE('',#2892,#2893);
#2892 = CARTESIAN_POINT('',(183.,3.,74.3));
#2893 = VECTOR('',#2894,1.);
#2894 = DIRECTION('',(1.,0.,-0.));
#2895 = PCURVE('',#155,#2896);
#2896 = DEFINITIONAL_REPRESENTATION('',(#2897),#2901);
#2897 = LINE('',#2898,#2899);
#2898 = CARTESIAN_POINT('',(44.,0.));
#2899 = VECTOR('',#2900,1.);
#2900 = DIRECTION('',(0.,1.));
#2901 = ( GEOMETRIC_REPRESENTATION_CONTEXT(2) 
PARAMETRIC_REPRESENTATION_CONTEXT() REPRESENTATION_CONTEXT('2D SPACE',''
  ) );
#2902 = PCURVE('',#1750,#2903);
#2903 = DEFINITIONAL_REPRESENTATION('',(#2904),#2908);
#2904 = LINE('',#2905,#2906);
#2905 = CARTESIAN_POINT('',(0.,2.));
#2906 = VECTOR('',#2907,1.);
#2907 = DIRECTION('',(1.,0.));
#2908 = ( GEOMETRIC_REPRESENTATION_CONTEXT(2) 
PARAMETRIC_REPRESENTATION_CONTEXT() REPRESENTATION_CONTEXT('2D SPACE',''
  ) );
#2909 = ORIENTED_EDGE('',*,*,#2910,.F.);
#2910 = EDGE_CURVE('',#2911,#2888,#2913,.T.);
#2911 = VERTEX_POINT('',#2912);
#2912 = CARTESIAN_POINT('',(299.6,3.,30.8));
#2913 = SURFACE_CURVE('',#2914,(#2918,#2925),.PCURVE_S1.);
#2914 = LINE('',#2915,#2916);
#2915 = CARTESIAN_POINT('',(299.6,3.,30.3));
#2916 = VECTOR('',#2917,1.);
#2917 = DIRECTION('',(0.,0.,1.));
#2918 = PCURVE('',#155,#2919);
#2919 = DEFINITIONAL_REPRESENTATION('',(#2920),#2924);
#2920 = LINE('',#2921,#2922);
#2921 = CARTESIAN_POINT('',(0.,116.6));
#2922 = VECTOR('',#2923,1.);
#2923 = DIRECTION('',(1.,0.));
#2924 = ( GEOMETRIC_REPRESENTATION_CONTEXT(2) 
PARAMETRIC_REPRESENTATION_CONTEXT() REPRESENTATION_CONTEXT('2D SPACE',''
  ) );
#2925 = PCURVE('',#213,#2926);
#2926 = DEFINITIONAL_REPRESENTATION('',(#2927),#2931);
#2927 = LINE('',#2928,#2929);
#2928 = CARTESIAN_POINT('',(10.5,-2.));
#2929 = VECTOR('',#2930,1.);
#2930 = DIRECTION('',(1.,0.));
#2931 = ( GEOMETRIC_REPRESENTATION_CONTEXT(2) 
PARAMETRIC_REPRESENTATION_CONTEXT() REPRESENTATION_CONTEXT('2D SPACE',''
  ) );
#2932 = ORIENTED_EDGE('',*,*,#2933,.T.);
#2933 = EDGE_CURVE('',#2911,#2934,#2936,.T.);
#2934 = VERTEX_POINT('',#2935);
#2935 = CARTESIAN_POINT('',(297.6,3.,30.8));
#2936 = SURFACE_CURVE('',#2937,(#2941,#2948),.PCURVE_S1.);
#2937 = LINE('',#2938,#2939);
#2938 = CARTESIAN_POINT('',(224.3,3.,30.8));
#2939 = VECTOR('',#2940,1.);
#2940 = DIRECTION('',(-1.,-0.,0.));
#2941 = PCURVE('',#155,#2942);
#2942 = DEFINITIONAL_REPRESENTATION('',(#2943),#2947);
#2943 = LINE('',#2944,#2945);
#2944 = CARTESIAN_POINT('',(0.5,41.3));
#2945 = VECTOR('',#2946,1.);
#2946 = DIRECTION('',(0.,-1.));
#2947 = ( GEOMETRIC_REPRESENTATION_CONTEXT(2) 
PARAMETRIC_REPRESENTATION_CONTEXT() REPRESENTATION_CONTEXT('2D SPACE',''
  ) );
#2948 = PCURVE('',#2949,#2954);
#2949 = PLANE('',#2950);
#2950 = AXIS2_PLACEMENT_3D('',#2951,#2952,#2953);
#2951 = CARTESIAN_POINT('',(265.6,1.,30.8));
#2952 = DIRECTION('',(0.,0.,1.));
#2953 = DIRECTION('',(1.,0.,-0.));
#2954 = DEFINITIONAL_REPRESENTATION('',(#2955),#2958);
#2955 = B_SPLINE_CURVE_WITH_KNOTS('',1,(#2956,#2957),.UNSPECIFIED.,.F.,
  .F.,(2,2),(-75.3,-41.3),.PIECEWISE_BEZIER_KNOTS.);
#2956 = CARTESIAN_POINT('',(34.,2.));
#2957 = CARTESIAN_POINT('',(0.,2.));
#2958 = ( GEOMETRIC_REPRESENTATION_CONTEXT(2) 
PARAMETRIC_REPRESENTATION_CONTEXT() REPRESENTATION_CONTEXT('2D SPACE',''
  ) );
#2959 = ORIENTED_EDGE('',*,*,#2960,.T.);
#2960 = EDGE_CURVE('',#2934,#2961,#2963,.T.);
#2961 = VERTEX_POINT('',#2962);
#2962 = CARTESIAN_POINT('',(297.6,3.,44.461764705882));
#2963 = SURFACE_CURVE('',#2964,(#2968,#2975),.PCURVE_S1.);
#2964 = LINE('',#2965,#2966);
#2965 = CARTESIAN_POINT('',(297.6,3.,32.928046968972));
#2966 = VECTOR('',#2967,1.);
#2967 = DIRECTION('',(0.,-0.,1.));
#2968 = PCURVE('',#155,#2969);
#2969 = DEFINITIONAL_REPRESENTATION('',(#2970),#2974);
#2970 = LINE('',#2971,#2972);
#2971 = CARTESIAN_POINT('',(2.628046968972,114.6));
#2972 = VECTOR('',#2973,1.);
#2973 = DIRECTION('',(1.,0.));
#2974 = ( GEOMETRIC_REPRESENTATION_CONTEXT(2) 
PARAMETRIC_REPRESENTATION_CONTEXT() REPRESENTATION_CONTEXT('2D SPACE',''
  ) );
#2975 = PCURVE('',#2976,#2981);
#2976 = PLANE('',#2977);
#2977 = AXIS2_PLACEMENT_3D('',#2978,#2979,#2980);
#2978 = CARTESIAN_POINT('',(297.6,9.223514603038,35.556093937943));
#2979 = DIRECTION('',(1.,0.,0.));
#2980 = DIRECTION('',(-0.,0.,1.));
#2981 = DEFINITIONAL_REPRESENTATION('',(#2982),#2985);
#2982 = B_SPLINE_CURVE_WITH_KNOTS('',1,(#2983,#2984),.UNSPECIFIED.,.F.,
  .F.,(2,2),(-2.128046968972,11.871953031028),.PIECEWISE_BEZIER_KNOTS.);
#2983 = CARTESIAN_POINT('',(-4.756093937943,6.223514603038));
#2984 = CARTESIAN_POINT('',(9.243906062057,6.223514603038));
#2985 = ( GEOMETRIC_REPRESENTATION_CONTEXT(2) 
PARAMETRIC_REPRESENTATION_CONTEXT() REPRESENTATION_CONTEXT('2D SPACE',''
  ) );
#2986 = ORIENTED_EDGE('',*,*,#2987,.F.);
#2987 = EDGE_CURVE('',#2988,#2961,#2990,.T.);
#2988 = VERTEX_POINT('',#2989);
#2989 = CARTESIAN_POINT('',(294.4,3.,44.461764705882));
#2990 = SURFACE_CURVE('',#2991,(#2995,#3002),.PCURVE_S1.);
#2991 = LINE('',#2992,#2993);
#2992 = CARTESIAN_POINT('',(238.7,3.,44.461764705882));
#2993 = VECTOR('',#2994,1.);
#2994 = DIRECTION('',(1.,0.,0.));
#2995 = PCURVE('',#155,#2996);
#2996 = DEFINITIONAL_REPRESENTATION('',(#2997),#3001);
#2997 = LINE('',#2998,#2999);
#2998 = CARTESIAN_POINT('',(14.161764705882,55.7));
#2999 = VECTOR('',#3000,1.);
#3000 = DIRECTION('',(0.,1.));
#3001 = ( GEOMETRIC_REPRESENTATION_CONTEXT(2) 
PARAMETRIC_REPRESENTATION_CONTEXT() REPRESENTATION_CONTEXT('2D SPACE',''
  ) );
#3002 = PCURVE('',#3003,#3008);
#3003 = PLANE('',#3004);
#3004 = AXIS2_PLACEMENT_3D('',#3005,#3006,#3007);
#3005 = CARTESIAN_POINT('',(294.4,19.5,33.3));
#3006 = DIRECTION('',(0.,-0.560309367704,-0.828283413128));
#3007 = DIRECTION('',(0.,-0.828283413128,0.560309367704));
#3008 = DEFINITIONAL_REPRESENTATION('',(#3009),#3012);
#3009 = B_SPLINE_CURVE_WITH_KNOTS('',1,(#3010,#3011),.UNSPECIFIED.,.F.,
  .F.,(2,2),(55.7,58.9),.PIECEWISE_BEZIER_KNOTS.);
#3010 = CARTESIAN_POINT('',(19.920717641428,0.));
#3011 = CARTESIAN_POINT('',(19.920717641428,-3.2));
#3012 = ( GEOMETRIC_REPRESENTATION_CONTEXT(2) 
PARAMETRIC_REPRESENTATION_CONTEXT() REPRESENTATION_CONTEXT('2D SPACE',''
  ) );
#3013 = ORIENTED_EDGE('',*,*,#3014,.F.);
#3014 = EDGE_CURVE('',#3015,#2988,#3017,.T.);
#3015 = VERTEX_POINT('',#3016);
#3016 = CARTESIAN_POINT('',(294.4,3.,30.8));
#3017 = SURFACE_CURVE('',#3018,(#3022,#3029),.PCURVE_S1.);
#3018 = LINE('',#3019,#3020);
#3019 = CARTESIAN_POINT('',(294.4,3.,32.928046968972));
#3020 = VECTOR('',#3021,1.);
#3021 = DIRECTION('',(0.,-0.,1.));
#3022 = PCURVE('',#155,#3023);
#3023 = DEFINITIONAL_REPRESENTATION('',(#3024),#3028);
#3024 = LINE('',#3025,#3026);
#3025 = CARTESIAN_POINT('',(2.628046968972,111.4));
#3026 = VECTOR('',#3027,1.);
#3027 = DIRECTION('',(1.,0.));
#3028 = ( GEOMETRIC_REPRESENTATION_CONTEXT(2) 
PARAMETRIC_REPRESENTATION_CONTEXT() REPRESENTATION_CONTEXT('2D SPACE',''
  ) );
#3029 = PCURVE('',#3030,#3035);
#3030 = PLANE('',#3031);
#3031 = AXIS2_PLACEMENT_3D('',#3032,#3033,#3034);
#3032 = CARTESIAN_POINT('',(294.4,9.223514603038,35.556093937943));
#3033 = DIRECTION('',(1.,0.,0.));
#3034 = DIRECTION('',(-0.,0.,1.));
#3035 = DEFINITIONAL_REPRESENTATION('',(#3036),#3039);
#3036 = B_SPLINE_CURVE_WITH_KNOTS('',1,(#3037,#3038),.UNSPECIFIED.,.F.,
  .F.,(2,2),(-2.128046968972,11.871953031028),.PIECEWISE_BEZIER_KNOTS.);
#3037 = CARTESIAN_POINT('',(-4.756093937943,6.223514603038));
#3038 = CARTESIAN_POINT('',(9.243906062057,6.223514603038));
#3039 = ( GEOMETRIC_REPRESENTATION_CONTEXT(2) 
PARAMETRIC_REPRESENTATION_CONTEXT() REPRESENTATION_CONTEXT('2D SPACE',''
  ) );
#3040 = ORIENTED_EDGE('',*,*,#3041,.T.);
#3041 = EDGE_CURVE('',#3015,#3042,#3044,.T.);
#3042 = VERTEX_POINT('',#3043);
#3043 = CARTESIAN_POINT('',(284.2,3.,30.8));
#3044 = SURFACE_CURVE('',#3045,(#3049,#3056),.PCURVE_S1.);
#3045 = LINE('',#3046,#3047);
#3046 = CARTESIAN_POINT('',(224.3,3.,30.8));
#3047 = VECTOR('',#3048,1.);
#3048 = DIRECTION('',(-1.,-0.,0.));
#3049 = PCURVE('',#155,#3050);
#3050 = DEFINITIONAL_REPRESENTATION('',(#3051),#3055);
#3051 = LINE('',#3052,#3053);
#3052 = CARTESIAN_POINT('',(0.5,41.3));
#3053 = VECTOR('',#3054,1.);
#3054 = DIRECTION('',(0.,-1.));
#3055 = ( GEOMETRIC_REPRESENTATION_CONTEXT(2) 
PARAMETRIC_REPRESENTATION_CONTEXT() REPRESENTATION_CONTEXT('2D SPACE',''
  ) );
#3056 = PCURVE('',#3057,#3062);
#3057 = PLANE('',#3058);
#3058 = AXIS2_PLACEMENT_3D('',#3059,#3060,#3061);
#3059 = CARTESIAN_POINT('',(265.6,1.,30.8));
#3060 = DIRECTION('',(0.,0.,1.));
#3061 = DIRECTION('',(1.,0.,-0.));
#3062 = DEFINITIONAL_REPRESENTATION('',(#3063),#3066);
#3063 = B_SPLINE_CURVE_WITH_KNOTS('',1,(#3064,#3065),.UNSPECIFIED.,.F.,
  .F.,(2,2),(-75.3,-41.3),.PIECEWISE_BEZIER_KNOTS.);
#3064 = CARTESIAN_POINT('',(34.,2.));
#3065 = CARTESIAN_POINT('',(0.,2.));
#3066 = ( GEOMETRIC_REPRESENTATION_CONTEXT(2) 
PARAMETRIC_REPRESENTATION_CONTEXT() REPRESENTATION_CONTEXT('2D SPACE',''
  ) );
#3067 = ORIENTED_EDGE('',*,*,#3068,.T.);
#3068 = EDGE_CURVE('',#3042,#3069,#3071,.T.);
#3069 = VERTEX_POINT('',#3070);
#3070 = CARTESIAN_POINT('',(284.2,3.,44.461764705882));
#3071 = SURFACE_CURVE('',#3072,(#3076,#3083),.PCURVE_S1.);
#3072 = LINE('',#3073,#3074);
#3073 = CARTESIAN_POINT('',(284.2,3.,32.928046968972));
#3074 = VECTOR('',#3075,1.);
#3075 = DIRECTION('',(0.,-0.,1.));
#3076 = PCURVE('',#155,#3077);
#3077 = DEFINITIONAL_REPRESENTATION('',(#3078),#3082);
#3078 = LINE('',#3079,#3080);
#3079 = CARTESIAN_POINT('',(2.628046968972,101.2));
#3080 = VECTOR('',#3081,1.);
#3081 = DIRECTION('',(1.,0.));
#3082 = ( GEOMETRIC_REPRESENTATION_CONTEXT(2) 
PARAMETRIC_REPRESENTATION_CONTEXT() REPRESENTATION_CONTEXT('2D SPACE',''
  ) );
#3083 = PCURVE('',#3084,#3089);
#3084 = PLANE('',#3085);
#3085 = AXIS2_PLACEMENT_3D('',#3086,#3087,#3088);
#3086 = CARTESIAN_POINT('',(284.2,9.223514603038,35.556093937943));
#3087 = DIRECTION('',(1.,0.,0.));
#3088 = DIRECTION('',(-0.,0.,1.));
#3089 = DEFINITIONAL_REPRESENTATION('',(#3090),#3093);
#3090 = B_SPLINE_CURVE_WITH_KNOTS('',1,(#3091,#3092),.UNSPECIFIED.,.F.,
  .F.,(2,2),(-2.128046968972,11.871953031028),.PIECEWISE_BEZIER_KNOTS.);
#3091 = CARTESIAN_POINT('',(-4.756093937943,6.223514603038));
#3092 = CARTESIAN_POINT('',(9.243906062057,6.223514603038));
#3093 = ( GEOMETRIC_REPRESENTATION_CONTEXT(2) 
PARAMETRIC_REPRESENTATION_CONTEXT() REPRESENTATION_CONTEXT('2D SPACE',''
  ) );
#3094 = ORIENTED_EDGE('',*,*,#3095,.F.);
#3095 = EDGE_CURVE('',#3096,#3069,#3098,.T.);
#3096 = VERTEX_POINT('',#3097);
#3097 = CARTESIAN_POINT('',(281.,3.,44.461764705882));
#3098 = SURFACE_CURVE('',#3099,(#3103,#3110),.PCURVE_S1.);
#3099 = LINE('',#3100,#3101);
#3100 = CARTESIAN_POINT('',(232.,3.,44.461764705882));
#3101 = VECTOR('',#3102,1.);
#3102 = DIRECTION('',(1.,0.,0.));
#3103 = PCURVE('',#155,#3104);
#3104 = DEFINITIONAL_REPRESENTATION('',(#3105),#3109);
#3105 = LINE('',#3106,#3107);
#3106 = CARTESIAN_POINT('',(14.161764705882,49.));
#3107 = VECTOR('',#3108,1.);
#3108 = DIRECTION('',(0.,1.));
#3109 = ( GEOMETRIC_REPRESENTATION_CONTEXT(2) 
PARAMETRIC_REPRESENTATION_CONTEXT() REPRESENTATION_CONTEXT('2D SPACE',''
  ) );
#3110 = PCURVE('',#3111,#3116);
#3111 = PLANE('',#3112);
#3112 = AXIS2_PLACEMENT_3D('',#3113,#3114,#3115);
#3113 = CARTESIAN_POINT('',(281.,19.5,33.3));
#3114 = DIRECTION('',(0.,-0.560309367704,-0.828283413128));
#3115 = DIRECTION('',(0.,-0.828283413128,0.560309367704));
#3116 = DEFINITIONAL_REPRESENTATION('',(#3117),#3120);
#3117 = B_SPLINE_CURVE_WITH_KNOTS('',1,(#3118,#3119),.UNSPECIFIED.,.F.,
  .F.,(2,2),(49.,52.2),.PIECEWISE_BEZIER_KNOTS.);
#3118 = CARTESIAN_POINT('',(19.920717641428,0.));
#3119 = CARTESIAN_POINT('',(19.920717641428,-3.2));
#3120 = ( GEOMETRIC_REPRESENTATION_CONTEXT(2) 
PARAMETRIC_REPRESENTATION_CONTEXT() REPRESENTATION_CONTEXT('2D SPACE',''
  ) );
#3121 = ORIENTED_EDGE('',*,*,#3122,.F.);
#3122 = EDGE_CURVE('',#3123,#3096,#3125,.T.);
#3123 = VERTEX_POINT('',#3124);
#3124 = CARTESIAN_POINT('',(281.,3.,30.8));
#3125 = SURFACE_CURVE('',#3126,(#3130,#3137),.PCURVE_S1.);
#3126 = LINE('',#3127,#3128);
#3127 = CARTESIAN_POINT('',(281.,3.,32.928046968972));
#3128 = VECTOR('',#3129,1.);
#3129 = DIRECTION('',(0.,-0.,1.));
#3130 = PCURVE('',#155,#3131);
#3131 = DEFINITIONAL_REPRESENTATION('',(#3132),#3136);
#3132 = LINE('',#3133,#3134);
#3133 = CARTESIAN_POINT('',(2.628046968972,98.));
#3134 = VECTOR('',#3135,1.);
#3135 = DIRECTION('',(1.,0.));
#3136 = ( GEOMETRIC_REPRESENTATION_CONTEXT(2) 
PARAMETRIC_REPRESENTATION_CONTEXT() REPRESENTATION_CONTEXT('2D SPACE',''
  ) );
#3137 = PCURVE('',#3138,#3143);
#3138 = PLANE('',#3139);
#3139 = AXIS2_PLACEMENT_3D('',#3140,#3141,#3142);
#3140 = CARTESIAN_POINT('',(281.,9.223514603038,35.556093937943));
#3141 = DIRECTION('',(1.,0.,0.));
#3142 = DIRECTION('',(-0.,0.,1.));
#3143 = DEFINITIONAL_REPRESENTATION('',(#3144),#3147);
#3144 = B_SPLINE_CURVE_WITH_KNOTS('',1,(#3145,#3146),.UNSPECIFIED.,.F.,
  .F.,(2,2),(-2.128046968972,11.871953031028),.PIECEWISE_BEZIER_KNOTS.);
#3145 = CARTESIAN_POINT('',(-4.756093937943,6.223514603038));
#3146 = CARTESIAN_POINT('',(9.243906062057,6.223514603038));
#3147 = ( GEOMETRIC_REPRESENTATION_CONTEXT(2) 
PARAMETRIC_REPRESENTATION_CONTEXT() REPRESENTATION_CONTEXT('2D SPACE',''
  ) );
#3148 = ORIENTED_EDGE('',*,*,#3149,.T.);
#3149 = EDGE_CURVE('',#3123,#3150,#3152,.T.);
#3150 = VERTEX_POINT('',#3151);
#3151 = CARTESIAN_POINT('',(270.8,3.,30.8));
#3152 = SURFACE_CURVE('',#3153,(#3157,#3164),.PCURVE_S1.);
#3153 = LINE('',#3154,#3155);
#3154 = CARTESIAN_POINT('',(224.3,3.,30.8));
#3155 = VECTOR('',#3156,1.);
#3156 = DIRECTION('',(-1.,-0.,0.));
#3157 = PCURVE('',#155,#3158);
#3158 = DEFINITIONAL_REPRESENTATION('',(#3159),#3163);
#3159 = LINE('',#3160,#3161);
#3160 = CARTESIAN_POINT('',(0.5,41.3));
#3161 = VECTOR('',#3162,1.);
#3162 = DIRECTION('',(0.,-1.));
#3163 = ( GEOMETRIC_REPRESENTATION_CONTEXT(2) 
PARAMETRIC_REPRESENTATION_CONTEXT() REPRESENTATION_CONTEXT('2D SPACE',''
  ) );
#3164 = PCURVE('',#3165,#3170);
#3165 = PLANE('',#3166);
#3166 = AXIS2_PLACEMENT_3D('',#3167,#3168,#3169);
#3167 = CARTESIAN_POINT('',(265.6,1.,30.8));
#3168 = DIRECTION('',(0.,0.,1.));
#3169 = DIRECTION('',(1.,0.,-0.));
#3170 = DEFINITIONAL_REPRESENTATION('',(#3171),#3174);
#3171 = B_SPLINE_CURVE_WITH_KNOTS('',1,(#3172,#3173),.UNSPECIFIED.,.F.,
  .F.,(2,2),(-75.3,-41.3),.PIECEWISE_BEZIER_KNOTS.);
#3172 = CARTESIAN_POINT('',(34.,2.));
#3173 = CARTESIAN_POINT('',(0.,2.));
#3174 = ( GEOMETRIC_REPRESENTATION_CONTEXT(2) 
PARAMETRIC_REPRESENTATION_CONTEXT() REPRESENTATION_CONTEXT('2D SPACE',''
  ) );
#3175 = ORIENTED_EDGE('',*,*,#3176,.T.);
#3176 = EDGE_CURVE('',#3150,#3177,#3179,.T.);
#3177 = VERTEX_POINT('',#3178);
#3178 = CARTESIAN_POINT('',(270.8,3.,44.461764705882));
#3179 = SURFACE_CURVE('',#3180,(#3184,#3191),.PCURVE_S1.);
#3180 = LINE('',#3181,#3182);
#3181 = CARTESIAN_POINT('',(270.8,3.,32.928046968972));
#3182 = VECTOR('',#3183,1.);
#3183 = DIRECTION('',(0.,-0.,1.));
#3184 = PCURVE('',#155,#3185);
#3185 = DEFINITIONAL_REPRESENTATION('',(#3186),#3190);
#3186 = LINE('',#3187,#3188);
#3187 = CARTESIAN_POINT('',(2.628046968972,87.8));
#3188 = VECTOR('',#3189,1.);
#3189 = DIRECTION('',(1.,0.));
#3190 = ( GEOMETRIC_REPRESENTATION_CONTEXT(2) 
PARAMETRIC_REPRESENTATION_CONTEXT() REPRESENTATION_CONTEXT('2D SPACE',''
  ) );
#3191 = PCURVE('',#3192,#3197);
#3192 = PLANE('',#3193);
#3193 = AXIS2_PLACEMENT_3D('',#3194,#3195,#3196);
#3194 = CARTESIAN_POINT('',(270.8,9.223514603038,35.556093937943));
#3195 = DIRECTION('',(1.,0.,0.));
#3196 = DIRECTION('',(-0.,0.,1.));
#3197 = DEFINITIONAL_REPRESENTATION('',(#3198),#3201);
#3198 = B_SPLINE_CURVE_WITH_KNOTS('',1,(#3199,#3200),.UNSPECIFIED.,.F.,
  .F.,(2,2),(-2.128046968972,11.871953031028),.PIECEWISE_BEZIER_KNOTS.);
#3199 = CARTESIAN_POINT('',(-4.756093937943,6.223514603038));
#3200 = CARTESIAN_POINT('',(9.243906062057,6.223514603038));
#3201 = ( GEOMETRIC_REPRESENTATION_CONTEXT(2) 
PARAMETRIC_REPRESENTATION_CONTEXT() REPRESENTATION_CONTEXT('2D SPACE',''
  ) );
#3202 = ORIENTED_EDGE('',*,*,#3203,.F.);
#3203 = EDGE_CURVE('',#3204,#3177,#3206,.T.);
#3204 = VERTEX_POINT('',#3205);
#3205 = CARTESIAN_POINT('',(267.6,3.,44.461764705882));
#3206 = SURFACE_CURVE('',#3207,(#3211,#3218),.PCURVE_S1.);
#3207 = LINE('',#3208,#3209);
#3208 = CARTESIAN_POINT('',(225.3,3.,44.461764705882));
#3209 = VECTOR('',#3210,1.);
#3210 = DIRECTION('',(1.,0.,0.));
#3211 = PCURVE('',#155,#3212);
#3212 = DEFINITIONAL_REPRESENTATION('',(#3213),#3217);
#3213 = LINE('',#3214,#3215);
#3214 = CARTESIAN_POINT('',(14.161764705882,42.3));
#3215 = VECTOR('',#3216,1.);
#3216 = DIRECTION('',(0.,1.));
#3217 = ( GEOMETRIC_REPRESENTATION_CONTEXT(2) 
PARAMETRIC_REPRESENTATION_CONTEXT() REPRESENTATION_CONTEXT('2D SPACE',''
  ) );
#3218 = PCURVE('',#3219,#3224);
#3219 = PLANE('',#3220);
#3220 = AXIS2_PLACEMENT_3D('',#3221,#3222,#3223);
#3221 = CARTESIAN_POINT('',(267.6,19.5,33.3));
#3222 = DIRECTION('',(0.,-0.560309367704,-0.828283413128));
#3223 = DIRECTION('',(0.,-0.828283413128,0.560309367704));
#3224 = DEFINITIONAL_REPRESENTATION('',(#3225),#3228);
#3225 = B_SPLINE_CURVE_WITH_KNOTS('',1,(#3226,#3227),.UNSPECIFIED.,.F.,
  .F.,(2,2),(42.3,45.5),.PIECEWISE_BEZIER_KNOTS.);
#3226 = CARTESIAN_POINT('',(19.920717641428,0.));
#3227 = CARTESIAN_POINT('',(19.920717641428,-3.2));
#3228 = ( GEOMETRIC_REPRESENTATION_CONTEXT(2) 
PARAMETRIC_REPRESENTATION_CONTEXT() REPRESENTATION_CONTEXT('2D SPACE',''
  ) );
#3229 = ORIENTED_EDGE('',*,*,#3230,.F.);
#3230 = EDGE_CURVE('',#3231,#3204,#3233,.T.);
#3231 = VERTEX_POINT('',#3232);
#3232 = CARTESIAN_POINT('',(267.6,3.,30.8));
#3233 = SURFACE_CURVE('',#3234,(#3238,#3245),.PCURVE_S1.);
#3234 = LINE('',#3235,#3236);
#3235 = CARTESIAN_POINT('',(267.6,3.,32.928046968972));
#3236 = VECTOR('',#3237,1.);
#3237 = DIRECTION('',(0.,-0.,1.));
#3238 = PCURVE('',#155,#3239);
#3239 = DEFINITIONAL_REPRESENTATION('',(#3240),#3244);
#3240 = LINE('',#3241,#3242);
#3241 = CARTESIAN_POINT('',(2.628046968972,84.6));
#3242 = VECTOR('',#3243,1.);
#3243 = DIRECTION('',(1.,0.));
#3244 = ( GEOMETRIC_REPRESENTATION_CONTEXT(2) 
PARAMETRIC_REPRESENTATION_CONTEXT() REPRESENTATION_CONTEXT('2D SPACE',''
  ) );
#3245 = PCURVE('',#3246,#3251);
#3246 = PLANE('',#3247);
#3247 = AXIS2_PLACEMENT_3D('',#3248,#3249,#3250);
#3248 = CARTESIAN_POINT('',(267.6,9.223514603038,35.556093937943));
#3249 = DIRECTION('',(1.,0.,0.));
#3250 = DIRECTION('',(-0.,0.,1.));
#3251 = DEFINITIONAL_REPRESENTATION('',(#3252),#3255);
#3252 = B_SPLINE_CURVE_WITH_KNOTS('',1,(#3253,#3254),.UNSPECIFIED.,.F.,
  .F.,(2,2),(-2.128046968972,11.871953031028),.PIECEWISE_BEZIER_KNOTS.);
#3253 = CARTESIAN_POINT('',(-4.756093937943,6.223514603038));
#3254 = CARTESIAN_POINT('',(9.243906062057,6.223514603038));
#3255 = ( GEOMETRIC_REPRESENTATION_CONTEXT(2) 
PARAMETRIC_REPRESENTATION_CONTEXT() REPRESENTATION_CONTEXT('2D SPACE',''
  ) );
#3256 = ORIENTED_EDGE('',*,*,#3257,.T.);
#3257 = EDGE_CURVE('',#3231,#113,#3258,.T.);
#3258 = SURFACE_CURVE('',#3259,(#3263,#3270),.PCURVE_S1.);
#3259 = LINE('',#3260,#3261);
#3260 = CARTESIAN_POINT('',(224.3,3.,30.8));
#3261 = VECTOR('',#3262,1.);
#3262 = DIRECTION('',(-1.,-0.,0.));
#3263 = PCURVE('',#155,#3264);
#3264 = DEFINITIONAL_REPRESENTATION('',(#3265),#3269);
#3265 = LINE('',#3266,#3267);
#3266 = CARTESIAN_POINT('',(0.5,41.3));
#3267 = VECTOR('',#3268,1.);
#3268 = DIRECTION('',(0.,-1.));
#3269 = ( GEOMETRIC_REPRESENTATION_CONTEXT(2) 
PARAMETRIC_REPRESENTATION_CONTEXT() REPRESENTATION_CONTEXT('2D SPACE',''
  ) );
#3270 = PCURVE('',#128,#3271);
#3271 = DEFINITIONAL_REPRESENTATION('',(#3272),#3275);
#3272 = B_SPLINE_CURVE_WITH_KNOTS('',1,(#3273,#3274),.UNSPECIFIED.,.F.,
  .F.,(2,2),(-75.3,-41.3),.PIECEWISE_BEZIER_KNOTS.);
#3273 = CARTESIAN_POINT('',(34.,2.));
#3274 = CARTESIAN_POINT('',(0.,2.));
#3275 = ( GEOMETRIC_REPRESENTATION_CONTEXT(2) 
PARAMETRIC_REPRESENTATION_CONTEXT() REPRESENTATION_CONTEXT('2D SPACE',''
  ) );
#3276 = ORIENTED_EDGE('',*,*,#140,.F.);
#3277 = ADVANCED_FACE('',(#3278),#128,.T.);
#3278 = FACE_BOUND('',#3279,.T.);
#3279 = EDGE_LOOP('',(#3280,#3303,#3304,#3305));
#3280 = ORIENTED_EDGE('',*,*,#3281,.F.);
#3281 = EDGE_CURVE('',#85,#3282,#3284,.T.);
#3282 = VERTEX_POINT('',#3283);
#3283 = CARTESIAN_POINT('',(267.6,19.5,30.8));
#3284 = SURFACE_CURVE('',#3285,(#3289,#3296),.PCURVE_S1.);
#3285 = LINE('',#3286,#3287);
#3286 = CARTESIAN_POINT('',(265.6,19.5,30.8));
#3287 = VECTOR('',#3288,1.);
#3288 = DIRECTION('',(1.,0.,-0.));
#3289 = PCURVE('',#128,#3290);
#3290 = DEFINITIONAL_REPRESENTATION('',(#3291),#3295);
#3291 = LINE('',#3292,#3293);
#3292 = CARTESIAN_POINT('',(0.,18.5));
#3293 = VECTOR('',#3294,1.);
#3294 = DIRECTION('',(1.,0.));
#3295 = ( GEOMETRIC_REPRESENTATION_CONTEXT(2) 
PARAMETRIC_REPRESENTATION_CONTEXT() REPRESENTATION_CONTEXT('2D SPACE',''
  ) );
#3296 = PCURVE('',#100,#3297);
#3297 = DEFINITIONAL_REPRESENTATION('',(#3298),#3302);
#3298 = LINE('',#3299,#3300);
#3299 = CARTESIAN_POINT('',(11.,0.));
#3300 = VECTOR('',#3301,1.);
#3301 = DIRECTION('',(0.,1.));
#3302 = ( GEOMETRIC_REPRESENTATION_CONTEXT(2) 
PARAMETRIC_REPRESENTATION_CONTEXT() REPRESENTATION_CONTEXT('2D SPACE',''
  ) );
#3303 = ORIENTED_EDGE('',*,*,#112,.F.);
#3304 = ORIENTED_EDGE('',*,*,#3257,.F.);
#3305 = ORIENTED_EDGE('',*,*,#3306,.T.);
#3306 = EDGE_CURVE('',#3231,#3282,#3307,.T.);
#3307 = SURFACE_CURVE('',#3308,(#3312,#3318),.PCURVE_S1.);
#3308 = LINE('',#3309,#3310);
#3309 = CARTESIAN_POINT('',(267.6,5.111757301519,30.8));
#3310 = VECTOR('',#3311,1.);
#3311 = DIRECTION('',(0.,1.,0.));
#3312 = PCURVE('',#128,#3313);
#3313 = DEFINITIONAL_REPRESENTATION('',(#3314),#3317);
#3314 = B_SPLINE_CURVE_WITH_KNOTS('',1,(#3315,#3316),.UNSPECIFIED.,.F.,
  .F.,(2,2),(-2.611757301519,14.388242698481),.PIECEWISE_BEZIER_KNOTS.);
#3315 = CARTESIAN_POINT('',(2.,1.5));
#3316 = CARTESIAN_POINT('',(2.,18.5));
#3317 = ( GEOMETRIC_REPRESENTATION_CONTEXT(2) 
PARAMETRIC_REPRESENTATION_CONTEXT() REPRESENTATION_CONTEXT('2D SPACE',''
  ) );
#3318 = PCURVE('',#3246,#3319);
#3319 = DEFINITIONAL_REPRESENTATION('',(#3320),#3323);
#3320 = B_SPLINE_CURVE_WITH_KNOTS('',1,(#3321,#3322),.UNSPECIFIED.,.F.,
  .F.,(2,2),(-2.611757301519,14.388242698481),.PIECEWISE_BEZIER_KNOTS.);
#3321 = CARTESIAN_POINT('',(-4.756093937943,6.723514603038));
#3322 = CARTESIAN_POINT('',(-4.756093937943,-10.27648539696));
#3323 = ( GEOMETRIC_REPRESENTATION_CONTEXT(2) 
PARAMETRIC_REPRESENTATION_CONTEXT() REPRESENTATION_CONTEXT('2D SPACE',''
  ) );
#3324 = ADVANCED_FACE('',(#3325),#100,.T.);
#3325 = FACE_BOUND('',#3326,.T.);
#3326 = EDGE_LOOP('',(#3327,#3352,#3375,#3398,#3421,#3444,#3467,#3490,
    #3513,#3536,#3559,#3580,#3581,#3582,#3605,#3628));
#3327 = ORIENTED_EDGE('',*,*,#3328,.T.);
#3328 = EDGE_CURVE('',#3329,#3331,#3333,.T.);
#3329 = VERTEX_POINT('',#3330);
#3330 = CARTESIAN_POINT('',(270.8,19.5,30.8));
#3331 = VERTEX_POINT('',#3332);
#3332 = CARTESIAN_POINT('',(281.,19.5,30.8));
#3333 = SURFACE_CURVE('',#3334,(#3338,#3345),.PCURVE_S1.);
#3334 = LINE('',#3335,#3336);
#3335 = CARTESIAN_POINT('',(265.6,19.5,30.8));
#3336 = VECTOR('',#3337,1.);
#3337 = DIRECTION('',(1.,0.,-0.));
#3338 = PCURVE('',#100,#3339);
#3339 = DEFINITIONAL_REPRESENTATION('',(#3340),#3344);
#3340 = LINE('',#3341,#3342);
#3341 = CARTESIAN_POINT('',(11.,0.));
#3342 = VECTOR('',#3343,1.);
#3343 = DIRECTION('',(0.,1.));
#3344 = ( GEOMETRIC_REPRESENTATION_CONTEXT(2) 
PARAMETRIC_REPRESENTATION_CONTEXT() REPRESENTATION_CONTEXT('2D SPACE',''
  ) );
#3345 = PCURVE('',#3165,#3346);
#3346 = DEFINITIONAL_REPRESENTATION('',(#3347),#3351);
#3347 = LINE('',#3348,#3349);
#3348 = CARTESIAN_POINT('',(0.,18.5));
#3349 = VECTOR('',#3350,1.);
#3350 = DIRECTION('',(1.,0.));
#3351 = ( GEOMETRIC_REPRESENTATION_CONTEXT(2) 
PARAMETRIC_REPRESENTATION_CONTEXT() REPRESENTATION_CONTEXT('2D SPACE',''
  ) );
#3352 = ORIENTED_EDGE('',*,*,#3353,.T.);
#3353 = EDGE_CURVE('',#3331,#3354,#3356,.T.);
#3354 = VERTEX_POINT('',#3355);
#3355 = CARTESIAN_POINT('',(281.,19.5,33.3));
#3356 = SURFACE_CURVE('',#3357,(#3361,#3368),.PCURVE_S1.);
#3357 = LINE('',#3358,#3359);
#3358 = CARTESIAN_POINT('',(281.,19.5,30.3));
#3359 = VECTOR('',#3360,1.);
#3360 = DIRECTION('',(0.,0.,1.));
#3361 = PCURVE('',#100,#3362);
#3362 = DEFINITIONAL_REPRESENTATION('',(#3363),#3367);
#3363 = LINE('',#3364,#3365);
#3364 = CARTESIAN_POINT('',(10.5,15.4));
#3365 = VECTOR('',#3366,1.);
#3366 = DIRECTION('',(1.,0.));
#3367 = ( GEOMETRIC_REPRESENTATION_CONTEXT(2) 
PARAMETRIC_REPRESENTATION_CONTEXT() REPRESENTATION_CONTEXT('2D SPACE',''
  ) );
#3368 = PCURVE('',#3138,#3369);
#3369 = DEFINITIONAL_REPRESENTATION('',(#3370),#3374);
#3370 = LINE('',#3371,#3372);
#3371 = CARTESIAN_POINT('',(-5.256093937943,-10.27648539696));
#3372 = VECTOR('',#3373,1.);
#3373 = DIRECTION('',(1.,0.));
#3374 = ( GEOMETRIC_REPRESENTATION_CONTEXT(2) 
PARAMETRIC_REPRESENTATION_CONTEXT() REPRESENTATION_CONTEXT('2D SPACE',''
  ) );
#3375 = ORIENTED_EDGE('',*,*,#3376,.T.);
#3376 = EDGE_CURVE('',#3354,#3377,#3379,.T.);
#3377 = VERTEX_POINT('',#3378);
#3378 = CARTESIAN_POINT('',(284.2,19.5,33.3));
#3379 = SURFACE_CURVE('',#3380,(#3384,#3391),.PCURVE_S1.);
#3380 = LINE('',#3381,#3382);
#3381 = CARTESIAN_POINT('',(281.,19.5,33.3));
#3382 = VECTOR('',#3383,1.);
#3383 = DIRECTION('',(1.,0.,0.));
#3384 = PCURVE('',#100,#3385);
#3385 = DEFINITIONAL_REPRESENTATION('',(#3386),#3390);
#3386 = LINE('',#3387,#3388);
#3387 = CARTESIAN_POINT('',(13.5,15.4));
#3388 = VECTOR('',#3389,1.);
#3389 = DIRECTION('',(0.,1.));
#3390 = ( GEOMETRIC_REPRESENTATION_CONTEXT(2) 
PARAMETRIC_REPRESENTATION_CONTEXT() REPRESENTATION_CONTEXT('2D SPACE',''
  ) );
#3391 = PCURVE('',#3111,#3392);
#3392 = DEFINITIONAL_REPRESENTATION('',(#3393),#3397);
#3393 = LINE('',#3394,#3395);
#3394 = CARTESIAN_POINT('',(0.,0.));
#3395 = VECTOR('',#3396,1.);
#3396 = DIRECTION('',(0.,-1.));
#3397 = ( GEOMETRIC_REPRESENTATION_CONTEXT(2) 
PARAMETRIC_REPRESENTATION_CONTEXT() REPRESENTATION_CONTEXT('2D SPACE',''
  ) );
#3398 = ORIENTED_EDGE('',*,*,#3399,.F.);
#3399 = EDGE_CURVE('',#3400,#3377,#3402,.T.);
#3400 = VERTEX_POINT('',#3401);
#3401 = CARTESIAN_POINT('',(284.2,19.5,30.8));
#3402 = SURFACE_CURVE('',#3403,(#3407,#3414),.PCURVE_S1.);
#3403 = LINE('',#3404,#3405);
#3404 = CARTESIAN_POINT('',(284.2,19.5,30.3));
#3405 = VECTOR('',#3406,1.);
#3406 = DIRECTION('',(0.,0.,1.));
#3407 = PCURVE('',#100,#3408);
#3408 = DEFINITIONAL_REPRESENTATION('',(#3409),#3413);
#3409 = LINE('',#3410,#3411);
#3410 = CARTESIAN_POINT('',(10.5,18.6));
#3411 = VECTOR('',#3412,1.);
#3412 = DIRECTION('',(1.,0.));
#3413 = ( GEOMETRIC_REPRESENTATION_CONTEXT(2) 
PARAMETRIC_REPRESENTATION_CONTEXT() REPRESENTATION_CONTEXT('2D SPACE',''
  ) );
#3414 = PCURVE('',#3084,#3415);
#3415 = DEFINITIONAL_REPRESENTATION('',(#3416),#3420);
#3416 = LINE('',#3417,#3418);
#3417 = CARTESIAN_POINT('',(-5.256093937943,-10.27648539696));
#3418 = VECTOR('',#3419,1.);
#3419 = DIRECTION('',(1.,0.));
#3420 = ( GEOMETRIC_REPRESENTATION_CONTEXT(2) 
PARAMETRIC_REPRESENTATION_CONTEXT() REPRESENTATION_CONTEXT('2D SPACE',''
  ) );
#3421 = ORIENTED_EDGE('',*,*,#3422,.T.);
#3422 = EDGE_CURVE('',#3400,#3423,#3425,.T.);
#3423 = VERTEX_POINT('',#3424);
#3424 = CARTESIAN_POINT('',(294.4,19.5,30.8));
#3425 = SURFACE_CURVE('',#3426,(#3430,#3437),.PCURVE_S1.);
#3426 = LINE('',#3427,#3428);
#3427 = CARTESIAN_POINT('',(265.6,19.5,30.8));
#3428 = VECTOR('',#3429,1.);
#3429 = DIRECTION('',(1.,0.,-0.));
#3430 = PCURVE('',#100,#3431);
#3431 = DEFINITIONAL_REPRESENTATION('',(#3432),#3436);
#3432 = LINE('',#3433,#3434);
#3433 = CARTESIAN_POINT('',(11.,0.));
#3434 = VECTOR('',#3435,1.);
#3435 = DIRECTION('',(0.,1.));
#3436 = ( GEOMETRIC_REPRESENTATION_CONTEXT(2) 
PARAMETRIC_REPRESENTATION_CONTEXT() REPRESENTATION_CONTEXT('2D SPACE',''
  ) );
#3437 = PCURVE('',#3057,#3438);
#3438 = DEFINITIONAL_REPRESENTATION('',(#3439),#3443);
#3439 = LINE('',#3440,#3441);
#3440 = CARTESIAN_POINT('',(0.,18.5));
#3441 = VECTOR('',#3442,1.);
#3442 = DIRECTION('',(1.,0.));
#3443 = ( GEOMETRIC_REPRESENTATION_CONTEXT(2) 
PARAMETRIC_REPRESENTATION_CONTEXT() REPRESENTATION_CONTEXT('2D SPACE',''
  ) );
#3444 = ORIENTED_EDGE('',*,*,#3445,.T.);
#3445 = EDGE_CURVE('',#3423,#3446,#3448,.T.);
#3446 = VERTEX_POINT('',#3447);
#3447 = CARTESIAN_POINT('',(294.4,19.5,33.3));
#3448 = SURFACE_CURVE('',#3449,(#3453,#3460),.PCURVE_S1.);
#3449 = LINE('',#3450,#3451);
#3450 = CARTESIAN_POINT('',(294.4,19.5,30.3));
#3451 = VECTOR('',#3452,1.);
#3452 = DIRECTION('',(0.,0.,1.));
#3453 = PCURVE('',#100,#3454);
#3454 = DEFINITIONAL_REPRESENTATION('',(#3455),#3459);
#3455 = LINE('',#3456,#3457);
#3456 = CARTESIAN_POINT('',(10.5,28.8));
#3457 = VECTOR('',#3458,1.);
#3458 = DIRECTION('',(1.,0.));
#3459 = ( GEOMETRIC_REPRESENTATION_CONTEXT(2) 
PARAMETRIC_REPRESENTATION_CONTEXT() REPRESENTATION_CONTEXT('2D SPACE',''
  ) );
#3460 = PCURVE('',#3030,#3461);
#3461 = DEFINITIONAL_REPRESENTATION('',(#3462),#3466);
#3462 = LINE('',#3463,#3464);
#3463 = CARTESIAN_POINT('',(-5.256093937943,-10.27648539696));
#3464 = VECTOR('',#3465,1.);
#3465 = DIRECTION('',(1.,0.));
#3466 = ( GEOMETRIC_REPRESENTATION_CONTEXT(2) 
PARAMETRIC_REPRESENTATION_CONTEXT() REPRESENTATION_CONTEXT('2D SPACE',''
  ) );
#3467 = ORIENTED_EDGE('',*,*,#3468,.T.);
#3468 = EDGE_CURVE('',#3446,#3469,#3471,.T.);
#3469 = VERTEX_POINT('',#3470);
#3470 = CARTESIAN_POINT('',(297.6,19.5,33.3));
#3471 = SURFACE_CURVE('',#3472,(#3476,#3483),.PCURVE_S1.);
#3472 = LINE('',#3473,#3474);
#3473 = CARTESIAN_POINT('',(294.4,19.5,33.3));
#3474 = VECTOR('',#3475,1.);
#3475 = DIRECTION('',(1.,0.,0.));
#3476 = PCURVE('',#100,#3477);
#3477 = DEFINITIONAL_REPRESENTATION('',(#3478),#3482);
#3478 = LINE('',#3479,#3480);
#3479 = CARTESIAN_POINT('',(13.5,28.8));
#3480 = VECTOR('',#3481,1.);
#3481 = DIRECTION('',(0.,1.));
#3482 = ( GEOMETRIC_REPRESENTATION_CONTEXT(2) 
PARAMETRIC_REPRESENTATION_CONTEXT() REPRESENTATION_CONTEXT('2D SPACE',''
  ) );
#3483 = PCURVE('',#3003,#3484);
#3484 = DEFINITIONAL_REPRESENTATION('',(#3485),#3489);
#3485 = LINE('',#3486,#3487);
#3486 = CARTESIAN_POINT('',(0.,0.));
#3487 = VECTOR('',#3488,1.);
#3488 = DIRECTION('',(0.,-1.));
#3489 = ( GEOMETRIC_REPRESENTATION_CONTEXT(2) 
PARAMETRIC_REPRESENTATION_CONTEXT() REPRESENTATION_CONTEXT('2D SPACE',''
  ) );
#3490 = ORIENTED_EDGE('',*,*,#3491,.F.);
#3491 = EDGE_CURVE('',#3492,#3469,#3494,.T.);
#3492 = VERTEX_POINT('',#3493);
#3493 = CARTESIAN_POINT('',(297.6,19.5,30.8));
#3494 = SURFACE_CURVE('',#3495,(#3499,#3506),.PCURVE_S1.);
#3495 = LINE('',#3496,#3497);
#3496 = CARTESIAN_POINT('',(297.6,19.5,30.3));
#3497 = VECTOR('',#3498,1.);
#3498 = DIRECTION('',(0.,0.,1.));
#3499 = PCURVE('',#100,#3500);
#3500 = DEFINITIONAL_REPRESENTATION('',(#3501),#3505);
#3501 = LINE('',#3502,#3503);
#3502 = CARTESIAN_POINT('',(10.5,32.));
#3503 = VECTOR('',#3504,1.);
#3504 = DIRECTION('',(1.,0.));
#3505 = ( GEOMETRIC_REPRESENTATION_CONTEXT(2) 
PARAMETRIC_REPRESENTATION_CONTEXT() REPRESENTATION_CONTEXT('2D SPACE',''
  ) );
#3506 = PCURVE('',#2976,#3507);
#3507 = DEFINITIONAL_REPRESENTATION('',(#3508),#3512);
#3508 = LINE('',#3509,#3510);
#3509 = CARTESIAN_POINT('',(-5.256093937943,-10.27648539696));
#3510 = VECTOR('',#3511,1.);
#3511 = DIRECTION('',(1.,0.));
#3512 = ( GEOMETRIC_REPRESENTATION_CONTEXT(2) 
PARAMETRIC_REPRESENTATION_CONTEXT() REPRESENTATION_CONTEXT('2D SPACE',''
  ) );
#3513 = ORIENTED_EDGE('',*,*,#3514,.T.);
#3514 = EDGE_CURVE('',#3492,#3515,#3517,.T.);
#3515 = VERTEX_POINT('',#3516);
#3516 = CARTESIAN_POINT('',(299.6,19.5,30.8));
#3517 = SURFACE_CURVE('',#3518,(#3522,#3529),.PCURVE_S1.);
#3518 = LINE('',#3519,#3520);
#3519 = CARTESIAN_POINT('',(265.6,19.5,30.8));
#3520 = VECTOR('',#3521,1.);
#3521 = DIRECTION('',(1.,0.,-0.));
#3522 = PCURVE('',#100,#3523);
#3523 = DEFINITIONAL_REPRESENTATION('',(#3524),#3528);
#3524 = LINE('',#3525,#3526);
#3525 = CARTESIAN_POINT('',(11.,0.));
#3526 = VECTOR('',#3527,1.);
#3527 = DIRECTION('',(0.,1.));
#3528 = ( GEOMETRIC_REPRESENTATION_CONTEXT(2) 
PARAMETRIC_REPRESENTATION_CONTEXT() REPRESENTATION_CONTEXT('2D SPACE',''
  ) );
#3529 = PCURVE('',#2949,#3530);
#3530 = DEFINITIONAL_REPRESENTATION('',(#3531),#3535);
#3531 = LINE('',#3532,#3533);
#3532 = CARTESIAN_POINT('',(0.,18.5));
#3533 = VECTOR('',#3534,1.);
#3534 = DIRECTION('',(1.,0.));
#3535 = ( GEOMETRIC_REPRESENTATION_CONTEXT(2) 
PARAMETRIC_REPRESENTATION_CONTEXT() REPRESENTATION_CONTEXT('2D SPACE',''
  ) );
#3536 = ORIENTED_EDGE('',*,*,#3537,.F.);
#3537 = EDGE_CURVE('',#3538,#3515,#3540,.T.);
#3538 = VERTEX_POINT('',#3539);
#3539 = CARTESIAN_POINT('',(299.6,19.5,19.8));
#3540 = SURFACE_CURVE('',#3541,(#3545,#3552),.PCURVE_S1.);
#3541 = LINE('',#3542,#3543);
#3542 = CARTESIAN_POINT('',(299.6,19.5,19.8));
#3543 = VECTOR('',#3544,1.);
#3544 = DIRECTION('',(0.,0.,1.));
#3545 = PCURVE('',#100,#3546);
#3546 = DEFINITIONAL_REPRESENTATION('',(#3547),#3551);
#3547 = LINE('',#3548,#3549);
#3548 = CARTESIAN_POINT('',(0.,34.));
#3549 = VECTOR('',#3550,1.);
#3550 = DIRECTION('',(1.,0.));
#3551 = ( GEOMETRIC_REPRESENTATION_CONTEXT(2) 
PARAMETRIC_REPRESENTATION_CONTEXT() REPRESENTATION_CONTEXT('2D SPACE',''
  ) );
#3552 = PCURVE('',#213,#3553);
#3553 = DEFINITIONAL_REPRESENTATION('',(#3554),#3558);
#3554 = LINE('',#3555,#3556);
#3555 = CARTESIAN_POINT('',(0.,-18.5));
#3556 = VECTOR('',#3557,1.);
#3557 = DIRECTION('',(1.,0.));
#3558 = ( GEOMETRIC_REPRESENTATION_CONTEXT(2) 
PARAMETRIC_REPRESENTATION_CONTEXT() REPRESENTATION_CONTEXT('2D SPACE',''
  ) );
#3559 = ORIENTED_EDGE('',*,*,#3560,.F.);
#3560 = EDGE_CURVE('',#57,#3538,#3561,.T.);
#3561 = SURFACE_CURVE('',#3562,(#3566,#3573),.PCURVE_S1.);
#3562 = LINE('',#3563,#3564);
#3563 = CARTESIAN_POINT('',(265.6,19.5,19.8));
#3564 = VECTOR('',#3565,1.);
#3565 = DIRECTION('',(1.,0.,-0.));
#3566 = PCURVE('',#100,#3567);
#3567 = DEFINITIONAL_REPRESENTATION('',(#3568),#3572);
#3568 = LINE('',#3569,#3570);
#3569 = CARTESIAN_POINT('',(0.,0.));
#3570 = VECTOR('',#3571,1.);
#3571 = DIRECTION('',(0.,1.));
#3572 = ( GEOMETRIC_REPRESENTATION_CONTEXT(2) 
PARAMETRIC_REPRESENTATION_CONTEXT() REPRESENTATION_CONTEXT('2D SPACE',''
  ) );
#3573 = PCURVE('',#72,#3574);
#3574 = DEFINITIONAL_REPRESENTATION('',(#3575),#3579);
#3575 = LINE('',#3576,#3577);
#3576 = CARTESIAN_POINT('',(0.,18.5));
#3577 = VECTOR('',#3578,1.);
#3578 = DIRECTION('',(1.,0.));
#3579 = ( GEOMETRIC_REPRESENTATION_CONTEXT(2) 
PARAMETRIC_REPRESENTATION_CONTEXT() REPRESENTATION_CONTEXT('2D SPACE',''
  ) );
#3580 = ORIENTED_EDGE('',*,*,#84,.T.);
#3581 = ORIENTED_EDGE('',*,*,#3281,.T.);
#3582 = ORIENTED_EDGE('',*,*,#3583,.T.);
#3583 = EDGE_CURVE('',#3282,#3584,#3586,.T.);
#3584 = VERTEX_POINT('',#3585);
#3585 = CARTESIAN_POINT('',(267.6,19.5,33.3));
#3586 = SURFACE_CURVE('',#3587,(#3591,#3598),.PCURVE_S1.);
#3587 = LINE('',#3588,#3589);
#3588 = CARTESIAN_POINT('',(267.6,19.5,30.3));
#3589 = VECTOR('',#3590,1.);
#3590 = DIRECTION('',(0.,0.,1.));
#3591 = PCURVE('',#100,#3592);
#3592 = DEFINITIONAL_REPRESENTATION('',(#3593),#3597);
#3593 = LINE('',#3594,#3595);
#3594 = CARTESIAN_POINT('',(10.5,2.));
#3595 = VECTOR('',#3596,1.);
#3596 = DIRECTION('',(1.,0.));
#3597 = ( GEOMETRIC_REPRESENTATION_CONTEXT(2) 
PARAMETRIC_REPRESENTATION_CONTEXT() REPRESENTATION_CONTEXT('2D SPACE',''
  ) );
#3598 = PCURVE('',#3246,#3599);
#3599 = DEFINITIONAL_REPRESENTATION('',(#3600),#3604);
#3600 = LINE('',#3601,#3602);
#3601 = CARTESIAN_POINT('',(-5.256093937943,-10.27648539696));
#3602 = VECTOR('',#3603,1.);
#3603 = DIRECTION('',(1.,0.));
#3604 = ( GEOMETRIC_REPRESENTATION_CONTEXT(2) 
PARAMETRIC_REPRESENTATION_CONTEXT() REPRESENTATION_CONTEXT('2D SPACE',''
  ) );
#3605 = ORIENTED_EDGE('',*,*,#3606,.T.);
#3606 = EDGE_CURVE('',#3584,#3607,#3609,.T.);
#3607 = VERTEX_POINT('',#3608);
#3608 = CARTESIAN_POINT('',(270.8,19.5,33.3));
#3609 = SURFACE_CURVE('',#3610,(#3614,#3621),.PCURVE_S1.);
#3610 = LINE('',#3611,#3612);
#3611 = CARTESIAN_POINT('',(267.6,19.5,33.3));
#3612 = VECTOR('',#3613,1.);
#3613 = DIRECTION('',(1.,0.,0.));
#3614 = PCURVE('',#100,#3615);
#3615 = DEFINITIONAL_REPRESENTATION('',(#3616),#3620);
#3616 = LINE('',#3617,#3618);
#3617 = CARTESIAN_POINT('',(13.5,2.));
#3618 = VECTOR('',#3619,1.);
#3619 = DIRECTION('',(0.,1.));
#3620 = ( GEOMETRIC_REPRESENTATION_CONTEXT(2) 
PARAMETRIC_REPRESENTATION_CONTEXT() REPRESENTATION_CONTEXT('2D SPACE',''
  ) );
#3621 = PCURVE('',#3219,#3622);
#3622 = DEFINITIONAL_REPRESENTATION('',(#3623),#3627);
#3623 = LINE('',#3624,#3625);
#3624 = CARTESIAN_POINT('',(0.,0.));
#3625 = VECTOR('',#3626,1.);
#3626 = DIRECTION('',(0.,-1.));
#3627 = ( GEOMETRIC_REPRESENTATION_CONTEXT(2) 
PARAMETRIC_REPRESENTATION_CONTEXT() REPRESENTATION_CONTEXT('2D SPACE',''
  ) );
#3628 = ORIENTED_EDGE('',*,*,#3629,.F.);
#3629 = EDGE_CURVE('',#3329,#3607,#3630,.T.);
#3630 = SURFACE_CURVE('',#3631,(#3635,#3642),.PCURVE_S1.);
#3631 = LINE('',#3632,#3633);
#3632 = CARTESIAN_POINT('',(270.8,19.5,30.3));
#3633 = VECTOR('',#3634,1.);
#3634 = DIRECTION('',(0.,0.,1.));
#3635 = PCURVE('',#100,#3636);
#3636 = DEFINITIONAL_REPRESENTATION('',(#3637),#3641);
#3637 = LINE('',#3638,#3639);
#3638 = CARTESIAN_POINT('',(10.5,5.2));
#3639 = VECTOR('',#3640,1.);
#3640 = DIRECTION('',(1.,0.));
#3641 = ( GEOMETRIC_REPRESENTATION_CONTEXT(2) 
PARAMETRIC_REPRESENTATION_CONTEXT() REPRESENTATION_CONTEXT('2D SPACE',''
  ) );
#3642 = PCURVE('',#3192,#3643);
#3643 = DEFINITIONAL_REPRESENTATION('',(#3644),#3648);
#3644 = LINE('',#3645,#3646);
#3645 = CARTESIAN_POINT('',(-5.256093937943,-10.27648539696));
#3646 = VECTOR('',#3647,1.);
#3647 = DIRECTION('',(1.,0.));
#3648 = ( GEOMETRIC_REPRESENTATION_CONTEXT(2) 
PARAMETRIC_REPRESENTATION_CONTEXT() REPRESENTATION_CONTEXT('2D SPACE',''
  ) );
#3649 = ADVANCED_FACE('',(#3650),#72,.F.);
#3650 = FACE_BOUND('',#3651,.F.);
#3651 = EDGE_LOOP('',(#3652,#3673,#3674,#3675,#3676,#3697,#3723,#3749,
    #3775,#3801,#3827,#3846));
#3652 = ORIENTED_EDGE('',*,*,#3653,.T.);
#3653 = EDGE_CURVE('',#196,#3538,#3654,.T.);
#3654 = SURFACE_CURVE('',#3655,(#3659,#3666),.PCURVE_S1.);
#3655 = LINE('',#3656,#3657);
#3656 = CARTESIAN_POINT('',(299.6,1.,19.8));
#3657 = VECTOR('',#3658,1.);
#3658 = DIRECTION('',(-0.,1.,0.));
#3659 = PCURVE('',#72,#3660);
#3660 = DEFINITIONAL_REPRESENTATION('',(#3661),#3665);
#3661 = LINE('',#3662,#3663);
#3662 = CARTESIAN_POINT('',(34.,0.));
#3663 = VECTOR('',#3664,1.);
#3664 = DIRECTION('',(0.,1.));
#3665 = ( GEOMETRIC_REPRESENTATION_CONTEXT(2) 
PARAMETRIC_REPRESENTATION_CONTEXT() REPRESENTATION_CONTEXT('2D SPACE',''
  ) );
#3666 = PCURVE('',#213,#3667);
#3667 = DEFINITIONAL_REPRESENTATION('',(#3668),#3672);
#3668 = LINE('',#3669,#3670);
#3669 = CARTESIAN_POINT('',(0.,0.));
#3670 = VECTOR('',#3671,1.);
#3671 = DIRECTION('',(0.,-1.));
#3672 = ( GEOMETRIC_REPRESENTATION_CONTEXT(2) 
PARAMETRIC_REPRESENTATION_CONTEXT() REPRESENTATION_CONTEXT('2D SPACE',''
  ) );
#3673 = ORIENTED_EDGE('',*,*,#3560,.F.);
#3674 = ORIENTED_EDGE('',*,*,#56,.F.);
#3675 = ORIENTED_EDGE('',*,*,#328,.T.);
#3676 = ORIENTED_EDGE('',*,*,#3677,.F.);
#3677 = EDGE_CURVE('',#3678,#303,#3680,.T.);
#3678 = VERTEX_POINT('',#3679);
#3679 = CARTESIAN_POINT('',(273.6064516129,2.5,19.8));
#3680 = SURFACE_CURVE('',#3681,(#3685,#3691),.PCURVE_S1.);
#3681 = LINE('',#3682,#3683);
#3682 = CARTESIAN_POINT('',(273.6064516129,0.5,19.8));
#3683 = VECTOR('',#3684,1.);
#3684 = DIRECTION('',(-0.,-1.,0.));
#3685 = PCURVE('',#72,#3686);
#3686 = DEFINITIONAL_REPRESENTATION('',(#3687),#3690);
#3687 = B_SPLINE_CURVE_WITH_KNOTS('',1,(#3688,#3689),.UNSPECIFIED.,.F.,
  .F.,(2,2),(-2.,-0.5),.PIECEWISE_BEZIER_KNOTS.);
#3688 = CARTESIAN_POINT('',(8.006451612903,1.5));
#3689 = CARTESIAN_POINT('',(8.006451612903,0.));
#3690 = ( GEOMETRIC_REPRESENTATION_CONTEXT(2) 
PARAMETRIC_REPRESENTATION_CONTEXT() REPRESENTATION_CONTEXT('2D SPACE',''
  ) );
#3691 = PCURVE('',#317,#3692);
#3692 = DEFINITIONAL_REPRESENTATION('',(#3693),#3696);
#3693 = B_SPLINE_CURVE_WITH_KNOTS('',1,(#3694,#3695),.UNSPECIFIED.,.F.,
  .F.,(2,2),(-2.,-0.5),.PIECEWISE_BEZIER_KNOTS.);
#3694 = CARTESIAN_POINT('',(7.774231193859,-2.5));
#3695 = CARTESIAN_POINT('',(7.774231193859,-1.));
#3696 = ( GEOMETRIC_REPRESENTATION_CONTEXT(2) 
PARAMETRIC_REPRESENTATION_CONTEXT() REPRESENTATION_CONTEXT('2D SPACE',''
  ) );
#3697 = ORIENTED_EDGE('',*,*,#3698,.T.);
#3698 = EDGE_CURVE('',#3678,#3699,#3701,.T.);
#3699 = VERTEX_POINT('',#3700);
#3700 = CARTESIAN_POINT('',(274.1064516129,2.5,19.8));
#3701 = SURFACE_CURVE('',#3702,(#3706,#3712),.PCURVE_S1.);
#3702 = LINE('',#3703,#3704);
#3703 = CARTESIAN_POINT('',(274.1,2.5,19.8));
#3704 = VECTOR('',#3705,1.);
#3705 = DIRECTION('',(1.,0.,0.));
#3706 = PCURVE('',#72,#3707);
#3707 = DEFINITIONAL_REPRESENTATION('',(#3708),#3711);
#3708 = B_SPLINE_CURVE_WITH_KNOTS('',1,(#3709,#3710),.UNSPECIFIED.,.F.,
  .F.,(2,2),(-3.3,20.3),.PIECEWISE_BEZIER_KNOTS.);
#3709 = CARTESIAN_POINT('',(5.2,1.5));
#3710 = CARTESIAN_POINT('',(28.8,1.5));
#3711 = ( GEOMETRIC_REPRESENTATION_CONTEXT(2) 
PARAMETRIC_REPRESENTATION_CONTEXT() REPRESENTATION_CONTEXT('2D SPACE',''
  ) );
#3712 = PCURVE('',#3713,#3718);
#3713 = PLANE('',#3714);
#3714 = AXIS2_PLACEMENT_3D('',#3715,#3716,#3717);
#3715 = CARTESIAN_POINT('',(282.6,2.5,23.577104640673));
#3716 = DIRECTION('',(-0.,-1.,-0.));
#3717 = DIRECTION('',(0.,0.,-1.));
#3718 = DEFINITIONAL_REPRESENTATION('',(#3719),#3722);
#3719 = B_SPLINE_CURVE_WITH_KNOTS('',1,(#3720,#3721),.UNSPECIFIED.,.F.,
  .F.,(2,2),(-3.3,20.3),.PIECEWISE_BEZIER_KNOTS.);
#3720 = CARTESIAN_POINT('',(3.777104640673,-11.8));
#3721 = CARTESIAN_POINT('',(3.777104640673,11.8));
#3722 = ( GEOMETRIC_REPRESENTATION_CONTEXT(2) 
PARAMETRIC_REPRESENTATION_CONTEXT() REPRESENTATION_CONTEXT('2D SPACE',''
  ) );
#3723 = ORIENTED_EDGE('',*,*,#3724,.F.);
#3724 = EDGE_CURVE('',#3725,#3699,#3727,.T.);
#3725 = VERTEX_POINT('',#3726);
#3726 = CARTESIAN_POINT('',(274.1064516129,15.5,19.8));
#3727 = SURFACE_CURVE('',#3728,(#3732,#3738),.PCURVE_S1.);
#3728 = LINE('',#3729,#3730);
#3729 = CARTESIAN_POINT('',(274.1064516129,0.5,19.8));
#3730 = VECTOR('',#3731,1.);
#3731 = DIRECTION('',(-0.,-1.,0.));
#3732 = PCURVE('',#72,#3733);
#3733 = DEFINITIONAL_REPRESENTATION('',(#3734),#3737);
#3734 = B_SPLINE_CURVE_WITH_KNOTS('',1,(#3735,#3736),.UNSPECIFIED.,.F.,
  .F.,(2,2),(-15.,-0.5),.PIECEWISE_BEZIER_KNOTS.);
#3735 = CARTESIAN_POINT('',(8.506451612903,14.5));
#3736 = CARTESIAN_POINT('',(8.506451612903,0.));
#3737 = ( GEOMETRIC_REPRESENTATION_CONTEXT(2) 
PARAMETRIC_REPRESENTATION_CONTEXT() REPRESENTATION_CONTEXT('2D SPACE',''
  ) );
#3738 = PCURVE('',#3739,#3744);
#3739 = PLANE('',#3740);
#3740 = AXIS2_PLACEMENT_3D('',#3741,#3742,#3743);
#3741 = CARTESIAN_POINT('',(271.3,0.,27.05));
#3742 = DIRECTION('',(-0.932568098274,0.,-0.360994102558));
#3743 = DIRECTION('',(0.360994102558,0.,-0.932568098274));
#3744 = DEFINITIONAL_REPRESENTATION('',(#3745),#3748);
#3745 = B_SPLINE_CURVE_WITH_KNOTS('',1,(#3746,#3747),.UNSPECIFIED.,.F.,
  .F.,(2,2),(-15.,-0.5),.PIECEWISE_BEZIER_KNOTS.);
#3746 = CARTESIAN_POINT('',(7.774231193859,-15.5));
#3747 = CARTESIAN_POINT('',(7.774231193859,-1.));
#3748 = ( GEOMETRIC_REPRESENTATION_CONTEXT(2) 
PARAMETRIC_REPRESENTATION_CONTEXT() REPRESENTATION_CONTEXT('2D SPACE',''
  ) );
#3749 = ORIENTED_EDGE('',*,*,#3750,.T.);
#3750 = EDGE_CURVE('',#3725,#3751,#3753,.T.);
#3751 = VERTEX_POINT('',#3752);
#3752 = CARTESIAN_POINT('',(291.09354838709,15.5,19.8));
#3753 = SURFACE_CURVE('',#3754,(#3758,#3764),.PCURVE_S1.);
#3754 = LINE('',#3755,#3756);
#3755 = CARTESIAN_POINT('',(274.1,15.5,19.8));
#3756 = VECTOR('',#3757,1.);
#3757 = DIRECTION('',(1.,0.,0.));
#3758 = PCURVE('',#72,#3759);
#3759 = DEFINITIONAL_REPRESENTATION('',(#3760),#3763);
#3760 = B_SPLINE_CURVE_WITH_KNOTS('',1,(#3761,#3762),.UNSPECIFIED.,.F.,
  .F.,(2,2),(-2.8,19.8),.PIECEWISE_BEZIER_KNOTS.);
#3761 = CARTESIAN_POINT('',(5.7,14.5));
#3762 = CARTESIAN_POINT('',(28.3,14.5));
#3763 = ( GEOMETRIC_REPRESENTATION_CONTEXT(2) 
PARAMETRIC_REPRESENTATION_CONTEXT() REPRESENTATION_CONTEXT('2D SPACE',''
  ) );
#3764 = PCURVE('',#3765,#3770);
#3765 = PLANE('',#3766);
#3766 = AXIS2_PLACEMENT_3D('',#3767,#3768,#3769);
#3767 = CARTESIAN_POINT('',(282.6,15.5,23.591511630747));
#3768 = DIRECTION('',(-0.,-1.,-0.));
#3769 = DIRECTION('',(0.,0.,-1.));
#3770 = DEFINITIONAL_REPRESENTATION('',(#3771),#3774);
#3771 = B_SPLINE_CURVE_WITH_KNOTS('',1,(#3772,#3773),.UNSPECIFIED.,.F.,
  .F.,(2,2),(-2.8,19.8),.PIECEWISE_BEZIER_KNOTS.);
#3772 = CARTESIAN_POINT('',(3.791511630747,-11.3));
#3773 = CARTESIAN_POINT('',(3.791511630747,11.3));
#3774 = ( GEOMETRIC_REPRESENTATION_CONTEXT(2) 
PARAMETRIC_REPRESENTATION_CONTEXT() REPRESENTATION_CONTEXT('2D SPACE',''
  ) );
#3775 = ORIENTED_EDGE('',*,*,#3776,.F.);
#3776 = EDGE_CURVE('',#3777,#3751,#3779,.T.);
#3777 = VERTEX_POINT('',#3778);
#3778 = CARTESIAN_POINT('',(291.09354838709,2.5,19.8));
#3779 = SURFACE_CURVE('',#3780,(#3784,#3790),.PCURVE_S1.);
#3780 = LINE('',#3781,#3782);
#3781 = CARTESIAN_POINT('',(291.09354838709,0.5,19.8));
#3782 = VECTOR('',#3783,1.);
#3783 = DIRECTION('',(-0.,1.,0.));
#3784 = PCURVE('',#72,#3785);
#3785 = DEFINITIONAL_REPRESENTATION('',(#3786),#3789);
#3786 = B_SPLINE_CURVE_WITH_KNOTS('',1,(#3787,#3788),.UNSPECIFIED.,.F.,
  .F.,(2,2),(0.5,15.),.PIECEWISE_BEZIER_KNOTS.);
#3787 = CARTESIAN_POINT('',(25.493548387097,0.));
#3788 = CARTESIAN_POINT('',(25.493548387097,14.5));
#3789 = ( GEOMETRIC_REPRESENTATION_CONTEXT(2) 
PARAMETRIC_REPRESENTATION_CONTEXT() REPRESENTATION_CONTEXT('2D SPACE',''
  ) );
#3790 = PCURVE('',#3791,#3796);
#3791 = PLANE('',#3792);
#3792 = AXIS2_PLACEMENT_3D('',#3793,#3794,#3795);
#3793 = CARTESIAN_POINT('',(290.9,0.,19.3));
#3794 = DIRECTION('',(0.932568098274,0.,-0.360994102558));
#3795 = DIRECTION('',(0.360994102558,0.,0.932568098274));
#3796 = DEFINITIONAL_REPRESENTATION('',(#3797),#3800);
#3797 = B_SPLINE_CURVE_WITH_KNOTS('',1,(#3798,#3799),.UNSPECIFIED.,.F.,
  .F.,(2,2),(0.5,15.),.PIECEWISE_BEZIER_KNOTS.);
#3798 = CARTESIAN_POINT('',(0.536153875439,-1.));
#3799 = CARTESIAN_POINT('',(0.536153875439,-15.5));
#3800 = ( GEOMETRIC_REPRESENTATION_CONTEXT(2) 
PARAMETRIC_REPRESENTATION_CONTEXT() REPRESENTATION_CONTEXT('2D SPACE',''
  ) );
#3801 = ORIENTED_EDGE('',*,*,#3802,.T.);
#3802 = EDGE_CURVE('',#3777,#3803,#3805,.T.);
#3803 = VERTEX_POINT('',#3804);
#3804 = CARTESIAN_POINT('',(291.59354838709,2.5,19.8));
#3805 = SURFACE_CURVE('',#3806,(#3810,#3816),.PCURVE_S1.);
#3806 = LINE('',#3807,#3808);
#3807 = CARTESIAN_POINT('',(274.1,2.5,19.8));
#3808 = VECTOR('',#3809,1.);
#3809 = DIRECTION('',(1.,0.,0.));
#3810 = PCURVE('',#72,#3811);
#3811 = DEFINITIONAL_REPRESENTATION('',(#3812),#3815);
#3812 = B_SPLINE_CURVE_WITH_KNOTS('',1,(#3813,#3814),.UNSPECIFIED.,.F.,
  .F.,(2,2),(-3.3,20.3),.PIECEWISE_BEZIER_KNOTS.);
#3813 = CARTESIAN_POINT('',(5.2,1.5));
#3814 = CARTESIAN_POINT('',(28.8,1.5));
#3815 = ( GEOMETRIC_REPRESENTATION_CONTEXT(2) 
PARAMETRIC_REPRESENTATION_CONTEXT() REPRESENTATION_CONTEXT('2D SPACE',''
  ) );
#3816 = PCURVE('',#3817,#3822);
#3817 = PLANE('',#3818);
#3818 = AXIS2_PLACEMENT_3D('',#3819,#3820,#3821);
#3819 = CARTESIAN_POINT('',(282.6,2.5,23.577104640673));
#3820 = DIRECTION('',(-0.,-1.,-0.));
#3821 = DIRECTION('',(0.,0.,-1.));
#3822 = DEFINITIONAL_REPRESENTATION('',(#3823),#3826);
#3823 = B_SPLINE_CURVE_WITH_KNOTS('',1,(#3824,#3825),.UNSPECIFIED.,.F.,
  .F.,(2,2),(-3.3,20.3),.PIECEWISE_BEZIER_KNOTS.);
#3824 = CARTESIAN_POINT('',(3.777104640673,-11.8));
#3825 = CARTESIAN_POINT('',(3.777104640673,11.8));
#3826 = ( GEOMETRIC_REPRESENTATION_CONTEXT(2) 
PARAMETRIC_REPRESENTATION_CONTEXT() REPRESENTATION_CONTEXT('2D SPACE',''
  ) );
#3827 = ORIENTED_EDGE('',*,*,#3828,.F.);
#3828 = EDGE_CURVE('',#226,#3803,#3829,.T.);
#3829 = SURFACE_CURVE('',#3830,(#3834,#3840),.PCURVE_S1.);
#3830 = LINE('',#3831,#3832);
#3831 = CARTESIAN_POINT('',(291.59354838709,0.5,19.8));
#3832 = VECTOR('',#3833,1.);
#3833 = DIRECTION('',(-0.,1.,0.));
#3834 = PCURVE('',#72,#3835);
#3835 = DEFINITIONAL_REPRESENTATION('',(#3836),#3839);
#3836 = B_SPLINE_CURVE_WITH_KNOTS('',1,(#3837,#3838),.UNSPECIFIED.,.F.,
  .F.,(2,2),(0.5,2.),.PIECEWISE_BEZIER_KNOTS.);
#3837 = CARTESIAN_POINT('',(25.993548387097,0.));
#3838 = CARTESIAN_POINT('',(25.993548387097,1.5));
#3839 = ( GEOMETRIC_REPRESENTATION_CONTEXT(2) 
PARAMETRIC_REPRESENTATION_CONTEXT() REPRESENTATION_CONTEXT('2D SPACE',''
  ) );
#3840 = PCURVE('',#263,#3841);
#3841 = DEFINITIONAL_REPRESENTATION('',(#3842),#3845);
#3842 = B_SPLINE_CURVE_WITH_KNOTS('',1,(#3843,#3844),.UNSPECIFIED.,.F.,
  .F.,(2,2),(0.5,2.),.PIECEWISE_BEZIER_KNOTS.);
#3843 = CARTESIAN_POINT('',(0.536153875439,-1.));
#3844 = CARTESIAN_POINT('',(0.536153875439,-2.5));
#3845 = ( GEOMETRIC_REPRESENTATION_CONTEXT(2) 
PARAMETRIC_REPRESENTATION_CONTEXT() REPRESENTATION_CONTEXT('2D SPACE',''
  ) );
#3846 = ORIENTED_EDGE('',*,*,#225,.T.);
#3847 = ADVANCED_FACE('',(#3848),#213,.T.);
#3848 = FACE_BOUND('',#3849,.T.);
#3849 = EDGE_LOOP('',(#3850,#3851,#3852,#3853,#3874,#3875));
#3850 = ORIENTED_EDGE('',*,*,#195,.F.);
#3851 = ORIENTED_EDGE('',*,*,#3653,.T.);
#3852 = ORIENTED_EDGE('',*,*,#3537,.T.);
#3853 = ORIENTED_EDGE('',*,*,#3854,.F.);
#3854 = EDGE_CURVE('',#2911,#3515,#3855,.T.);
#3855 = SURFACE_CURVE('',#3856,(#3860,#3867),.PCURVE_S1.);
#3856 = LINE('',#3857,#3858);
#3857 = CARTESIAN_POINT('',(299.6,1.,30.8));
#3858 = VECTOR('',#3859,1.);
#3859 = DIRECTION('',(-0.,1.,0.));
#3860 = PCURVE('',#213,#3861);
#3861 = DEFINITIONAL_REPRESENTATION('',(#3862),#3866);
#3862 = LINE('',#3863,#3864);
#3863 = CARTESIAN_POINT('',(11.,0.));
#3864 = VECTOR('',#3865,1.);
#3865 = DIRECTION('',(0.,-1.));
#3866 = ( GEOMETRIC_REPRESENTATION_CONTEXT(2) 
PARAMETRIC_REPRESENTATION_CONTEXT() REPRESENTATION_CONTEXT('2D SPACE',''
  ) );
#3867 = PCURVE('',#2949,#3868);
#3868 = DEFINITIONAL_REPRESENTATION('',(#3869),#3873);
#3869 = LINE('',#3870,#3871);
#3870 = CARTESIAN_POINT('',(34.,0.));
#3871 = VECTOR('',#3872,1.);
#3872 = DIRECTION('',(0.,1.));
#3873 = ( GEOMETRIC_REPRESENTATION_CONTEXT(2) 
PARAMETRIC_REPRESENTATION_CONTEXT() REPRESENTATION_CONTEXT('2D SPACE',''
  ) );
#3874 = ORIENTED_EDGE('',*,*,#2910,.T.);
#3875 = ORIENTED_EDGE('',*,*,#3876,.F.);
#3876 = EDGE_CURVE('',#198,#2888,#3877,.T.);
#3877 = SURFACE_CURVE('',#3878,(#3882,#3889),.PCURVE_S1.);
#3878 = LINE('',#3879,#3880);
#3879 = CARTESIAN_POINT('',(299.6,1.,74.3));
#3880 = VECTOR('',#3881,1.);
#3881 = DIRECTION('',(-0.,1.,0.));
#3882 = PCURVE('',#213,#3883);
#3883 = DEFINITIONAL_REPRESENTATION('',(#3884),#3888);
#3884 = LINE('',#3885,#3886);
#3885 = CARTESIAN_POINT('',(54.5,0.));
#3886 = VECTOR('',#3887,1.);
#3887 = DIRECTION('',(0.,-1.));
#3888 = ( GEOMETRIC_REPRESENTATION_CONTEXT(2) 
PARAMETRIC_REPRESENTATION_CONTEXT() REPRESENTATION_CONTEXT('2D SPACE',''
  ) );
#3889 = PCURVE('',#1750,#3890);
#3890 = DEFINITIONAL_REPRESENTATION('',(#3891),#3895);
#3891 = LINE('',#3892,#3893);
#3892 = CARTESIAN_POINT('',(116.6,0.));
#3893 = VECTOR('',#3894,1.);
#3894 = DIRECTION('',(0.,1.));
#3895 = ( GEOMETRIC_REPRESENTATION_CONTEXT(2) 
PARAMETRIC_REPRESENTATION_CONTEXT() REPRESENTATION_CONTEXT('2D SPACE',''
  ) );
#3896 = ADVANCED_FACE('',(#3897),#1750,.T.);
#3897 = FACE_BOUND('',#3898,.T.);
#3898 = EDGE_LOOP('',(#3899,#3900,#3919,#3920));
#3899 = ORIENTED_EDGE('',*,*,#2887,.F.);
#3900 = ORIENTED_EDGE('',*,*,#3901,.F.);
#3901 = EDGE_CURVE('',#1709,#2865,#3902,.T.);
#3902 = SURFACE_CURVE('',#3903,(#3907,#3913),.PCURVE_S1.);
#3903 = LINE('',#3904,#3905);
#3904 = CARTESIAN_POINT('',(261.85,1.,74.3));
#3905 = VECTOR('',#3906,1.);
#3906 = DIRECTION('',(-0.,1.,0.));
#3907 = PCURVE('',#1750,#3908);
#3908 = DEFINITIONAL_REPRESENTATION('',(#3909),#3912);
#3909 = B_SPLINE_CURVE_WITH_KNOTS('',1,(#3910,#3911),.UNSPECIFIED.,.F.,
  .F.,(2,2),(0.,2.),.PIECEWISE_BEZIER_KNOTS.);
#3910 = CARTESIAN_POINT('',(78.85,0.));
#3911 = CARTESIAN_POINT('',(78.85,2.));
#3912 = ( GEOMETRIC_REPRESENTATION_CONTEXT(2) 
PARAMETRIC_REPRESENTATION_CONTEXT() REPRESENTATION_CONTEXT('2D SPACE',''
  ) );
#3913 = PCURVE('',#1724,#3914);
#3914 = DEFINITIONAL_REPRESENTATION('',(#3915),#3918);
#3915 = B_SPLINE_CURVE_WITH_KNOTS('',1,(#3916,#3917),.UNSPECIFIED.,.F.,
  .F.,(2,2),(0.,2.),.PIECEWISE_BEZIER_KNOTS.);
#3916 = CARTESIAN_POINT('',(44.,0.));
#3917 = CARTESIAN_POINT('',(44.,-2.));
#3918 = ( GEOMETRIC_REPRESENTATION_CONTEXT(2) 
PARAMETRIC_REPRESENTATION_CONTEXT() REPRESENTATION_CONTEXT('2D SPACE',''
  ) );
#3919 = ORIENTED_EDGE('',*,*,#1736,.T.);
#3920 = ORIENTED_EDGE('',*,*,#3876,.T.);
#3921 = ADVANCED_FACE('',(#3922),#263,.F.);
#3922 = FACE_BOUND('',#3923,.F.);
#3923 = EDGE_LOOP('',(#3924,#3925,#3948,#3969));
#3924 = ORIENTED_EDGE('',*,*,#3828,.T.);
#3925 = ORIENTED_EDGE('',*,*,#3926,.T.);
#3926 = EDGE_CURVE('',#3803,#3927,#3929,.T.);
#3927 = VERTEX_POINT('',#3928);
#3928 = CARTESIAN_POINT('',(294.4,2.5,27.05));
#3929 = SURFACE_CURVE('',#3930,(#3934,#3941),.PCURVE_S1.);
#3930 = LINE('',#3931,#3932);
#3931 = CARTESIAN_POINT('',(291.4,2.5,19.3));
#3932 = VECTOR('',#3933,1.);
#3933 = DIRECTION('',(0.360994102558,0.,0.932568098274));
#3934 = PCURVE('',#263,#3935);
#3935 = DEFINITIONAL_REPRESENTATION('',(#3936),#3940);
#3936 = LINE('',#3937,#3938);
#3937 = CARTESIAN_POINT('',(0.,-2.5));
#3938 = VECTOR('',#3939,1.);
#3939 = DIRECTION('',(1.,0.));
#3940 = ( GEOMETRIC_REPRESENTATION_CONTEXT(2) 
PARAMETRIC_REPRESENTATION_CONTEXT() REPRESENTATION_CONTEXT('2D SPACE',''
  ) );
#3941 = PCURVE('',#3817,#3942);
#3942 = DEFINITIONAL_REPRESENTATION('',(#3943),#3947);
#3943 = LINE('',#3944,#3945);
#3944 = CARTESIAN_POINT('',(4.277104640673,8.8));
#3945 = VECTOR('',#3946,1.);
#3946 = DIRECTION('',(-0.932568098274,0.360994102558));
#3947 = ( GEOMETRIC_REPRESENTATION_CONTEXT(2) 
PARAMETRIC_REPRESENTATION_CONTEXT() REPRESENTATION_CONTEXT('2D SPACE',''
  ) );
#3948 = ORIENTED_EDGE('',*,*,#3949,.F.);
#3949 = EDGE_CURVE('',#249,#3927,#3950,.T.);
#3950 = SURFACE_CURVE('',#3951,(#3955,#3962),.PCURVE_S1.);
#3951 = LINE('',#3952,#3953);
#3952 = CARTESIAN_POINT('',(294.4,0.,27.05));
#3953 = VECTOR('',#3954,1.);
#3954 = DIRECTION('',(0.,1.,0.));
#3955 = PCURVE('',#263,#3956);
#3956 = DEFINITIONAL_REPRESENTATION('',(#3957),#3961);
#3957 = LINE('',#3958,#3959);
#3958 = CARTESIAN_POINT('',(8.310385069297,0.));
#3959 = VECTOR('',#3960,1.);
#3960 = DIRECTION('',(0.,-1.));
#3961 = ( GEOMETRIC_REPRESENTATION_CONTEXT(2) 
PARAMETRIC_REPRESENTATION_CONTEXT() REPRESENTATION_CONTEXT('2D SPACE',''
  ) );
#3962 = PCURVE('',#290,#3963);
#3963 = DEFINITIONAL_REPRESENTATION('',(#3964),#3968);
#3964 = LINE('',#3965,#3966);
#3965 = CARTESIAN_POINT('',(0.,0.));
#3966 = VECTOR('',#3967,1.);
#3967 = DIRECTION('',(0.,-1.));
#3968 = ( GEOMETRIC_REPRESENTATION_CONTEXT(2) 
PARAMETRIC_REPRESENTATION_CONTEXT() REPRESENTATION_CONTEXT('2D SPACE',''
  ) );
#3969 = ORIENTED_EDGE('',*,*,#248,.T.);
#3970 = ADVANCED_FACE('',(#3971),#1724,.T.);
#3971 = FACE_BOUND('',#3972,.T.);
#3972 = EDGE_LOOP('',(#3973,#3974,#3975,#3976));
#3973 = ORIENTED_EDGE('',*,*,#1708,.F.);
#3974 = ORIENTED_EDGE('',*,*,#3901,.T.);
#3975 = ORIENTED_EDGE('',*,*,#2864,.T.);
#3976 = ORIENTED_EDGE('',*,*,#3977,.F.);
#3977 = EDGE_CURVE('',#1681,#2837,#3978,.T.);
#3978 = SURFACE_CURVE('',#3979,(#3983,#3990),.PCURVE_S1.);
#3979 = LINE('',#3980,#3981);
#3980 = CARTESIAN_POINT('',(261.85,1.,78.8));
#3981 = VECTOR('',#3982,1.);
#3982 = DIRECTION('',(0.,1.,0.));
#3983 = PCURVE('',#1724,#3984);
#3984 = DEFINITIONAL_REPRESENTATION('',(#3985),#3989);
#3985 = LINE('',#3986,#3987);
#3986 = CARTESIAN_POINT('',(48.5,0.));
#3987 = VECTOR('',#3988,1.);
#3988 = DIRECTION('',(0.,-1.));
#3989 = ( GEOMETRIC_REPRESENTATION_CONTEXT(2) 
PARAMETRIC_REPRESENTATION_CONTEXT() REPRESENTATION_CONTEXT('2D SPACE',''
  ) );
#3990 = PCURVE('',#1696,#3991);
#3991 = DEFINITIONAL_REPRESENTATION('',(#3992),#3996);
#3992 = LINE('',#3993,#3994);
#3993 = CARTESIAN_POINT('',(4.242640687119,0.));
#3994 = VECTOR('',#3995,1.);
#3995 = DIRECTION('',(0.,-1.));
#3996 = ( GEOMETRIC_REPRESENTATION_CONTEXT(2) 
PARAMETRIC_REPRESENTATION_CONTEXT() REPRESENTATION_CONTEXT('2D SPACE',''
  ) );
#3997 = ADVANCED_FACE('',(#3998),#290,.F.);
#3998 = FACE_BOUND('',#3999,.F.);
#3999 = EDGE_LOOP('',(#4000,#4001,#4024,#4047,#4070,#4093,#4116,#4137));
#4000 = ORIENTED_EDGE('',*,*,#3949,.T.);
#4001 = ORIENTED_EDGE('',*,*,#4002,.T.);
#4002 = EDGE_CURVE('',#3927,#4003,#4005,.T.);
#4003 = VERTEX_POINT('',#4004);
#4004 = CARTESIAN_POINT('',(293.9,2.5,27.05));
#4005 = SURFACE_CURVE('',#4006,(#4010,#4017),.PCURVE_S1.);
#4006 = LINE('',#4007,#4008);
#4007 = CARTESIAN_POINT('',(294.4,2.5,27.05));
#4008 = VECTOR('',#4009,1.);
#4009 = DIRECTION('',(-1.,0.,0.));
#4010 = PCURVE('',#290,#4011);
#4011 = DEFINITIONAL_REPRESENTATION('',(#4012),#4016);
#4012 = LINE('',#4013,#4014);
#4013 = CARTESIAN_POINT('',(0.,-2.5));
#4014 = VECTOR('',#4015,1.);
#4015 = DIRECTION('',(1.,0.));
#4016 = ( GEOMETRIC_REPRESENTATION_CONTEXT(2) 
PARAMETRIC_REPRESENTATION_CONTEXT() REPRESENTATION_CONTEXT('2D SPACE',''
  ) );
#4017 = PCURVE('',#3817,#4018);
#4018 = DEFINITIONAL_REPRESENTATION('',(#4019),#4023);
#4019 = LINE('',#4020,#4021);
#4020 = CARTESIAN_POINT('',(-3.472895359327,11.8));
#4021 = VECTOR('',#4022,1.);
#4022 = DIRECTION('',(0.,-1.));
#4023 = ( GEOMETRIC_REPRESENTATION_CONTEXT(2) 
PARAMETRIC_REPRESENTATION_CONTEXT() REPRESENTATION_CONTEXT('2D SPACE',''
  ) );
#4024 = ORIENTED_EDGE('',*,*,#4025,.T.);
#4025 = EDGE_CURVE('',#4003,#4026,#4028,.T.);
#4026 = VERTEX_POINT('',#4027);
#4027 = CARTESIAN_POINT('',(293.9,15.5,27.05));
#4028 = SURFACE_CURVE('',#4029,(#4033,#4040),.PCURVE_S1.);
#4029 = LINE('',#4030,#4031);
#4030 = CARTESIAN_POINT('',(293.9,0.,27.05));
#4031 = VECTOR('',#4032,1.);
#4032 = DIRECTION('',(0.,1.,0.));
#4033 = PCURVE('',#290,#4034);
#4034 = DEFINITIONAL_REPRESENTATION('',(#4035),#4039);
#4035 = LINE('',#4036,#4037);
#4036 = CARTESIAN_POINT('',(0.5,0.));
#4037 = VECTOR('',#4038,1.);
#4038 = DIRECTION('',(0.,-1.));
#4039 = ( GEOMETRIC_REPRESENTATION_CONTEXT(2) 
PARAMETRIC_REPRESENTATION_CONTEXT() REPRESENTATION_CONTEXT('2D SPACE',''
  ) );
#4040 = PCURVE('',#3791,#4041);
#4041 = DEFINITIONAL_REPRESENTATION('',(#4042),#4046);
#4042 = LINE('',#4043,#4044);
#4043 = CARTESIAN_POINT('',(8.310385069297,0.));
#4044 = VECTOR('',#4045,1.);
#4045 = DIRECTION('',(0.,-1.));
#4046 = ( GEOMETRIC_REPRESENTATION_CONTEXT(2) 
PARAMETRIC_REPRESENTATION_CONTEXT() REPRESENTATION_CONTEXT('2D SPACE',''
  ) );
#4047 = ORIENTED_EDGE('',*,*,#4048,.T.);
#4048 = EDGE_CURVE('',#4026,#4049,#4051,.T.);
#4049 = VERTEX_POINT('',#4050);
#4050 = CARTESIAN_POINT('',(271.3,15.5,27.05));
#4051 = SURFACE_CURVE('',#4052,(#4056,#4063),.PCURVE_S1.);
#4052 = LINE('',#4053,#4054);
#4053 = CARTESIAN_POINT('',(293.9,15.5,27.05));
#4054 = VECTOR('',#4055,1.);
#4055 = DIRECTION('',(-1.,0.,0.));
#4056 = PCURVE('',#290,#4057);
#4057 = DEFINITIONAL_REPRESENTATION('',(#4058),#4062);
#4058 = LINE('',#4059,#4060);
#4059 = CARTESIAN_POINT('',(0.5,-15.5));
#4060 = VECTOR('',#4061,1.);
#4061 = DIRECTION('',(1.,0.));
#4062 = ( GEOMETRIC_REPRESENTATION_CONTEXT(2) 
PARAMETRIC_REPRESENTATION_CONTEXT() REPRESENTATION_CONTEXT('2D SPACE',''
  ) );
#4063 = PCURVE('',#3765,#4064);
#4064 = DEFINITIONAL_REPRESENTATION('',(#4065),#4069);
#4065 = LINE('',#4066,#4067);
#4066 = CARTESIAN_POINT('',(-3.458488369253,11.3));
#4067 = VECTOR('',#4068,1.);
#4068 = DIRECTION('',(0.,-1.));
#4069 = ( GEOMETRIC_REPRESENTATION_CONTEXT(2) 
PARAMETRIC_REPRESENTATION_CONTEXT() REPRESENTATION_CONTEXT('2D SPACE',''
  ) );
#4070 = ORIENTED_EDGE('',*,*,#4071,.F.);
#4071 = EDGE_CURVE('',#4072,#4049,#4074,.T.);
#4072 = VERTEX_POINT('',#4073);
#4073 = CARTESIAN_POINT('',(271.3,2.5,27.05));
#4074 = SURFACE_CURVE('',#4075,(#4079,#4086),.PCURVE_S1.);
#4075 = LINE('',#4076,#4077);
#4076 = CARTESIAN_POINT('',(271.3,0.,27.05));
#4077 = VECTOR('',#4078,1.);
#4078 = DIRECTION('',(0.,1.,0.));
#4079 = PCURVE('',#290,#4080);
#4080 = DEFINITIONAL_REPRESENTATION('',(#4081),#4085);
#4081 = LINE('',#4082,#4083);
#4082 = CARTESIAN_POINT('',(23.1,0.));
#4083 = VECTOR('',#4084,1.);
#4084 = DIRECTION('',(0.,-1.));
#4085 = ( GEOMETRIC_REPRESENTATION_CONTEXT(2) 
PARAMETRIC_REPRESENTATION_CONTEXT() REPRESENTATION_CONTEXT('2D SPACE',''
  ) );
#4086 = PCURVE('',#3739,#4087);
#4087 = DEFINITIONAL_REPRESENTATION('',(#4088),#4092);
#4088 = LINE('',#4089,#4090);
#4089 = CARTESIAN_POINT('',(0.,0.));
#4090 = VECTOR('',#4091,1.);
#4091 = DIRECTION('',(0.,-1.));
#4092 = ( GEOMETRIC_REPRESENTATION_CONTEXT(2) 
PARAMETRIC_REPRESENTATION_CONTEXT() REPRESENTATION_CONTEXT('2D SPACE',''
  ) );
#4093 = ORIENTED_EDGE('',*,*,#4094,.T.);
#4094 = EDGE_CURVE('',#4072,#4095,#4097,.T.);
#4095 = VERTEX_POINT('',#4096);
#4096 = CARTESIAN_POINT('',(270.8,2.5,27.05));
#4097 = SURFACE_CURVE('',#4098,(#4102,#4109),.PCURVE_S1.);
#4098 = LINE('',#4099,#4100);
#4099 = CARTESIAN_POINT('',(294.4,2.5,27.05));
#4100 = VECTOR('',#4101,1.);
#4101 = DIRECTION('',(-1.,0.,0.));
#4102 = PCURVE('',#290,#4103);
#4103 = DEFINITIONAL_REPRESENTATION('',(#4104),#4108);
#4104 = LINE('',#4105,#4106);
#4105 = CARTESIAN_POINT('',(0.,-2.5));
#4106 = VECTOR('',#4107,1.);
#4107 = DIRECTION('',(1.,0.));
#4108 = ( GEOMETRIC_REPRESENTATION_CONTEXT(2) 
PARAMETRIC_REPRESENTATION_CONTEXT() REPRESENTATION_CONTEXT('2D SPACE',''
  ) );
#4109 = PCURVE('',#3713,#4110);
#4110 = DEFINITIONAL_REPRESENTATION('',(#4111),#4115);
#4111 = LINE('',#4112,#4113);
#4112 = CARTESIAN_POINT('',(-3.472895359327,11.8));
#4113 = VECTOR('',#4114,1.);
#4114 = DIRECTION('',(0.,-1.));
#4115 = ( GEOMETRIC_REPRESENTATION_CONTEXT(2) 
PARAMETRIC_REPRESENTATION_CONTEXT() REPRESENTATION_CONTEXT('2D SPACE',''
  ) );
#4116 = ORIENTED_EDGE('',*,*,#4117,.F.);
#4117 = EDGE_CURVE('',#275,#4095,#4118,.T.);
#4118 = SURFACE_CURVE('',#4119,(#4123,#4130),.PCURVE_S1.);
#4119 = LINE('',#4120,#4121);
#4120 = CARTESIAN_POINT('',(270.8,0.,27.05));
#4121 = VECTOR('',#4122,1.);
#4122 = DIRECTION('',(0.,1.,0.));
#4123 = PCURVE('',#290,#4124);
#4124 = DEFINITIONAL_REPRESENTATION('',(#4125),#4129);
#4125 = LINE('',#4126,#4127);
#4126 = CARTESIAN_POINT('',(23.6,0.));
#4127 = VECTOR('',#4128,1.);
#4128 = DIRECTION('',(0.,-1.));
#4129 = ( GEOMETRIC_REPRESENTATION_CONTEXT(2) 
PARAMETRIC_REPRESENTATION_CONTEXT() REPRESENTATION_CONTEXT('2D SPACE',''
  ) );
#4130 = PCURVE('',#317,#4131);
#4131 = DEFINITIONAL_REPRESENTATION('',(#4132),#4136);
#4132 = LINE('',#4133,#4134);
#4133 = CARTESIAN_POINT('',(0.,0.));
#4134 = VECTOR('',#4135,1.);
#4135 = DIRECTION('',(0.,-1.));
#4136 = ( GEOMETRIC_REPRESENTATION_CONTEXT(2) 
PARAMETRIC_REPRESENTATION_CONTEXT() REPRESENTATION_CONTEXT('2D SPACE',''
  ) );
#4137 = ORIENTED_EDGE('',*,*,#274,.T.);
#4138 = ADVANCED_FACE('',(#4139),#1696,.F.);
#4139 = FACE_BOUND('',#4140,.F.);
#4140 = EDGE_LOOP('',(#4141,#4164,#4192,#4213,#4214));
#4141 = ORIENTED_EDGE('',*,*,#4142,.T.);
#4142 = EDGE_CURVE('',#1653,#4143,#4145,.T.);
#4143 = VERTEX_POINT('',#4144);
#4144 = CARTESIAN_POINT('',(264.85,4.5,81.8));
#4145 = SURFACE_CURVE('',#4146,(#4150,#4157),.PCURVE_S1.);
#4146 = LINE('',#4147,#4148);
#4147 = CARTESIAN_POINT('',(264.85,1.,81.8));
#4148 = VECTOR('',#4149,1.);
#4149 = DIRECTION('',(0.,1.,0.));
#4150 = PCURVE('',#1696,#4151);
#4151 = DEFINITIONAL_REPRESENTATION('',(#4152),#4156);
#4152 = LINE('',#4153,#4154);
#4153 = CARTESIAN_POINT('',(0.,0.));
#4154 = VECTOR('',#4155,1.);
#4155 = DIRECTION('',(0.,-1.));
#4156 = ( GEOMETRIC_REPRESENTATION_CONTEXT(2) 
PARAMETRIC_REPRESENTATION_CONTEXT() REPRESENTATION_CONTEXT('2D SPACE',''
  ) );
#4157 = PCURVE('',#1668,#4158);
#4158 = DEFINITIONAL_REPRESENTATION('',(#4159),#4163);
#4159 = LINE('',#4160,#4161);
#4160 = CARTESIAN_POINT('',(4.,0.));
#4161 = VECTOR('',#4162,1.);
#4162 = DIRECTION('',(0.,1.));
#4163 = ( GEOMETRIC_REPRESENTATION_CONTEXT(2) 
PARAMETRIC_REPRESENTATION_CONTEXT() REPRESENTATION_CONTEXT('2D SPACE',''
  ) );
#4164 = ORIENTED_EDGE('',*,*,#4165,.T.);
#4165 = EDGE_CURVE('',#4143,#4166,#4168,.T.);
#4166 = VERTEX_POINT('',#4167);
#4167 = CARTESIAN_POINT('',(261.85,4.5,78.8));
#4168 = SURFACE_CURVE('',#4169,(#4173,#4180),.PCURVE_S1.);
#4169 = LINE('',#4170,#4171);
#4170 = CARTESIAN_POINT('',(264.85,4.5,81.8));
#4171 = VECTOR('',#4172,1.);
#4172 = DIRECTION('',(-0.707106781187,0.,-0.707106781187));
#4173 = PCURVE('',#1696,#4174);
#4174 = DEFINITIONAL_REPRESENTATION('',(#4175),#4179);
#4175 = LINE('',#4176,#4177);
#4176 = CARTESIAN_POINT('',(0.,-3.5));
#4177 = VECTOR('',#4178,1.);
#4178 = DIRECTION('',(1.,0.));
#4179 = ( GEOMETRIC_REPRESENTATION_CONTEXT(2) 
PARAMETRIC_REPRESENTATION_CONTEXT() REPRESENTATION_CONTEXT('2D SPACE',''
  ) );
#4180 = PCURVE('',#4181,#4186);
#4181 = PLANE('',#4182);
#4182 = AXIS2_PLACEMENT_3D('',#4183,#4184,#4185);
#4183 = CARTESIAN_POINT('',(262.91066017178,4.5,80.73933982822));
#4184 = DIRECTION('',(0.,1.,0.));
#4185 = DIRECTION('',(0.,-0.,1.));
#4186 = DEFINITIONAL_REPRESENTATION('',(#4187),#4191);
#4187 = LINE('',#4188,#4189);
#4188 = CARTESIAN_POINT('',(1.06066017178,1.93933982822));
#4189 = VECTOR('',#4190,1.);
#4190 = DIRECTION('',(-0.707106781187,-0.707106781187));
#4191 = ( GEOMETRIC_REPRESENTATION_CONTEXT(2) 
PARAMETRIC_REPRESENTATION_CONTEXT() REPRESENTATION_CONTEXT('2D SPACE',''
  ) );
#4192 = ORIENTED_EDGE('',*,*,#4193,.F.);
#4193 = EDGE_CURVE('',#2837,#4166,#4194,.T.);
#4194 = SURFACE_CURVE('',#4195,(#4199,#4206),.PCURVE_S1.);
#4195 = LINE('',#4196,#4197);
#4196 = CARTESIAN_POINT('',(261.85,1.,78.8));
#4197 = VECTOR('',#4198,1.);
#4198 = DIRECTION('',(0.,1.,0.));
#4199 = PCURVE('',#1696,#4200);
#4200 = DEFINITIONAL_REPRESENTATION('',(#4201),#4205);
#4201 = LINE('',#4202,#4203);
#4202 = CARTESIAN_POINT('',(4.242640687119,0.));
#4203 = VECTOR('',#4204,1.);
#4204 = DIRECTION('',(0.,-1.));
#4205 = ( GEOMETRIC_REPRESENTATION_CONTEXT(2) 
PARAMETRIC_REPRESENTATION_CONTEXT() REPRESENTATION_CONTEXT('2D SPACE',''
  ) );
#4206 = PCURVE('',#2852,#4207);
#4207 = DEFINITIONAL_REPRESENTATION('',(#4208),#4212);
#4208 = LINE('',#4209,#4210);
#4209 = CARTESIAN_POINT('',(0.,0.));
#4210 = VECTOR('',#4211,1.);
#4211 = DIRECTION('',(0.,-1.));
#4212 = ( GEOMETRIC_REPRESENTATION_CONTEXT(2) 
PARAMETRIC_REPRESENTATION_CONTEXT() REPRESENTATION_CONTEXT('2D SPACE',''
  ) );
#4213 = ORIENTED_EDGE('',*,*,#3977,.F.);
#4214 = ORIENTED_EDGE('',*,*,#1680,.F.);
#4215 = ADVANCED_FACE('',(#4216),#1668,.F.);
#4216 = FACE_BOUND('',#4217,.F.);
#4217 = EDGE_LOOP('',(#4218,#4241,#4242,#4243));
#4218 = ORIENTED_EDGE('',*,*,#4219,.F.);
#4219 = EDGE_CURVE('',#4143,#4220,#4222,.T.);
#4220 = VERTEX_POINT('',#4221);
#4221 = CARTESIAN_POINT('',(278.35,4.5,81.8));
#4222 = SURFACE_CURVE('',#4223,(#4227,#4234),.PCURVE_S1.);
#4223 = LINE('',#4224,#4225);
#4224 = CARTESIAN_POINT('',(260.85,4.5,81.8));
#4225 = VECTOR('',#4226,1.);
#4226 = DIRECTION('',(1.,0.,-0.));
#4227 = PCURVE('',#1668,#4228);
#4228 = DEFINITIONAL_REPRESENTATION('',(#4229),#4233);
#4229 = LINE('',#4230,#4231);
#4230 = CARTESIAN_POINT('',(0.,3.5));
#4231 = VECTOR('',#4232,1.);
#4232 = DIRECTION('',(1.,0.));
#4233 = ( GEOMETRIC_REPRESENTATION_CONTEXT(2) 
PARAMETRIC_REPRESENTATION_CONTEXT() REPRESENTATION_CONTEXT('2D SPACE',''
  ) );
#4234 = PCURVE('',#4181,#4235);
#4235 = DEFINITIONAL_REPRESENTATION('',(#4236),#4240);
#4236 = LINE('',#4237,#4238);
#4237 = CARTESIAN_POINT('',(1.06066017178,-2.06066017178));
#4238 = VECTOR('',#4239,1.);
#4239 = DIRECTION('',(0.,1.));
#4240 = ( GEOMETRIC_REPRESENTATION_CONTEXT(2) 
PARAMETRIC_REPRESENTATION_CONTEXT() REPRESENTATION_CONTEXT('2D SPACE',''
  ) );
#4241 = ORIENTED_EDGE('',*,*,#4142,.F.);
#4242 = ORIENTED_EDGE('',*,*,#1652,.T.);
#4243 = ORIENTED_EDGE('',*,*,#4244,.T.);
#4244 = EDGE_CURVE('',#1625,#4220,#4245,.T.);
#4245 = SURFACE_CURVE('',#4246,(#4250,#4257),.PCURVE_S1.);
#4246 = LINE('',#4247,#4248);
#4247 = CARTESIAN_POINT('',(278.35,1.,81.8));
#4248 = VECTOR('',#4249,1.);
#4249 = DIRECTION('',(-0.,1.,0.));
#4250 = PCURVE('',#1668,#4251);
#4251 = DEFINITIONAL_REPRESENTATION('',(#4252),#4256);
#4252 = LINE('',#4253,#4254);
#4253 = CARTESIAN_POINT('',(17.5,0.));
#4254 = VECTOR('',#4255,1.);
#4255 = DIRECTION('',(0.,1.));
#4256 = ( GEOMETRIC_REPRESENTATION_CONTEXT(2) 
PARAMETRIC_REPRESENTATION_CONTEXT() REPRESENTATION_CONTEXT('2D SPACE',''
  ) );
#4257 = PCURVE('',#1640,#4258);
#4258 = DEFINITIONAL_REPRESENTATION('',(#4259),#4263);
#4259 = LINE('',#4260,#4261);
#4260 = CARTESIAN_POINT('',(0.,0.));
#4261 = VECTOR('',#4262,1.);
#4262 = DIRECTION('',(0.,-1.));
#4263 = ( GEOMETRIC_REPRESENTATION_CONTEXT(2) 
PARAMETRIC_REPRESENTATION_CONTEXT() REPRESENTATION_CONTEXT('2D SPACE',''
  ) );
#4264 = ADVANCED_FACE('',(#4265),#1640,.T.);
#4265 = FACE_BOUND('',#4266,.T.);
#4266 = EDGE_LOOP('',(#4267,#4268,#4269,#4292));
#4267 = ORIENTED_EDGE('',*,*,#1624,.F.);
#4268 = ORIENTED_EDGE('',*,*,#4244,.T.);
#4269 = ORIENTED_EDGE('',*,*,#4270,.T.);
#4270 = EDGE_CURVE('',#4220,#4271,#4273,.T.);
#4271 = VERTEX_POINT('',#4272);
#4272 = CARTESIAN_POINT('',(278.35,4.5,95.8));
#4273 = SURFACE_CURVE('',#4274,(#4278,#4285),.PCURVE_S1.);
#4274 = LINE('',#4275,#4276);
#4275 = CARTESIAN_POINT('',(278.35,4.5,81.8));
#4276 = VECTOR('',#4277,1.);
#4277 = DIRECTION('',(0.,0.,1.));
#4278 = PCURVE('',#1640,#4279);
#4279 = DEFINITIONAL_REPRESENTATION('',(#4280),#4284);
#4280 = LINE('',#4281,#4282);
#4281 = CARTESIAN_POINT('',(0.,-3.5));
#4282 = VECTOR('',#4283,1.);
#4283 = DIRECTION('',(1.,0.));
#4284 = ( GEOMETRIC_REPRESENTATION_CONTEXT(2) 
PARAMETRIC_REPRESENTATION_CONTEXT() REPRESENTATION_CONTEXT('2D SPACE',''
  ) );
#4285 = PCURVE('',#4181,#4286);
#4286 = DEFINITIONAL_REPRESENTATION('',(#4287),#4291);
#4287 = LINE('',#4288,#4289);
#4288 = CARTESIAN_POINT('',(1.06066017178,15.43933982822));
#4289 = VECTOR('',#4290,1.);
#4290 = DIRECTION('',(1.,0.));
#4291 = ( GEOMETRIC_REPRESENTATION_CONTEXT(2) 
PARAMETRIC_REPRESENTATION_CONTEXT() REPRESENTATION_CONTEXT('2D SPACE',''
  ) );
#4292 = ORIENTED_EDGE('',*,*,#4293,.F.);
#4293 = EDGE_CURVE('',#1597,#4271,#4294,.T.);
#4294 = SURFACE_CURVE('',#4295,(#4299,#4306),.PCURVE_S1.);
#4295 = LINE('',#4296,#4297);
#4296 = CARTESIAN_POINT('',(278.35,1.,95.8));
#4297 = VECTOR('',#4298,1.);
#4298 = DIRECTION('',(-0.,1.,0.));
#4299 = PCURVE('',#1640,#4300);
#4300 = DEFINITIONAL_REPRESENTATION('',(#4301),#4305);
#4301 = LINE('',#4302,#4303);
#4302 = CARTESIAN_POINT('',(14.,0.));
#4303 = VECTOR('',#4304,1.);
#4304 = DIRECTION('',(0.,-1.));
#4305 = ( GEOMETRIC_REPRESENTATION_CONTEXT(2) 
PARAMETRIC_REPRESENTATION_CONTEXT() REPRESENTATION_CONTEXT('2D SPACE',''
  ) );
#4306 = PCURVE('',#1612,#4307);
#4307 = DEFINITIONAL_REPRESENTATION('',(#4308),#4312);
#4308 = LINE('',#4309,#4310);
#4309 = CARTESIAN_POINT('',(17.5,0.));
#4310 = VECTOR('',#4311,1.);
#4311 = DIRECTION('',(0.,1.));
#4312 = ( GEOMETRIC_REPRESENTATION_CONTEXT(2) 
PARAMETRIC_REPRESENTATION_CONTEXT() REPRESENTATION_CONTEXT('2D SPACE',''
  ) );
#4313 = ADVANCED_FACE('',(#4314),#317,.F.);
#4314 = FACE_BOUND('',#4315,.F.);
#4315 = EDGE_LOOP('',(#4316,#4317,#4318,#4339));
#4316 = ORIENTED_EDGE('',*,*,#302,.T.);
#4317 = ORIENTED_EDGE('',*,*,#4117,.T.);
#4318 = ORIENTED_EDGE('',*,*,#4319,.T.);
#4319 = EDGE_CURVE('',#4095,#3678,#4320,.T.);
#4320 = SURFACE_CURVE('',#4321,(#4325,#4332),.PCURVE_S1.);
#4321 = LINE('',#4322,#4323);
#4322 = CARTESIAN_POINT('',(270.8,2.5,27.05));
#4323 = VECTOR('',#4324,1.);
#4324 = DIRECTION('',(0.360994102558,0.,-0.932568098274));
#4325 = PCURVE('',#317,#4326);
#4326 = DEFINITIONAL_REPRESENTATION('',(#4327),#4331);
#4327 = LINE('',#4328,#4329);
#4328 = CARTESIAN_POINT('',(0.,-2.5));
#4329 = VECTOR('',#4330,1.);
#4330 = DIRECTION('',(1.,0.));
#4331 = ( GEOMETRIC_REPRESENTATION_CONTEXT(2) 
PARAMETRIC_REPRESENTATION_CONTEXT() REPRESENTATION_CONTEXT('2D SPACE',''
  ) );
#4332 = PCURVE('',#3713,#4333);
#4333 = DEFINITIONAL_REPRESENTATION('',(#4334),#4338);
#4334 = LINE('',#4335,#4336);
#4335 = CARTESIAN_POINT('',(-3.472895359327,-11.8));
#4336 = VECTOR('',#4337,1.);
#4337 = DIRECTION('',(0.932568098274,0.360994102558));
#4338 = ( GEOMETRIC_REPRESENTATION_CONTEXT(2) 
PARAMETRIC_REPRESENTATION_CONTEXT() REPRESENTATION_CONTEXT('2D SPACE',''
  ) );
#4339 = ORIENTED_EDGE('',*,*,#3677,.T.);
#4340 = ADVANCED_FACE('',(#4341),#1612,.T.);
#4341 = FACE_BOUND('',#4342,.T.);
#4342 = EDGE_LOOP('',(#4343,#4366,#4387,#4388));
#4343 = ORIENTED_EDGE('',*,*,#4344,.F.);
#4344 = EDGE_CURVE('',#4345,#4271,#4347,.T.);
#4345 = VERTEX_POINT('',#4346);
#4346 = CARTESIAN_POINT('',(264.85,4.5,95.8));
#4347 = SURFACE_CURVE('',#4348,(#4352,#4359),.PCURVE_S1.);
#4348 = LINE('',#4349,#4350);
#4349 = CARTESIAN_POINT('',(260.85,4.5,95.8));
#4350 = VECTOR('',#4351,1.);
#4351 = DIRECTION('',(1.,0.,-0.));
#4352 = PCURVE('',#1612,#4353);
#4353 = DEFINITIONAL_REPRESENTATION('',(#4354),#4358);
#4354 = LINE('',#4355,#4356);
#4355 = CARTESIAN_POINT('',(0.,3.5));
#4356 = VECTOR('',#4357,1.);
#4357 = DIRECTION('',(1.,0.));
#4358 = ( GEOMETRIC_REPRESENTATION_CONTEXT(2) 
PARAMETRIC_REPRESENTATION_CONTEXT() REPRESENTATION_CONTEXT('2D SPACE',''
  ) );
#4359 = PCURVE('',#4181,#4360);
#4360 = DEFINITIONAL_REPRESENTATION('',(#4361),#4365);
#4361 = LINE('',#4362,#4363);
#4362 = CARTESIAN_POINT('',(15.06066017178,-2.06066017178));
#4363 = VECTOR('',#4364,1.);
#4364 = DIRECTION('',(0.,1.));
#4365 = ( GEOMETRIC_REPRESENTATION_CONTEXT(2) 
PARAMETRIC_REPRESENTATION_CONTEXT() REPRESENTATION_CONTEXT('2D SPACE',''
  ) );
#4366 = ORIENTED_EDGE('',*,*,#4367,.F.);
#4367 = EDGE_CURVE('',#1569,#4345,#4368,.T.);
#4368 = SURFACE_CURVE('',#4369,(#4373,#4380),.PCURVE_S1.);
#4369 = LINE('',#4370,#4371);
#4370 = CARTESIAN_POINT('',(264.85,1.,95.8));
#4371 = VECTOR('',#4372,1.);
#4372 = DIRECTION('',(0.,1.,0.));
#4373 = PCURVE('',#1612,#4374);
#4374 = DEFINITIONAL_REPRESENTATION('',(#4375),#4379);
#4375 = LINE('',#4376,#4377);
#4376 = CARTESIAN_POINT('',(4.,0.));
#4377 = VECTOR('',#4378,1.);
#4378 = DIRECTION('',(0.,1.));
#4379 = ( GEOMETRIC_REPRESENTATION_CONTEXT(2) 
PARAMETRIC_REPRESENTATION_CONTEXT() REPRESENTATION_CONTEXT('2D SPACE',''
  ) );
#4380 = PCURVE('',#1584,#4381);
#4381 = DEFINITIONAL_REPRESENTATION('',(#4382),#4386);
#4382 = LINE('',#4383,#4384);
#4383 = CARTESIAN_POINT('',(0.,0.));
#4384 = VECTOR('',#4385,1.);
#4385 = DIRECTION('',(0.,-1.));
#4386 = ( GEOMETRIC_REPRESENTATION_CONTEXT(2) 
PARAMETRIC_REPRESENTATION_CONTEXT() REPRESENTATION_CONTEXT('2D SPACE',''
  ) );
#4387 = ORIENTED_EDGE('',*,*,#1596,.T.);
#4388 = ORIENTED_EDGE('',*,*,#4293,.T.);
#4389 = ADVANCED_FACE('',(#4390),#1584,.T.);
#4390 = FACE_BOUND('',#4391,.T.);
#4391 = EDGE_LOOP('',(#4392,#4393,#4416,#4444,#4465));
#4392 = ORIENTED_EDGE('',*,*,#4367,.T.);
#4393 = ORIENTED_EDGE('',*,*,#4394,.T.);
#4394 = EDGE_CURVE('',#4345,#4395,#4397,.T.);
#4395 = VERTEX_POINT('',#4396);
#4396 = CARTESIAN_POINT('',(261.85,4.5,98.8));
#4397 = SURFACE_CURVE('',#4398,(#4402,#4409),.PCURVE_S1.);
#4398 = LINE('',#4399,#4400);
#4399 = CARTESIAN_POINT('',(264.85,4.5,95.8));
#4400 = VECTOR('',#4401,1.);
#4401 = DIRECTION('',(-0.707106781187,0.,0.707106781187));
#4402 = PCURVE('',#1584,#4403);
#4403 = DEFINITIONAL_REPRESENTATION('',(#4404),#4408);
#4404 = LINE('',#4405,#4406);
#4405 = CARTESIAN_POINT('',(0.,-3.5));
#4406 = VECTOR('',#4407,1.);
#4407 = DIRECTION('',(1.,0.));
#4408 = ( GEOMETRIC_REPRESENTATION_CONTEXT(2) 
PARAMETRIC_REPRESENTATION_CONTEXT() REPRESENTATION_CONTEXT('2D SPACE',''
  ) );
#4409 = PCURVE('',#4181,#4410);
#4410 = DEFINITIONAL_REPRESENTATION('',(#4411),#4415);
#4411 = LINE('',#4412,#4413);
#4412 = CARTESIAN_POINT('',(15.06066017178,1.93933982822));
#4413 = VECTOR('',#4414,1.);
#4414 = DIRECTION('',(0.707106781187,-0.707106781187));
#4415 = ( GEOMETRIC_REPRESENTATION_CONTEXT(2) 
PARAMETRIC_REPRESENTATION_CONTEXT() REPRESENTATION_CONTEXT('2D SPACE',''
  ) );
#4416 = ORIENTED_EDGE('',*,*,#4417,.F.);
#4417 = EDGE_CURVE('',#4418,#4395,#4420,.T.);
#4418 = VERTEX_POINT('',#4419);
#4419 = CARTESIAN_POINT('',(261.85,3.,98.8));
#4420 = SURFACE_CURVE('',#4421,(#4425,#4432),.PCURVE_S1.);
#4421 = LINE('',#4422,#4423);
#4422 = CARTESIAN_POINT('',(261.85,1.,98.8));
#4423 = VECTOR('',#4424,1.);
#4424 = DIRECTION('',(0.,1.,0.));
#4425 = PCURVE('',#1584,#4426);
#4426 = DEFINITIONAL_REPRESENTATION('',(#4427),#4431);
#4427 = LINE('',#4428,#4429);
#4428 = CARTESIAN_POINT('',(4.242640687119,0.));
#4429 = VECTOR('',#4430,1.);
#4430 = DIRECTION('',(0.,-1.));
#4431 = ( GEOMETRIC_REPRESENTATION_CONTEXT(2) 
PARAMETRIC_REPRESENTATION_CONTEXT() REPRESENTATION_CONTEXT('2D SPACE',''
  ) );
#4432 = PCURVE('',#4433,#4438);
#4433 = PLANE('',#4434);
#4434 = AXIS2_PLACEMENT_3D('',#4435,#4436,#4437);
#4435 = CARTESIAN_POINT('',(261.85,1.,98.8));
#4436 = DIRECTION('',(-1.,0.,0.));
#4437 = DIRECTION('',(0.,0.,-1.));
#4438 = DEFINITIONAL_REPRESENTATION('',(#4439),#4443);
#4439 = LINE('',#4440,#4441);
#4440 = CARTESIAN_POINT('',(0.,-0.));
#4441 = VECTOR('',#4442,1.);
#4442 = DIRECTION('',(0.,-1.));
#4443 = ( GEOMETRIC_REPRESENTATION_CONTEXT(2) 
PARAMETRIC_REPRESENTATION_CONTEXT() REPRESENTATION_CONTEXT('2D SPACE',''
  ) );
#4444 = ORIENTED_EDGE('',*,*,#4445,.F.);
#4445 = EDGE_CURVE('',#1541,#4418,#4446,.T.);
#4446 = SURFACE_CURVE('',#4447,(#4451,#4458),.PCURVE_S1.);
#4447 = LINE('',#4448,#4449);
#4448 = CARTESIAN_POINT('',(261.85,1.,98.8));
#4449 = VECTOR('',#4450,1.);
#4450 = DIRECTION('',(0.,1.,0.));
#4451 = PCURVE('',#1584,#4452);
#4452 = DEFINITIONAL_REPRESENTATION('',(#4453),#4457);
#4453 = LINE('',#4454,#4455);
#4454 = CARTESIAN_POINT('',(4.242640687119,0.));
#4455 = VECTOR('',#4456,1.);
#4456 = DIRECTION('',(0.,-1.));
#4457 = ( GEOMETRIC_REPRESENTATION_CONTEXT(2) 
PARAMETRIC_REPRESENTATION_CONTEXT() REPRESENTATION_CONTEXT('2D SPACE',''
  ) );
#4458 = PCURVE('',#1556,#4459);
#4459 = DEFINITIONAL_REPRESENTATION('',(#4460),#4464);
#4460 = LINE('',#4461,#4462);
#4461 = CARTESIAN_POINT('',(68.5,0.));
#4462 = VECTOR('',#4463,1.);
#4463 = DIRECTION('',(0.,-1.));
#4464 = ( GEOMETRIC_REPRESENTATION_CONTEXT(2) 
PARAMETRIC_REPRESENTATION_CONTEXT() REPRESENTATION_CONTEXT('2D SPACE',''
  ) );
#4465 = ORIENTED_EDGE('',*,*,#1568,.F.);
#4466 = ADVANCED_FACE('',(#4467),#1556,.T.);
#4467 = FACE_BOUND('',#4468,.T.);
#4468 = EDGE_LOOP('',(#4469,#4470,#4471,#4499));
#4469 = ORIENTED_EDGE('',*,*,#1540,.F.);
#4470 = ORIENTED_EDGE('',*,*,#4445,.T.);
#4471 = ORIENTED_EDGE('',*,*,#4472,.T.);
#4472 = EDGE_CURVE('',#4418,#4473,#4475,.T.);
#4473 = VERTEX_POINT('',#4474);
#4474 = CARTESIAN_POINT('',(261.85,3.,103.3));
#4475 = SURFACE_CURVE('',#4476,(#4480,#4487),.PCURVE_S1.);
#4476 = LINE('',#4477,#4478);
#4477 = CARTESIAN_POINT('',(261.85,3.,30.3));
#4478 = VECTOR('',#4479,1.);
#4479 = DIRECTION('',(0.,0.,1.));
#4480 = PCURVE('',#1556,#4481);
#4481 = DEFINITIONAL_REPRESENTATION('',(#4482),#4486);
#4482 = LINE('',#4483,#4484);
#4483 = CARTESIAN_POINT('',(0.,-2.));
#4484 = VECTOR('',#4485,1.);
#4485 = DIRECTION('',(1.,0.));
#4486 = ( GEOMETRIC_REPRESENTATION_CONTEXT(2) 
PARAMETRIC_REPRESENTATION_CONTEXT() REPRESENTATION_CONTEXT('2D SPACE',''
  ) );
#4487 = PCURVE('',#4488,#4493);
#4488 = PLANE('',#4489);
#4489 = AXIS2_PLACEMENT_3D('',#4490,#4491,#4492);
#4490 = CARTESIAN_POINT('',(220.75,3.,30.3));
#4491 = DIRECTION('',(-0.,1.,0.));
#4492 = DIRECTION('',(0.,0.,1.));
#4493 = DEFINITIONAL_REPRESENTATION('',(#4494),#4498);
#4494 = LINE('',#4495,#4496);
#4495 = CARTESIAN_POINT('',(0.,41.1));
#4496 = VECTOR('',#4497,1.);
#4497 = DIRECTION('',(1.,0.));
#4498 = ( GEOMETRIC_REPRESENTATION_CONTEXT(2) 
PARAMETRIC_REPRESENTATION_CONTEXT() REPRESENTATION_CONTEXT('2D SPACE',''
  ) );
#4499 = ORIENTED_EDGE('',*,*,#4500,.F.);
#4500 = EDGE_CURVE('',#1513,#4473,#4501,.T.);
#4501 = SURFACE_CURVE('',#4502,(#4506,#4513),.PCURVE_S1.);
#4502 = LINE('',#4503,#4504);
#4503 = CARTESIAN_POINT('',(261.85,1.,103.3));
#4504 = VECTOR('',#4505,1.);
#4505 = DIRECTION('',(0.,1.,0.));
#4506 = PCURVE('',#1556,#4507);
#4507 = DEFINITIONAL_REPRESENTATION('',(#4508),#4512);
#4508 = LINE('',#4509,#4510);
#4509 = CARTESIAN_POINT('',(73.,0.));
#4510 = VECTOR('',#4511,1.);
#4511 = DIRECTION('',(0.,-1.));
#4512 = ( GEOMETRIC_REPRESENTATION_CONTEXT(2) 
PARAMETRIC_REPRESENTATION_CONTEXT() REPRESENTATION_CONTEXT('2D SPACE',''
  ) );
#4513 = PCURVE('',#1528,#4514);
#4514 = DEFINITIONAL_REPRESENTATION('',(#4515),#4519);
#4515 = LINE('',#4516,#4517);
#4516 = CARTESIAN_POINT('',(4.242640687119,0.));
#4517 = VECTOR('',#4518,1.);
#4518 = DIRECTION('',(0.,-1.));
#4519 = ( GEOMETRIC_REPRESENTATION_CONTEXT(2) 
PARAMETRIC_REPRESENTATION_CONTEXT() REPRESENTATION_CONTEXT('2D SPACE',''
  ) );
#4520 = ADVANCED_FACE('',(#4521),#1528,.F.);
#4521 = FACE_BOUND('',#4522,.F.);
#4522 = EDGE_LOOP('',(#4523,#4546,#4574,#4600,#4601));
#4523 = ORIENTED_EDGE('',*,*,#4524,.T.);
#4524 = EDGE_CURVE('',#1485,#4525,#4527,.T.);
#4525 = VERTEX_POINT('',#4526);
#4526 = CARTESIAN_POINT('',(264.85,4.5,106.3));
#4527 = SURFACE_CURVE('',#4528,(#4532,#4539),.PCURVE_S1.);
#4528 = LINE('',#4529,#4530);
#4529 = CARTESIAN_POINT('',(264.85,1.,106.3));
#4530 = VECTOR('',#4531,1.);
#4531 = DIRECTION('',(0.,1.,0.));
#4532 = PCURVE('',#1528,#4533);
#4533 = DEFINITIONAL_REPRESENTATION('',(#4534),#4538);
#4534 = LINE('',#4535,#4536);
#4535 = CARTESIAN_POINT('',(0.,0.));
#4536 = VECTOR('',#4537,1.);
#4537 = DIRECTION('',(0.,-1.));
#4538 = ( GEOMETRIC_REPRESENTATION_CONTEXT(2) 
PARAMETRIC_REPRESENTATION_CONTEXT() REPRESENTATION_CONTEXT('2D SPACE',''
  ) );
#4539 = PCURVE('',#1500,#4540);
#4540 = DEFINITIONAL_REPRESENTATION('',(#4541),#4545);
#4541 = LINE('',#4542,#4543);
#4542 = CARTESIAN_POINT('',(4.,0.));
#4543 = VECTOR('',#4544,1.);
#4544 = DIRECTION('',(0.,1.));
#4545 = ( GEOMETRIC_REPRESENTATION_CONTEXT(2) 
PARAMETRIC_REPRESENTATION_CONTEXT() REPRESENTATION_CONTEXT('2D SPACE',''
  ) );
#4546 = ORIENTED_EDGE('',*,*,#4547,.T.);
#4547 = EDGE_CURVE('',#4525,#4548,#4550,.T.);
#4548 = VERTEX_POINT('',#4549);
#4549 = CARTESIAN_POINT('',(261.85,4.5,103.3));
#4550 = SURFACE_CURVE('',#4551,(#4555,#4562),.PCURVE_S1.);
#4551 = LINE('',#4552,#4553);
#4552 = CARTESIAN_POINT('',(264.85,4.5,106.3));
#4553 = VECTOR('',#4554,1.);
#4554 = DIRECTION('',(-0.707106781187,0.,-0.707106781187));
#4555 = PCURVE('',#1528,#4556);
#4556 = DEFINITIONAL_REPRESENTATION('',(#4557),#4561);
#4557 = LINE('',#4558,#4559);
#4558 = CARTESIAN_POINT('',(0.,-3.5));
#4559 = VECTOR('',#4560,1.);
#4560 = DIRECTION('',(1.,0.));
#4561 = ( GEOMETRIC_REPRESENTATION_CONTEXT(2) 
PARAMETRIC_REPRESENTATION_CONTEXT() REPRESENTATION_CONTEXT('2D SPACE',''
  ) );
#4562 = PCURVE('',#4563,#4568);
#4563 = PLANE('',#4564);
#4564 = AXIS2_PLACEMENT_3D('',#4565,#4566,#4567);
#4565 = CARTESIAN_POINT('',(260.85,4.5,123.3));
#4566 = DIRECTION('',(-0.,1.,0.));
#4567 = DIRECTION('',(0.,0.,1.));
#4568 = DEFINITIONAL_REPRESENTATION('',(#4569),#4573);
#4569 = LINE('',#4570,#4571);
#4570 = CARTESIAN_POINT('',(-17.,4.));
#4571 = VECTOR('',#4572,1.);
#4572 = DIRECTION('',(-0.707106781187,-0.707106781187));
#4573 = ( GEOMETRIC_REPRESENTATION_CONTEXT(2) 
PARAMETRIC_REPRESENTATION_CONTEXT() REPRESENTATION_CONTEXT('2D SPACE',''
  ) );
#4574 = ORIENTED_EDGE('',*,*,#4575,.F.);
#4575 = EDGE_CURVE('',#4473,#4548,#4576,.T.);
#4576 = SURFACE_CURVE('',#4577,(#4581,#4588),.PCURVE_S1.);
#4577 = LINE('',#4578,#4579);
#4578 = CARTESIAN_POINT('',(261.85,1.,103.3));
#4579 = VECTOR('',#4580,1.);
#4580 = DIRECTION('',(0.,1.,0.));
#4581 = PCURVE('',#1528,#4582);
#4582 = DEFINITIONAL_REPRESENTATION('',(#4583),#4587);
#4583 = LINE('',#4584,#4585);
#4584 = CARTESIAN_POINT('',(4.242640687119,0.));
#4585 = VECTOR('',#4586,1.);
#4586 = DIRECTION('',(0.,-1.));
#4587 = ( GEOMETRIC_REPRESENTATION_CONTEXT(2) 
PARAMETRIC_REPRESENTATION_CONTEXT() REPRESENTATION_CONTEXT('2D SPACE',''
  ) );
#4588 = PCURVE('',#4589,#4594);
#4589 = PLANE('',#4590);
#4590 = AXIS2_PLACEMENT_3D('',#4591,#4592,#4593);
#4591 = CARTESIAN_POINT('',(261.85,1.,103.3));
#4592 = DIRECTION('',(1.,0.,0.));
#4593 = DIRECTION('',(0.,0.,1.));
#4594 = DEFINITIONAL_REPRESENTATION('',(#4595),#4599);
#4595 = LINE('',#4596,#4597);
#4596 = CARTESIAN_POINT('',(0.,0.));
#4597 = VECTOR('',#4598,1.);
#4598 = DIRECTION('',(0.,-1.));
#4599 = ( GEOMETRIC_REPRESENTATION_CONTEXT(2) 
PARAMETRIC_REPRESENTATION_CONTEXT() REPRESENTATION_CONTEXT('2D SPACE',''
  ) );
#4600 = ORIENTED_EDGE('',*,*,#4500,.F.);
#4601 = ORIENTED_EDGE('',*,*,#1512,.F.);
#4602 = ADVANCED_FACE('',(#4603),#389,.T.);
#4603 = FACE_BOUND('',#4604,.T.);
#4604 = EDGE_LOOP('',(#4605,#4606,#4629,#4657,#4685,#4704));
#4605 = ORIENTED_EDGE('',*,*,#373,.F.);
#4606 = ORIENTED_EDGE('',*,*,#4607,.T.);
#4607 = EDGE_CURVE('',#374,#4608,#4610,.T.);
#4608 = VERTEX_POINT('',#4609);
#4609 = CARTESIAN_POINT('',(217.,19.5,19.8));
#4610 = SURFACE_CURVE('',#4611,(#4615,#4622),.PCURVE_S1.);
#4611 = LINE('',#4612,#4613);
#4612 = CARTESIAN_POINT('',(217.,1.,19.8));
#4613 = VECTOR('',#4614,1.);
#4614 = DIRECTION('',(-0.,1.,0.));
#4615 = PCURVE('',#389,#4616);
#4616 = DEFINITIONAL_REPRESENTATION('',(#4617),#4621);
#4617 = LINE('',#4618,#4619);
#4618 = CARTESIAN_POINT('',(0.,0.));
#4619 = VECTOR('',#4620,1.);
#4620 = DIRECTION('',(0.,-1.));
#4621 = ( GEOMETRIC_REPRESENTATION_CONTEXT(2) 
PARAMETRIC_REPRESENTATION_CONTEXT() REPRESENTATION_CONTEXT('2D SPACE',''
  ) );
#4622 = PCURVE('',#417,#4623);
#4623 = DEFINITIONAL_REPRESENTATION('',(#4624),#4628);
#4624 = LINE('',#4625,#4626);
#4625 = CARTESIAN_POINT('',(34.,0.));
#4626 = VECTOR('',#4627,1.);
#4627 = DIRECTION('',(0.,1.));
#4628 = ( GEOMETRIC_REPRESENTATION_CONTEXT(2) 
PARAMETRIC_REPRESENTATION_CONTEXT() REPRESENTATION_CONTEXT('2D SPACE',''
  ) );
#4629 = ORIENTED_EDGE('',*,*,#4630,.T.);
#4630 = EDGE_CURVE('',#4608,#4631,#4633,.T.);
#4631 = VERTEX_POINT('',#4632);
#4632 = CARTESIAN_POINT('',(217.,19.5,30.8));
#4633 = SURFACE_CURVE('',#4634,(#4638,#4645),.PCURVE_S1.);
#4634 = LINE('',#4635,#4636);
#4635 = CARTESIAN_POINT('',(217.,19.5,19.8));
#4636 = VECTOR('',#4637,1.);
#4637 = DIRECTION('',(0.,0.,1.));
#4638 = PCURVE('',#389,#4639);
#4639 = DEFINITIONAL_REPRESENTATION('',(#4640),#4644);
#4640 = LINE('',#4641,#4642);
#4641 = CARTESIAN_POINT('',(0.,-18.5));
#4642 = VECTOR('',#4643,1.);
#4643 = DIRECTION('',(1.,0.));
#4644 = ( GEOMETRIC_REPRESENTATION_CONTEXT(2) 
PARAMETRIC_REPRESENTATION_CONTEXT() REPRESENTATION_CONTEXT('2D SPACE',''
  ) );
#4645 = PCURVE('',#4646,#4651);
#4646 = PLANE('',#4647);
#4647 = AXIS2_PLACEMENT_3D('',#4648,#4649,#4650);
#4648 = CARTESIAN_POINT('',(183.,19.5,19.8));
#4649 = DIRECTION('',(-0.,1.,0.));
#4650 = DIRECTION('',(0.,0.,1.));
#4651 = DEFINITIONAL_REPRESENTATION('',(#4652),#4656);
#4652 = LINE('',#4653,#4654);
#4653 = CARTESIAN_POINT('',(0.,34.));
#4654 = VECTOR('',#4655,1.);
#4655 = DIRECTION('',(1.,0.));
#4656 = ( GEOMETRIC_REPRESENTATION_CONTEXT(2) 
PARAMETRIC_REPRESENTATION_CONTEXT() REPRESENTATION_CONTEXT('2D SPACE',''
  ) );
#4657 = ORIENTED_EDGE('',*,*,#4658,.F.);
#4658 = EDGE_CURVE('',#4659,#4631,#4661,.T.);
#4659 = VERTEX_POINT('',#4660);
#4660 = CARTESIAN_POINT('',(217.,3.,30.8));
#4661 = SURFACE_CURVE('',#4662,(#4666,#4673),.PCURVE_S1.);
#4662 = LINE('',#4663,#4664);
#4663 = CARTESIAN_POINT('',(217.,1.,30.8));
#4664 = VECTOR('',#4665,1.);
#4665 = DIRECTION('',(-0.,1.,0.));
#4666 = PCURVE('',#389,#4667);
#4667 = DEFINITIONAL_REPRESENTATION('',(#4668),#4672);
#4668 = LINE('',#4669,#4670);
#4669 = CARTESIAN_POINT('',(11.,0.));
#4670 = VECTOR('',#4671,1.);
#4671 = DIRECTION('',(0.,-1.));
#4672 = ( GEOMETRIC_REPRESENTATION_CONTEXT(2) 
PARAMETRIC_REPRESENTATION_CONTEXT() REPRESENTATION_CONTEXT('2D SPACE',''
  ) );
#4673 = PCURVE('',#4674,#4679);
#4674 = PLANE('',#4675);
#4675 = AXIS2_PLACEMENT_3D('',#4676,#4677,#4678);
#4676 = CARTESIAN_POINT('',(183.,1.,30.8));
#4677 = DIRECTION('',(0.,0.,1.));
#4678 = DIRECTION('',(1.,0.,-0.));
#4679 = DEFINITIONAL_REPRESENTATION('',(#4680),#4684);
#4680 = LINE('',#4681,#4682);
#4681 = CARTESIAN_POINT('',(34.,0.));
#4682 = VECTOR('',#4683,1.);
#4683 = DIRECTION('',(0.,1.));
#4684 = ( GEOMETRIC_REPRESENTATION_CONTEXT(2) 
PARAMETRIC_REPRESENTATION_CONTEXT() REPRESENTATION_CONTEXT('2D SPACE',''
  ) );
#4685 = ORIENTED_EDGE('',*,*,#4686,.F.);
#4686 = EDGE_CURVE('',#2733,#4659,#4687,.T.);
#4687 = SURFACE_CURVE('',#4688,(#4692,#4698),.PCURVE_S1.);
#4688 = LINE('',#4689,#4690);
#4689 = CARTESIAN_POINT('',(217.,3.,25.05));
#4690 = VECTOR('',#4691,1.);
#4691 = DIRECTION('',(0.,0.,1.));
#4692 = PCURVE('',#389,#4693);
#4693 = DEFINITIONAL_REPRESENTATION('',(#4694),#4697);
#4694 = B_SPLINE_CURVE_WITH_KNOTS('',1,(#4695,#4696),.UNSPECIFIED.,.F.,
  .F.,(2,2),(5.25,5.75),.PIECEWISE_BEZIER_KNOTS.);
#4695 = CARTESIAN_POINT('',(10.5,-2.));
#4696 = CARTESIAN_POINT('',(11.,-2.));
#4697 = ( GEOMETRIC_REPRESENTATION_CONTEXT(2) 
PARAMETRIC_REPRESENTATION_CONTEXT() REPRESENTATION_CONTEXT('2D SPACE',''
  ) );
#4698 = PCURVE('',#2748,#4699);
#4699 = DEFINITIONAL_REPRESENTATION('',(#4700),#4703);
#4700 = B_SPLINE_CURVE_WITH_KNOTS('',1,(#4701,#4702),.UNSPECIFIED.,.F.,
  .F.,(2,2),(5.25,5.75),.PIECEWISE_BEZIER_KNOTS.);
#4701 = CARTESIAN_POINT('',(0.,34.));
#4702 = CARTESIAN_POINT('',(0.5,34.));
#4703 = ( GEOMETRIC_REPRESENTATION_CONTEXT(2) 
PARAMETRIC_REPRESENTATION_CONTEXT() REPRESENTATION_CONTEXT('2D SPACE',''
  ) );
#4704 = ORIENTED_EDGE('',*,*,#2760,.T.);
#4705 = ADVANCED_FACE('',(#4706),#1500,.F.);
#4706 = FACE_BOUND('',#4707,.F.);
#4707 = EDGE_LOOP('',(#4708,#4731,#4732,#4733));
#4708 = ORIENTED_EDGE('',*,*,#4709,.F.);
#4709 = EDGE_CURVE('',#4525,#4710,#4712,.T.);
#4710 = VERTEX_POINT('',#4711);
#4711 = CARTESIAN_POINT('',(278.35,4.5,106.3));
#4712 = SURFACE_CURVE('',#4713,(#4717,#4724),.PCURVE_S1.);
#4713 = LINE('',#4714,#4715);
#4714 = CARTESIAN_POINT('',(260.85,4.5,106.3));
#4715 = VECTOR('',#4716,1.);
#4716 = DIRECTION('',(1.,0.,-0.));
#4717 = PCURVE('',#1500,#4718);
#4718 = DEFINITIONAL_REPRESENTATION('',(#4719),#4723);
#4719 = LINE('',#4720,#4721);
#4720 = CARTESIAN_POINT('',(0.,3.5));
#4721 = VECTOR('',#4722,1.);
#4722 = DIRECTION('',(1.,0.));
#4723 = ( GEOMETRIC_REPRESENTATION_CONTEXT(2) 
PARAMETRIC_REPRESENTATION_CONTEXT() REPRESENTATION_CONTEXT('2D SPACE',''
  ) );
#4724 = PCURVE('',#4563,#4725);
#4725 = DEFINITIONAL_REPRESENTATION('',(#4726),#4730);
#4726 = LINE('',#4727,#4728);
#4727 = CARTESIAN_POINT('',(-17.,0.));
#4728 = VECTOR('',#4729,1.);
#4729 = DIRECTION('',(0.,1.));
#4730 = ( GEOMETRIC_REPRESENTATION_CONTEXT(2) 
PARAMETRIC_REPRESENTATION_CONTEXT() REPRESENTATION_CONTEXT('2D SPACE',''
  ) );
#4731 = ORIENTED_EDGE('',*,*,#4524,.F.);
#4732 = ORIENTED_EDGE('',*,*,#1484,.T.);
#4733 = ORIENTED_EDGE('',*,*,#4734,.T.);
#4734 = EDGE_CURVE('',#1457,#4710,#4735,.T.);
#4735 = SURFACE_CURVE('',#4736,(#4740,#4747),.PCURVE_S1.);
#4736 = LINE('',#4737,#4738);
#4737 = CARTESIAN_POINT('',(278.35,1.,106.3));
#4738 = VECTOR('',#4739,1.);
#4739 = DIRECTION('',(-0.,1.,0.));
#4740 = PCURVE('',#1500,#4741);
#4741 = DEFINITIONAL_REPRESENTATION('',(#4742),#4746);
#4742 = LINE('',#4743,#4744);
#4743 = CARTESIAN_POINT('',(17.5,0.));
#4744 = VECTOR('',#4745,1.);
#4745 = DIRECTION('',(0.,1.));
#4746 = ( GEOMETRIC_REPRESENTATION_CONTEXT(2) 
PARAMETRIC_REPRESENTATION_CONTEXT() REPRESENTATION_CONTEXT('2D SPACE',''
  ) );
#4747 = PCURVE('',#1472,#4748);
#4748 = DEFINITIONAL_REPRESENTATION('',(#4749),#4753);
#4749 = LINE('',#4750,#4751);
#4750 = CARTESIAN_POINT('',(0.,0.));
#4751 = VECTOR('',#4752,1.);
#4752 = DIRECTION('',(0.,-1.));
#4753 = ( GEOMETRIC_REPRESENTATION_CONTEXT(2) 
PARAMETRIC_REPRESENTATION_CONTEXT() REPRESENTATION_CONTEXT('2D SPACE',''
  ) );
#4754 = ADVANCED_FACE('',(#4755),#417,.F.);
#4755 = FACE_BOUND('',#4756,.F.);
#4756 = EDGE_LOOP('',(#4757,#4758,#4781,#4802,#4803,#4824,#4850,#4876,
    #4902,#4928,#4954,#4973));
#4757 = ORIENTED_EDGE('',*,*,#4607,.T.);
#4758 = ORIENTED_EDGE('',*,*,#4759,.F.);
#4759 = EDGE_CURVE('',#4760,#4608,#4762,.T.);
#4760 = VERTEX_POINT('',#4761);
#4761 = CARTESIAN_POINT('',(183.,19.5,19.8));
#4762 = SURFACE_CURVE('',#4763,(#4767,#4774),.PCURVE_S1.);
#4763 = LINE('',#4764,#4765);
#4764 = CARTESIAN_POINT('',(183.,19.5,19.8));
#4765 = VECTOR('',#4766,1.);
#4766 = DIRECTION('',(1.,0.,-0.));
#4767 = PCURVE('',#417,#4768);
#4768 = DEFINITIONAL_REPRESENTATION('',(#4769),#4773);
#4769 = LINE('',#4770,#4771);
#4770 = CARTESIAN_POINT('',(0.,18.5));
#4771 = VECTOR('',#4772,1.);
#4772 = DIRECTION('',(1.,0.));
#4773 = ( GEOMETRIC_REPRESENTATION_CONTEXT(2) 
PARAMETRIC_REPRESENTATION_CONTEXT() REPRESENTATION_CONTEXT('2D SPACE',''
  ) );
#4774 = PCURVE('',#4646,#4775);
#4775 = DEFINITIONAL_REPRESENTATION('',(#4776),#4780);
#4776 = LINE('',#4777,#4778);
#4777 = CARTESIAN_POINT('',(0.,0.));
#4778 = VECTOR('',#4779,1.);
#4779 = DIRECTION('',(0.,1.));
#4780 = ( GEOMETRIC_REPRESENTATION_CONTEXT(2) 
PARAMETRIC_REPRESENTATION_CONTEXT() REPRESENTATION_CONTEXT('2D SPACE',''
  ) );
#4781 = ORIENTED_EDGE('',*,*,#4782,.F.);
#4782 = EDGE_CURVE('',#510,#4760,#4783,.T.);
#4783 = SURFACE_CURVE('',#4784,(#4788,#4795),.PCURVE_S1.);
#4784 = LINE('',#4785,#4786);
#4785 = CARTESIAN_POINT('',(183.,1.,19.8));
#4786 = VECTOR('',#4787,1.);
#4787 = DIRECTION('',(-0.,1.,0.));
#4788 = PCURVE('',#417,#4789);
#4789 = DEFINITIONAL_REPRESENTATION('',(#4790),#4794);
#4790 = LINE('',#4791,#4792);
#4791 = CARTESIAN_POINT('',(0.,0.));
#4792 = VECTOR('',#4793,1.);
#4793 = DIRECTION('',(0.,1.));
#4794 = ( GEOMETRIC_REPRESENTATION_CONTEXT(2) 
PARAMETRIC_REPRESENTATION_CONTEXT() REPRESENTATION_CONTEXT('2D SPACE',''
  ) );
#4795 = PCURVE('',#548,#4796);
#4796 = DEFINITIONAL_REPRESENTATION('',(#4797),#4801);
#4797 = LINE('',#4798,#4799);
#4798 = CARTESIAN_POINT('',(-10.5,0.));
#4799 = VECTOR('',#4800,1.);
#4800 = DIRECTION('',(0.,-1.));
#4801 = ( GEOMETRIC_REPRESENTATION_CONTEXT(2) 
PARAMETRIC_REPRESENTATION_CONTEXT() REPRESENTATION_CONTEXT('2D SPACE',''
  ) );
#4802 = ORIENTED_EDGE('',*,*,#509,.T.);
#4803 = ORIENTED_EDGE('',*,*,#4804,.F.);
#4804 = EDGE_CURVE('',#4805,#484,#4807,.T.);
#4805 = VERTEX_POINT('',#4806);
#4806 = CARTESIAN_POINT('',(191.0064516129,2.5,19.8));
#4807 = SURFACE_CURVE('',#4808,(#4812,#4818),.PCURVE_S1.);
#4808 = LINE('',#4809,#4810);
#4809 = CARTESIAN_POINT('',(191.0064516129,0.5,19.8));
#4810 = VECTOR('',#4811,1.);
#4811 = DIRECTION('',(-0.,-1.,0.));
#4812 = PCURVE('',#417,#4813);
#4813 = DEFINITIONAL_REPRESENTATION('',(#4814),#4817);
#4814 = B_SPLINE_CURVE_WITH_KNOTS('',1,(#4815,#4816),.UNSPECIFIED.,.F.,
  .F.,(2,2),(-2.,-0.5),.PIECEWISE_BEZIER_KNOTS.);
#4815 = CARTESIAN_POINT('',(8.006451612903,1.5));
#4816 = CARTESIAN_POINT('',(8.006451612903,0.));
#4817 = ( GEOMETRIC_REPRESENTATION_CONTEXT(2) 
PARAMETRIC_REPRESENTATION_CONTEXT() REPRESENTATION_CONTEXT('2D SPACE',''
  ) );
#4818 = PCURVE('',#498,#4819);
#4819 = DEFINITIONAL_REPRESENTATION('',(#4820),#4823);
#4820 = B_SPLINE_CURVE_WITH_KNOTS('',1,(#4821,#4822),.UNSPECIFIED.,.F.,
  .F.,(2,2),(-2.,-0.5),.PIECEWISE_BEZIER_KNOTS.);
#4821 = CARTESIAN_POINT('',(7.774231193859,-2.5));
#4822 = CARTESIAN_POINT('',(7.774231193859,-1.));
#4823 = ( GEOMETRIC_REPRESENTATION_CONTEXT(2) 
PARAMETRIC_REPRESENTATION_CONTEXT() REPRESENTATION_CONTEXT('2D SPACE',''
  ) );
#4824 = ORIENTED_EDGE('',*,*,#4825,.T.);
#4825 = EDGE_CURVE('',#4805,#4826,#4828,.T.);
#4826 = VERTEX_POINT('',#4827);
#4827 = CARTESIAN_POINT('',(191.5064516129,2.5,19.8));
#4828 = SURFACE_CURVE('',#4829,(#4833,#4839),.PCURVE_S1.);
#4829 = LINE('',#4830,#4831);
#4830 = CARTESIAN_POINT('',(191.5,2.5,19.8));
#4831 = VECTOR('',#4832,1.);
#4832 = DIRECTION('',(1.,0.,0.));
#4833 = PCURVE('',#417,#4834);
#4834 = DEFINITIONAL_REPRESENTATION('',(#4835),#4838);
#4835 = B_SPLINE_CURVE_WITH_KNOTS('',1,(#4836,#4837),.UNSPECIFIED.,.F.,
  .F.,(2,2),(-3.3,20.3),.PIECEWISE_BEZIER_KNOTS.);
#4836 = CARTESIAN_POINT('',(5.2,1.5));
#4837 = CARTESIAN_POINT('',(28.8,1.5));
#4838 = ( GEOMETRIC_REPRESENTATION_CONTEXT(2) 
PARAMETRIC_REPRESENTATION_CONTEXT() REPRESENTATION_CONTEXT('2D SPACE',''
  ) );
#4839 = PCURVE('',#4840,#4845);
#4840 = PLANE('',#4841);
#4841 = AXIS2_PLACEMENT_3D('',#4842,#4843,#4844);
#4842 = CARTESIAN_POINT('',(200.,2.5,23.577104640673));
#4843 = DIRECTION('',(-0.,-1.,-0.));
#4844 = DIRECTION('',(0.,0.,-1.));
#4845 = DEFINITIONAL_REPRESENTATION('',(#4846),#4849);
#4846 = B_SPLINE_CURVE_WITH_KNOTS('',1,(#4847,#4848),.UNSPECIFIED.,.F.,
  .F.,(2,2),(-3.3,20.3),.PIECEWISE_BEZIER_KNOTS.);
#4847 = CARTESIAN_POINT('',(3.777104640673,-11.8));
#4848 = CARTESIAN_POINT('',(3.777104640673,11.8));
#4849 = ( GEOMETRIC_REPRESENTATION_CONTEXT(2) 
PARAMETRIC_REPRESENTATION_CONTEXT() REPRESENTATION_CONTEXT('2D SPACE',''
  ) );
#4850 = ORIENTED_EDGE('',*,*,#4851,.F.);
#4851 = EDGE_CURVE('',#4852,#4826,#4854,.T.);
#4852 = VERTEX_POINT('',#4853);
#4853 = CARTESIAN_POINT('',(191.5064516129,15.5,19.8));
#4854 = SURFACE_CURVE('',#4855,(#4859,#4865),.PCURVE_S1.);
#4855 = LINE('',#4856,#4857);
#4856 = CARTESIAN_POINT('',(191.5064516129,0.5,19.8));
#4857 = VECTOR('',#4858,1.);
#4858 = DIRECTION('',(-0.,-1.,0.));
#4859 = PCURVE('',#417,#4860);
#4860 = DEFINITIONAL_REPRESENTATION('',(#4861),#4864);
#4861 = B_SPLINE_CURVE_WITH_KNOTS('',1,(#4862,#4863),.UNSPECIFIED.,.F.,
  .F.,(2,2),(-15.,-0.5),.PIECEWISE_BEZIER_KNOTS.);
#4862 = CARTESIAN_POINT('',(8.506451612903,14.5));
#4863 = CARTESIAN_POINT('',(8.506451612903,0.));
#4864 = ( GEOMETRIC_REPRESENTATION_CONTEXT(2) 
PARAMETRIC_REPRESENTATION_CONTEXT() REPRESENTATION_CONTEXT('2D SPACE',''
  ) );
#4865 = PCURVE('',#4866,#4871);
#4866 = PLANE('',#4867);
#4867 = AXIS2_PLACEMENT_3D('',#4868,#4869,#4870);
#4868 = CARTESIAN_POINT('',(188.7,0.,27.05));
#4869 = DIRECTION('',(-0.932568098274,0.,-0.360994102558));
#4870 = DIRECTION('',(0.360994102558,0.,-0.932568098274));
#4871 = DEFINITIONAL_REPRESENTATION('',(#4872),#4875);
#4872 = B_SPLINE_CURVE_WITH_KNOTS('',1,(#4873,#4874),.UNSPECIFIED.,.F.,
  .F.,(2,2),(-15.,-0.5),.PIECEWISE_BEZIER_KNOTS.);
#4873 = CARTESIAN_POINT('',(7.774231193859,-15.5));
#4874 = CARTESIAN_POINT('',(7.774231193859,-1.));
#4875 = ( GEOMETRIC_REPRESENTATION_CONTEXT(2) 
PARAMETRIC_REPRESENTATION_CONTEXT() REPRESENTATION_CONTEXT('2D SPACE',''
  ) );
#4876 = ORIENTED_EDGE('',*,*,#4877,.T.);
#4877 = EDGE_CURVE('',#4852,#4878,#4880,.T.);
#4878 = VERTEX_POINT('',#4879);
#4879 = CARTESIAN_POINT('',(208.49354838709,15.5,19.8));
#4880 = SURFACE_CURVE('',#4881,(#4885,#4891),.PCURVE_S1.);
#4881 = LINE('',#4882,#4883);
#4882 = CARTESIAN_POINT('',(191.5,15.5,19.8));
#4883 = VECTOR('',#4884,1.);
#4884 = DIRECTION('',(1.,0.,0.));
#4885 = PCURVE('',#417,#4886);
#4886 = DEFINITIONAL_REPRESENTATION('',(#4887),#4890);
#4887 = B_SPLINE_CURVE_WITH_KNOTS('',1,(#4888,#4889),.UNSPECIFIED.,.F.,
  .F.,(2,2),(-2.8,19.8),.PIECEWISE_BEZIER_KNOTS.);
#4888 = CARTESIAN_POINT('',(5.7,14.5));
#4889 = CARTESIAN_POINT('',(28.3,14.5));
#4890 = ( GEOMETRIC_REPRESENTATION_CONTEXT(2) 
PARAMETRIC_REPRESENTATION_CONTEXT() REPRESENTATION_CONTEXT('2D SPACE',''
  ) );
#4891 = PCURVE('',#4892,#4897);
#4892 = PLANE('',#4893);
#4893 = AXIS2_PLACEMENT_3D('',#4894,#4895,#4896);
#4894 = CARTESIAN_POINT('',(200.,15.5,23.591511630747));
#4895 = DIRECTION('',(-0.,-1.,-0.));
#4896 = DIRECTION('',(0.,0.,-1.));
#4897 = DEFINITIONAL_REPRESENTATION('',(#4898),#4901);
#4898 = B_SPLINE_CURVE_WITH_KNOTS('',1,(#4899,#4900),.UNSPECIFIED.,.F.,
  .F.,(2,2),(-2.8,19.8),.PIECEWISE_BEZIER_KNOTS.);
#4899 = CARTESIAN_POINT('',(3.791511630747,-11.3));
#4900 = CARTESIAN_POINT('',(3.791511630747,11.3));
#4901 = ( GEOMETRIC_REPRESENTATION_CONTEXT(2) 
PARAMETRIC_REPRESENTATION_CONTEXT() REPRESENTATION_CONTEXT('2D SPACE',''
  ) );
#4902 = ORIENTED_EDGE('',*,*,#4903,.F.);
#4903 = EDGE_CURVE('',#4904,#4878,#4906,.T.);
#4904 = VERTEX_POINT('',#4905);
#4905 = CARTESIAN_POINT('',(208.49354838709,2.5,19.8));
#4906 = SURFACE_CURVE('',#4907,(#4911,#4917),.PCURVE_S1.);
#4907 = LINE('',#4908,#4909);
#4908 = CARTESIAN_POINT('',(208.49354838709,0.5,19.8));
#4909 = VECTOR('',#4910,1.);
#4910 = DIRECTION('',(-0.,1.,0.));
#4911 = PCURVE('',#417,#4912);
#4912 = DEFINITIONAL_REPRESENTATION('',(#4913),#4916);
#4913 = B_SPLINE_CURVE_WITH_KNOTS('',1,(#4914,#4915),.UNSPECIFIED.,.F.,
  .F.,(2,2),(0.5,15.),.PIECEWISE_BEZIER_KNOTS.);
#4914 = CARTESIAN_POINT('',(25.493548387097,0.));
#4915 = CARTESIAN_POINT('',(25.493548387097,14.5));
#4916 = ( GEOMETRIC_REPRESENTATION_CONTEXT(2) 
PARAMETRIC_REPRESENTATION_CONTEXT() REPRESENTATION_CONTEXT('2D SPACE',''
  ) );
#4917 = PCURVE('',#4918,#4923);
#4918 = PLANE('',#4919);
#4919 = AXIS2_PLACEMENT_3D('',#4920,#4921,#4922);
#4920 = CARTESIAN_POINT('',(208.3,0.,19.3));
#4921 = DIRECTION('',(0.932568098274,0.,-0.360994102558));
#4922 = DIRECTION('',(0.360994102558,0.,0.932568098274));
#4923 = DEFINITIONAL_REPRESENTATION('',(#4924),#4927);
#4924 = B_SPLINE_CURVE_WITH_KNOTS('',1,(#4925,#4926),.UNSPECIFIED.,.F.,
  .F.,(2,2),(0.5,15.),.PIECEWISE_BEZIER_KNOTS.);
#4925 = CARTESIAN_POINT('',(0.536153875439,-1.));
#4926 = CARTESIAN_POINT('',(0.536153875439,-15.5));
#4927 = ( GEOMETRIC_REPRESENTATION_CONTEXT(2) 
PARAMETRIC_REPRESENTATION_CONTEXT() REPRESENTATION_CONTEXT('2D SPACE',''
  ) );
#4928 = ORIENTED_EDGE('',*,*,#4929,.T.);
#4929 = EDGE_CURVE('',#4904,#4930,#4932,.T.);
#4930 = VERTEX_POINT('',#4931);
#4931 = CARTESIAN_POINT('',(208.99354838709,2.5,19.8));
#4932 = SURFACE_CURVE('',#4933,(#4937,#4943),.PCURVE_S1.);
#4933 = LINE('',#4934,#4935);
#4934 = CARTESIAN_POINT('',(191.5,2.5,19.8));
#4935 = VECTOR('',#4936,1.);
#4936 = DIRECTION('',(1.,0.,0.));
#4937 = PCURVE('',#417,#4938);
#4938 = DEFINITIONAL_REPRESENTATION('',(#4939),#4942);
#4939 = B_SPLINE_CURVE_WITH_KNOTS('',1,(#4940,#4941),.UNSPECIFIED.,.F.,
  .F.,(2,2),(-3.3,20.3),.PIECEWISE_BEZIER_KNOTS.);
#4940 = CARTESIAN_POINT('',(5.2,1.5));
#4941 = CARTESIAN_POINT('',(28.8,1.5));
#4942 = ( GEOMETRIC_REPRESENTATION_CONTEXT(2) 
PARAMETRIC_REPRESENTATION_CONTEXT() REPRESENTATION_CONTEXT('2D SPACE',''
  ) );
#4943 = PCURVE('',#4944,#4949);
#4944 = PLANE('',#4945);
#4945 = AXIS2_PLACEMENT_3D('',#4946,#4947,#4948);
#4946 = CARTESIAN_POINT('',(200.,2.5,23.577104640673));
#4947 = DIRECTION('',(-0.,-1.,-0.));
#4948 = DIRECTION('',(0.,0.,-1.));
#4949 = DEFINITIONAL_REPRESENTATION('',(#4950),#4953);
#4950 = B_SPLINE_CURVE_WITH_KNOTS('',1,(#4951,#4952),.UNSPECIFIED.,.F.,
  .F.,(2,2),(-3.3,20.3),.PIECEWISE_BEZIER_KNOTS.);
#4951 = CARTESIAN_POINT('',(3.777104640673,-11.8));
#4952 = CARTESIAN_POINT('',(3.777104640673,11.8));
#4953 = ( GEOMETRIC_REPRESENTATION_CONTEXT(2) 
PARAMETRIC_REPRESENTATION_CONTEXT() REPRESENTATION_CONTEXT('2D SPACE',''
  ) );
#4954 = ORIENTED_EDGE('',*,*,#4955,.F.);
#4955 = EDGE_CURVE('',#402,#4930,#4956,.T.);
#4956 = SURFACE_CURVE('',#4957,(#4961,#4967),.PCURVE_S1.);
#4957 = LINE('',#4958,#4959);
#4958 = CARTESIAN_POINT('',(208.99354838709,0.5,19.8));
#4959 = VECTOR('',#4960,1.);
#4960 = DIRECTION('',(-0.,1.,0.));
#4961 = PCURVE('',#417,#4962);
#4962 = DEFINITIONAL_REPRESENTATION('',(#4963),#4966);
#4963 = B_SPLINE_CURVE_WITH_KNOTS('',1,(#4964,#4965),.UNSPECIFIED.,.F.,
  .F.,(2,2),(0.5,2.),.PIECEWISE_BEZIER_KNOTS.);
#4964 = CARTESIAN_POINT('',(25.993548387097,0.));
#4965 = CARTESIAN_POINT('',(25.993548387097,1.5));
#4966 = ( GEOMETRIC_REPRESENTATION_CONTEXT(2) 
PARAMETRIC_REPRESENTATION_CONTEXT() REPRESENTATION_CONTEXT('2D SPACE',''
  ) );
#4967 = PCURVE('',#444,#4968);
#4968 = DEFINITIONAL_REPRESENTATION('',(#4969),#4972);
#4969 = B_SPLINE_CURVE_WITH_KNOTS('',1,(#4970,#4971),.UNSPECIFIED.,.F.,
  .F.,(2,2),(0.5,2.),.PIECEWISE_BEZIER_KNOTS.);
#4970 = CARTESIAN_POINT('',(0.536153875439,-1.));
#4971 = CARTESIAN_POINT('',(0.536153875439,-2.5));
#4972 = ( GEOMETRIC_REPRESENTATION_CONTEXT(2) 
PARAMETRIC_REPRESENTATION_CONTEXT() REPRESENTATION_CONTEXT('2D SPACE',''
  ) );
#4973 = ORIENTED_EDGE('',*,*,#401,.T.);
#4974 = ADVANCED_FACE('',(#4975),#1472,.T.);
#4975 = FACE_BOUND('',#4976,.T.);
#4976 = EDGE_LOOP('',(#4977,#4978,#4979,#5002));
#4977 = ORIENTED_EDGE('',*,*,#1456,.F.);
#4978 = ORIENTED_EDGE('',*,*,#4734,.T.);
#4979 = ORIENTED_EDGE('',*,*,#4980,.T.);
#4980 = EDGE_CURVE('',#4710,#4981,#4983,.T.);
#4981 = VERTEX_POINT('',#4982);
#4982 = CARTESIAN_POINT('',(278.35,4.5,120.3));
#4983 = SURFACE_CURVE('',#4984,(#4988,#4995),.PCURVE_S1.);
#4984 = LINE('',#4985,#4986);
#4985 = CARTESIAN_POINT('',(278.35,4.5,106.3));
#4986 = VECTOR('',#4987,1.);
#4987 = DIRECTION('',(0.,0.,1.));
#4988 = PCURVE('',#1472,#4989);
#4989 = DEFINITIONAL_REPRESENTATION('',(#4990),#4994);
#4990 = LINE('',#4991,#4992);
#4991 = CARTESIAN_POINT('',(0.,-3.5));
#4992 = VECTOR('',#4993,1.);
#4993 = DIRECTION('',(1.,0.));
#4994 = ( GEOMETRIC_REPRESENTATION_CONTEXT(2) 
PARAMETRIC_REPRESENTATION_CONTEXT() REPRESENTATION_CONTEXT('2D SPACE',''
  ) );
#4995 = PCURVE('',#4563,#4996);
#4996 = DEFINITIONAL_REPRESENTATION('',(#4997),#5001);
#4997 = LINE('',#4998,#4999);
#4998 = CARTESIAN_POINT('',(-17.,17.5));
#4999 = VECTOR('',#5000,1.);
#5000 = DIRECTION('',(1.,0.));
#5001 = ( GEOMETRIC_REPRESENTATION_CONTEXT(2) 
PARAMETRIC_REPRESENTATION_CONTEXT() REPRESENTATION_CONTEXT('2D SPACE',''
  ) );
#5002 = ORIENTED_EDGE('',*,*,#5003,.F.);
#5003 = EDGE_CURVE('',#1429,#4981,#5004,.T.);
#5004 = SURFACE_CURVE('',#5005,(#5009,#5016),.PCURVE_S1.);
#5005 = LINE('',#5006,#5007);
#5006 = CARTESIAN_POINT('',(278.35,1.,120.3));
#5007 = VECTOR('',#5008,1.);
#5008 = DIRECTION('',(-0.,1.,0.));
#5009 = PCURVE('',#1472,#5010);
#5010 = DEFINITIONAL_REPRESENTATION('',(#5011),#5015);
#5011 = LINE('',#5012,#5013);
#5012 = CARTESIAN_POINT('',(14.,0.));
#5013 = VECTOR('',#5014,1.);
#5014 = DIRECTION('',(0.,-1.));
#5015 = ( GEOMETRIC_REPRESENTATION_CONTEXT(2) 
PARAMETRIC_REPRESENTATION_CONTEXT() REPRESENTATION_CONTEXT('2D SPACE',''
  ) );
#5016 = PCURVE('',#1444,#5017);
#5017 = DEFINITIONAL_REPRESENTATION('',(#5018),#5022);
#5018 = LINE('',#5019,#5020);
#5019 = CARTESIAN_POINT('',(17.5,0.));
#5020 = VECTOR('',#5021,1.);
#5021 = DIRECTION('',(0.,1.));
#5022 = ( GEOMETRIC_REPRESENTATION_CONTEXT(2) 
PARAMETRIC_REPRESENTATION_CONTEXT() REPRESENTATION_CONTEXT('2D SPACE',''
  ) );
#5023 = ADVANCED_FACE('',(#5024),#444,.F.);
#5024 = FACE_BOUND('',#5025,.F.);
#5025 = EDGE_LOOP('',(#5026,#5027,#5050,#5071));
#5026 = ORIENTED_EDGE('',*,*,#4955,.T.);
#5027 = ORIENTED_EDGE('',*,*,#5028,.T.);
#5028 = EDGE_CURVE('',#4930,#5029,#5031,.T.);
#5029 = VERTEX_POINT('',#5030);
#5030 = CARTESIAN_POINT('',(211.8,2.5,27.05));
#5031 = SURFACE_CURVE('',#5032,(#5036,#5043),.PCURVE_S1.);
#5032 = LINE('',#5033,#5034);
#5033 = CARTESIAN_POINT('',(208.8,2.5,19.3));
#5034 = VECTOR('',#5035,1.);
#5035 = DIRECTION('',(0.360994102558,0.,0.932568098274));
#5036 = PCURVE('',#444,#5037);
#5037 = DEFINITIONAL_REPRESENTATION('',(#5038),#5042);
#5038 = LINE('',#5039,#5040);
#5039 = CARTESIAN_POINT('',(0.,-2.5));
#5040 = VECTOR('',#5041,1.);
#5041 = DIRECTION('',(1.,0.));
#5042 = ( GEOMETRIC_REPRESENTATION_CONTEXT(2) 
PARAMETRIC_REPRESENTATION_CONTEXT() REPRESENTATION_CONTEXT('2D SPACE',''
  ) );
#5043 = PCURVE('',#4944,#5044);
#5044 = DEFINITIONAL_REPRESENTATION('',(#5045),#5049);
#5045 = LINE('',#5046,#5047);
#5046 = CARTESIAN_POINT('',(4.277104640673,8.8));
#5047 = VECTOR('',#5048,1.);
#5048 = DIRECTION('',(-0.932568098274,0.360994102558));
#5049 = ( GEOMETRIC_REPRESENTATION_CONTEXT(2) 
PARAMETRIC_REPRESENTATION_CONTEXT() REPRESENTATION_CONTEXT('2D SPACE',''
  ) );
#5050 = ORIENTED_EDGE('',*,*,#5051,.F.);
#5051 = EDGE_CURVE('',#430,#5029,#5052,.T.);
#5052 = SURFACE_CURVE('',#5053,(#5057,#5064),.PCURVE_S1.);
#5053 = LINE('',#5054,#5055);
#5054 = CARTESIAN_POINT('',(211.8,0.,27.05));
#5055 = VECTOR('',#5056,1.);
#5056 = DIRECTION('',(0.,1.,0.));
#5057 = PCURVE('',#444,#5058);
#5058 = DEFINITIONAL_REPRESENTATION('',(#5059),#5063);
#5059 = LINE('',#5060,#5061);
#5060 = CARTESIAN_POINT('',(8.310385069297,0.));
#5061 = VECTOR('',#5062,1.);
#5062 = DIRECTION('',(0.,-1.));
#5063 = ( GEOMETRIC_REPRESENTATION_CONTEXT(2) 
PARAMETRIC_REPRESENTATION_CONTEXT() REPRESENTATION_CONTEXT('2D SPACE',''
  ) );
#5064 = PCURVE('',#471,#5065);
#5065 = DEFINITIONAL_REPRESENTATION('',(#5066),#5070);
#5066 = LINE('',#5067,#5068);
#5067 = CARTESIAN_POINT('',(0.,0.));
#5068 = VECTOR('',#5069,1.);
#5069 = DIRECTION('',(0.,-1.));
#5070 = ( GEOMETRIC_REPRESENTATION_CONTEXT(2) 
PARAMETRIC_REPRESENTATION_CONTEXT() REPRESENTATION_CONTEXT('2D SPACE',''
  ) );
#5071 = ORIENTED_EDGE('',*,*,#429,.T.);
#5072 = ADVANCED_FACE('',(#5073),#1444,.T.);
#5073 = FACE_BOUND('',#5074,.T.);
#5074 = EDGE_LOOP('',(#5075,#5098,#5119,#5120));
#5075 = ORIENTED_EDGE('',*,*,#5076,.F.);
#5076 = EDGE_CURVE('',#5077,#4981,#5079,.T.);
#5077 = VERTEX_POINT('',#5078);
#5078 = CARTESIAN_POINT('',(264.85,4.5,120.3));
#5079 = SURFACE_CURVE('',#5080,(#5084,#5091),.PCURVE_S1.);
#5080 = LINE('',#5081,#5082);
#5081 = CARTESIAN_POINT('',(260.85,4.5,120.3));
#5082 = VECTOR('',#5083,1.);
#5083 = DIRECTION('',(1.,0.,-0.));
#5084 = PCURVE('',#1444,#5085);
#5085 = DEFINITIONAL_REPRESENTATION('',(#5086),#5090);
#5086 = LINE('',#5087,#5088);
#5087 = CARTESIAN_POINT('',(0.,3.5));
#5088 = VECTOR('',#5089,1.);
#5089 = DIRECTION('',(1.,0.));
#5090 = ( GEOMETRIC_REPRESENTATION_CONTEXT(2) 
PARAMETRIC_REPRESENTATION_CONTEXT() REPRESENTATION_CONTEXT('2D SPACE',''
  ) );
#5091 = PCURVE('',#4563,#5092);
#5092 = DEFINITIONAL_REPRESENTATION('',(#5093),#5097);
#5093 = LINE('',#5094,#5095);
#5094 = CARTESIAN_POINT('',(-3.,0.));
#5095 = VECTOR('',#5096,1.);
#5096 = DIRECTION('',(0.,1.));
#5097 = ( GEOMETRIC_REPRESENTATION_CONTEXT(2) 
PARAMETRIC_REPRESENTATION_CONTEXT() REPRESENTATION_CONTEXT('2D SPACE',''
  ) );
#5098 = ORIENTED_EDGE('',*,*,#5099,.F.);
#5099 = EDGE_CURVE('',#1401,#5077,#5100,.T.);
#5100 = SURFACE_CURVE('',#5101,(#5105,#5112),.PCURVE_S1.);
#5101 = LINE('',#5102,#5103);
#5102 = CARTESIAN_POINT('',(264.85,1.,120.3));
#5103 = VECTOR('',#5104,1.);
#5104 = DIRECTION('',(0.,1.,0.));
#5105 = PCURVE('',#1444,#5106);
#5106 = DEFINITIONAL_REPRESENTATION('',(#5107),#5111);
#5107 = LINE('',#5108,#5109);
#5108 = CARTESIAN_POINT('',(4.,0.));
#5109 = VECTOR('',#5110,1.);
#5110 = DIRECTION('',(0.,1.));
#5111 = ( GEOMETRIC_REPRESENTATION_CONTEXT(2) 
PARAMETRIC_REPRESENTATION_CONTEXT() REPRESENTATION_CONTEXT('2D SPACE',''
  ) );
#5112 = PCURVE('',#1416,#5113);
#5113 = DEFINITIONAL_REPRESENTATION('',(#5114),#5118);
#5114 = LINE('',#5115,#5116);
#5115 = CARTESIAN_POINT('',(0.,0.));
#5116 = VECTOR('',#5117,1.);
#5117 = DIRECTION('',(0.,-1.));
#5118 = ( GEOMETRIC_REPRESENTATION_CONTEXT(2) 
PARAMETRIC_REPRESENTATION_CONTEXT() REPRESENTATION_CONTEXT('2D SPACE',''
  ) );
#5119 = ORIENTED_EDGE('',*,*,#1428,.T.);
#5120 = ORIENTED_EDGE('',*,*,#5003,.T.);
#5121 = ADVANCED_FACE('',(#5122),#471,.F.);
#5122 = FACE_BOUND('',#5123,.F.);
#5123 = EDGE_LOOP('',(#5124,#5125,#5148,#5171,#5194,#5217,#5240,#5261));
#5124 = ORIENTED_EDGE('',*,*,#5051,.T.);
#5125 = ORIENTED_EDGE('',*,*,#5126,.T.);
#5126 = EDGE_CURVE('',#5029,#5127,#5129,.T.);
#5127 = VERTEX_POINT('',#5128);
#5128 = CARTESIAN_POINT('',(211.3,2.5,27.05));
#5129 = SURFACE_CURVE('',#5130,(#5134,#5141),.PCURVE_S1.);
#5130 = LINE('',#5131,#5132);
#5131 = CARTESIAN_POINT('',(211.8,2.5,27.05));
#5132 = VECTOR('',#5133,1.);
#5133 = DIRECTION('',(-1.,0.,0.));
#5134 = PCURVE('',#471,#5135);
#5135 = DEFINITIONAL_REPRESENTATION('',(#5136),#5140);
#5136 = LINE('',#5137,#5138);
#5137 = CARTESIAN_POINT('',(0.,-2.5));
#5138 = VECTOR('',#5139,1.);
#5139 = DIRECTION('',(1.,0.));
#5140 = ( GEOMETRIC_REPRESENTATION_CONTEXT(2) 
PARAMETRIC_REPRESENTATION_CONTEXT() REPRESENTATION_CONTEXT('2D SPACE',''
  ) );
#5141 = PCURVE('',#4944,#5142);
#5142 = DEFINITIONAL_REPRESENTATION('',(#5143),#5147);
#5143 = LINE('',#5144,#5145);
#5144 = CARTESIAN_POINT('',(-3.472895359327,11.8));
#5145 = VECTOR('',#5146,1.);
#5146 = DIRECTION('',(0.,-1.));
#5147 = ( GEOMETRIC_REPRESENTATION_CONTEXT(2) 
PARAMETRIC_REPRESENTATION_CONTEXT() REPRESENTATION_CONTEXT('2D SPACE',''
  ) );
#5148 = ORIENTED_EDGE('',*,*,#5149,.T.);
#5149 = EDGE_CURVE('',#5127,#5150,#5152,.T.);
#5150 = VERTEX_POINT('',#5151);
#5151 = CARTESIAN_POINT('',(211.3,15.5,27.05));
#5152 = SURFACE_CURVE('',#5153,(#5157,#5164),.PCURVE_S1.);
#5153 = LINE('',#5154,#5155);
#5154 = CARTESIAN_POINT('',(211.3,0.,27.05));
#5155 = VECTOR('',#5156,1.);
#5156 = DIRECTION('',(0.,1.,0.));
#5157 = PCURVE('',#471,#5158);
#5158 = DEFINITIONAL_REPRESENTATION('',(#5159),#5163);
#5159 = LINE('',#5160,#5161);
#5160 = CARTESIAN_POINT('',(0.5,0.));
#5161 = VECTOR('',#5162,1.);
#5162 = DIRECTION('',(0.,-1.));
#5163 = ( GEOMETRIC_REPRESENTATION_CONTEXT(2) 
PARAMETRIC_REPRESENTATION_CONTEXT() REPRESENTATION_CONTEXT('2D SPACE',''
  ) );
#5164 = PCURVE('',#4918,#5165);
#5165 = DEFINITIONAL_REPRESENTATION('',(#5166),#5170);
#5166 = LINE('',#5167,#5168);
#5167 = CARTESIAN_POINT('',(8.310385069297,0.));
#5168 = VECTOR('',#5169,1.);
#5169 = DIRECTION('',(0.,-1.));
#5170 = ( GEOMETRIC_REPRESENTATION_CONTEXT(2) 
PARAMETRIC_REPRESENTATION_CONTEXT() REPRESENTATION_CONTEXT('2D SPACE',''
  ) );
#5171 = ORIENTED_EDGE('',*,*,#5172,.T.);
#5172 = EDGE_CURVE('',#5150,#5173,#5175,.T.);
#5173 = VERTEX_POINT('',#5174);
#5174 = CARTESIAN_POINT('',(188.7,15.5,27.05));
#5175 = SURFACE_CURVE('',#5176,(#5180,#5187),.PCURVE_S1.);
#5176 = LINE('',#5177,#5178);
#5177 = CARTESIAN_POINT('',(211.3,15.5,27.05));
#5178 = VECTOR('',#5179,1.);
#5179 = DIRECTION('',(-1.,0.,0.));
#5180 = PCURVE('',#471,#5181);
#5181 = DEFINITIONAL_REPRESENTATION('',(#5182),#5186);
#5182 = LINE('',#5183,#5184);
#5183 = CARTESIAN_POINT('',(0.5,-15.5));
#5184 = VECTOR('',#5185,1.);
#5185 = DIRECTION('',(1.,0.));
#5186 = ( GEOMETRIC_REPRESENTATION_CONTEXT(2) 
PARAMETRIC_REPRESENTATION_CONTEXT() REPRESENTATION_CONTEXT('2D SPACE',''
  ) );
#5187 = PCURVE('',#4892,#5188);
#5188 = DEFINITIONAL_REPRESENTATION('',(#5189),#5193);
#5189 = LINE('',#5190,#5191);
#5190 = CARTESIAN_POINT('',(-3.458488369253,11.3));
#5191 = VECTOR('',#5192,1.);
#5192 = DIRECTION('',(0.,-1.));
#5193 = ( GEOMETRIC_REPRESENTATION_CONTEXT(2) 
PARAMETRIC_REPRESENTATION_CONTEXT() REPRESENTATION_CONTEXT('2D SPACE',''
  ) );
#5194 = ORIENTED_EDGE('',*,*,#5195,.F.);
#5195 = EDGE_CURVE('',#5196,#5173,#5198,.T.);
#5196 = VERTEX_POINT('',#5197);
#5197 = CARTESIAN_POINT('',(188.7,2.5,27.05));
#5198 = SURFACE_CURVE('',#5199,(#5203,#5210),.PCURVE_S1.);
#5199 = LINE('',#5200,#5201);
#5200 = CARTESIAN_POINT('',(188.7,0.,27.05));
#5201 = VECTOR('',#5202,1.);
#5202 = DIRECTION('',(0.,1.,0.));
#5203 = PCURVE('',#471,#5204);
#5204 = DEFINITIONAL_REPRESENTATION('',(#5205),#5209);
#5205 = LINE('',#5206,#5207);
#5206 = CARTESIAN_POINT('',(23.1,0.));
#5207 = VECTOR('',#5208,1.);
#5208 = DIRECTION('',(0.,-1.));
#5209 = ( GEOMETRIC_REPRESENTATION_CONTEXT(2) 
PARAMETRIC_REPRESENTATION_CONTEXT() REPRESENTATION_CONTEXT('2D SPACE',''
  ) );
#5210 = PCURVE('',#4866,#5211);
#5211 = DEFINITIONAL_REPRESENTATION('',(#5212),#5216);
#5212 = LINE('',#5213,#5214);
#5213 = CARTESIAN_POINT('',(0.,0.));
#5214 = VECTOR('',#5215,1.);
#5215 = DIRECTION('',(0.,-1.));
#5216 = ( GEOMETRIC_REPRESENTATION_CONTEXT(2) 
PARAMETRIC_REPRESENTATION_CONTEXT() REPRESENTATION_CONTEXT('2D SPACE',''
  ) );
#5217 = ORIENTED_EDGE('',*,*,#5218,.T.);
#5218 = EDGE_CURVE('',#5196,#5219,#5221,.T.);
#5219 = VERTEX_POINT('',#5220);
#5220 = CARTESIAN_POINT('',(188.2,2.5,27.05));
#5221 = SURFACE_CURVE('',#5222,(#5226,#5233),.PCURVE_S1.);
#5222 = LINE('',#5223,#5224);
#5223 = CARTESIAN_POINT('',(211.8,2.5,27.05));
#5224 = VECTOR('',#5225,1.);
#5225 = DIRECTION('',(-1.,0.,0.));
#5226 = PCURVE('',#471,#5227);
#5227 = DEFINITIONAL_REPRESENTATION('',(#5228),#5232);
#5228 = LINE('',#5229,#5230);
#5229 = CARTESIAN_POINT('',(0.,-2.5));
#5230 = VECTOR('',#5231,1.);
#5231 = DIRECTION('',(1.,0.));
#5232 = ( GEOMETRIC_REPRESENTATION_CONTEXT(2) 
PARAMETRIC_REPRESENTATION_CONTEXT() REPRESENTATION_CONTEXT('2D SPACE',''
  ) );
#5233 = PCURVE('',#4840,#5234);
#5234 = DEFINITIONAL_REPRESENTATION('',(#5235),#5239);
#5235 = LINE('',#5236,#5237);
#5236 = CARTESIAN_POINT('',(-3.472895359327,11.8));
#5237 = VECTOR('',#5238,1.);
#5238 = DIRECTION('',(0.,-1.));
#5239 = ( GEOMETRIC_REPRESENTATION_CONTEXT(2) 
PARAMETRIC_REPRESENTATION_CONTEXT() REPRESENTATION_CONTEXT('2D SPACE',''
  ) );
#5240 = ORIENTED_EDGE('',*,*,#5241,.F.);
#5241 = EDGE_CURVE('',#456,#5219,#5242,.T.);
#5242 = SURFACE_CURVE('',#5243,(#5247,#5254),.PCURVE_S1.);
#5243 = LINE('',#5244,#5245);
#5244 = CARTESIAN_POINT('',(188.2,0.,27.05));
#5245 = VECTOR('',#5246,1.);
#5246 = DIRECTION('',(0.,1.,0.));
#5247 = PCURVE('',#471,#5248);
#5248 = DEFINITIONAL_REPRESENTATION('',(#5249),#5253);
#5249 = LINE('',#5250,#5251);
#5250 = CARTESIAN_POINT('',(23.6,0.));
#5251 = VECTOR('',#5252,1.);
#5252 = DIRECTION('',(0.,-1.));
#5253 = ( GEOMETRIC_REPRESENTATION_CONTEXT(2) 
PARAMETRIC_REPRESENTATION_CONTEXT() REPRESENTATION_CONTEXT('2D SPACE',''
  ) );
#5254 = PCURVE('',#498,#5255);
#5255 = DEFINITIONAL_REPRESENTATION('',(#5256),#5260);
#5256 = LINE('',#5257,#5258);
#5257 = CARTESIAN_POINT('',(0.,0.));
#5258 = VECTOR('',#5259,1.);
#5259 = DIRECTION('',(0.,-1.));
#5260 = ( GEOMETRIC_REPRESENTATION_CONTEXT(2) 
PARAMETRIC_REPRESENTATION_CONTEXT() REPRESENTATION_CONTEXT('2D SPACE',''
  ) );
#5261 = ORIENTED_EDGE('',*,*,#455,.T.);
#5262 = ADVANCED_FACE('',(#5263),#1416,.T.);
#5263 = FACE_BOUND('',#5264,.T.);
#5264 = EDGE_LOOP('',(#5265,#5266,#5267,#5290));
#5265 = ORIENTED_EDGE('',*,*,#1400,.F.);
#5266 = ORIENTED_EDGE('',*,*,#5099,.T.);
#5267 = ORIENTED_EDGE('',*,*,#5268,.T.);
#5268 = EDGE_CURVE('',#5077,#5269,#5271,.T.);
#5269 = VERTEX_POINT('',#5270);
#5270 = CARTESIAN_POINT('',(263.35,4.5,121.8));
#5271 = SURFACE_CURVE('',#5272,(#5276,#5283),.PCURVE_S1.);
#5272 = LINE('',#5273,#5274);
#5273 = CARTESIAN_POINT('',(264.85,4.5,120.3));
#5274 = VECTOR('',#5275,1.);
#5275 = DIRECTION('',(-0.707106781187,0.,0.707106781187));
#5276 = PCURVE('',#1416,#5277);
#5277 = DEFINITIONAL_REPRESENTATION('',(#5278),#5282);
#5278 = LINE('',#5279,#5280);
#5279 = CARTESIAN_POINT('',(0.,-3.5));
#5280 = VECTOR('',#5281,1.);
#5281 = DIRECTION('',(1.,0.));
#5282 = ( GEOMETRIC_REPRESENTATION_CONTEXT(2) 
PARAMETRIC_REPRESENTATION_CONTEXT() REPRESENTATION_CONTEXT('2D SPACE',''
  ) );
#5283 = PCURVE('',#4563,#5284);
#5284 = DEFINITIONAL_REPRESENTATION('',(#5285),#5289);
#5285 = LINE('',#5286,#5287);
#5286 = CARTESIAN_POINT('',(-3.,4.));
#5287 = VECTOR('',#5288,1.);
#5288 = DIRECTION('',(0.707106781187,-0.707106781187));
#5289 = ( GEOMETRIC_REPRESENTATION_CONTEXT(2) 
PARAMETRIC_REPRESENTATION_CONTEXT() REPRESENTATION_CONTEXT('2D SPACE',''
  ) );
#5290 = ORIENTED_EDGE('',*,*,#5291,.T.);
#5291 = EDGE_CURVE('',#5269,#1373,#5292,.T.);
#5292 = SURFACE_CURVE('',#5293,(#5297,#5303),.PCURVE_S1.);
#5293 = LINE('',#5294,#5295);
#5294 = CARTESIAN_POINT('',(263.35,1.,121.8));
#5295 = VECTOR('',#5296,1.);
#5296 = DIRECTION('',(-0.,-1.,0.));
#5297 = PCURVE('',#1416,#5298);
#5298 = DEFINITIONAL_REPRESENTATION('',(#5299),#5302);
#5299 = B_SPLINE_CURVE_WITH_KNOTS('',1,(#5300,#5301),.UNSPECIFIED.,.F.,
  .F.,(2,2),(-3.5,0.),.PIECEWISE_BEZIER_KNOTS.);
#5300 = CARTESIAN_POINT('',(2.12132034356,-3.5));
#5301 = CARTESIAN_POINT('',(2.12132034356,0.));
#5302 = ( GEOMETRIC_REPRESENTATION_CONTEXT(2) 
PARAMETRIC_REPRESENTATION_CONTEXT() REPRESENTATION_CONTEXT('2D SPACE',''
  ) );
#5303 = PCURVE('',#1388,#5304);
#5304 = DEFINITIONAL_REPRESENTATION('',(#5305),#5308);
#5305 = B_SPLINE_CURVE_WITH_KNOTS('',1,(#5306,#5307),.UNSPECIFIED.,.F.,
  .F.,(2,2),(-3.5,0.),.PIECEWISE_BEZIER_KNOTS.);
#5306 = CARTESIAN_POINT('',(2.12132034356,-3.5));
#5307 = CARTESIAN_POINT('',(2.12132034356,0.));
#5308 = ( GEOMETRIC_REPRESENTATION_CONTEXT(2) 
PARAMETRIC_REPRESENTATION_CONTEXT() REPRESENTATION_CONTEXT('2D SPACE',''
  ) );
#5309 = ADVANCED_FACE('',(#5310),#1388,.F.);
#5310 = FACE_BOUND('',#5311,.F.);
#5311 = EDGE_LOOP('',(#5312,#5313,#5336,#5357));
#5312 = ORIENTED_EDGE('',*,*,#1372,.F.);
#5313 = ORIENTED_EDGE('',*,*,#5314,.T.);
#5314 = EDGE_CURVE('',#1345,#5315,#5317,.T.);
#5315 = VERTEX_POINT('',#5316);
#5316 = CARTESIAN_POINT('',(264.85,4.5,123.3));
#5317 = SURFACE_CURVE('',#5318,(#5322,#5329),.PCURVE_S1.);
#5318 = LINE('',#5319,#5320);
#5319 = CARTESIAN_POINT('',(264.85,1.,123.3));
#5320 = VECTOR('',#5321,1.);
#5321 = DIRECTION('',(0.,1.,0.));
#5322 = PCURVE('',#1388,#5323);
#5323 = DEFINITIONAL_REPRESENTATION('',(#5324),#5328);
#5324 = LINE('',#5325,#5326);
#5325 = CARTESIAN_POINT('',(0.,0.));
#5326 = VECTOR('',#5327,1.);
#5327 = DIRECTION('',(0.,-1.));
#5328 = ( GEOMETRIC_REPRESENTATION_CONTEXT(2) 
PARAMETRIC_REPRESENTATION_CONTEXT() REPRESENTATION_CONTEXT('2D SPACE',''
  ) );
#5329 = PCURVE('',#1360,#5330);
#5330 = DEFINITIONAL_REPRESENTATION('',(#5331),#5335);
#5331 = LINE('',#5332,#5333);
#5332 = CARTESIAN_POINT('',(4.,0.));
#5333 = VECTOR('',#5334,1.);
#5334 = DIRECTION('',(0.,1.));
#5335 = ( GEOMETRIC_REPRESENTATION_CONTEXT(2) 
PARAMETRIC_REPRESENTATION_CONTEXT() REPRESENTATION_CONTEXT('2D SPACE',''
  ) );
#5336 = ORIENTED_EDGE('',*,*,#5337,.T.);
#5337 = EDGE_CURVE('',#5315,#5269,#5338,.T.);
#5338 = SURFACE_CURVE('',#5339,(#5343,#5350),.PCURVE_S1.);
#5339 = LINE('',#5340,#5341);
#5340 = CARTESIAN_POINT('',(264.85,4.5,123.3));
#5341 = VECTOR('',#5342,1.);
#5342 = DIRECTION('',(-0.707106781187,0.,-0.707106781187));
#5343 = PCURVE('',#1388,#5344);
#5344 = DEFINITIONAL_REPRESENTATION('',(#5345),#5349);
#5345 = LINE('',#5346,#5347);
#5346 = CARTESIAN_POINT('',(0.,-3.5));
#5347 = VECTOR('',#5348,1.);
#5348 = DIRECTION('',(1.,0.));
#5349 = ( GEOMETRIC_REPRESENTATION_CONTEXT(2) 
PARAMETRIC_REPRESENTATION_CONTEXT() REPRESENTATION_CONTEXT('2D SPACE',''
  ) );
#5350 = PCURVE('',#4563,#5351);
#5351 = DEFINITIONAL_REPRESENTATION('',(#5352),#5356);
#5352 = LINE('',#5353,#5354);
#5353 = CARTESIAN_POINT('',(0.,4.));
#5354 = VECTOR('',#5355,1.);
#5355 = DIRECTION('',(-0.707106781187,-0.707106781187));
#5356 = ( GEOMETRIC_REPRESENTATION_CONTEXT(2) 
PARAMETRIC_REPRESENTATION_CONTEXT() REPRESENTATION_CONTEXT('2D SPACE',''
  ) );
#5357 = ORIENTED_EDGE('',*,*,#5291,.T.);
#5358 = ADVANCED_FACE('',(#5359),#1360,.F.);
#5359 = FACE_BOUND('',#5360,.F.);
#5360 = EDGE_LOOP('',(#5361,#5362,#5363,#5386));
#5361 = ORIENTED_EDGE('',*,*,#5314,.F.);
#5362 = ORIENTED_EDGE('',*,*,#1344,.T.);
#5363 = ORIENTED_EDGE('',*,*,#5364,.T.);
#5364 = EDGE_CURVE('',#1317,#5365,#5367,.T.);
#5365 = VERTEX_POINT('',#5366);
#5366 = CARTESIAN_POINT('',(278.35,4.5,123.3));
#5367 = SURFACE_CURVE('',#5368,(#5372,#5379),.PCURVE_S1.);
#5368 = LINE('',#5369,#5370);
#5369 = CARTESIAN_POINT('',(278.35,1.,123.3));
#5370 = VECTOR('',#5371,1.);
#5371 = DIRECTION('',(-0.,1.,0.));
#5372 = PCURVE('',#1360,#5373);
#5373 = DEFINITIONAL_REPRESENTATION('',(#5374),#5378);
#5374 = LINE('',#5375,#5376);
#5375 = CARTESIAN_POINT('',(17.5,0.));
#5376 = VECTOR('',#5377,1.);
#5377 = DIRECTION('',(0.,1.));
#5378 = ( GEOMETRIC_REPRESENTATION_CONTEXT(2) 
PARAMETRIC_REPRESENTATION_CONTEXT() REPRESENTATION_CONTEXT('2D SPACE',''
  ) );
#5379 = PCURVE('',#1332,#5380);
#5380 = DEFINITIONAL_REPRESENTATION('',(#5381),#5385);
#5381 = LINE('',#5382,#5383);
#5382 = CARTESIAN_POINT('',(0.,0.));
#5383 = VECTOR('',#5384,1.);
#5384 = DIRECTION('',(0.,-1.));
#5385 = ( GEOMETRIC_REPRESENTATION_CONTEXT(2) 
PARAMETRIC_REPRESENTATION_CONTEXT() REPRESENTATION_CONTEXT('2D SPACE',''
  ) );
#5386 = ORIENTED_EDGE('',*,*,#5387,.F.);
#5387 = EDGE_CURVE('',#5315,#5365,#5388,.T.);
#5388 = SURFACE_CURVE('',#5389,(#5393,#5400),.PCURVE_S1.);
#5389 = LINE('',#5390,#5391);
#5390 = CARTESIAN_POINT('',(260.85,4.5,123.3));
#5391 = VECTOR('',#5392,1.);
#5392 = DIRECTION('',(1.,0.,-0.));
#5393 = PCURVE('',#1360,#5394);
#5394 = DEFINITIONAL_REPRESENTATION('',(#5395),#5399);
#5395 = LINE('',#5396,#5397);
#5396 = CARTESIAN_POINT('',(0.,3.5));
#5397 = VECTOR('',#5398,1.);
#5398 = DIRECTION('',(1.,0.));
#5399 = ( GEOMETRIC_REPRESENTATION_CONTEXT(2) 
PARAMETRIC_REPRESENTATION_CONTEXT() REPRESENTATION_CONTEXT('2D SPACE',''
  ) );
#5400 = PCURVE('',#4563,#5401);
#5401 = DEFINITIONAL_REPRESENTATION('',(#5402),#5406);
#5402 = LINE('',#5403,#5404);
#5403 = CARTESIAN_POINT('',(0.,0.));
#5404 = VECTOR('',#5405,1.);
#5405 = DIRECTION('',(0.,1.));
#5406 = ( GEOMETRIC_REPRESENTATION_CONTEXT(2) 
PARAMETRIC_REPRESENTATION_CONTEXT() REPRESENTATION_CONTEXT('2D SPACE',''
  ) );
#5407 = ADVANCED_FACE('',(#5408),#498,.F.);
#5408 = FACE_BOUND('',#5409,.F.);
#5409 = EDGE_LOOP('',(#5410,#5411,#5412,#5433));
#5410 = ORIENTED_EDGE('',*,*,#483,.T.);
#5411 = ORIENTED_EDGE('',*,*,#5241,.T.);
#5412 = ORIENTED_EDGE('',*,*,#5413,.T.);
#5413 = EDGE_CURVE('',#5219,#4805,#5414,.T.);
#5414 = SURFACE_CURVE('',#5415,(#5419,#5426),.PCURVE_S1.);
#5415 = LINE('',#5416,#5417);
#5416 = CARTESIAN_POINT('',(188.2,2.5,27.05));
#5417 = VECTOR('',#5418,1.);
#5418 = DIRECTION('',(0.360994102558,0.,-0.932568098274));
#5419 = PCURVE('',#498,#5420);
#5420 = DEFINITIONAL_REPRESENTATION('',(#5421),#5425);
#5421 = LINE('',#5422,#5423);
#5422 = CARTESIAN_POINT('',(0.,-2.5));
#5423 = VECTOR('',#5424,1.);
#5424 = DIRECTION('',(1.,0.));
#5425 = ( GEOMETRIC_REPRESENTATION_CONTEXT(2) 
PARAMETRIC_REPRESENTATION_CONTEXT() REPRESENTATION_CONTEXT('2D SPACE',''
  ) );
#5426 = PCURVE('',#4840,#5427);
#5427 = DEFINITIONAL_REPRESENTATION('',(#5428),#5432);
#5428 = LINE('',#5429,#5430);
#5429 = CARTESIAN_POINT('',(-3.472895359327,-11.8));
#5430 = VECTOR('',#5431,1.);
#5431 = DIRECTION('',(0.932568098274,0.360994102558));
#5432 = ( GEOMETRIC_REPRESENTATION_CONTEXT(2) 
PARAMETRIC_REPRESENTATION_CONTEXT() REPRESENTATION_CONTEXT('2D SPACE',''
  ) );
#5433 = ORIENTED_EDGE('',*,*,#4804,.T.);
#5434 = ADVANCED_FACE('',(#5435),#1332,.T.);
#5435 = FACE_BOUND('',#5436,.T.);
#5436 = EDGE_LOOP('',(#5437,#5438,#5439,#5462));
#5437 = ORIENTED_EDGE('',*,*,#1316,.F.);
#5438 = ORIENTED_EDGE('',*,*,#5364,.T.);
#5439 = ORIENTED_EDGE('',*,*,#5440,.T.);
#5440 = EDGE_CURVE('',#5365,#5441,#5443,.T.);
#5441 = VERTEX_POINT('',#5442);
#5442 = CARTESIAN_POINT('',(278.35,4.5,137.3));
#5443 = SURFACE_CURVE('',#5444,(#5448,#5455),.PCURVE_S1.);
#5444 = LINE('',#5445,#5446);
#5445 = CARTESIAN_POINT('',(278.35,4.5,123.3));
#5446 = VECTOR('',#5447,1.);
#5447 = DIRECTION('',(0.,0.,1.));
#5448 = PCURVE('',#1332,#5449);
#5449 = DEFINITIONAL_REPRESENTATION('',(#5450),#5454);
#5450 = LINE('',#5451,#5452);
#5451 = CARTESIAN_POINT('',(0.,-3.5));
#5452 = VECTOR('',#5453,1.);
#5453 = DIRECTION('',(1.,0.));
#5454 = ( GEOMETRIC_REPRESENTATION_CONTEXT(2) 
PARAMETRIC_REPRESENTATION_CONTEXT() REPRESENTATION_CONTEXT('2D SPACE',''
  ) );
#5455 = PCURVE('',#4563,#5456);
#5456 = DEFINITIONAL_REPRESENTATION('',(#5457),#5461);
#5457 = LINE('',#5458,#5459);
#5458 = CARTESIAN_POINT('',(0.,17.5));
#5459 = VECTOR('',#5460,1.);
#5460 = DIRECTION('',(1.,0.));
#5461 = ( GEOMETRIC_REPRESENTATION_CONTEXT(2) 
PARAMETRIC_REPRESENTATION_CONTEXT() REPRESENTATION_CONTEXT('2D SPACE',''
  ) );
#5462 = ORIENTED_EDGE('',*,*,#5463,.F.);
#5463 = EDGE_CURVE('',#1289,#5441,#5464,.T.);
#5464 = SURFACE_CURVE('',#5465,(#5469,#5476),.PCURVE_S1.);
#5465 = LINE('',#5466,#5467);
#5466 = CARTESIAN_POINT('',(278.35,1.,137.3));
#5467 = VECTOR('',#5468,1.);
#5468 = DIRECTION('',(-0.,1.,0.));
#5469 = PCURVE('',#1332,#5470);
#5470 = DEFINITIONAL_REPRESENTATION('',(#5471),#5475);
#5471 = LINE('',#5472,#5473);
#5472 = CARTESIAN_POINT('',(14.,0.));
#5473 = VECTOR('',#5474,1.);
#5474 = DIRECTION('',(0.,-1.));
#5475 = ( GEOMETRIC_REPRESENTATION_CONTEXT(2) 
PARAMETRIC_REPRESENTATION_CONTEXT() REPRESENTATION_CONTEXT('2D SPACE',''
  ) );
#5476 = PCURVE('',#1304,#5477);
#5477 = DEFINITIONAL_REPRESENTATION('',(#5478),#5482);
#5478 = LINE('',#5479,#5480);
#5479 = CARTESIAN_POINT('',(17.5,0.));
#5480 = VECTOR('',#5481,1.);
#5481 = DIRECTION('',(0.,1.));
#5482 = ( GEOMETRIC_REPRESENTATION_CONTEXT(2) 
PARAMETRIC_REPRESENTATION_CONTEXT() REPRESENTATION_CONTEXT('2D SPACE',''
  ) );
#5483 = ADVANCED_FACE('',(#5484),#1304,.T.);
#5484 = FACE_BOUND('',#5485,.T.);
#5485 = EDGE_LOOP('',(#5486,#5509,#5530,#5531));
#5486 = ORIENTED_EDGE('',*,*,#5487,.F.);
#5487 = EDGE_CURVE('',#5488,#5441,#5490,.T.);
#5488 = VERTEX_POINT('',#5489);
#5489 = CARTESIAN_POINT('',(264.85,4.5,137.3));
#5490 = SURFACE_CURVE('',#5491,(#5495,#5502),.PCURVE_S1.);
#5491 = LINE('',#5492,#5493);
#5492 = CARTESIAN_POINT('',(260.85,4.5,137.3));
#5493 = VECTOR('',#5494,1.);
#5494 = DIRECTION('',(1.,0.,-0.));
#5495 = PCURVE('',#1304,#5496);
#5496 = DEFINITIONAL_REPRESENTATION('',(#5497),#5501);
#5497 = LINE('',#5498,#5499);
#5498 = CARTESIAN_POINT('',(0.,3.5));
#5499 = VECTOR('',#5500,1.);
#5500 = DIRECTION('',(1.,0.));
#5501 = ( GEOMETRIC_REPRESENTATION_CONTEXT(2) 
PARAMETRIC_REPRESENTATION_CONTEXT() REPRESENTATION_CONTEXT('2D SPACE',''
  ) );
#5502 = PCURVE('',#4563,#5503);
#5503 = DEFINITIONAL_REPRESENTATION('',(#5504),#5508);
#5504 = LINE('',#5505,#5506);
#5505 = CARTESIAN_POINT('',(14.,0.));
#5506 = VECTOR('',#5507,1.);
#5507 = DIRECTION('',(0.,1.));
#5508 = ( GEOMETRIC_REPRESENTATION_CONTEXT(2) 
PARAMETRIC_REPRESENTATION_CONTEXT() REPRESENTATION_CONTEXT('2D SPACE',''
  ) );
#5509 = ORIENTED_EDGE('',*,*,#5510,.F.);
#5510 = EDGE_CURVE('',#1261,#5488,#5511,.T.);
#5511 = SURFACE_CURVE('',#5512,(#5516,#5523),.PCURVE_S1.);
#5512 = LINE('',#5513,#5514);
#5513 = CARTESIAN_POINT('',(264.85,1.,137.3));
#5514 = VECTOR('',#5515,1.);
#5515 = DIRECTION('',(0.,1.,0.));
#5516 = PCURVE('',#1304,#5517);
#5517 = DEFINITIONAL_REPRESENTATION('',(#5518),#5522);
#5518 = LINE('',#5519,#5520);
#5519 = CARTESIAN_POINT('',(4.,0.));
#5520 = VECTOR('',#5521,1.);
#5521 = DIRECTION('',(0.,1.));
#5522 = ( GEOMETRIC_REPRESENTATION_CONTEXT(2) 
PARAMETRIC_REPRESENTATION_CONTEXT() REPRESENTATION_CONTEXT('2D SPACE',''
  ) );
#5523 = PCURVE('',#1276,#5524);
#5524 = DEFINITIONAL_REPRESENTATION('',(#5525),#5529);
#5525 = LINE('',#5526,#5527);
#5526 = CARTESIAN_POINT('',(0.,0.));
#5527 = VECTOR('',#5528,1.);
#5528 = DIRECTION('',(0.,-1.));
#5529 = ( GEOMETRIC_REPRESENTATION_CONTEXT(2) 
PARAMETRIC_REPRESENTATION_CONTEXT() REPRESENTATION_CONTEXT('2D SPACE',''
  ) );
#5530 = ORIENTED_EDGE('',*,*,#1288,.T.);
#5531 = ORIENTED_EDGE('',*,*,#5463,.T.);
#5532 = ADVANCED_FACE('',(#5533),#548,.F.);
#5533 = FACE_BOUND('',#5534,.F.);
#5534 = EDGE_LOOP('',(#5535,#5536,#5537,#5560,#5588,#5611));
#5535 = ORIENTED_EDGE('',*,*,#532,.T.);
#5536 = ORIENTED_EDGE('',*,*,#4782,.T.);
#5537 = ORIENTED_EDGE('',*,*,#5538,.T.);
#5538 = EDGE_CURVE('',#4760,#5539,#5541,.T.);
#5539 = VERTEX_POINT('',#5540);
#5540 = CARTESIAN_POINT('',(183.,19.5,30.8));
#5541 = SURFACE_CURVE('',#5542,(#5546,#5553),.PCURVE_S1.);
#5542 = LINE('',#5543,#5544);
#5543 = CARTESIAN_POINT('',(183.,19.5,19.8));
#5544 = VECTOR('',#5545,1.);
#5545 = DIRECTION('',(0.,0.,1.));
#5546 = PCURVE('',#548,#5547);
#5547 = DEFINITIONAL_REPRESENTATION('',(#5548),#5552);
#5548 = LINE('',#5549,#5550);
#5549 = CARTESIAN_POINT('',(-10.5,-18.5));
#5550 = VECTOR('',#5551,1.);
#5551 = DIRECTION('',(1.,0.));
#5552 = ( GEOMETRIC_REPRESENTATION_CONTEXT(2) 
PARAMETRIC_REPRESENTATION_CONTEXT() REPRESENTATION_CONTEXT('2D SPACE',''
  ) );
#5553 = PCURVE('',#4646,#5554);
#5554 = DEFINITIONAL_REPRESENTATION('',(#5555),#5559);
#5555 = LINE('',#5556,#5557);
#5556 = CARTESIAN_POINT('',(0.,0.));
#5557 = VECTOR('',#5558,1.);
#5558 = DIRECTION('',(1.,0.));
#5559 = ( GEOMETRIC_REPRESENTATION_CONTEXT(2) 
PARAMETRIC_REPRESENTATION_CONTEXT() REPRESENTATION_CONTEXT('2D SPACE',''
  ) );
#5560 = ORIENTED_EDGE('',*,*,#5561,.F.);
#5561 = EDGE_CURVE('',#5562,#5539,#5564,.T.);
#5562 = VERTEX_POINT('',#5563);
#5563 = CARTESIAN_POINT('',(183.,3.,30.8));
#5564 = SURFACE_CURVE('',#5565,(#5569,#5576),.PCURVE_S1.);
#5565 = LINE('',#5566,#5567);
#5566 = CARTESIAN_POINT('',(183.,1.,30.8));
#5567 = VECTOR('',#5568,1.);
#5568 = DIRECTION('',(-0.,1.,0.));
#5569 = PCURVE('',#548,#5570);
#5570 = DEFINITIONAL_REPRESENTATION('',(#5571),#5575);
#5571 = LINE('',#5572,#5573);
#5572 = CARTESIAN_POINT('',(0.5,0.));
#5573 = VECTOR('',#5574,1.);
#5574 = DIRECTION('',(0.,-1.));
#5575 = ( GEOMETRIC_REPRESENTATION_CONTEXT(2) 
PARAMETRIC_REPRESENTATION_CONTEXT() REPRESENTATION_CONTEXT('2D SPACE',''
  ) );
#5576 = PCURVE('',#5577,#5582);
#5577 = PLANE('',#5578);
#5578 = AXIS2_PLACEMENT_3D('',#5579,#5580,#5581);
#5579 = CARTESIAN_POINT('',(183.,1.,30.8));
#5580 = DIRECTION('',(0.,0.,1.));
#5581 = DIRECTION('',(1.,0.,-0.));
#5582 = DEFINITIONAL_REPRESENTATION('',(#5583),#5587);
#5583 = LINE('',#5584,#5585);
#5584 = CARTESIAN_POINT('',(0.,0.));
#5585 = VECTOR('',#5586,1.);
#5586 = DIRECTION('',(0.,1.));
#5587 = ( GEOMETRIC_REPRESENTATION_CONTEXT(2) 
PARAMETRIC_REPRESENTATION_CONTEXT() REPRESENTATION_CONTEXT('2D SPACE',''
  ) );
#5588 = ORIENTED_EDGE('',*,*,#5589,.T.);
#5589 = EDGE_CURVE('',#5562,#5590,#5592,.T.);
#5590 = VERTEX_POINT('',#5591);
#5591 = CARTESIAN_POINT('',(183.,3.,74.3));
#5592 = SURFACE_CURVE('',#5593,(#5597,#5604),.PCURVE_S1.);
#5593 = LINE('',#5594,#5595);
#5594 = CARTESIAN_POINT('',(183.,3.,30.3));
#5595 = VECTOR('',#5596,1.);
#5596 = DIRECTION('',(0.,0.,1.));
#5597 = PCURVE('',#548,#5598);
#5598 = DEFINITIONAL_REPRESENTATION('',(#5599),#5603);
#5599 = LINE('',#5600,#5601);
#5600 = CARTESIAN_POINT('',(0.,-2.));
#5601 = VECTOR('',#5602,1.);
#5602 = DIRECTION('',(1.,0.));
#5603 = ( GEOMETRIC_REPRESENTATION_CONTEXT(2) 
PARAMETRIC_REPRESENTATION_CONTEXT() REPRESENTATION_CONTEXT('2D SPACE',''
  ) );
#5604 = PCURVE('',#2748,#5605);
#5605 = DEFINITIONAL_REPRESENTATION('',(#5606),#5610);
#5606 = LINE('',#5607,#5608);
#5607 = CARTESIAN_POINT('',(0.,0.));
#5608 = VECTOR('',#5609,1.);
#5609 = DIRECTION('',(1.,0.));
#5610 = ( GEOMETRIC_REPRESENTATION_CONTEXT(2) 
PARAMETRIC_REPRESENTATION_CONTEXT() REPRESENTATION_CONTEXT('2D SPACE',''
  ) );
#5611 = ORIENTED_EDGE('',*,*,#5612,.F.);
#5612 = EDGE_CURVE('',#533,#5590,#5613,.T.);
#5613 = SURFACE_CURVE('',#5614,(#5618,#5625),.PCURVE_S1.);
#5614 = LINE('',#5615,#5616);
#5615 = CARTESIAN_POINT('',(183.,1.,74.3));
#5616 = VECTOR('',#5617,1.);
#5617 = DIRECTION('',(-0.,1.,0.));
#5618 = PCURVE('',#548,#5619);
#5619 = DEFINITIONAL_REPRESENTATION('',(#5620),#5624);
#5620 = LINE('',#5621,#5622);
#5621 = CARTESIAN_POINT('',(44.,0.));
#5622 = VECTOR('',#5623,1.);
#5623 = DIRECTION('',(0.,-1.));
#5624 = ( GEOMETRIC_REPRESENTATION_CONTEXT(2) 
PARAMETRIC_REPRESENTATION_CONTEXT() REPRESENTATION_CONTEXT('2D SPACE',''
  ) );
#5625 = PCURVE('',#576,#5626);
#5626 = DEFINITIONAL_REPRESENTATION('',(#5627),#5631);
#5627 = LINE('',#5628,#5629);
#5628 = CARTESIAN_POINT('',(0.,0.));
#5629 = VECTOR('',#5630,1.);
#5630 = DIRECTION('',(0.,1.));
#5631 = ( GEOMETRIC_REPRESENTATION_CONTEXT(2) 
PARAMETRIC_REPRESENTATION_CONTEXT() REPRESENTATION_CONTEXT('2D SPACE',''
  ) );
#5632 = ADVANCED_FACE('',(#5633),#1276,.T.);
#5633 = FACE_BOUND('',#5634,.T.);
#5634 = EDGE_LOOP('',(#5635,#5636,#5659,#5680));
#5635 = ORIENTED_EDGE('',*,*,#5510,.T.);
#5636 = ORIENTED_EDGE('',*,*,#5637,.T.);
#5637 = EDGE_CURVE('',#5488,#5638,#5640,.T.);
#5638 = VERTEX_POINT('',#5639);
#5639 = CARTESIAN_POINT('',(261.85,4.5,140.3));
#5640 = SURFACE_CURVE('',#5641,(#5645,#5652),.PCURVE_S1.);
#5641 = LINE('',#5642,#5643);
#5642 = CARTESIAN_POINT('',(264.85,4.5,137.3));
#5643 = VECTOR('',#5644,1.);
#5644 = DIRECTION('',(-0.707106781187,0.,0.707106781187));
#5645 = PCURVE('',#1276,#5646);
#5646 = DEFINITIONAL_REPRESENTATION('',(#5647),#5651);
#5647 = LINE('',#5648,#5649);
#5648 = CARTESIAN_POINT('',(0.,-3.5));
#5649 = VECTOR('',#5650,1.);
#5650 = DIRECTION('',(1.,0.));
#5651 = ( GEOMETRIC_REPRESENTATION_CONTEXT(2) 
PARAMETRIC_REPRESENTATION_CONTEXT() REPRESENTATION_CONTEXT('2D SPACE',''
  ) );
#5652 = PCURVE('',#4563,#5653);
#5653 = DEFINITIONAL_REPRESENTATION('',(#5654),#5658);
#5654 = LINE('',#5655,#5656);
#5655 = CARTESIAN_POINT('',(14.,4.));
#5656 = VECTOR('',#5657,1.);
#5657 = DIRECTION('',(0.707106781187,-0.707106781187));
#5658 = ( GEOMETRIC_REPRESENTATION_CONTEXT(2) 
PARAMETRIC_REPRESENTATION_CONTEXT() REPRESENTATION_CONTEXT('2D SPACE',''
  ) );
#5659 = ORIENTED_EDGE('',*,*,#5660,.F.);
#5660 = EDGE_CURVE('',#1233,#5638,#5661,.T.);
#5661 = SURFACE_CURVE('',#5662,(#5666,#5673),.PCURVE_S1.);
#5662 = LINE('',#5663,#5664);
#5663 = CARTESIAN_POINT('',(261.85,1.,140.3));
#5664 = VECTOR('',#5665,1.);
#5665 = DIRECTION('',(0.,1.,0.));
#5666 = PCURVE('',#1276,#5667);
#5667 = DEFINITIONAL_REPRESENTATION('',(#5668),#5672);
#5668 = LINE('',#5669,#5670);
#5669 = CARTESIAN_POINT('',(4.242640687119,0.));
#5670 = VECTOR('',#5671,1.);
#5671 = DIRECTION('',(0.,-1.));
#5672 = ( GEOMETRIC_REPRESENTATION_CONTEXT(2) 
PARAMETRIC_REPRESENTATION_CONTEXT() REPRESENTATION_CONTEXT('2D SPACE',''
  ) );
#5673 = PCURVE('',#1248,#5674);
#5674 = DEFINITIONAL_REPRESENTATION('',(#5675),#5679);
#5675 = LINE('',#5676,#5677);
#5676 = CARTESIAN_POINT('',(0.,-0.));
#5677 = VECTOR('',#5678,1.);
#5678 = DIRECTION('',(0.,-1.));
#5679 = ( GEOMETRIC_REPRESENTATION_CONTEXT(2) 
PARAMETRIC_REPRESENTATION_CONTEXT() REPRESENTATION_CONTEXT('2D SPACE',''
  ) );
#5680 = ORIENTED_EDGE('',*,*,#1260,.F.);
#5681 = ADVANCED_FACE('',(#5682),#576,.T.);
#5682 = FACE_BOUND('',#5683,.T.);
#5683 = EDGE_LOOP('',(#5684,#5707,#5708,#5709,#5730));
#5684 = ORIENTED_EDGE('',*,*,#5685,.F.);
#5685 = EDGE_CURVE('',#5590,#5686,#5688,.T.);
#5686 = VERTEX_POINT('',#5687);
#5687 = CARTESIAN_POINT('',(220.25,3.,74.3));
#5688 = SURFACE_CURVE('',#5689,(#5693,#5700),.PCURVE_S1.);
#5689 = LINE('',#5690,#5691);
#5690 = CARTESIAN_POINT('',(183.,3.,74.3));
#5691 = VECTOR('',#5692,1.);
#5692 = DIRECTION('',(1.,0.,-0.));
#5693 = PCURVE('',#576,#5694);
#5694 = DEFINITIONAL_REPRESENTATION('',(#5695),#5699);
#5695 = LINE('',#5696,#5697);
#5696 = CARTESIAN_POINT('',(0.,2.));
#5697 = VECTOR('',#5698,1.);
#5698 = DIRECTION('',(1.,0.));
#5699 = ( GEOMETRIC_REPRESENTATION_CONTEXT(2) 
PARAMETRIC_REPRESENTATION_CONTEXT() REPRESENTATION_CONTEXT('2D SPACE',''
  ) );
#5700 = PCURVE('',#2748,#5701);
#5701 = DEFINITIONAL_REPRESENTATION('',(#5702),#5706);
#5702 = LINE('',#5703,#5704);
#5703 = CARTESIAN_POINT('',(44.,0.));
#5704 = VECTOR('',#5705,1.);
#5705 = DIRECTION('',(0.,1.));
#5706 = ( GEOMETRIC_REPRESENTATION_CONTEXT(2) 
PARAMETRIC_REPRESENTATION_CONTEXT() REPRESENTATION_CONTEXT('2D SPACE',''
  ) );
#5707 = ORIENTED_EDGE('',*,*,#5612,.F.);
#5708 = ORIENTED_EDGE('',*,*,#560,.T.);
#5709 = ORIENTED_EDGE('',*,*,#5710,.T.);
#5710 = EDGE_CURVE('',#561,#5711,#5713,.T.);
#5711 = VERTEX_POINT('',#5712);
#5712 = CARTESIAN_POINT('',(220.75,3.,74.3));
#5713 = SURFACE_CURVE('',#5714,(#5718,#5724),.PCURVE_S1.);
#5714 = LINE('',#5715,#5716);
#5715 = CARTESIAN_POINT('',(220.75,1.,74.3));
#5716 = VECTOR('',#5717,1.);
#5717 = DIRECTION('',(-0.,1.,0.));
#5718 = PCURVE('',#576,#5719);
#5719 = DEFINITIONAL_REPRESENTATION('',(#5720),#5723);
#5720 = B_SPLINE_CURVE_WITH_KNOTS('',1,(#5721,#5722),.UNSPECIFIED.,.F.,
  .F.,(2,2),(0.,2.),.PIECEWISE_BEZIER_KNOTS.);
#5721 = CARTESIAN_POINT('',(37.75,0.));
#5722 = CARTESIAN_POINT('',(37.75,2.));
#5723 = ( GEOMETRIC_REPRESENTATION_CONTEXT(2) 
PARAMETRIC_REPRESENTATION_CONTEXT() REPRESENTATION_CONTEXT('2D SPACE',''
  ) );
#5724 = PCURVE('',#604,#5725);
#5725 = DEFINITIONAL_REPRESENTATION('',(#5726),#5729);
#5726 = B_SPLINE_CURVE_WITH_KNOTS('',1,(#5727,#5728),.UNSPECIFIED.,.F.,
  .F.,(2,2),(0.,2.),.PIECEWISE_BEZIER_KNOTS.);
#5727 = CARTESIAN_POINT('',(44.,0.));
#5728 = CARTESIAN_POINT('',(44.,-2.));
#5729 = ( GEOMETRIC_REPRESENTATION_CONTEXT(2) 
PARAMETRIC_REPRESENTATION_CONTEXT() REPRESENTATION_CONTEXT('2D SPACE',''
  ) );
#5730 = ORIENTED_EDGE('',*,*,#5731,.F.);
#5731 = EDGE_CURVE('',#5686,#5711,#5732,.T.);
#5732 = SURFACE_CURVE('',#5733,(#5737,#5744),.PCURVE_S1.);
#5733 = LINE('',#5734,#5735);
#5734 = CARTESIAN_POINT('',(183.,3.,74.3));
#5735 = VECTOR('',#5736,1.);
#5736 = DIRECTION('',(1.,0.,-0.));
#5737 = PCURVE('',#576,#5738);
#5738 = DEFINITIONAL_REPRESENTATION('',(#5739),#5743);
#5739 = LINE('',#5740,#5741);
#5740 = CARTESIAN_POINT('',(0.,2.));
#5741 = VECTOR('',#5742,1.);
#5742 = DIRECTION('',(1.,0.));
#5743 = ( GEOMETRIC_REPRESENTATION_CONTEXT(2) 
PARAMETRIC_REPRESENTATION_CONTEXT() REPRESENTATION_CONTEXT('2D SPACE',''
  ) );
#5744 = PCURVE('',#5745,#5750);
#5745 = PLANE('',#5746);
#5746 = AXIS2_PLACEMENT_3D('',#5747,#5748,#5749);
#5747 = CARTESIAN_POINT('',(221.75,3.,30.3));
#5748 = DIRECTION('',(0.,-1.,0.));
#5749 = DIRECTION('',(-1.,0.,0.));
#5750 = DEFINITIONAL_REPRESENTATION('',(#5751),#5755);
#5751 = LINE('',#5752,#5753);
#5752 = CARTESIAN_POINT('',(38.75,-44.));
#5753 = VECTOR('',#5754,1.);
#5754 = DIRECTION('',(-1.,0.));
#5755 = ( GEOMETRIC_REPRESENTATION_CONTEXT(2) 
PARAMETRIC_REPRESENTATION_CONTEXT() REPRESENTATION_CONTEXT('2D SPACE',''
  ) );
#5756 = ADVANCED_FACE('',(#5757),#1248,.T.);
#5757 = FACE_BOUND('',#5758,.T.);
#5758 = EDGE_LOOP('',(#5759,#5760,#5783,#5804));
#5759 = ORIENTED_EDGE('',*,*,#5660,.T.);
#5760 = ORIENTED_EDGE('',*,*,#5761,.T.);
#5761 = EDGE_CURVE('',#5638,#5762,#5764,.T.);
#5762 = VERTEX_POINT('',#5763);
#5763 = CARTESIAN_POINT('',(261.85,4.5,137.3));
#5764 = SURFACE_CURVE('',#5765,(#5769,#5776),.PCURVE_S1.);
#5765 = LINE('',#5766,#5767);
#5766 = CARTESIAN_POINT('',(261.85,4.5,140.3));
#5767 = VECTOR('',#5768,1.);
#5768 = DIRECTION('',(0.,0.,-1.));
#5769 = PCURVE('',#1248,#5770);
#5770 = DEFINITIONAL_REPRESENTATION('',(#5771),#5775);
#5771 = LINE('',#5772,#5773);
#5772 = CARTESIAN_POINT('',(0.,-3.5));
#5773 = VECTOR('',#5774,1.);
#5774 = DIRECTION('',(1.,0.));
#5775 = ( GEOMETRIC_REPRESENTATION_CONTEXT(2) 
PARAMETRIC_REPRESENTATION_CONTEXT() REPRESENTATION_CONTEXT('2D SPACE',''
  ) );
#5776 = PCURVE('',#4563,#5777);
#5777 = DEFINITIONAL_REPRESENTATION('',(#5778),#5782);
#5778 = LINE('',#5779,#5780);
#5779 = CARTESIAN_POINT('',(17.,1.));
#5780 = VECTOR('',#5781,1.);
#5781 = DIRECTION('',(-1.,0.));
#5782 = ( GEOMETRIC_REPRESENTATION_CONTEXT(2) 
PARAMETRIC_REPRESENTATION_CONTEXT() REPRESENTATION_CONTEXT('2D SPACE',''
  ) );
#5783 = ORIENTED_EDGE('',*,*,#5784,.F.);
#5784 = EDGE_CURVE('',#1205,#5762,#5785,.T.);
#5785 = SURFACE_CURVE('',#5786,(#5790,#5797),.PCURVE_S1.);
#5786 = LINE('',#5787,#5788);
#5787 = CARTESIAN_POINT('',(261.85,1.,137.3));
#5788 = VECTOR('',#5789,1.);
#5789 = DIRECTION('',(0.,1.,0.));
#5790 = PCURVE('',#1248,#5791);
#5791 = DEFINITIONAL_REPRESENTATION('',(#5792),#5796);
#5792 = LINE('',#5793,#5794);
#5793 = CARTESIAN_POINT('',(3.,0.));
#5794 = VECTOR('',#5795,1.);
#5795 = DIRECTION('',(0.,-1.));
#5796 = ( GEOMETRIC_REPRESENTATION_CONTEXT(2) 
PARAMETRIC_REPRESENTATION_CONTEXT() REPRESENTATION_CONTEXT('2D SPACE',''
  ) );
#5797 = PCURVE('',#1220,#5798);
#5798 = DEFINITIONAL_REPRESENTATION('',(#5799),#5803);
#5799 = LINE('',#5800,#5801);
#5800 = CARTESIAN_POINT('',(1.,0.));
#5801 = VECTOR('',#5802,1.);
#5802 = DIRECTION('',(0.,1.));
#5803 = ( GEOMETRIC_REPRESENTATION_CONTEXT(2) 
PARAMETRIC_REPRESENTATION_CONTEXT() REPRESENTATION_CONTEXT('2D SPACE',''
  ) );
#5804 = ORIENTED_EDGE('',*,*,#1232,.F.);
#5805 = ADVANCED_FACE('',(#5806),#604,.F.);
#5806 = FACE_BOUND('',#5807,.F.);
#5807 = EDGE_LOOP('',(#5808,#5809,#5810,#5833));
#5808 = ORIENTED_EDGE('',*,*,#588,.F.);
#5809 = ORIENTED_EDGE('',*,*,#5710,.T.);
#5810 = ORIENTED_EDGE('',*,*,#5811,.T.);
#5811 = EDGE_CURVE('',#5711,#5812,#5814,.T.);
#5812 = VERTEX_POINT('',#5813);
#5813 = CARTESIAN_POINT('',(220.75,3.,78.8));
#5814 = SURFACE_CURVE('',#5815,(#5819,#5826),.PCURVE_S1.);
#5815 = LINE('',#5816,#5817);
#5816 = CARTESIAN_POINT('',(220.75,3.,30.3));
#5817 = VECTOR('',#5818,1.);
#5818 = DIRECTION('',(0.,0.,1.));
#5819 = PCURVE('',#604,#5820);
#5820 = DEFINITIONAL_REPRESENTATION('',(#5821),#5825);
#5821 = LINE('',#5822,#5823);
#5822 = CARTESIAN_POINT('',(0.,-2.));
#5823 = VECTOR('',#5824,1.);
#5824 = DIRECTION('',(1.,0.));
#5825 = ( GEOMETRIC_REPRESENTATION_CONTEXT(2) 
PARAMETRIC_REPRESENTATION_CONTEXT() REPRESENTATION_CONTEXT('2D SPACE',''
  ) );
#5826 = PCURVE('',#5745,#5827);
#5827 = DEFINITIONAL_REPRESENTATION('',(#5828),#5832);
#5828 = LINE('',#5829,#5830);
#5829 = CARTESIAN_POINT('',(1.,0.));
#5830 = VECTOR('',#5831,1.);
#5831 = DIRECTION('',(0.,-1.));
#5832 = ( GEOMETRIC_REPRESENTATION_CONTEXT(2) 
PARAMETRIC_REPRESENTATION_CONTEXT() REPRESENTATION_CONTEXT('2D SPACE',''
  ) );
#5833 = ORIENTED_EDGE('',*,*,#5834,.F.);
#5834 = EDGE_CURVE('',#589,#5812,#5835,.T.);
#5835 = SURFACE_CURVE('',#5836,(#5840,#5847),.PCURVE_S1.);
#5836 = LINE('',#5837,#5838);
#5837 = CARTESIAN_POINT('',(220.75,1.,78.8));
#5838 = VECTOR('',#5839,1.);
#5839 = DIRECTION('',(0.,1.,0.));
#5840 = PCURVE('',#604,#5841);
#5841 = DEFINITIONAL_REPRESENTATION('',(#5842),#5846);
#5842 = LINE('',#5843,#5844);
#5843 = CARTESIAN_POINT('',(48.5,0.));
#5844 = VECTOR('',#5845,1.);
#5845 = DIRECTION('',(0.,-1.));
#5846 = ( GEOMETRIC_REPRESENTATION_CONTEXT(2) 
PARAMETRIC_REPRESENTATION_CONTEXT() REPRESENTATION_CONTEXT('2D SPACE',''
  ) );
#5847 = PCURVE('',#632,#5848);
#5848 = DEFINITIONAL_REPRESENTATION('',(#5849),#5853);
#5849 = LINE('',#5850,#5851);
#5850 = CARTESIAN_POINT('',(4.242640687119,0.));
#5851 = VECTOR('',#5852,1.);
#5852 = DIRECTION('',(0.,-1.));
#5853 = ( GEOMETRIC_REPRESENTATION_CONTEXT(2) 
PARAMETRIC_REPRESENTATION_CONTEXT() REPRESENTATION_CONTEXT('2D SPACE',''
  ) );
#5854 = ADVANCED_FACE('',(#5855),#1220,.T.);
#5855 = FACE_BOUND('',#5856,.T.);
#5856 = EDGE_LOOP('',(#5857,#5880,#5901,#5902));
#5857 = ORIENTED_EDGE('',*,*,#5858,.F.);
#5858 = EDGE_CURVE('',#5859,#5762,#5861,.T.);
#5859 = VERTEX_POINT('',#5860);
#5860 = CARTESIAN_POINT('',(260.85,4.5,137.3));
#5861 = SURFACE_CURVE('',#5862,(#5866,#5873),.PCURVE_S1.);
#5862 = LINE('',#5863,#5864);
#5863 = CARTESIAN_POINT('',(260.85,4.5,137.3));
#5864 = VECTOR('',#5865,1.);
#5865 = DIRECTION('',(1.,0.,-0.));
#5866 = PCURVE('',#1220,#5867);
#5867 = DEFINITIONAL_REPRESENTATION('',(#5868),#5872);
#5868 = LINE('',#5869,#5870);
#5869 = CARTESIAN_POINT('',(0.,3.5));
#5870 = VECTOR('',#5871,1.);
#5871 = DIRECTION('',(1.,0.));
#5872 = ( GEOMETRIC_REPRESENTATION_CONTEXT(2) 
PARAMETRIC_REPRESENTATION_CONTEXT() REPRESENTATION_CONTEXT('2D SPACE',''
  ) );
#5873 = PCURVE('',#4563,#5874);
#5874 = DEFINITIONAL_REPRESENTATION('',(#5875),#5879);
#5875 = LINE('',#5876,#5877);
#5876 = CARTESIAN_POINT('',(14.,0.));
#5877 = VECTOR('',#5878,1.);
#5878 = DIRECTION('',(0.,1.));
#5879 = ( GEOMETRIC_REPRESENTATION_CONTEXT(2) 
PARAMETRIC_REPRESENTATION_CONTEXT() REPRESENTATION_CONTEXT('2D SPACE',''
  ) );
#5880 = ORIENTED_EDGE('',*,*,#5881,.F.);
#5881 = EDGE_CURVE('',#1177,#5859,#5882,.T.);
#5882 = SURFACE_CURVE('',#5883,(#5887,#5894),.PCURVE_S1.);
#5883 = LINE('',#5884,#5885);
#5884 = CARTESIAN_POINT('',(260.85,1.,137.3));
#5885 = VECTOR('',#5886,1.);
#5886 = DIRECTION('',(-0.,1.,0.));
#5887 = PCURVE('',#1220,#5888);
#5888 = DEFINITIONAL_REPRESENTATION('',(#5889),#5893);
#5889 = LINE('',#5890,#5891);
#5890 = CARTESIAN_POINT('',(0.,0.));
#5891 = VECTOR('',#5892,1.);
#5892 = DIRECTION('',(0.,1.));
#5893 = ( GEOMETRIC_REPRESENTATION_CONTEXT(2) 
PARAMETRIC_REPRESENTATION_CONTEXT() REPRESENTATION_CONTEXT('2D SPACE',''
  ) );
#5894 = PCURVE('',#1192,#5895);
#5895 = DEFINITIONAL_REPRESENTATION('',(#5896),#5900);
#5896 = LINE('',#5897,#5898);
#5897 = CARTESIAN_POINT('',(14.,0.));
#5898 = VECTOR('',#5899,1.);
#5899 = DIRECTION('',(0.,-1.));
#5900 = ( GEOMETRIC_REPRESENTATION_CONTEXT(2) 
PARAMETRIC_REPRESENTATION_CONTEXT() REPRESENTATION_CONTEXT('2D SPACE',''
  ) );
#5901 = ORIENTED_EDGE('',*,*,#1204,.T.);
#5902 = ORIENTED_EDGE('',*,*,#5784,.T.);
#5903 = ADVANCED_FACE('',(#5904),#632,.T.);
#5904 = FACE_BOUND('',#5905,.T.);
#5905 = EDGE_LOOP('',(#5906,#5907,#5930,#5958,#5986,#6007,#6026));
#5906 = ORIENTED_EDGE('',*,*,#616,.F.);
#5907 = ORIENTED_EDGE('',*,*,#5908,.T.);
#5908 = EDGE_CURVE('',#617,#5909,#5911,.T.);
#5909 = VERTEX_POINT('',#5910);
#5910 = CARTESIAN_POINT('',(217.75,4.5,81.8));
#5911 = SURFACE_CURVE('',#5912,(#5916,#5923),.PCURVE_S1.);
#5912 = LINE('',#5913,#5914);
#5913 = CARTESIAN_POINT('',(217.75,1.,81.8));
#5914 = VECTOR('',#5915,1.);
#5915 = DIRECTION('',(0.,1.,0.));
#5916 = PCURVE('',#632,#5917);
#5917 = DEFINITIONAL_REPRESENTATION('',(#5918),#5922);
#5918 = LINE('',#5919,#5920);
#5919 = CARTESIAN_POINT('',(0.,0.));
#5920 = VECTOR('',#5921,1.);
#5921 = DIRECTION('',(0.,-1.));
#5922 = ( GEOMETRIC_REPRESENTATION_CONTEXT(2) 
PARAMETRIC_REPRESENTATION_CONTEXT() REPRESENTATION_CONTEXT('2D SPACE',''
  ) );
#5923 = PCURVE('',#660,#5924);
#5924 = DEFINITIONAL_REPRESENTATION('',(#5925),#5929);
#5925 = LINE('',#5926,#5927);
#5926 = CARTESIAN_POINT('',(13.5,0.));
#5927 = VECTOR('',#5928,1.);
#5928 = DIRECTION('',(0.,1.));
#5929 = ( GEOMETRIC_REPRESENTATION_CONTEXT(2) 
PARAMETRIC_REPRESENTATION_CONTEXT() REPRESENTATION_CONTEXT('2D SPACE',''
  ) );
#5930 = ORIENTED_EDGE('',*,*,#5931,.T.);
#5931 = EDGE_CURVE('',#5909,#5932,#5934,.T.);
#5932 = VERTEX_POINT('',#5933);
#5933 = CARTESIAN_POINT('',(220.75,4.5,78.8));
#5934 = SURFACE_CURVE('',#5935,(#5939,#5946),.PCURVE_S1.);
#5935 = LINE('',#5936,#5937);
#5936 = CARTESIAN_POINT('',(217.75,4.5,81.8));
#5937 = VECTOR('',#5938,1.);
#5938 = DIRECTION('',(0.707106781187,0.,-0.707106781187));
#5939 = PCURVE('',#632,#5940);
#5940 = DEFINITIONAL_REPRESENTATION('',(#5941),#5945);
#5941 = LINE('',#5942,#5943);
#5942 = CARTESIAN_POINT('',(0.,-3.5));
#5943 = VECTOR('',#5944,1.);
#5944 = DIRECTION('',(1.,0.));
#5945 = ( GEOMETRIC_REPRESENTATION_CONTEXT(2) 
PARAMETRIC_REPRESENTATION_CONTEXT() REPRESENTATION_CONTEXT('2D SPACE',''
  ) );
#5946 = PCURVE('',#5947,#5952);
#5947 = PLANE('',#5948);
#5948 = AXIS2_PLACEMENT_3D('',#5949,#5950,#5951);
#5949 = CARTESIAN_POINT('',(204.25,4.5,81.8));
#5950 = DIRECTION('',(-0.,1.,0.));
#5951 = DIRECTION('',(0.,0.,1.));
#5952 = DEFINITIONAL_REPRESENTATION('',(#5953),#5957);
#5953 = LINE('',#5954,#5955);
#5954 = CARTESIAN_POINT('',(0.,13.5));
#5955 = VECTOR('',#5956,1.);
#5956 = DIRECTION('',(-0.707106781187,0.707106781187));
#5957 = ( GEOMETRIC_REPRESENTATION_CONTEXT(2) 
PARAMETRIC_REPRESENTATION_CONTEXT() REPRESENTATION_CONTEXT('2D SPACE',''
  ) );
#5958 = ORIENTED_EDGE('',*,*,#5959,.F.);
#5959 = EDGE_CURVE('',#5960,#5932,#5962,.T.);
#5960 = VERTEX_POINT('',#5961);
#5961 = CARTESIAN_POINT('',(220.75,3.5,78.8));
#5962 = SURFACE_CURVE('',#5963,(#5967,#5974),.PCURVE_S1.);
#5963 = LINE('',#5964,#5965);
#5964 = CARTESIAN_POINT('',(220.75,1.,78.8));
#5965 = VECTOR('',#5966,1.);
#5966 = DIRECTION('',(0.,1.,0.));
#5967 = PCURVE('',#632,#5968);
#5968 = DEFINITIONAL_REPRESENTATION('',(#5969),#5973);
#5969 = LINE('',#5970,#5971);
#5970 = CARTESIAN_POINT('',(4.242640687119,0.));
#5971 = VECTOR('',#5972,1.);
#5972 = DIRECTION('',(0.,-1.));
#5973 = ( GEOMETRIC_REPRESENTATION_CONTEXT(2) 
PARAMETRIC_REPRESENTATION_CONTEXT() REPRESENTATION_CONTEXT('2D SPACE',''
  ) );
#5974 = PCURVE('',#5975,#5980);
#5975 = PLANE('',#5976);
#5976 = AXIS2_PLACEMENT_3D('',#5977,#5978,#5979);
#5977 = CARTESIAN_POINT('',(220.75,1.,78.8));
#5978 = DIRECTION('',(1.,0.,0.));
#5979 = DIRECTION('',(0.,0.,1.));
#5980 = DEFINITIONAL_REPRESENTATION('',(#5981),#5985);
#5981 = LINE('',#5982,#5983);
#5982 = CARTESIAN_POINT('',(0.,0.));
#5983 = VECTOR('',#5984,1.);
#5984 = DIRECTION('',(0.,-1.));
#5985 = ( GEOMETRIC_REPRESENTATION_CONTEXT(2) 
PARAMETRIC_REPRESENTATION_CONTEXT() REPRESENTATION_CONTEXT('2D SPACE',''
  ) );
#5986 = ORIENTED_EDGE('',*,*,#5987,.T.);
#5987 = EDGE_CURVE('',#5960,#5988,#5990,.T.);
#5988 = VERTEX_POINT('',#5989);
#5989 = CARTESIAN_POINT('',(220.25,3.,79.3));
#5990 = SURFACE_CURVE('',#5991,(#5995,#6001),.PCURVE_S1.);
#5991 = LINE('',#5992,#5993);
#5992 = CARTESIAN_POINT('',(227.25,10.,72.3));
#5993 = VECTOR('',#5994,1.);
#5994 = DIRECTION('',(-0.57735026919,-0.57735026919,0.57735026919));
#5995 = PCURVE('',#632,#5996);
#5996 = DEFINITIONAL_REPRESENTATION('',(#5997),#6000);
#5997 = B_SPLINE_CURVE_WITH_KNOTS('',1,(#5998,#5999),.UNSPECIFIED.,.F.,
  .F.,(2,2),(11.258330249198,12.124355652982),.PIECEWISE_BEZIER_KNOTS.);
#5998 = CARTESIAN_POINT('',(4.242640687119,-2.5));
#5999 = CARTESIAN_POINT('',(3.535533905933,-2.));
#6000 = ( GEOMETRIC_REPRESENTATION_CONTEXT(2) 
PARAMETRIC_REPRESENTATION_CONTEXT() REPRESENTATION_CONTEXT('2D SPACE',''
  ) );
#6001 = PCURVE('',#2720,#6002);
#6002 = DEFINITIONAL_REPRESENTATION('',(#6003),#6006);
#6003 = B_SPLINE_CURVE_WITH_KNOTS('',1,(#6004,#6005),.UNSPECIFIED.,.F.,
  .F.,(2,2),(11.258330249198,12.124355652982),.PIECEWISE_BEZIER_KNOTS.);
#6004 = CARTESIAN_POINT('',(0.707106781187,-48.5));
#6005 = CARTESIAN_POINT('',(2.62887752346E-15,-49.));
#6006 = ( GEOMETRIC_REPRESENTATION_CONTEXT(2) 
PARAMETRIC_REPRESENTATION_CONTEXT() REPRESENTATION_CONTEXT('2D SPACE',''
  ) );
#6007 = ORIENTED_EDGE('',*,*,#6008,.T.);
#6008 = EDGE_CURVE('',#5988,#5812,#6009,.T.);
#6009 = SURFACE_CURVE('',#6010,(#6014,#6020),.PCURVE_S1.);
#6010 = LINE('',#6011,#6012);
#6011 = CARTESIAN_POINT('',(231.625,3.,67.925));
#6012 = VECTOR('',#6013,1.);
#6013 = DIRECTION('',(0.707106781187,0.,-0.707106781187));
#6014 = PCURVE('',#632,#6015);
#6015 = DEFINITIONAL_REPRESENTATION('',(#6016),#6019);
#6016 = B_SPLINE_CURVE_WITH_KNOTS('',1,(#6017,#6018),.UNSPECIFIED.,.F.,
  .F.,(2,2),(-16.08667927199,-15.3795724908),.PIECEWISE_BEZIER_KNOTS.);
#6017 = CARTESIAN_POINT('',(3.535533905933,-2.));
#6018 = CARTESIAN_POINT('',(4.242640687119,-2.));
#6019 = ( GEOMETRIC_REPRESENTATION_CONTEXT(2) 
PARAMETRIC_REPRESENTATION_CONTEXT() REPRESENTATION_CONTEXT('2D SPACE',''
  ) );
#6020 = PCURVE('',#5745,#6021);
#6021 = DEFINITIONAL_REPRESENTATION('',(#6022),#6025);
#6022 = B_SPLINE_CURVE_WITH_KNOTS('',1,(#6023,#6024),.UNSPECIFIED.,.F.,
  .F.,(2,2),(-16.08667927199,-15.3795724908),.PIECEWISE_BEZIER_KNOTS.);
#6023 = CARTESIAN_POINT('',(1.5,-49.));
#6024 = CARTESIAN_POINT('',(1.,-48.5));
#6025 = ( GEOMETRIC_REPRESENTATION_CONTEXT(2) 
PARAMETRIC_REPRESENTATION_CONTEXT() REPRESENTATION_CONTEXT('2D SPACE',''
  ) );
#6026 = ORIENTED_EDGE('',*,*,#5834,.F.);
#6027 = ADVANCED_FACE('',(#6028),#1192,.F.);
#6028 = FACE_BOUND('',#6029,.F.);
#6029 = EDGE_LOOP('',(#6030,#6031,#6052,#6074,#6101,#6122,#6150,#6171));
#6030 = ORIENTED_EDGE('',*,*,#1176,.F.);
#6031 = ORIENTED_EDGE('',*,*,#6032,.T.);
#6032 = EDGE_CURVE('',#1149,#6033,#6035,.T.);
#6033 = VERTEX_POINT('',#6034);
#6034 = CARTESIAN_POINT('',(260.85,3.,136.4));
#6035 = SURFACE_CURVE('',#6036,(#6040,#6046),.PCURVE_S1.);
#6036 = LINE('',#6037,#6038);
#6037 = CARTESIAN_POINT('',(260.85,1.,136.4));
#6038 = VECTOR('',#6039,1.);
#6039 = DIRECTION('',(-0.,1.,0.));
#6040 = PCURVE('',#1192,#6041);
#6041 = DEFINITIONAL_REPRESENTATION('',(#6042),#6045);
#6042 = B_SPLINE_CURVE_WITH_KNOTS('',1,(#6043,#6044),.UNSPECIFIED.,.F.,
  .F.,(2,2),(0.,2.),.PIECEWISE_BEZIER_KNOTS.);
#6043 = CARTESIAN_POINT('',(13.1,0.));
#6044 = CARTESIAN_POINT('',(13.1,-2.));
#6045 = ( GEOMETRIC_REPRESENTATION_CONTEXT(2) 
PARAMETRIC_REPRESENTATION_CONTEXT() REPRESENTATION_CONTEXT('2D SPACE',''
  ) );
#6046 = PCURVE('',#1164,#6047);
#6047 = DEFINITIONAL_REPRESENTATION('',(#6048),#6051);
#6048 = B_SPLINE_CURVE_WITH_KNOTS('',1,(#6049,#6050),.UNSPECIFIED.,.F.,
  .F.,(2,2),(0.,2.),.PIECEWISE_BEZIER_KNOTS.);
#6049 = CARTESIAN_POINT('',(40.1,0.));
#6050 = CARTESIAN_POINT('',(40.1,2.));
#6051 = ( GEOMETRIC_REPRESENTATION_CONTEXT(2) 
PARAMETRIC_REPRESENTATION_CONTEXT() REPRESENTATION_CONTEXT('2D SPACE',''
  ) );
#6052 = ORIENTED_EDGE('',*,*,#6053,.T.);
#6053 = EDGE_CURVE('',#6033,#6054,#6056,.T.);
#6054 = VERTEX_POINT('',#6055);
#6055 = CARTESIAN_POINT('',(260.85,3.,133.4));
#6056 = SURFACE_CURVE('',#6057,(#6061,#6067),.PCURVE_S1.);
#6057 = LINE('',#6058,#6059);
#6058 = CARTESIAN_POINT('',(260.85,3.,76.8));
#6059 = VECTOR('',#6060,1.);
#6060 = DIRECTION('',(-0.,0.,-1.));
#6061 = PCURVE('',#1192,#6062);
#6062 = DEFINITIONAL_REPRESENTATION('',(#6063),#6066);
#6063 = B_SPLINE_CURVE_WITH_KNOTS('',1,(#6064,#6065),.UNSPECIFIED.,.F.,
  .F.,(2,2),(-59.6,-46.5),.PIECEWISE_BEZIER_KNOTS.);
#6064 = CARTESIAN_POINT('',(13.1,-2.));
#6065 = CARTESIAN_POINT('',(0.,-2.));
#6066 = ( GEOMETRIC_REPRESENTATION_CONTEXT(2) 
PARAMETRIC_REPRESENTATION_CONTEXT() REPRESENTATION_CONTEXT('2D SPACE',''
  ) );
#6067 = PCURVE('',#2580,#6068);
#6068 = DEFINITIONAL_REPRESENTATION('',(#6069),#6073);
#6069 = LINE('',#6070,#6071);
#6070 = CARTESIAN_POINT('',(46.5,77.85));
#6071 = VECTOR('',#6072,1.);
#6072 = DIRECTION('',(-1.,0.));
#6073 = ( GEOMETRIC_REPRESENTATION_CONTEXT(2) 
PARAMETRIC_REPRESENTATION_CONTEXT() REPRESENTATION_CONTEXT('2D SPACE',''
  ) );
#6074 = ORIENTED_EDGE('',*,*,#6075,.T.);
#6075 = EDGE_CURVE('',#6054,#6076,#6078,.T.);
#6076 = VERTEX_POINT('',#6077);
#6077 = CARTESIAN_POINT('',(260.85,3.9,133.4));
#6078 = SURFACE_CURVE('',#6079,(#6083,#6089),.PCURVE_S1.);
#6079 = LINE('',#6080,#6081);
#6080 = CARTESIAN_POINT('',(260.85,2.265165042945,133.4));
#6081 = VECTOR('',#6082,1.);
#6082 = DIRECTION('',(-0.,1.,0.));
#6083 = PCURVE('',#1192,#6084);
#6084 = DEFINITIONAL_REPRESENTATION('',(#6085),#6088);
#6085 = B_SPLINE_CURVE_WITH_KNOTS('',1,(#6086,#6087),.UNSPECIFIED.,.F.,
  .F.,(2,2),(0.734834957055,2.234834957055),.PIECEWISE_BEZIER_KNOTS.);
#6086 = CARTESIAN_POINT('',(10.1,-2.));
#6087 = CARTESIAN_POINT('',(10.1,-3.5));
#6088 = ( GEOMETRIC_REPRESENTATION_CONTEXT(2) 
PARAMETRIC_REPRESENTATION_CONTEXT() REPRESENTATION_CONTEXT('2D SPACE',''
  ) );
#6089 = PCURVE('',#6090,#6095);
#6090 = PLANE('',#6091);
#6091 = AXIS2_PLACEMENT_3D('',#6092,#6093,#6094);
#6092 = CARTESIAN_POINT('',(260.78033008589,3.53033008589,133.4));
#6093 = DIRECTION('',(0.,0.,1.));
#6094 = DIRECTION('',(1.,0.,-0.));
#6095 = DEFINITIONAL_REPRESENTATION('',(#6096),#6100);
#6096 = LINE('',#6097,#6098);
#6097 = CARTESIAN_POINT('',(6.966991411008E-02,-1.265165042945));
#6098 = VECTOR('',#6099,1.);
#6099 = DIRECTION('',(0.,1.));
#6100 = ( GEOMETRIC_REPRESENTATION_CONTEXT(2) 
PARAMETRIC_REPRESENTATION_CONTEXT() REPRESENTATION_CONTEXT('2D SPACE',''
  ) );
#6101 = ORIENTED_EDGE('',*,*,#6102,.F.);
#6102 = EDGE_CURVE('',#6103,#6076,#6105,.T.);
#6103 = VERTEX_POINT('',#6104);
#6104 = CARTESIAN_POINT('',(260.85,3.9,123.3));
#6105 = SURFACE_CURVE('',#6106,(#6110,#6116),.PCURVE_S1.);
#6106 = LINE('',#6107,#6108);
#6107 = CARTESIAN_POINT('',(260.85,3.9,76.8));
#6108 = VECTOR('',#6109,1.);
#6109 = DIRECTION('',(0.,0.,1.));
#6110 = PCURVE('',#1192,#6111);
#6111 = DEFINITIONAL_REPRESENTATION('',(#6112),#6115);
#6112 = B_SPLINE_CURVE_WITH_KNOTS('',1,(#6113,#6114),.UNSPECIFIED.,.F.,
  .F.,(2,2),(46.5,56.6),.PIECEWISE_BEZIER_KNOTS.);
#6113 = CARTESIAN_POINT('',(0.,-2.9));
#6114 = CARTESIAN_POINT('',(10.1,-2.9));
#6115 = ( GEOMETRIC_REPRESENTATION_CONTEXT(2) 
PARAMETRIC_REPRESENTATION_CONTEXT() REPRESENTATION_CONTEXT('2D SPACE',''
  ) );
#6116 = PCURVE('',#2440,#6117);
#6117 = DEFINITIONAL_REPRESENTATION('',(#6118),#6121);
#6118 = B_SPLINE_CURVE_WITH_KNOTS('',1,(#6119,#6120),.UNSPECIFIED.,.F.,
  .F.,(2,2),(46.5,56.6),.PIECEWISE_BEZIER_KNOTS.);
#6119 = CARTESIAN_POINT('',(1.272792206136,-93.));
#6120 = CARTESIAN_POINT('',(1.272792206136,-103.1));
#6121 = ( GEOMETRIC_REPRESENTATION_CONTEXT(2) 
PARAMETRIC_REPRESENTATION_CONTEXT() REPRESENTATION_CONTEXT('2D SPACE',''
  ) );
#6122 = ORIENTED_EDGE('',*,*,#6123,.T.);
#6123 = EDGE_CURVE('',#6103,#6124,#6126,.T.);
#6124 = VERTEX_POINT('',#6125);
#6125 = CARTESIAN_POINT('',(260.85,4.5,123.3));
#6126 = SURFACE_CURVE('',#6127,(#6131,#6138),.PCURVE_S1.);
#6127 = LINE('',#6128,#6129);
#6128 = CARTESIAN_POINT('',(260.85,1.,123.3));
#6129 = VECTOR('',#6130,1.);
#6130 = DIRECTION('',(-0.,1.,0.));
#6131 = PCURVE('',#1192,#6132);
#6132 = DEFINITIONAL_REPRESENTATION('',(#6133),#6137);
#6133 = LINE('',#6134,#6135);
#6134 = CARTESIAN_POINT('',(0.,0.));
#6135 = VECTOR('',#6136,1.);
#6136 = DIRECTION('',(0.,-1.));
#6137 = ( GEOMETRIC_REPRESENTATION_CONTEXT(2) 
PARAMETRIC_REPRESENTATION_CONTEXT() REPRESENTATION_CONTEXT('2D SPACE',''
  ) );
#6138 = PCURVE('',#6139,#6144);
#6139 = PLANE('',#6140);
#6140 = AXIS2_PLACEMENT_3D('',#6141,#6142,#6143);
#6141 = CARTESIAN_POINT('',(260.85,1.,123.3));
#6142 = DIRECTION('',(0.,0.,1.));
#6143 = DIRECTION('',(1.,0.,-0.));
#6144 = DEFINITIONAL_REPRESENTATION('',(#6145),#6149);
#6145 = LINE('',#6146,#6147);
#6146 = CARTESIAN_POINT('',(0.,0.));
#6147 = VECTOR('',#6148,1.);
#6148 = DIRECTION('',(0.,1.));
#6149 = ( GEOMETRIC_REPRESENTATION_CONTEXT(2) 
PARAMETRIC_REPRESENTATION_CONTEXT() REPRESENTATION_CONTEXT('2D SPACE',''
  ) );
#6150 = ORIENTED_EDGE('',*,*,#6151,.T.);
#6151 = EDGE_CURVE('',#6124,#5859,#6152,.T.);
#6152 = SURFACE_CURVE('',#6153,(#6157,#6164),.PCURVE_S1.);
#6153 = LINE('',#6154,#6155);
#6154 = CARTESIAN_POINT('',(260.85,4.5,123.3));
#6155 = VECTOR('',#6156,1.);
#6156 = DIRECTION('',(0.,0.,1.));
#6157 = PCURVE('',#1192,#6158);
#6158 = DEFINITIONAL_REPRESENTATION('',(#6159),#6163);
#6159 = LINE('',#6160,#6161);
#6160 = CARTESIAN_POINT('',(0.,-3.5));
#6161 = VECTOR('',#6162,1.);
#6162 = DIRECTION('',(1.,0.));
#6163 = ( GEOMETRIC_REPRESENTATION_CONTEXT(2) 
PARAMETRIC_REPRESENTATION_CONTEXT() REPRESENTATION_CONTEXT('2D SPACE',''
  ) );
#6164 = PCURVE('',#4563,#6165);
#6165 = DEFINITIONAL_REPRESENTATION('',(#6166),#6170);
#6166 = LINE('',#6167,#6168);
#6167 = CARTESIAN_POINT('',(0.,0.));
#6168 = VECTOR('',#6169,1.);
#6169 = DIRECTION('',(1.,0.));
#6170 = ( GEOMETRIC_REPRESENTATION_CONTEXT(2) 
PARAMETRIC_REPRESENTATION_CONTEXT() REPRESENTATION_CONTEXT('2D SPACE',''
  ) );
#6171 = ORIENTED_EDGE('',*,*,#5881,.F.);
#6172 = ADVANCED_FACE('',(#6173),#660,.F.);
#6173 = FACE_BOUND('',#6174,.F.);
#6174 = EDGE_LOOP('',(#6175,#6198,#6219,#6220));
#6175 = ORIENTED_EDGE('',*,*,#6176,.F.);
#6176 = EDGE_CURVE('',#6177,#5909,#6179,.T.);
#6177 = VERTEX_POINT('',#6178);
#6178 = CARTESIAN_POINT('',(204.25,4.5,81.8));
#6179 = SURFACE_CURVE('',#6180,(#6184,#6191),.PCURVE_S1.);
#6180 = LINE('',#6181,#6182);
#6181 = CARTESIAN_POINT('',(204.25,4.5,81.8));
#6182 = VECTOR('',#6183,1.);
#6183 = DIRECTION('',(1.,0.,-0.));
#6184 = PCURVE('',#660,#6185);
#6185 = DEFINITIONAL_REPRESENTATION('',(#6186),#6190);
#6186 = LINE('',#6187,#6188);
#6187 = CARTESIAN_POINT('',(0.,3.5));
#6188 = VECTOR('',#6189,1.);
#6189 = DIRECTION('',(1.,0.));
#6190 = ( GEOMETRIC_REPRESENTATION_CONTEXT(2) 
PARAMETRIC_REPRESENTATION_CONTEXT() REPRESENTATION_CONTEXT('2D SPACE',''
  ) );
#6191 = PCURVE('',#5947,#6192);
#6192 = DEFINITIONAL_REPRESENTATION('',(#6193),#6197);
#6193 = LINE('',#6194,#6195);
#6194 = CARTESIAN_POINT('',(0.,0.));
#6195 = VECTOR('',#6196,1.);
#6196 = DIRECTION('',(0.,1.));
#6197 = ( GEOMETRIC_REPRESENTATION_CONTEXT(2) 
PARAMETRIC_REPRESENTATION_CONTEXT() REPRESENTATION_CONTEXT('2D SPACE',''
  ) );
#6198 = ORIENTED_EDGE('',*,*,#6199,.F.);
#6199 = EDGE_CURVE('',#645,#6177,#6200,.T.);
#6200 = SURFACE_CURVE('',#6201,(#6205,#6212),.PCURVE_S1.);
#6201 = LINE('',#6202,#6203);
#6202 = CARTESIAN_POINT('',(204.25,1.,81.8));
#6203 = VECTOR('',#6204,1.);
#6204 = DIRECTION('',(-0.,1.,0.));
#6205 = PCURVE('',#660,#6206);
#6206 = DEFINITIONAL_REPRESENTATION('',(#6207),#6211);
#6207 = LINE('',#6208,#6209);
#6208 = CARTESIAN_POINT('',(0.,0.));
#6209 = VECTOR('',#6210,1.);
#6210 = DIRECTION('',(0.,1.));
#6211 = ( GEOMETRIC_REPRESENTATION_CONTEXT(2) 
PARAMETRIC_REPRESENTATION_CONTEXT() REPRESENTATION_CONTEXT('2D SPACE',''
  ) );
#6212 = PCURVE('',#688,#6213);
#6213 = DEFINITIONAL_REPRESENTATION('',(#6214),#6218);
#6214 = LINE('',#6215,#6216);
#6215 = CARTESIAN_POINT('',(0.,0.));
#6216 = VECTOR('',#6217,1.);
#6217 = DIRECTION('',(0.,-1.));
#6218 = ( GEOMETRIC_REPRESENTATION_CONTEXT(2) 
PARAMETRIC_REPRESENTATION_CONTEXT() REPRESENTATION_CONTEXT('2D SPACE',''
  ) );
#6219 = ORIENTED_EDGE('',*,*,#644,.T.);
#6220 = ORIENTED_EDGE('',*,*,#5908,.T.);
#6221 = ADVANCED_FACE('',(#6222),#1164,.T.);
#6222 = FACE_BOUND('',#6223,.T.);
#6223 = EDGE_LOOP('',(#6224,#6247,#6266,#6267));
#6224 = ORIENTED_EDGE('',*,*,#6225,.F.);
#6225 = EDGE_CURVE('',#6226,#6033,#6228,.T.);
#6226 = VERTEX_POINT('',#6227);
#6227 = CARTESIAN_POINT('',(221.75,3.,136.4));
#6228 = SURFACE_CURVE('',#6229,(#6233,#6240),.PCURVE_S1.);
#6229 = LINE('',#6230,#6231);
#6230 = CARTESIAN_POINT('',(220.75,3.,136.4));
#6231 = VECTOR('',#6232,1.);
#6232 = DIRECTION('',(1.,0.,-0.));
#6233 = PCURVE('',#1164,#6234);
#6234 = DEFINITIONAL_REPRESENTATION('',(#6235),#6239);
#6235 = LINE('',#6236,#6237);
#6236 = CARTESIAN_POINT('',(0.,2.));
#6237 = VECTOR('',#6238,1.);
#6238 = DIRECTION('',(1.,0.));
#6239 = ( GEOMETRIC_REPRESENTATION_CONTEXT(2) 
PARAMETRIC_REPRESENTATION_CONTEXT() REPRESENTATION_CONTEXT('2D SPACE',''
  ) );
#6240 = PCURVE('',#2580,#6241);
#6241 = DEFINITIONAL_REPRESENTATION('',(#6242),#6246);
#6242 = LINE('',#6243,#6244);
#6243 = CARTESIAN_POINT('',(106.1,37.75));
#6244 = VECTOR('',#6245,1.);
#6245 = DIRECTION('',(0.,1.));
#6246 = ( GEOMETRIC_REPRESENTATION_CONTEXT(2) 
PARAMETRIC_REPRESENTATION_CONTEXT() REPRESENTATION_CONTEXT('2D SPACE',''
  ) );
#6247 = ORIENTED_EDGE('',*,*,#6248,.F.);
#6248 = EDGE_CURVE('',#1121,#6226,#6249,.T.);
#6249 = SURFACE_CURVE('',#6250,(#6254,#6260),.PCURVE_S1.);
#6250 = LINE('',#6251,#6252);
#6251 = CARTESIAN_POINT('',(221.75,1.,136.4));
#6252 = VECTOR('',#6253,1.);
#6253 = DIRECTION('',(-0.,1.,0.));
#6254 = PCURVE('',#1164,#6255);
#6255 = DEFINITIONAL_REPRESENTATION('',(#6256),#6259);
#6256 = B_SPLINE_CURVE_WITH_KNOTS('',1,(#6257,#6258),.UNSPECIFIED.,.F.,
  .F.,(2,2),(0.,2.),.PIECEWISE_BEZIER_KNOTS.);
#6257 = CARTESIAN_POINT('',(1.,0.));
#6258 = CARTESIAN_POINT('',(1.,2.));
#6259 = ( GEOMETRIC_REPRESENTATION_CONTEXT(2) 
PARAMETRIC_REPRESENTATION_CONTEXT() REPRESENTATION_CONTEXT('2D SPACE',''
  ) );
#6260 = PCURVE('',#1136,#6261);
#6261 = DEFINITIONAL_REPRESENTATION('',(#6262),#6265);
#6262 = B_SPLINE_CURVE_WITH_KNOTS('',1,(#6263,#6264),.UNSPECIFIED.,.F.,
  .F.,(2,2),(0.,2.),.PIECEWISE_BEZIER_KNOTS.);
#6263 = CARTESIAN_POINT('',(13.1,0.));
#6264 = CARTESIAN_POINT('',(13.1,-2.));
#6265 = ( GEOMETRIC_REPRESENTATION_CONTEXT(2) 
PARAMETRIC_REPRESENTATION_CONTEXT() REPRESENTATION_CONTEXT('2D SPACE',''
  ) );
#6266 = ORIENTED_EDGE('',*,*,#1148,.T.);
#6267 = ORIENTED_EDGE('',*,*,#6032,.T.);
#6268 = ADVANCED_FACE('',(#6269),#688,.F.);
#6269 = FACE_BOUND('',#6270,.F.);
#6270 = EDGE_LOOP('',(#6271,#6272,#6273,#6296));
#6271 = ORIENTED_EDGE('',*,*,#672,.F.);
#6272 = ORIENTED_EDGE('',*,*,#6199,.T.);
#6273 = ORIENTED_EDGE('',*,*,#6274,.T.);
#6274 = EDGE_CURVE('',#6177,#6275,#6277,.T.);
#6275 = VERTEX_POINT('',#6276);
#6276 = CARTESIAN_POINT('',(204.25,4.5,95.8));
#6277 = SURFACE_CURVE('',#6278,(#6282,#6289),.PCURVE_S1.);
#6278 = LINE('',#6279,#6280);
#6279 = CARTESIAN_POINT('',(204.25,4.5,81.8));
#6280 = VECTOR('',#6281,1.);
#6281 = DIRECTION('',(0.,0.,1.));
#6282 = PCURVE('',#688,#6283);
#6283 = DEFINITIONAL_REPRESENTATION('',(#6284),#6288);
#6284 = LINE('',#6285,#6286);
#6285 = CARTESIAN_POINT('',(0.,-3.5));
#6286 = VECTOR('',#6287,1.);
#6287 = DIRECTION('',(1.,0.));
#6288 = ( GEOMETRIC_REPRESENTATION_CONTEXT(2) 
PARAMETRIC_REPRESENTATION_CONTEXT() REPRESENTATION_CONTEXT('2D SPACE',''
  ) );
#6289 = PCURVE('',#5947,#6290);
#6290 = DEFINITIONAL_REPRESENTATION('',(#6291),#6295);
#6291 = LINE('',#6292,#6293);
#6292 = CARTESIAN_POINT('',(0.,0.));
#6293 = VECTOR('',#6294,1.);
#6294 = DIRECTION('',(1.,0.));
#6295 = ( GEOMETRIC_REPRESENTATION_CONTEXT(2) 
PARAMETRIC_REPRESENTATION_CONTEXT() REPRESENTATION_CONTEXT('2D SPACE',''
  ) );
#6296 = ORIENTED_EDGE('',*,*,#6297,.F.);
#6297 = EDGE_CURVE('',#673,#6275,#6298,.T.);
#6298 = SURFACE_CURVE('',#6299,(#6303,#6310),.PCURVE_S1.);
#6299 = LINE('',#6300,#6301);
#6300 = CARTESIAN_POINT('',(204.25,1.,95.8));
#6301 = VECTOR('',#6302,1.);
#6302 = DIRECTION('',(-0.,1.,0.));
#6303 = PCURVE('',#688,#6304);
#6304 = DEFINITIONAL_REPRESENTATION('',(#6305),#6309);
#6305 = LINE('',#6306,#6307);
#6306 = CARTESIAN_POINT('',(14.,0.));
#6307 = VECTOR('',#6308,1.);
#6308 = DIRECTION('',(0.,-1.));
#6309 = ( GEOMETRIC_REPRESENTATION_CONTEXT(2) 
PARAMETRIC_REPRESENTATION_CONTEXT() REPRESENTATION_CONTEXT('2D SPACE',''
  ) );
#6310 = PCURVE('',#716,#6311);
#6311 = DEFINITIONAL_REPRESENTATION('',(#6312),#6316);
#6312 = LINE('',#6313,#6314);
#6313 = CARTESIAN_POINT('',(0.,0.));
#6314 = VECTOR('',#6315,1.);
#6315 = DIRECTION('',(0.,1.));
#6316 = ( GEOMETRIC_REPRESENTATION_CONTEXT(2) 
PARAMETRIC_REPRESENTATION_CONTEXT() REPRESENTATION_CONTEXT('2D SPACE',''
  ) );
#6317 = ADVANCED_FACE('',(#6318),#1136,.T.);
#6318 = FACE_BOUND('',#6319,.T.);
#6319 = EDGE_LOOP('',(#6320,#6321,#6322,#6344,#6372,#6400));
#6320 = ORIENTED_EDGE('',*,*,#1120,.F.);
#6321 = ORIENTED_EDGE('',*,*,#6248,.T.);
#6322 = ORIENTED_EDGE('',*,*,#6323,.T.);
#6323 = EDGE_CURVE('',#6226,#6324,#6326,.T.);
#6324 = VERTEX_POINT('',#6325);
#6325 = CARTESIAN_POINT('',(221.75,3.,133.4));
#6326 = SURFACE_CURVE('',#6327,(#6331,#6337),.PCURVE_S1.);
#6327 = LINE('',#6328,#6329);
#6328 = CARTESIAN_POINT('',(221.75,3.,76.8));
#6329 = VECTOR('',#6330,1.);
#6330 = DIRECTION('',(-0.,0.,-1.));
#6331 = PCURVE('',#1136,#6332);
#6332 = DEFINITIONAL_REPRESENTATION('',(#6333),#6336);
#6333 = B_SPLINE_CURVE_WITH_KNOTS('',1,(#6334,#6335),.UNSPECIFIED.,.F.,
  .F.,(2,2),(-59.6,-46.5),.PIECEWISE_BEZIER_KNOTS.);
#6334 = CARTESIAN_POINT('',(13.1,-2.));
#6335 = CARTESIAN_POINT('',(0.,-2.));
#6336 = ( GEOMETRIC_REPRESENTATION_CONTEXT(2) 
PARAMETRIC_REPRESENTATION_CONTEXT() REPRESENTATION_CONTEXT('2D SPACE',''
  ) );
#6337 = PCURVE('',#2580,#6338);
#6338 = DEFINITIONAL_REPRESENTATION('',(#6339),#6343);
#6339 = LINE('',#6340,#6341);
#6340 = CARTESIAN_POINT('',(46.5,38.75));
#6341 = VECTOR('',#6342,1.);
#6342 = DIRECTION('',(-1.,0.));
#6343 = ( GEOMETRIC_REPRESENTATION_CONTEXT(2) 
PARAMETRIC_REPRESENTATION_CONTEXT() REPRESENTATION_CONTEXT('2D SPACE',''
  ) );
#6344 = ORIENTED_EDGE('',*,*,#6345,.T.);
#6345 = EDGE_CURVE('',#6324,#6346,#6348,.T.);
#6346 = VERTEX_POINT('',#6347);
#6347 = CARTESIAN_POINT('',(221.75,4.5,133.4));
#6348 = SURFACE_CURVE('',#6349,(#6353,#6360),.PCURVE_S1.);
#6349 = LINE('',#6350,#6351);
#6350 = CARTESIAN_POINT('',(221.75,2.5,133.4));
#6351 = VECTOR('',#6352,1.);
#6352 = DIRECTION('',(-0.,1.,0.));
#6353 = PCURVE('',#1136,#6354);
#6354 = DEFINITIONAL_REPRESENTATION('',(#6355),#6359);
#6355 = LINE('',#6356,#6357);
#6356 = CARTESIAN_POINT('',(10.1,-1.5));
#6357 = VECTOR('',#6358,1.);
#6358 = DIRECTION('',(0.,-1.));
#6359 = ( GEOMETRIC_REPRESENTATION_CONTEXT(2) 
PARAMETRIC_REPRESENTATION_CONTEXT() REPRESENTATION_CONTEXT('2D SPACE',''
  ) );
#6360 = PCURVE('',#6361,#6366);
#6361 = PLANE('',#6362);
#6362 = AXIS2_PLACEMENT_3D('',#6363,#6364,#6365);
#6363 = CARTESIAN_POINT('',(228.28033008589,3.53033008589,133.4));
#6364 = DIRECTION('',(0.,0.,1.));
#6365 = DIRECTION('',(1.,0.,-0.));
#6366 = DEFINITIONAL_REPRESENTATION('',(#6367),#6371);
#6367 = LINE('',#6368,#6369);
#6368 = CARTESIAN_POINT('',(-6.53033008589,-1.03033008589));
#6369 = VECTOR('',#6370,1.);
#6370 = DIRECTION('',(0.,1.));
#6371 = ( GEOMETRIC_REPRESENTATION_CONTEXT(2) 
PARAMETRIC_REPRESENTATION_CONTEXT() REPRESENTATION_CONTEXT('2D SPACE',''
  ) );
#6372 = ORIENTED_EDGE('',*,*,#6373,.T.);
#6373 = EDGE_CURVE('',#6346,#6374,#6376,.T.);
#6374 = VERTEX_POINT('',#6375);
#6375 = CARTESIAN_POINT('',(221.75,4.5,137.3));
#6376 = SURFACE_CURVE('',#6377,(#6381,#6388),.PCURVE_S1.);
#6377 = LINE('',#6378,#6379);
#6378 = CARTESIAN_POINT('',(221.75,4.5,123.3));
#6379 = VECTOR('',#6380,1.);
#6380 = DIRECTION('',(0.,0.,1.));
#6381 = PCURVE('',#1136,#6382);
#6382 = DEFINITIONAL_REPRESENTATION('',(#6383),#6387);
#6383 = LINE('',#6384,#6385);
#6384 = CARTESIAN_POINT('',(0.,-3.5));
#6385 = VECTOR('',#6386,1.);
#6386 = DIRECTION('',(1.,0.));
#6387 = ( GEOMETRIC_REPRESENTATION_CONTEXT(2) 
PARAMETRIC_REPRESENTATION_CONTEXT() REPRESENTATION_CONTEXT('2D SPACE',''
  ) );
#6388 = PCURVE('',#6389,#6394);
#6389 = PLANE('',#6390);
#6390 = AXIS2_PLACEMENT_3D('',#6391,#6392,#6393);
#6391 = CARTESIAN_POINT('',(204.25,4.5,106.3));
#6392 = DIRECTION('',(-0.,1.,0.));
#6393 = DIRECTION('',(0.,0.,1.));
#6394 = DEFINITIONAL_REPRESENTATION('',(#6395),#6399);
#6395 = LINE('',#6396,#6397);
#6396 = CARTESIAN_POINT('',(17.,17.5));
#6397 = VECTOR('',#6398,1.);
#6398 = DIRECTION('',(1.,0.));
#6399 = ( GEOMETRIC_REPRESENTATION_CONTEXT(2) 
PARAMETRIC_REPRESENTATION_CONTEXT() REPRESENTATION_CONTEXT('2D SPACE',''
  ) );
#6400 = ORIENTED_EDGE('',*,*,#6401,.F.);
#6401 = EDGE_CURVE('',#1093,#6374,#6402,.T.);
#6402 = SURFACE_CURVE('',#6403,(#6407,#6414),.PCURVE_S1.);
#6403 = LINE('',#6404,#6405);
#6404 = CARTESIAN_POINT('',(221.75,1.,137.3));
#6405 = VECTOR('',#6406,1.);
#6406 = DIRECTION('',(-0.,1.,0.));
#6407 = PCURVE('',#1136,#6408);
#6408 = DEFINITIONAL_REPRESENTATION('',(#6409),#6413);
#6409 = LINE('',#6410,#6411);
#6410 = CARTESIAN_POINT('',(14.,0.));
#6411 = VECTOR('',#6412,1.);
#6412 = DIRECTION('',(0.,-1.));
#6413 = ( GEOMETRIC_REPRESENTATION_CONTEXT(2) 
PARAMETRIC_REPRESENTATION_CONTEXT() REPRESENTATION_CONTEXT('2D SPACE',''
  ) );
#6414 = PCURVE('',#1108,#6415);
#6415 = DEFINITIONAL_REPRESENTATION('',(#6416),#6420);
#6416 = LINE('',#6417,#6418);
#6417 = CARTESIAN_POINT('',(17.5,0.));
#6418 = VECTOR('',#6419,1.);
#6419 = DIRECTION('',(0.,1.));
#6420 = ( GEOMETRIC_REPRESENTATION_CONTEXT(2) 
PARAMETRIC_REPRESENTATION_CONTEXT() REPRESENTATION_CONTEXT('2D SPACE',''
  ) );
#6421 = ADVANCED_FACE('',(#6422),#716,.T.);
#6422 = FACE_BOUND('',#6423,.T.);
#6423 = EDGE_LOOP('',(#6424,#6447,#6448,#6449));
#6424 = ORIENTED_EDGE('',*,*,#6425,.F.);
#6425 = EDGE_CURVE('',#6275,#6426,#6428,.T.);
#6426 = VERTEX_POINT('',#6427);
#6427 = CARTESIAN_POINT('',(217.75,4.5,95.8));
#6428 = SURFACE_CURVE('',#6429,(#6433,#6440),.PCURVE_S1.);
#6429 = LINE('',#6430,#6431);
#6430 = CARTESIAN_POINT('',(204.25,4.5,95.8));
#6431 = VECTOR('',#6432,1.);
#6432 = DIRECTION('',(1.,0.,-0.));
#6433 = PCURVE('',#716,#6434);
#6434 = DEFINITIONAL_REPRESENTATION('',(#6435),#6439);
#6435 = LINE('',#6436,#6437);
#6436 = CARTESIAN_POINT('',(0.,3.5));
#6437 = VECTOR('',#6438,1.);
#6438 = DIRECTION('',(1.,0.));
#6439 = ( GEOMETRIC_REPRESENTATION_CONTEXT(2) 
PARAMETRIC_REPRESENTATION_CONTEXT() REPRESENTATION_CONTEXT('2D SPACE',''
  ) );
#6440 = PCURVE('',#5947,#6441);
#6441 = DEFINITIONAL_REPRESENTATION('',(#6442),#6446);
#6442 = LINE('',#6443,#6444);
#6443 = CARTESIAN_POINT('',(14.,0.));
#6444 = VECTOR('',#6445,1.);
#6445 = DIRECTION('',(0.,1.));
#6446 = ( GEOMETRIC_REPRESENTATION_CONTEXT(2) 
PARAMETRIC_REPRESENTATION_CONTEXT() REPRESENTATION_CONTEXT('2D SPACE',''
  ) );
#6447 = ORIENTED_EDGE('',*,*,#6297,.F.);
#6448 = ORIENTED_EDGE('',*,*,#700,.T.);
#6449 = ORIENTED_EDGE('',*,*,#6450,.T.);
#6450 = EDGE_CURVE('',#701,#6426,#6451,.T.);
#6451 = SURFACE_CURVE('',#6452,(#6456,#6463),.PCURVE_S1.);
#6452 = LINE('',#6453,#6454);
#6453 = CARTESIAN_POINT('',(217.75,1.,95.8));
#6454 = VECTOR('',#6455,1.);
#6455 = DIRECTION('',(0.,1.,0.));
#6456 = PCURVE('',#716,#6457);
#6457 = DEFINITIONAL_REPRESENTATION('',(#6458),#6462);
#6458 = LINE('',#6459,#6460);
#6459 = CARTESIAN_POINT('',(13.5,0.));
#6460 = VECTOR('',#6461,1.);
#6461 = DIRECTION('',(0.,1.));
#6462 = ( GEOMETRIC_REPRESENTATION_CONTEXT(2) 
PARAMETRIC_REPRESENTATION_CONTEXT() REPRESENTATION_CONTEXT('2D SPACE',''
  ) );
#6463 = PCURVE('',#744,#6464);
#6464 = DEFINITIONAL_REPRESENTATION('',(#6465),#6469);
#6465 = LINE('',#6466,#6467);
#6466 = CARTESIAN_POINT('',(0.,0.));
#6467 = VECTOR('',#6468,1.);
#6468 = DIRECTION('',(0.,-1.));
#6469 = ( GEOMETRIC_REPRESENTATION_CONTEXT(2) 
PARAMETRIC_REPRESENTATION_CONTEXT() REPRESENTATION_CONTEXT('2D SPACE',''
  ) );
#6470 = ADVANCED_FACE('',(#6471),#1108,.T.);
#6471 = FACE_BOUND('',#6472,.T.);
#6472 = EDGE_LOOP('',(#6473,#6496,#6517,#6518));
#6473 = ORIENTED_EDGE('',*,*,#6474,.F.);
#6474 = EDGE_CURVE('',#6475,#6374,#6477,.T.);
#6475 = VERTEX_POINT('',#6476);
#6476 = CARTESIAN_POINT('',(220.75,4.5,137.3));
#6477 = SURFACE_CURVE('',#6478,(#6482,#6489),.PCURVE_S1.);
#6478 = LINE('',#6479,#6480);
#6479 = CARTESIAN_POINT('',(204.25,4.5,137.3));
#6480 = VECTOR('',#6481,1.);
#6481 = DIRECTION('',(1.,0.,-0.));
#6482 = PCURVE('',#1108,#6483);
#6483 = DEFINITIONAL_REPRESENTATION('',(#6484),#6488);
#6484 = LINE('',#6485,#6486);
#6485 = CARTESIAN_POINT('',(0.,3.5));
#6486 = VECTOR('',#6487,1.);
#6487 = DIRECTION('',(1.,0.));
#6488 = ( GEOMETRIC_REPRESENTATION_CONTEXT(2) 
PARAMETRIC_REPRESENTATION_CONTEXT() REPRESENTATION_CONTEXT('2D SPACE',''
  ) );
#6489 = PCURVE('',#6389,#6490);
#6490 = DEFINITIONAL_REPRESENTATION('',(#6491),#6495);
#6491 = LINE('',#6492,#6493);
#6492 = CARTESIAN_POINT('',(31.,0.));
#6493 = VECTOR('',#6494,1.);
#6494 = DIRECTION('',(0.,1.));
#6495 = ( GEOMETRIC_REPRESENTATION_CONTEXT(2) 
PARAMETRIC_REPRESENTATION_CONTEXT() REPRESENTATION_CONTEXT('2D SPACE',''
  ) );
#6496 = ORIENTED_EDGE('',*,*,#6497,.F.);
#6497 = EDGE_CURVE('',#1065,#6475,#6498,.T.);
#6498 = SURFACE_CURVE('',#6499,(#6503,#6510),.PCURVE_S1.);
#6499 = LINE('',#6500,#6501);
#6500 = CARTESIAN_POINT('',(220.75,1.,137.3));
#6501 = VECTOR('',#6502,1.);
#6502 = DIRECTION('',(0.,1.,0.));
#6503 = PCURVE('',#1108,#6504);
#6504 = DEFINITIONAL_REPRESENTATION('',(#6505),#6509);
#6505 = LINE('',#6506,#6507);
#6506 = CARTESIAN_POINT('',(16.5,0.));
#6507 = VECTOR('',#6508,1.);
#6508 = DIRECTION('',(0.,1.));
#6509 = ( GEOMETRIC_REPRESENTATION_CONTEXT(2) 
PARAMETRIC_REPRESENTATION_CONTEXT() REPRESENTATION_CONTEXT('2D SPACE',''
  ) );
#6510 = PCURVE('',#1080,#6511);
#6511 = DEFINITIONAL_REPRESENTATION('',(#6512),#6516);
#6512 = LINE('',#6513,#6514);
#6513 = CARTESIAN_POINT('',(3.,0.));
#6514 = VECTOR('',#6515,1.);
#6515 = DIRECTION('',(0.,-1.));
#6516 = ( GEOMETRIC_REPRESENTATION_CONTEXT(2) 
PARAMETRIC_REPRESENTATION_CONTEXT() REPRESENTATION_CONTEXT('2D SPACE',''
  ) );
#6517 = ORIENTED_EDGE('',*,*,#1092,.T.);
#6518 = ORIENTED_EDGE('',*,*,#6401,.T.);
#6519 = ADVANCED_FACE('',(#6520),#744,.F.);
#6520 = FACE_BOUND('',#6521,.F.);
#6521 = EDGE_LOOP('',(#6522,#6523,#6524,#6547,#6575,#6601,#6627));
#6522 = ORIENTED_EDGE('',*,*,#728,.F.);
#6523 = ORIENTED_EDGE('',*,*,#6450,.T.);
#6524 = ORIENTED_EDGE('',*,*,#6525,.T.);
#6525 = EDGE_CURVE('',#6426,#6526,#6528,.T.);
#6526 = VERTEX_POINT('',#6527);
#6527 = CARTESIAN_POINT('',(220.75,4.5,98.8));
#6528 = SURFACE_CURVE('',#6529,(#6533,#6540),.PCURVE_S1.);
#6529 = LINE('',#6530,#6531);
#6530 = CARTESIAN_POINT('',(217.75,4.5,95.8));
#6531 = VECTOR('',#6532,1.);
#6532 = DIRECTION('',(0.707106781187,0.,0.707106781187));
#6533 = PCURVE('',#744,#6534);
#6534 = DEFINITIONAL_REPRESENTATION('',(#6535),#6539);
#6535 = LINE('',#6536,#6537);
#6536 = CARTESIAN_POINT('',(0.,-3.5));
#6537 = VECTOR('',#6538,1.);
#6538 = DIRECTION('',(1.,0.));
#6539 = ( GEOMETRIC_REPRESENTATION_CONTEXT(2) 
PARAMETRIC_REPRESENTATION_CONTEXT() REPRESENTATION_CONTEXT('2D SPACE',''
  ) );
#6540 = PCURVE('',#5947,#6541);
#6541 = DEFINITIONAL_REPRESENTATION('',(#6542),#6546);
#6542 = LINE('',#6543,#6544);
#6543 = CARTESIAN_POINT('',(14.,13.5));
#6544 = VECTOR('',#6545,1.);
#6545 = DIRECTION('',(0.707106781187,0.707106781187));
#6546 = ( GEOMETRIC_REPRESENTATION_CONTEXT(2) 
PARAMETRIC_REPRESENTATION_CONTEXT() REPRESENTATION_CONTEXT('2D SPACE',''
  ) );
#6547 = ORIENTED_EDGE('',*,*,#6548,.F.);
#6548 = EDGE_CURVE('',#6549,#6526,#6551,.T.);
#6549 = VERTEX_POINT('',#6550);
#6550 = CARTESIAN_POINT('',(220.75,3.5,98.8));
#6551 = SURFACE_CURVE('',#6552,(#6556,#6563),.PCURVE_S1.);
#6552 = LINE('',#6553,#6554);
#6553 = CARTESIAN_POINT('',(220.75,1.,98.8));
#6554 = VECTOR('',#6555,1.);
#6555 = DIRECTION('',(0.,1.,0.));
#6556 = PCURVE('',#744,#6557);
#6557 = DEFINITIONAL_REPRESENTATION('',(#6558),#6562);
#6558 = LINE('',#6559,#6560);
#6559 = CARTESIAN_POINT('',(4.242640687119,0.));
#6560 = VECTOR('',#6561,1.);
#6561 = DIRECTION('',(0.,-1.));
#6562 = ( GEOMETRIC_REPRESENTATION_CONTEXT(2) 
PARAMETRIC_REPRESENTATION_CONTEXT() REPRESENTATION_CONTEXT('2D SPACE',''
  ) );
#6563 = PCURVE('',#6564,#6569);
#6564 = PLANE('',#6565);
#6565 = AXIS2_PLACEMENT_3D('',#6566,#6567,#6568);
#6566 = CARTESIAN_POINT('',(220.75,1.,98.8));
#6567 = DIRECTION('',(-1.,0.,0.));
#6568 = DIRECTION('',(0.,0.,-1.));
#6569 = DEFINITIONAL_REPRESENTATION('',(#6570),#6574);
#6570 = LINE('',#6571,#6572);
#6571 = CARTESIAN_POINT('',(0.,-0.));
#6572 = VECTOR('',#6573,1.);
#6573 = DIRECTION('',(0.,-1.));
#6574 = ( GEOMETRIC_REPRESENTATION_CONTEXT(2) 
PARAMETRIC_REPRESENTATION_CONTEXT() REPRESENTATION_CONTEXT('2D SPACE',''
  ) );
#6575 = ORIENTED_EDGE('',*,*,#6576,.T.);
#6576 = EDGE_CURVE('',#6549,#6577,#6579,.T.);
#6577 = VERTEX_POINT('',#6578);
#6578 = CARTESIAN_POINT('',(220.25,3.,98.3));
#6579 = SURFACE_CURVE('',#6580,(#6584,#6590),.PCURVE_S1.);
#6580 = LINE('',#6581,#6582);
#6581 = CARTESIAN_POINT('',(207.75,-9.5,85.8));
#6582 = VECTOR('',#6583,1.);
#6583 = DIRECTION('',(-0.57735026919,-0.57735026919,-0.57735026919));
#6584 = PCURVE('',#744,#6585);
#6585 = DEFINITIONAL_REPRESENTATION('',(#6586),#6589);
#6586 = B_SPLINE_CURVE_WITH_KNOTS('',1,(#6587,#6588),.UNSPECIFIED.,.F.,
  .F.,(2,2),(-22.51666049839,-21.65063509461),.PIECEWISE_BEZIER_KNOTS.);
#6587 = CARTESIAN_POINT('',(4.242640687119,-2.5));
#6588 = CARTESIAN_POINT('',(3.535533905933,-2.));
#6589 = ( GEOMETRIC_REPRESENTATION_CONTEXT(2) 
PARAMETRIC_REPRESENTATION_CONTEXT() REPRESENTATION_CONTEXT('2D SPACE',''
  ) );
#6590 = PCURVE('',#6591,#6596);
#6591 = PLANE('',#6592);
#6592 = AXIS2_PLACEMENT_3D('',#6593,#6594,#6595);
#6593 = CARTESIAN_POINT('',(220.25,3.,30.3));
#6594 = DIRECTION('',(-0.707106781187,0.707106781187,0.));
#6595 = DIRECTION('',(0.707106781187,0.707106781187,0.));
#6596 = DEFINITIONAL_REPRESENTATION('',(#6597),#6600);
#6597 = B_SPLINE_CURVE_WITH_KNOTS('',1,(#6598,#6599),.UNSPECIFIED.,.F.,
  .F.,(2,2),(-22.51666049839,-21.65063509461),.PIECEWISE_BEZIER_KNOTS.);
#6598 = CARTESIAN_POINT('',(0.707106781187,-68.5));
#6599 = CARTESIAN_POINT('',(-1.748136029063E-15,-68.));
#6600 = ( GEOMETRIC_REPRESENTATION_CONTEXT(2) 
PARAMETRIC_REPRESENTATION_CONTEXT() REPRESENTATION_CONTEXT('2D SPACE',''
  ) );
#6601 = ORIENTED_EDGE('',*,*,#6602,.T.);
#6602 = EDGE_CURVE('',#6577,#6603,#6605,.T.);
#6603 = VERTEX_POINT('',#6604);
#6604 = CARTESIAN_POINT('',(220.75,3.,98.8));
#6605 = SURFACE_CURVE('',#6606,(#6610,#6616),.PCURVE_S1.);
#6606 = LINE('',#6607,#6608);
#6607 = CARTESIAN_POINT('',(202.375,3.,80.425));
#6608 = VECTOR('',#6609,1.);
#6609 = DIRECTION('',(0.707106781187,0.,0.707106781187));
#6610 = PCURVE('',#744,#6611);
#6611 = DEFINITIONAL_REPRESENTATION('',(#6612),#6615);
#6612 = B_SPLINE_CURVE_WITH_KNOTS('',1,(#6613,#6614),.UNSPECIFIED.,.F.,
  .F.,(2,2),(25.279067427419,25.986174208606),.PIECEWISE_BEZIER_KNOTS.);
#6613 = CARTESIAN_POINT('',(3.535533905933,-2.));
#6614 = CARTESIAN_POINT('',(4.242640687119,-2.));
#6615 = ( GEOMETRIC_REPRESENTATION_CONTEXT(2) 
PARAMETRIC_REPRESENTATION_CONTEXT() REPRESENTATION_CONTEXT('2D SPACE',''
  ) );
#6616 = PCURVE('',#6617,#6622);
#6617 = PLANE('',#6618);
#6618 = AXIS2_PLACEMENT_3D('',#6619,#6620,#6621);
#6619 = CARTESIAN_POINT('',(221.75,3.,30.3));
#6620 = DIRECTION('',(0.,-1.,0.));
#6621 = DIRECTION('',(-1.,0.,0.));
#6622 = DEFINITIONAL_REPRESENTATION('',(#6623),#6626);
#6623 = B_SPLINE_CURVE_WITH_KNOTS('',1,(#6624,#6625),.UNSPECIFIED.,.F.,
  .F.,(2,2),(25.279067427419,25.986174208606),.PIECEWISE_BEZIER_KNOTS.);
#6624 = CARTESIAN_POINT('',(1.5,-68.));
#6625 = CARTESIAN_POINT('',(1.,-68.5));
#6626 = ( GEOMETRIC_REPRESENTATION_CONTEXT(2) 
PARAMETRIC_REPRESENTATION_CONTEXT() REPRESENTATION_CONTEXT('2D SPACE',''
  ) );
#6627 = ORIENTED_EDGE('',*,*,#6628,.F.);
#6628 = EDGE_CURVE('',#729,#6603,#6629,.T.);
#6629 = SURFACE_CURVE('',#6630,(#6634,#6641),.PCURVE_S1.);
#6630 = LINE('',#6631,#6632);
#6631 = CARTESIAN_POINT('',(220.75,1.,98.8));
#6632 = VECTOR('',#6633,1.);
#6633 = DIRECTION('',(0.,1.,0.));
#6634 = PCURVE('',#744,#6635);
#6635 = DEFINITIONAL_REPRESENTATION('',(#6636),#6640);
#6636 = LINE('',#6637,#6638);
#6637 = CARTESIAN_POINT('',(4.242640687119,0.));
#6638 = VECTOR('',#6639,1.);
#6639 = DIRECTION('',(0.,-1.));
#6640 = ( GEOMETRIC_REPRESENTATION_CONTEXT(2) 
PARAMETRIC_REPRESENTATION_CONTEXT() REPRESENTATION_CONTEXT('2D SPACE',''
  ) );
#6641 = PCURVE('',#772,#6642);
#6642 = DEFINITIONAL_REPRESENTATION('',(#6643),#6647);
#6643 = LINE('',#6644,#6645);
#6644 = CARTESIAN_POINT('',(68.5,0.));
#6645 = VECTOR('',#6646,1.);
#6646 = DIRECTION('',(0.,-1.));
#6647 = ( GEOMETRIC_REPRESENTATION_CONTEXT(2) 
PARAMETRIC_REPRESENTATION_CONTEXT() REPRESENTATION_CONTEXT('2D SPACE',''
  ) );
#6648 = ADVANCED_FACE('',(#6649),#1080,.F.);
#6649 = FACE_BOUND('',#6650,.F.);
#6650 = EDGE_LOOP('',(#6651,#6674,#6695,#6696));
#6651 = ORIENTED_EDGE('',*,*,#6652,.T.);
#6652 = EDGE_CURVE('',#1037,#6653,#6655,.T.);
#6653 = VERTEX_POINT('',#6654);
#6654 = CARTESIAN_POINT('',(220.75,4.5,140.3));
#6655 = SURFACE_CURVE('',#6656,(#6660,#6667),.PCURVE_S1.);
#6656 = LINE('',#6657,#6658);
#6657 = CARTESIAN_POINT('',(220.75,1.,140.3));
#6658 = VECTOR('',#6659,1.);
#6659 = DIRECTION('',(0.,1.,0.));
#6660 = PCURVE('',#1080,#6661);
#6661 = DEFINITIONAL_REPRESENTATION('',(#6662),#6666);
#6662 = LINE('',#6663,#6664);
#6663 = CARTESIAN_POINT('',(0.,-0.));
#6664 = VECTOR('',#6665,1.);
#6665 = DIRECTION('',(0.,-1.));
#6666 = ( GEOMETRIC_REPRESENTATION_CONTEXT(2) 
PARAMETRIC_REPRESENTATION_CONTEXT() REPRESENTATION_CONTEXT('2D SPACE',''
  ) );
#6667 = PCURVE('',#1052,#6668);
#6668 = DEFINITIONAL_REPRESENTATION('',(#6669),#6673);
#6669 = LINE('',#6670,#6671);
#6670 = CARTESIAN_POINT('',(4.242640687119,0.));
#6671 = VECTOR('',#6672,1.);
#6672 = DIRECTION('',(0.,-1.));
#6673 = ( GEOMETRIC_REPRESENTATION_CONTEXT(2) 
PARAMETRIC_REPRESENTATION_CONTEXT() REPRESENTATION_CONTEXT('2D SPACE',''
  ) );
#6674 = ORIENTED_EDGE('',*,*,#6675,.T.);
#6675 = EDGE_CURVE('',#6653,#6475,#6676,.T.);
#6676 = SURFACE_CURVE('',#6677,(#6681,#6688),.PCURVE_S1.);
#6677 = LINE('',#6678,#6679);
#6678 = CARTESIAN_POINT('',(220.75,4.5,140.3));
#6679 = VECTOR('',#6680,1.);
#6680 = DIRECTION('',(0.,0.,-1.));
#6681 = PCURVE('',#1080,#6682);
#6682 = DEFINITIONAL_REPRESENTATION('',(#6683),#6687);
#6683 = LINE('',#6684,#6685);
#6684 = CARTESIAN_POINT('',(0.,-3.5));
#6685 = VECTOR('',#6686,1.);
#6686 = DIRECTION('',(1.,0.));
#6687 = ( GEOMETRIC_REPRESENTATION_CONTEXT(2) 
PARAMETRIC_REPRESENTATION_CONTEXT() REPRESENTATION_CONTEXT('2D SPACE',''
  ) );
#6688 = PCURVE('',#6389,#6689);
#6689 = DEFINITIONAL_REPRESENTATION('',(#6690),#6694);
#6690 = LINE('',#6691,#6692);
#6691 = CARTESIAN_POINT('',(34.,16.5));
#6692 = VECTOR('',#6693,1.);
#6693 = DIRECTION('',(-1.,0.));
#6694 = ( GEOMETRIC_REPRESENTATION_CONTEXT(2) 
PARAMETRIC_REPRESENTATION_CONTEXT() REPRESENTATION_CONTEXT('2D SPACE',''
  ) );
#6695 = ORIENTED_EDGE('',*,*,#6497,.F.);
#6696 = ORIENTED_EDGE('',*,*,#1064,.F.);
#6697 = ADVANCED_FACE('',(#6698),#772,.F.);
#6698 = FACE_BOUND('',#6699,.F.);
#6699 = EDGE_LOOP('',(#6700,#6701,#6702,#6725));
#6700 = ORIENTED_EDGE('',*,*,#756,.F.);
#6701 = ORIENTED_EDGE('',*,*,#6628,.T.);
#6702 = ORIENTED_EDGE('',*,*,#6703,.T.);
#6703 = EDGE_CURVE('',#6603,#6704,#6706,.T.);
#6704 = VERTEX_POINT('',#6705);
#6705 = CARTESIAN_POINT('',(220.75,3.,103.3));
#6706 = SURFACE_CURVE('',#6707,(#6711,#6718),.PCURVE_S1.);
#6707 = LINE('',#6708,#6709);
#6708 = CARTESIAN_POINT('',(220.75,3.,30.3));
#6709 = VECTOR('',#6710,1.);
#6710 = DIRECTION('',(0.,0.,1.));
#6711 = PCURVE('',#772,#6712);
#6712 = DEFINITIONAL_REPRESENTATION('',(#6713),#6717);
#6713 = LINE('',#6714,#6715);
#6714 = CARTESIAN_POINT('',(0.,-2.));
#6715 = VECTOR('',#6716,1.);
#6716 = DIRECTION('',(1.,0.));
#6717 = ( GEOMETRIC_REPRESENTATION_CONTEXT(2) 
PARAMETRIC_REPRESENTATION_CONTEXT() REPRESENTATION_CONTEXT('2D SPACE',''
  ) );
#6718 = PCURVE('',#6617,#6719);
#6719 = DEFINITIONAL_REPRESENTATION('',(#6720),#6724);
#6720 = LINE('',#6721,#6722);
#6721 = CARTESIAN_POINT('',(1.,0.));
#6722 = VECTOR('',#6723,1.);
#6723 = DIRECTION('',(0.,-1.));
#6724 = ( GEOMETRIC_REPRESENTATION_CONTEXT(2) 
PARAMETRIC_REPRESENTATION_CONTEXT() REPRESENTATION_CONTEXT('2D SPACE',''
  ) );
#6725 = ORIENTED_EDGE('',*,*,#6726,.F.);
#6726 = EDGE_CURVE('',#757,#6704,#6727,.T.);
#6727 = SURFACE_CURVE('',#6728,(#6732,#6739),.PCURVE_S1.);
#6728 = LINE('',#6729,#6730);
#6729 = CARTESIAN_POINT('',(220.75,1.,103.3));
#6730 = VECTOR('',#6731,1.);
#6731 = DIRECTION('',(0.,1.,0.));
#6732 = PCURVE('',#772,#6733);
#6733 = DEFINITIONAL_REPRESENTATION('',(#6734),#6738);
#6734 = LINE('',#6735,#6736);
#6735 = CARTESIAN_POINT('',(73.,0.));
#6736 = VECTOR('',#6737,1.);
#6737 = DIRECTION('',(0.,-1.));
#6738 = ( GEOMETRIC_REPRESENTATION_CONTEXT(2) 
PARAMETRIC_REPRESENTATION_CONTEXT() REPRESENTATION_CONTEXT('2D SPACE',''
  ) );
#6739 = PCURVE('',#800,#6740);
#6740 = DEFINITIONAL_REPRESENTATION('',(#6741),#6745);
#6741 = LINE('',#6742,#6743);
#6742 = CARTESIAN_POINT('',(4.242640687119,0.));
#6743 = VECTOR('',#6744,1.);
#6744 = DIRECTION('',(0.,-1.));
#6745 = ( GEOMETRIC_REPRESENTATION_CONTEXT(2) 
PARAMETRIC_REPRESENTATION_CONTEXT() REPRESENTATION_CONTEXT('2D SPACE',''
  ) );
#6746 = ADVANCED_FACE('',(#6747),#1052,.F.);
#6747 = FACE_BOUND('',#6748,.F.);
#6748 = EDGE_LOOP('',(#6749,#6772,#6793,#6794));
#6749 = ORIENTED_EDGE('',*,*,#6750,.T.);
#6750 = EDGE_CURVE('',#1009,#6751,#6753,.T.);
#6751 = VERTEX_POINT('',#6752);
#6752 = CARTESIAN_POINT('',(217.75,4.5,137.3));
#6753 = SURFACE_CURVE('',#6754,(#6758,#6765),.PCURVE_S1.);
#6754 = LINE('',#6755,#6756);
#6755 = CARTESIAN_POINT('',(217.75,1.,137.3));
#6756 = VECTOR('',#6757,1.);
#6757 = DIRECTION('',(0.,1.,0.));
#6758 = PCURVE('',#1052,#6759);
#6759 = DEFINITIONAL_REPRESENTATION('',(#6760),#6764);
#6760 = LINE('',#6761,#6762);
#6761 = CARTESIAN_POINT('',(0.,0.));
#6762 = VECTOR('',#6763,1.);
#6763 = DIRECTION('',(0.,-1.));
#6764 = ( GEOMETRIC_REPRESENTATION_CONTEXT(2) 
PARAMETRIC_REPRESENTATION_CONTEXT() REPRESENTATION_CONTEXT('2D SPACE',''
  ) );
#6765 = PCURVE('',#1024,#6766);
#6766 = DEFINITIONAL_REPRESENTATION('',(#6767),#6771);
#6767 = LINE('',#6768,#6769);
#6768 = CARTESIAN_POINT('',(13.5,0.));
#6769 = VECTOR('',#6770,1.);
#6770 = DIRECTION('',(0.,1.));
#6771 = ( GEOMETRIC_REPRESENTATION_CONTEXT(2) 
PARAMETRIC_REPRESENTATION_CONTEXT() REPRESENTATION_CONTEXT('2D SPACE',''
  ) );
#6772 = ORIENTED_EDGE('',*,*,#6773,.T.);
#6773 = EDGE_CURVE('',#6751,#6653,#6774,.T.);
#6774 = SURFACE_CURVE('',#6775,(#6779,#6786),.PCURVE_S1.);
#6775 = LINE('',#6776,#6777);
#6776 = CARTESIAN_POINT('',(217.75,4.5,137.3));
#6777 = VECTOR('',#6778,1.);
#6778 = DIRECTION('',(0.707106781187,0.,0.707106781187));
#6779 = PCURVE('',#1052,#6780);
#6780 = DEFINITIONAL_REPRESENTATION('',(#6781),#6785);
#6781 = LINE('',#6782,#6783);
#6782 = CARTESIAN_POINT('',(0.,-3.5));
#6783 = VECTOR('',#6784,1.);
#6784 = DIRECTION('',(1.,0.));
#6785 = ( GEOMETRIC_REPRESENTATION_CONTEXT(2) 
PARAMETRIC_REPRESENTATION_CONTEXT() REPRESENTATION_CONTEXT('2D SPACE',''
  ) );
#6786 = PCURVE('',#6389,#6787);
#6787 = DEFINITIONAL_REPRESENTATION('',(#6788),#6792);
#6788 = LINE('',#6789,#6790);
#6789 = CARTESIAN_POINT('',(31.,13.5));
#6790 = VECTOR('',#6791,1.);
#6791 = DIRECTION('',(0.707106781187,0.707106781187));
#6792 = ( GEOMETRIC_REPRESENTATION_CONTEXT(2) 
PARAMETRIC_REPRESENTATION_CONTEXT() REPRESENTATION_CONTEXT('2D SPACE',''
  ) );
#6793 = ORIENTED_EDGE('',*,*,#6652,.F.);
#6794 = ORIENTED_EDGE('',*,*,#1036,.F.);
#6795 = ADVANCED_FACE('',(#6796),#800,.T.);
#6796 = FACE_BOUND('',#6797,.T.);
#6797 = EDGE_LOOP('',(#6798,#6799,#6822,#6845,#6873,#6894,#6913));
#6798 = ORIENTED_EDGE('',*,*,#784,.F.);
#6799 = ORIENTED_EDGE('',*,*,#6800,.T.);
#6800 = EDGE_CURVE('',#785,#6801,#6803,.T.);
#6801 = VERTEX_POINT('',#6802);
#6802 = CARTESIAN_POINT('',(217.75,4.5,106.3));
#6803 = SURFACE_CURVE('',#6804,(#6808,#6815),.PCURVE_S1.);
#6804 = LINE('',#6805,#6806);
#6805 = CARTESIAN_POINT('',(217.75,1.,106.3));
#6806 = VECTOR('',#6807,1.);
#6807 = DIRECTION('',(0.,1.,0.));
#6808 = PCURVE('',#800,#6809);
#6809 = DEFINITIONAL_REPRESENTATION('',(#6810),#6814);
#6810 = LINE('',#6811,#6812);
#6811 = CARTESIAN_POINT('',(0.,0.));
#6812 = VECTOR('',#6813,1.);
#6813 = DIRECTION('',(0.,-1.));
#6814 = ( GEOMETRIC_REPRESENTATION_CONTEXT(2) 
PARAMETRIC_REPRESENTATION_CONTEXT() REPRESENTATION_CONTEXT('2D SPACE',''
  ) );
#6815 = PCURVE('',#828,#6816);
#6816 = DEFINITIONAL_REPRESENTATION('',(#6817),#6821);
#6817 = LINE('',#6818,#6819);
#6818 = CARTESIAN_POINT('',(13.5,0.));
#6819 = VECTOR('',#6820,1.);
#6820 = DIRECTION('',(0.,1.));
#6821 = ( GEOMETRIC_REPRESENTATION_CONTEXT(2) 
PARAMETRIC_REPRESENTATION_CONTEXT() REPRESENTATION_CONTEXT('2D SPACE',''
  ) );
#6822 = ORIENTED_EDGE('',*,*,#6823,.T.);
#6823 = EDGE_CURVE('',#6801,#6824,#6826,.T.);
#6824 = VERTEX_POINT('',#6825);
#6825 = CARTESIAN_POINT('',(220.75,4.5,103.3));
#6826 = SURFACE_CURVE('',#6827,(#6831,#6838),.PCURVE_S1.);
#6827 = LINE('',#6828,#6829);
#6828 = CARTESIAN_POINT('',(217.75,4.5,106.3));
#6829 = VECTOR('',#6830,1.);
#6830 = DIRECTION('',(0.707106781187,0.,-0.707106781187));
#6831 = PCURVE('',#800,#6832);
#6832 = DEFINITIONAL_REPRESENTATION('',(#6833),#6837);
#6833 = LINE('',#6834,#6835);
#6834 = CARTESIAN_POINT('',(0.,-3.5));
#6835 = VECTOR('',#6836,1.);
#6836 = DIRECTION('',(1.,0.));
#6837 = ( GEOMETRIC_REPRESENTATION_CONTEXT(2) 
PARAMETRIC_REPRESENTATION_CONTEXT() REPRESENTATION_CONTEXT('2D SPACE',''
  ) );
#6838 = PCURVE('',#6389,#6839);
#6839 = DEFINITIONAL_REPRESENTATION('',(#6840),#6844);
#6840 = LINE('',#6841,#6842);
#6841 = CARTESIAN_POINT('',(0.,13.5));
#6842 = VECTOR('',#6843,1.);
#6843 = DIRECTION('',(-0.707106781187,0.707106781187));
#6844 = ( GEOMETRIC_REPRESENTATION_CONTEXT(2) 
PARAMETRIC_REPRESENTATION_CONTEXT() REPRESENTATION_CONTEXT('2D SPACE',''
  ) );
#6845 = ORIENTED_EDGE('',*,*,#6846,.F.);
#6846 = EDGE_CURVE('',#6847,#6824,#6849,.T.);
#6847 = VERTEX_POINT('',#6848);
#6848 = CARTESIAN_POINT('',(220.75,3.5,103.3));
#6849 = SURFACE_CURVE('',#6850,(#6854,#6861),.PCURVE_S1.);
#6850 = LINE('',#6851,#6852);
#6851 = CARTESIAN_POINT('',(220.75,1.,103.3));
#6852 = VECTOR('',#6853,1.);
#6853 = DIRECTION('',(0.,1.,0.));
#6854 = PCURVE('',#800,#6855);
#6855 = DEFINITIONAL_REPRESENTATION('',(#6856),#6860);
#6856 = LINE('',#6857,#6858);
#6857 = CARTESIAN_POINT('',(4.242640687119,0.));
#6858 = VECTOR('',#6859,1.);
#6859 = DIRECTION('',(0.,-1.));
#6860 = ( GEOMETRIC_REPRESENTATION_CONTEXT(2) 
PARAMETRIC_REPRESENTATION_CONTEXT() REPRESENTATION_CONTEXT('2D SPACE',''
  ) );
#6861 = PCURVE('',#6862,#6867);
#6862 = PLANE('',#6863);
#6863 = AXIS2_PLACEMENT_3D('',#6864,#6865,#6866);
#6864 = CARTESIAN_POINT('',(220.75,1.,103.3));
#6865 = DIRECTION('',(1.,0.,0.));
#6866 = DIRECTION('',(0.,0.,1.));
#6867 = DEFINITIONAL_REPRESENTATION('',(#6868),#6872);
#6868 = LINE('',#6869,#6870);
#6869 = CARTESIAN_POINT('',(0.,0.));
#6870 = VECTOR('',#6871,1.);
#6871 = DIRECTION('',(0.,-1.));
#6872 = ( GEOMETRIC_REPRESENTATION_CONTEXT(2) 
PARAMETRIC_REPRESENTATION_CONTEXT() REPRESENTATION_CONTEXT('2D SPACE',''
  ) );
#6873 = ORIENTED_EDGE('',*,*,#6874,.T.);
#6874 = EDGE_CURVE('',#6847,#6875,#6877,.T.);
#6875 = VERTEX_POINT('',#6876);
#6876 = CARTESIAN_POINT('',(220.25,3.,103.8));
#6877 = SURFACE_CURVE('',#6878,(#6882,#6888),.PCURVE_S1.);
#6878 = LINE('',#6879,#6880);
#6879 = CARTESIAN_POINT('',(231.33333333333,14.083333333333,
    92.716666666667));
#6880 = VECTOR('',#6881,1.);
#6881 = DIRECTION('',(-0.57735026919,-0.57735026919,0.57735026919));
#6882 = PCURVE('',#800,#6883);
#6883 = DEFINITIONAL_REPRESENTATION('',(#6884),#6887);
#6884 = B_SPLINE_CURVE_WITH_KNOTS('',1,(#6885,#6886),.UNSPECIFIED.,.F.,
  .F.,(2,2),(18.330871046771,19.196896450555),.PIECEWISE_BEZIER_KNOTS.);
#6885 = CARTESIAN_POINT('',(4.242640687119,-2.5));
#6886 = CARTESIAN_POINT('',(3.535533905933,-2.));
#6887 = ( GEOMETRIC_REPRESENTATION_CONTEXT(2) 
PARAMETRIC_REPRESENTATION_CONTEXT() REPRESENTATION_CONTEXT('2D SPACE',''
  ) );
#6888 = PCURVE('',#6591,#6889);
#6889 = DEFINITIONAL_REPRESENTATION('',(#6890),#6893);
#6890 = B_SPLINE_CURVE_WITH_KNOTS('',1,(#6891,#6892),.UNSPECIFIED.,.F.,
  .F.,(2,2),(18.330871046771,19.196896450555),.PIECEWISE_BEZIER_KNOTS.);
#6891 = CARTESIAN_POINT('',(0.707106781187,-73.));
#6892 = CARTESIAN_POINT('',(-2.178192204913E-15,-73.5));
#6893 = ( GEOMETRIC_REPRESENTATION_CONTEXT(2) 
PARAMETRIC_REPRESENTATION_CONTEXT() REPRESENTATION_CONTEXT('2D SPACE',''
  ) );
#6894 = ORIENTED_EDGE('',*,*,#6895,.T.);
#6895 = EDGE_CURVE('',#6875,#6704,#6896,.T.);
#6896 = SURFACE_CURVE('',#6897,(#6901,#6907),.PCURVE_S1.);
#6897 = LINE('',#6898,#6899);
#6898 = CARTESIAN_POINT('',(237.75,3.,86.3));
#6899 = VECTOR('',#6900,1.);
#6900 = DIRECTION('',(0.707106781187,0.,-0.707106781187));
#6901 = PCURVE('',#800,#6902);
#6902 = DEFINITIONAL_REPRESENTATION('',(#6903),#6906);
#6903 = B_SPLINE_CURVE_WITH_KNOTS('',1,(#6904,#6905),.UNSPECIFIED.,.F.,
  .F.,(2,2),(-24.74873734152,-24.04163056034),.PIECEWISE_BEZIER_KNOTS.);
#6904 = CARTESIAN_POINT('',(3.535533905933,-2.));
#6905 = CARTESIAN_POINT('',(4.242640687119,-2.));
#6906 = ( GEOMETRIC_REPRESENTATION_CONTEXT(2) 
PARAMETRIC_REPRESENTATION_CONTEXT() REPRESENTATION_CONTEXT('2D SPACE',''
  ) );
#6907 = PCURVE('',#6617,#6908);
#6908 = DEFINITIONAL_REPRESENTATION('',(#6909),#6912);
#6909 = B_SPLINE_CURVE_WITH_KNOTS('',1,(#6910,#6911),.UNSPECIFIED.,.F.,
  .F.,(2,2),(-24.74873734152,-24.04163056034),.PIECEWISE_BEZIER_KNOTS.);
#6910 = CARTESIAN_POINT('',(1.5,-73.5));
#6911 = CARTESIAN_POINT('',(1.,-73.));
#6912 = ( GEOMETRIC_REPRESENTATION_CONTEXT(2) 
PARAMETRIC_REPRESENTATION_CONTEXT() REPRESENTATION_CONTEXT('2D SPACE',''
  ) );
#6913 = ORIENTED_EDGE('',*,*,#6726,.F.);
#6914 = ADVANCED_FACE('',(#6915),#1024,.T.);
#6915 = FACE_BOUND('',#6916,.T.);
#6916 = EDGE_LOOP('',(#6917,#6940,#6961,#6962));
#6917 = ORIENTED_EDGE('',*,*,#6918,.F.);
#6918 = EDGE_CURVE('',#6919,#6751,#6921,.T.);
#6919 = VERTEX_POINT('',#6920);
#6920 = CARTESIAN_POINT('',(204.25,4.5,137.3));
#6921 = SURFACE_CURVE('',#6922,(#6926,#6933),.PCURVE_S1.);
#6922 = LINE('',#6923,#6924);
#6923 = CARTESIAN_POINT('',(204.25,4.5,137.3));
#6924 = VECTOR('',#6925,1.);
#6925 = DIRECTION('',(1.,0.,-0.));
#6926 = PCURVE('',#1024,#6927);
#6927 = DEFINITIONAL_REPRESENTATION('',(#6928),#6932);
#6928 = LINE('',#6929,#6930);
#6929 = CARTESIAN_POINT('',(0.,3.5));
#6930 = VECTOR('',#6931,1.);
#6931 = DIRECTION('',(1.,0.));
#6932 = ( GEOMETRIC_REPRESENTATION_CONTEXT(2) 
PARAMETRIC_REPRESENTATION_CONTEXT() REPRESENTATION_CONTEXT('2D SPACE',''
  ) );
#6933 = PCURVE('',#6389,#6934);
#6934 = DEFINITIONAL_REPRESENTATION('',(#6935),#6939);
#6935 = LINE('',#6936,#6937);
#6936 = CARTESIAN_POINT('',(31.,0.));
#6937 = VECTOR('',#6938,1.);
#6938 = DIRECTION('',(0.,1.));
#6939 = ( GEOMETRIC_REPRESENTATION_CONTEXT(2) 
PARAMETRIC_REPRESENTATION_CONTEXT() REPRESENTATION_CONTEXT('2D SPACE',''
  ) );
#6940 = ORIENTED_EDGE('',*,*,#6941,.F.);
#6941 = EDGE_CURVE('',#981,#6919,#6942,.T.);
#6942 = SURFACE_CURVE('',#6943,(#6947,#6954),.PCURVE_S1.);
#6943 = LINE('',#6944,#6945);
#6944 = CARTESIAN_POINT('',(204.25,1.,137.3));
#6945 = VECTOR('',#6946,1.);
#6946 = DIRECTION('',(-0.,1.,0.));
#6947 = PCURVE('',#1024,#6948);
#6948 = DEFINITIONAL_REPRESENTATION('',(#6949),#6953);
#6949 = LINE('',#6950,#6951);
#6950 = CARTESIAN_POINT('',(0.,0.));
#6951 = VECTOR('',#6952,1.);
#6952 = DIRECTION('',(0.,1.));
#6953 = ( GEOMETRIC_REPRESENTATION_CONTEXT(2) 
PARAMETRIC_REPRESENTATION_CONTEXT() REPRESENTATION_CONTEXT('2D SPACE',''
  ) );
#6954 = PCURVE('',#996,#6955);
#6955 = DEFINITIONAL_REPRESENTATION('',(#6956),#6960);
#6956 = LINE('',#6957,#6958);
#6957 = CARTESIAN_POINT('',(14.,0.));
#6958 = VECTOR('',#6959,1.);
#6959 = DIRECTION('',(0.,-1.));
#6960 = ( GEOMETRIC_REPRESENTATION_CONTEXT(2) 
PARAMETRIC_REPRESENTATION_CONTEXT() REPRESENTATION_CONTEXT('2D SPACE',''
  ) );
#6961 = ORIENTED_EDGE('',*,*,#1008,.T.);
#6962 = ORIENTED_EDGE('',*,*,#6750,.T.);
#6963 = ADVANCED_FACE('',(#6964),#828,.F.);
#6964 = FACE_BOUND('',#6965,.F.);
#6965 = EDGE_LOOP('',(#6966,#6989,#7010,#7011));
#6966 = ORIENTED_EDGE('',*,*,#6967,.F.);
#6967 = EDGE_CURVE('',#6968,#6801,#6970,.T.);
#6968 = VERTEX_POINT('',#6969);
#6969 = CARTESIAN_POINT('',(204.25,4.5,106.3));
#6970 = SURFACE_CURVE('',#6971,(#6975,#6982),.PCURVE_S1.);
#6971 = LINE('',#6972,#6973);
#6972 = CARTESIAN_POINT('',(204.25,4.5,106.3));
#6973 = VECTOR('',#6974,1.);
#6974 = DIRECTION('',(1.,0.,-0.));
#6975 = PCURVE('',#828,#6976);
#6976 = DEFINITIONAL_REPRESENTATION('',(#6977),#6981);
#6977 = LINE('',#6978,#6979);
#6978 = CARTESIAN_POINT('',(0.,3.5));
#6979 = VECTOR('',#6980,1.);
#6980 = DIRECTION('',(1.,0.));
#6981 = ( GEOMETRIC_REPRESENTATION_CONTEXT(2) 
PARAMETRIC_REPRESENTATION_CONTEXT() REPRESENTATION_CONTEXT('2D SPACE',''
  ) );
#6982 = PCURVE('',#6389,#6983);
#6983 = DEFINITIONAL_REPRESENTATION('',(#6984),#6988);
#6984 = LINE('',#6985,#6986);
#6985 = CARTESIAN_POINT('',(0.,0.));
#6986 = VECTOR('',#6987,1.);
#6987 = DIRECTION('',(0.,1.));
#6988 = ( GEOMETRIC_REPRESENTATION_CONTEXT(2) 
PARAMETRIC_REPRESENTATION_CONTEXT() REPRESENTATION_CONTEXT('2D SPACE',''
  ) );
#6989 = ORIENTED_EDGE('',*,*,#6990,.F.);
#6990 = EDGE_CURVE('',#813,#6968,#6991,.T.);
#6991 = SURFACE_CURVE('',#6992,(#6996,#7003),.PCURVE_S1.);
#6992 = LINE('',#6993,#6994);
#6993 = CARTESIAN_POINT('',(204.25,1.,106.3));
#6994 = VECTOR('',#6995,1.);
#6995 = DIRECTION('',(-0.,1.,0.));
#6996 = PCURVE('',#828,#6997);
#6997 = DEFINITIONAL_REPRESENTATION('',(#6998),#7002);
#6998 = LINE('',#6999,#7000);
#6999 = CARTESIAN_POINT('',(0.,0.));
#7000 = VECTOR('',#7001,1.);
#7001 = DIRECTION('',(0.,1.));
#7002 = ( GEOMETRIC_REPRESENTATION_CONTEXT(2) 
PARAMETRIC_REPRESENTATION_CONTEXT() REPRESENTATION_CONTEXT('2D SPACE',''
  ) );
#7003 = PCURVE('',#856,#7004);
#7004 = DEFINITIONAL_REPRESENTATION('',(#7005),#7009);
#7005 = LINE('',#7006,#7007);
#7006 = CARTESIAN_POINT('',(0.,0.));
#7007 = VECTOR('',#7008,1.);
#7008 = DIRECTION('',(0.,-1.));
#7009 = ( GEOMETRIC_REPRESENTATION_CONTEXT(2) 
PARAMETRIC_REPRESENTATION_CONTEXT() REPRESENTATION_CONTEXT('2D SPACE',''
  ) );
#7010 = ORIENTED_EDGE('',*,*,#812,.T.);
#7011 = ORIENTED_EDGE('',*,*,#6800,.T.);
#7012 = ADVANCED_FACE('',(#7013),#996,.F.);
#7013 = FACE_BOUND('',#7014,.F.);
#7014 = EDGE_LOOP('',(#7015,#7016,#7039,#7060));
#7015 = ORIENTED_EDGE('',*,*,#980,.F.);
#7016 = ORIENTED_EDGE('',*,*,#7017,.T.);
#7017 = EDGE_CURVE('',#953,#7018,#7020,.T.);
#7018 = VERTEX_POINT('',#7019);
#7019 = CARTESIAN_POINT('',(204.25,4.5,123.3));
#7020 = SURFACE_CURVE('',#7021,(#7025,#7032),.PCURVE_S1.);
#7021 = LINE('',#7022,#7023);
#7022 = CARTESIAN_POINT('',(204.25,1.,123.3));
#7023 = VECTOR('',#7024,1.);
#7024 = DIRECTION('',(-0.,1.,0.));
#7025 = PCURVE('',#996,#7026);
#7026 = DEFINITIONAL_REPRESENTATION('',(#7027),#7031);
#7027 = LINE('',#7028,#7029);
#7028 = CARTESIAN_POINT('',(0.,0.));
#7029 = VECTOR('',#7030,1.);
#7030 = DIRECTION('',(0.,-1.));
#7031 = ( GEOMETRIC_REPRESENTATION_CONTEXT(2) 
PARAMETRIC_REPRESENTATION_CONTEXT() REPRESENTATION_CONTEXT('2D SPACE',''
  ) );
#7032 = PCURVE('',#968,#7033);
#7033 = DEFINITIONAL_REPRESENTATION('',(#7034),#7038);
#7034 = LINE('',#7035,#7036);
#7035 = CARTESIAN_POINT('',(0.,0.));
#7036 = VECTOR('',#7037,1.);
#7037 = DIRECTION('',(0.,1.));
#7038 = ( GEOMETRIC_REPRESENTATION_CONTEXT(2) 
PARAMETRIC_REPRESENTATION_CONTEXT() REPRESENTATION_CONTEXT('2D SPACE',''
  ) );
#7039 = ORIENTED_EDGE('',*,*,#7040,.T.);
#7040 = EDGE_CURVE('',#7018,#6919,#7041,.T.);
#7041 = SURFACE_CURVE('',#7042,(#7046,#7053),.PCURVE_S1.);
#7042 = LINE('',#7043,#7044);
#7043 = CARTESIAN_POINT('',(204.25,4.5,123.3));
#7044 = VECTOR('',#7045,1.);
#7045 = DIRECTION('',(0.,0.,1.));
#7046 = PCURVE('',#996,#7047);
#7047 = DEFINITIONAL_REPRESENTATION('',(#7048),#7052);
#7048 = LINE('',#7049,#7050);
#7049 = CARTESIAN_POINT('',(0.,-3.5));
#7050 = VECTOR('',#7051,1.);
#7051 = DIRECTION('',(1.,0.));
#7052 = ( GEOMETRIC_REPRESENTATION_CONTEXT(2) 
PARAMETRIC_REPRESENTATION_CONTEXT() REPRESENTATION_CONTEXT('2D SPACE',''
  ) );
#7053 = PCURVE('',#6389,#7054);
#7054 = DEFINITIONAL_REPRESENTATION('',(#7055),#7059);
#7055 = LINE('',#7056,#7057);
#7056 = CARTESIAN_POINT('',(17.,0.));
#7057 = VECTOR('',#7058,1.);
#7058 = DIRECTION('',(1.,0.));
#7059 = ( GEOMETRIC_REPRESENTATION_CONTEXT(2) 
PARAMETRIC_REPRESENTATION_CONTEXT() REPRESENTATION_CONTEXT('2D SPACE',''
  ) );
#7060 = ORIENTED_EDGE('',*,*,#6941,.F.);
#7061 = ADVANCED_FACE('',(#7062),#856,.F.);
#7062 = FACE_BOUND('',#7063,.F.);
#7063 = EDGE_LOOP('',(#7064,#7065,#7066,#7089));
#7064 = ORIENTED_EDGE('',*,*,#840,.F.);
#7065 = ORIENTED_EDGE('',*,*,#6990,.T.);
#7066 = ORIENTED_EDGE('',*,*,#7067,.T.);
#7067 = EDGE_CURVE('',#6968,#7068,#7070,.T.);
#7068 = VERTEX_POINT('',#7069);
#7069 = CARTESIAN_POINT('',(204.25,4.5,120.3));
#7070 = SURFACE_CURVE('',#7071,(#7075,#7082),.PCURVE_S1.);
#7071 = LINE('',#7072,#7073);
#7072 = CARTESIAN_POINT('',(204.25,4.5,106.3));
#7073 = VECTOR('',#7074,1.);
#7074 = DIRECTION('',(0.,0.,1.));
#7075 = PCURVE('',#856,#7076);
#7076 = DEFINITIONAL_REPRESENTATION('',(#7077),#7081);
#7077 = LINE('',#7078,#7079);
#7078 = CARTESIAN_POINT('',(0.,-3.5));
#7079 = VECTOR('',#7080,1.);
#7080 = DIRECTION('',(1.,0.));
#7081 = ( GEOMETRIC_REPRESENTATION_CONTEXT(2) 
PARAMETRIC_REPRESENTATION_CONTEXT() REPRESENTATION_CONTEXT('2D SPACE',''
  ) );
#7082 = PCURVE('',#6389,#7083);
#7083 = DEFINITIONAL_REPRESENTATION('',(#7084),#7088);
#7084 = LINE('',#7085,#7086);
#7085 = CARTESIAN_POINT('',(0.,0.));
#7086 = VECTOR('',#7087,1.);
#7087 = DIRECTION('',(1.,0.));
#7088 = ( GEOMETRIC_REPRESENTATION_CONTEXT(2) 
PARAMETRIC_REPRESENTATION_CONTEXT() REPRESENTATION_CONTEXT('2D SPACE',''
  ) );
#7089 = ORIENTED_EDGE('',*,*,#7090,.F.);
#7090 = EDGE_CURVE('',#841,#7068,#7091,.T.);
#7091 = SURFACE_CURVE('',#7092,(#7096,#7103),.PCURVE_S1.);
#7092 = LINE('',#7093,#7094);
#7093 = CARTESIAN_POINT('',(204.25,1.,120.3));
#7094 = VECTOR('',#7095,1.);
#7095 = DIRECTION('',(-0.,1.,0.));
#7096 = PCURVE('',#856,#7097);
#7097 = DEFINITIONAL_REPRESENTATION('',(#7098),#7102);
#7098 = LINE('',#7099,#7100);
#7099 = CARTESIAN_POINT('',(14.,0.));
#7100 = VECTOR('',#7101,1.);
#7101 = DIRECTION('',(0.,-1.));
#7102 = ( GEOMETRIC_REPRESENTATION_CONTEXT(2) 
PARAMETRIC_REPRESENTATION_CONTEXT() REPRESENTATION_CONTEXT('2D SPACE',''
  ) );
#7103 = PCURVE('',#884,#7104);
#7104 = DEFINITIONAL_REPRESENTATION('',(#7105),#7109);
#7105 = LINE('',#7106,#7107);
#7106 = CARTESIAN_POINT('',(0.,0.));
#7107 = VECTOR('',#7108,1.);
#7108 = DIRECTION('',(0.,1.));
#7109 = ( GEOMETRIC_REPRESENTATION_CONTEXT(2) 
PARAMETRIC_REPRESENTATION_CONTEXT() REPRESENTATION_CONTEXT('2D SPACE',''
  ) );
#7110 = ADVANCED_FACE('',(#7111),#968,.F.);
#7111 = FACE_BOUND('',#7112,.F.);
#7112 = EDGE_LOOP('',(#7113,#7136,#7137,#7138));
#7113 = ORIENTED_EDGE('',*,*,#7114,.F.);
#7114 = EDGE_CURVE('',#7018,#7115,#7117,.T.);
#7115 = VERTEX_POINT('',#7116);
#7116 = CARTESIAN_POINT('',(217.75,4.5,123.3));
#7117 = SURFACE_CURVE('',#7118,(#7122,#7129),.PCURVE_S1.);
#7118 = LINE('',#7119,#7120);
#7119 = CARTESIAN_POINT('',(204.25,4.5,123.3));
#7120 = VECTOR('',#7121,1.);
#7121 = DIRECTION('',(1.,0.,-0.));
#7122 = PCURVE('',#968,#7123);
#7123 = DEFINITIONAL_REPRESENTATION('',(#7124),#7128);
#7124 = LINE('',#7125,#7126);
#7125 = CARTESIAN_POINT('',(0.,3.5));
#7126 = VECTOR('',#7127,1.);
#7127 = DIRECTION('',(1.,0.));
#7128 = ( GEOMETRIC_REPRESENTATION_CONTEXT(2) 
PARAMETRIC_REPRESENTATION_CONTEXT() REPRESENTATION_CONTEXT('2D SPACE',''
  ) );
#7129 = PCURVE('',#6389,#7130);
#7130 = DEFINITIONAL_REPRESENTATION('',(#7131),#7135);
#7131 = LINE('',#7132,#7133);
#7132 = CARTESIAN_POINT('',(17.,0.));
#7133 = VECTOR('',#7134,1.);
#7134 = DIRECTION('',(0.,1.));
#7135 = ( GEOMETRIC_REPRESENTATION_CONTEXT(2) 
PARAMETRIC_REPRESENTATION_CONTEXT() REPRESENTATION_CONTEXT('2D SPACE',''
  ) );
#7136 = ORIENTED_EDGE('',*,*,#7017,.F.);
#7137 = ORIENTED_EDGE('',*,*,#952,.T.);
#7138 = ORIENTED_EDGE('',*,*,#7139,.T.);
#7139 = EDGE_CURVE('',#925,#7115,#7140,.T.);
#7140 = SURFACE_CURVE('',#7141,(#7145,#7152),.PCURVE_S1.);
#7141 = LINE('',#7142,#7143);
#7142 = CARTESIAN_POINT('',(217.75,1.,123.3));
#7143 = VECTOR('',#7144,1.);
#7144 = DIRECTION('',(0.,1.,0.));
#7145 = PCURVE('',#968,#7146);
#7146 = DEFINITIONAL_REPRESENTATION('',(#7147),#7151);
#7147 = LINE('',#7148,#7149);
#7148 = CARTESIAN_POINT('',(13.5,0.));
#7149 = VECTOR('',#7150,1.);
#7150 = DIRECTION('',(0.,1.));
#7151 = ( GEOMETRIC_REPRESENTATION_CONTEXT(2) 
PARAMETRIC_REPRESENTATION_CONTEXT() REPRESENTATION_CONTEXT('2D SPACE',''
  ) );
#7152 = PCURVE('',#940,#7153);
#7153 = DEFINITIONAL_REPRESENTATION('',(#7154),#7158);
#7154 = LINE('',#7155,#7156);
#7155 = CARTESIAN_POINT('',(0.,0.));
#7156 = VECTOR('',#7157,1.);
#7157 = DIRECTION('',(0.,-1.));
#7158 = ( GEOMETRIC_REPRESENTATION_CONTEXT(2) 
PARAMETRIC_REPRESENTATION_CONTEXT() REPRESENTATION_CONTEXT('2D SPACE',''
  ) );
#7159 = ADVANCED_FACE('',(#7160),#884,.T.);
#7160 = FACE_BOUND('',#7161,.T.);
#7161 = EDGE_LOOP('',(#7162,#7185,#7186,#7187));
#7162 = ORIENTED_EDGE('',*,*,#7163,.F.);
#7163 = EDGE_CURVE('',#7068,#7164,#7166,.T.);
#7164 = VERTEX_POINT('',#7165);
#7165 = CARTESIAN_POINT('',(217.75,4.5,120.3));
#7166 = SURFACE_CURVE('',#7167,(#7171,#7178),.PCURVE_S1.);
#7167 = LINE('',#7168,#7169);
#7168 = CARTESIAN_POINT('',(204.25,4.5,120.3));
#7169 = VECTOR('',#7170,1.);
#7170 = DIRECTION('',(1.,0.,-0.));
#7171 = PCURVE('',#884,#7172);
#7172 = DEFINITIONAL_REPRESENTATION('',(#7173),#7177);
#7173 = LINE('',#7174,#7175);
#7174 = CARTESIAN_POINT('',(0.,3.5));
#7175 = VECTOR('',#7176,1.);
#7176 = DIRECTION('',(1.,0.));
#7177 = ( GEOMETRIC_REPRESENTATION_CONTEXT(2) 
PARAMETRIC_REPRESENTATION_CONTEXT() REPRESENTATION_CONTEXT('2D SPACE',''
  ) );
#7178 = PCURVE('',#6389,#7179);
#7179 = DEFINITIONAL_REPRESENTATION('',(#7180),#7184);
#7180 = LINE('',#7181,#7182);
#7181 = CARTESIAN_POINT('',(14.,0.));
#7182 = VECTOR('',#7183,1.);
#7183 = DIRECTION('',(0.,1.));
#7184 = ( GEOMETRIC_REPRESENTATION_CONTEXT(2) 
PARAMETRIC_REPRESENTATION_CONTEXT() REPRESENTATION_CONTEXT('2D SPACE',''
  ) );
#7185 = ORIENTED_EDGE('',*,*,#7090,.F.);
#7186 = ORIENTED_EDGE('',*,*,#868,.T.);
#7187 = ORIENTED_EDGE('',*,*,#7188,.T.);
#7188 = EDGE_CURVE('',#869,#7164,#7189,.T.);
#7189 = SURFACE_CURVE('',#7190,(#7194,#7201),.PCURVE_S1.);
#7190 = LINE('',#7191,#7192);
#7191 = CARTESIAN_POINT('',(217.75,1.,120.3));
#7192 = VECTOR('',#7193,1.);
#7193 = DIRECTION('',(0.,1.,0.));
#7194 = PCURVE('',#884,#7195);
#7195 = DEFINITIONAL_REPRESENTATION('',(#7196),#7200);
#7196 = LINE('',#7197,#7198);
#7197 = CARTESIAN_POINT('',(13.5,0.));
#7198 = VECTOR('',#7199,1.);
#7199 = DIRECTION('',(0.,1.));
#7200 = ( GEOMETRIC_REPRESENTATION_CONTEXT(2) 
PARAMETRIC_REPRESENTATION_CONTEXT() REPRESENTATION_CONTEXT('2D SPACE',''
  ) );
#7201 = PCURVE('',#912,#7202);
#7202 = DEFINITIONAL_REPRESENTATION('',(#7203),#7207);
#7203 = LINE('',#7204,#7205);
#7204 = CARTESIAN_POINT('',(0.,0.));
#7205 = VECTOR('',#7206,1.);
#7206 = DIRECTION('',(0.,-1.));
#7207 = ( GEOMETRIC_REPRESENTATION_CONTEXT(2) 
PARAMETRIC_REPRESENTATION_CONTEXT() REPRESENTATION_CONTEXT('2D SPACE',''
  ) );
#7208 = ADVANCED_FACE('',(#7209),#940,.T.);
#7209 = FACE_BOUND('',#7210,.T.);
#7210 = EDGE_LOOP('',(#7211,#7212,#7213,#7236));
#7211 = ORIENTED_EDGE('',*,*,#924,.F.);
#7212 = ORIENTED_EDGE('',*,*,#7139,.T.);
#7213 = ORIENTED_EDGE('',*,*,#7214,.T.);
#7214 = EDGE_CURVE('',#7115,#7215,#7217,.T.);
#7215 = VERTEX_POINT('',#7216);
#7216 = CARTESIAN_POINT('',(219.25,4.5,121.8));
#7217 = SURFACE_CURVE('',#7218,(#7222,#7229),.PCURVE_S1.);
#7218 = LINE('',#7219,#7220);
#7219 = CARTESIAN_POINT('',(217.75,4.5,123.3));
#7220 = VECTOR('',#7221,1.);
#7221 = DIRECTION('',(0.707106781187,0.,-0.707106781187));
#7222 = PCURVE('',#940,#7223);
#7223 = DEFINITIONAL_REPRESENTATION('',(#7224),#7228);
#7224 = LINE('',#7225,#7226);
#7225 = CARTESIAN_POINT('',(0.,-3.5));
#7226 = VECTOR('',#7227,1.);
#7227 = DIRECTION('',(1.,0.));
#7228 = ( GEOMETRIC_REPRESENTATION_CONTEXT(2) 
PARAMETRIC_REPRESENTATION_CONTEXT() REPRESENTATION_CONTEXT('2D SPACE',''
  ) );
#7229 = PCURVE('',#6389,#7230);
#7230 = DEFINITIONAL_REPRESENTATION('',(#7231),#7235);
#7231 = LINE('',#7232,#7233);
#7232 = CARTESIAN_POINT('',(17.,13.5));
#7233 = VECTOR('',#7234,1.);
#7234 = DIRECTION('',(-0.707106781187,0.707106781187));
#7235 = ( GEOMETRIC_REPRESENTATION_CONTEXT(2) 
PARAMETRIC_REPRESENTATION_CONTEXT() REPRESENTATION_CONTEXT('2D SPACE',''
  ) );
#7236 = ORIENTED_EDGE('',*,*,#7237,.F.);
#7237 = EDGE_CURVE('',#897,#7215,#7238,.T.);
#7238 = SURFACE_CURVE('',#7239,(#7243,#7249),.PCURVE_S1.);
#7239 = LINE('',#7240,#7241);
#7240 = CARTESIAN_POINT('',(219.25,1.,121.8));
#7241 = VECTOR('',#7242,1.);
#7242 = DIRECTION('',(0.,1.,0.));
#7243 = PCURVE('',#940,#7244);
#7244 = DEFINITIONAL_REPRESENTATION('',(#7245),#7248);
#7245 = B_SPLINE_CURVE_WITH_KNOTS('',1,(#7246,#7247),.UNSPECIFIED.,.F.,
  .F.,(2,2),(0.,3.5),.PIECEWISE_BEZIER_KNOTS.);
#7246 = CARTESIAN_POINT('',(2.12132034356,0.));
#7247 = CARTESIAN_POINT('',(2.12132034356,-3.5));
#7248 = ( GEOMETRIC_REPRESENTATION_CONTEXT(2) 
PARAMETRIC_REPRESENTATION_CONTEXT() REPRESENTATION_CONTEXT('2D SPACE',''
  ) );
#7249 = PCURVE('',#912,#7250);
#7250 = DEFINITIONAL_REPRESENTATION('',(#7251),#7254);
#7251 = B_SPLINE_CURVE_WITH_KNOTS('',1,(#7252,#7253),.UNSPECIFIED.,.F.,
  .F.,(2,2),(0.,3.5),.PIECEWISE_BEZIER_KNOTS.);
#7252 = CARTESIAN_POINT('',(2.12132034356,0.));
#7253 = CARTESIAN_POINT('',(2.12132034356,-3.5));
#7254 = ( GEOMETRIC_REPRESENTATION_CONTEXT(2) 
PARAMETRIC_REPRESENTATION_CONTEXT() REPRESENTATION_CONTEXT('2D SPACE',''
  ) );
#7255 = ADVANCED_FACE('',(#7256),#912,.F.);
#7256 = FACE_BOUND('',#7257,.F.);
#7257 = EDGE_LOOP('',(#7258,#7259,#7260,#7281));
#7258 = ORIENTED_EDGE('',*,*,#896,.F.);
#7259 = ORIENTED_EDGE('',*,*,#7188,.T.);
#7260 = ORIENTED_EDGE('',*,*,#7261,.T.);
#7261 = EDGE_CURVE('',#7164,#7215,#7262,.T.);
#7262 = SURFACE_CURVE('',#7263,(#7267,#7274),.PCURVE_S1.);
#7263 = LINE('',#7264,#7265);
#7264 = CARTESIAN_POINT('',(217.75,4.5,120.3));
#7265 = VECTOR('',#7266,1.);
#7266 = DIRECTION('',(0.707106781187,0.,0.707106781187));
#7267 = PCURVE('',#912,#7268);
#7268 = DEFINITIONAL_REPRESENTATION('',(#7269),#7273);
#7269 = LINE('',#7270,#7271);
#7270 = CARTESIAN_POINT('',(0.,-3.5));
#7271 = VECTOR('',#7272,1.);
#7272 = DIRECTION('',(1.,0.));
#7273 = ( GEOMETRIC_REPRESENTATION_CONTEXT(2) 
PARAMETRIC_REPRESENTATION_CONTEXT() REPRESENTATION_CONTEXT('2D SPACE',''
  ) );
#7274 = PCURVE('',#6389,#7275);
#7275 = DEFINITIONAL_REPRESENTATION('',(#7276),#7280);
#7276 = LINE('',#7277,#7278);
#7277 = CARTESIAN_POINT('',(14.,13.5));
#7278 = VECTOR('',#7279,1.);
#7279 = DIRECTION('',(0.707106781187,0.707106781187));
#7280 = ( GEOMETRIC_REPRESENTATION_CONTEXT(2) 
PARAMETRIC_REPRESENTATION_CONTEXT() REPRESENTATION_CONTEXT('2D SPACE',''
  ) );
#7281 = ORIENTED_EDGE('',*,*,#7237,.F.);
#7282 = ADVANCED_FACE('',(#7283),#1781,.F.);
#7283 = FACE_BOUND('',#7284,.F.);
#7284 = EDGE_LOOP('',(#7285,#7308,#7309,#7332));
#7285 = ORIENTED_EDGE('',*,*,#7286,.F.);
#7286 = EDGE_CURVE('',#1765,#7287,#7289,.T.);
#7287 = VERTEX_POINT('',#7288);
#7288 = CARTESIAN_POINT('',(208.05,4.5,91.5));
#7289 = SURFACE_CURVE('',#7290,(#7294,#7301),.PCURVE_S1.);
#7290 = LINE('',#7291,#7292);
#7291 = CARTESIAN_POINT('',(208.05,0.,91.5));
#7292 = VECTOR('',#7293,1.);
#7293 = DIRECTION('',(-0.,1.,0.));
#7294 = PCURVE('',#1781,#7295);
#7295 = DEFINITIONAL_REPRESENTATION('',(#7296),#7300);
#7296 = LINE('',#7297,#7298);
#7297 = CARTESIAN_POINT('',(0.,0.));
#7298 = VECTOR('',#7299,1.);
#7299 = DIRECTION('',(0.,1.));
#7300 = ( GEOMETRIC_REPRESENTATION_CONTEXT(2) 
PARAMETRIC_REPRESENTATION_CONTEXT() REPRESENTATION_CONTEXT('2D SPACE',''
  ) );
#7301 = PCURVE('',#1807,#7302);
#7302 = DEFINITIONAL_REPRESENTATION('',(#7303),#7307);
#7303 = LINE('',#7304,#7305);
#7304 = CARTESIAN_POINT('',(5.4,0.));
#7305 = VECTOR('',#7306,1.);
#7306 = DIRECTION('',(0.,-1.));
#7307 = ( GEOMETRIC_REPRESENTATION_CONTEXT(2) 
PARAMETRIC_REPRESENTATION_CONTEXT() REPRESENTATION_CONTEXT('2D SPACE',''
  ) );
#7308 = ORIENTED_EDGE('',*,*,#1764,.T.);
#7309 = ORIENTED_EDGE('',*,*,#7310,.T.);
#7310 = EDGE_CURVE('',#1767,#7311,#7313,.T.);
#7311 = VERTEX_POINT('',#7312);
#7312 = CARTESIAN_POINT('',(210.45,4.5,91.5));
#7313 = SURFACE_CURVE('',#7314,(#7318,#7325),.PCURVE_S1.);
#7314 = LINE('',#7315,#7316);
#7315 = CARTESIAN_POINT('',(210.45,0.,91.5));
#7316 = VECTOR('',#7317,1.);
#7317 = DIRECTION('',(-0.,1.,0.));
#7318 = PCURVE('',#1781,#7319);
#7319 = DEFINITIONAL_REPRESENTATION('',(#7320),#7324);
#7320 = LINE('',#7321,#7322);
#7321 = CARTESIAN_POINT('',(2.4,0.));
#7322 = VECTOR('',#7323,1.);
#7323 = DIRECTION('',(0.,1.));
#7324 = ( GEOMETRIC_REPRESENTATION_CONTEXT(2) 
PARAMETRIC_REPRESENTATION_CONTEXT() REPRESENTATION_CONTEXT('2D SPACE',''
  ) );
#7325 = PCURVE('',#1857,#7326);
#7326 = DEFINITIONAL_REPRESENTATION('',(#7327),#7331);
#7327 = LINE('',#7328,#7329);
#7328 = CARTESIAN_POINT('',(5.4,0.));
#7329 = VECTOR('',#7330,1.);
#7330 = DIRECTION('',(0.,-1.));
#7331 = ( GEOMETRIC_REPRESENTATION_CONTEXT(2) 
PARAMETRIC_REPRESENTATION_CONTEXT() REPRESENTATION_CONTEXT('2D SPACE',''
  ) );
#7332 = ORIENTED_EDGE('',*,*,#7333,.F.);
#7333 = EDGE_CURVE('',#7287,#7311,#7334,.T.);
#7334 = SURFACE_CURVE('',#7335,(#7339,#7345),.PCURVE_S1.);
#7335 = LINE('',#7336,#7337);
#7336 = CARTESIAN_POINT('',(206.15,4.5,91.5));
#7337 = VECTOR('',#7338,1.);
#7338 = DIRECTION('',(1.,0.,-0.));
#7339 = PCURVE('',#1781,#7340);
#7340 = DEFINITIONAL_REPRESENTATION('',(#7341),#7344);
#7341 = B_SPLINE_CURVE_WITH_KNOTS('',1,(#7342,#7343),.UNSPECIFIED.,.F.,
  .F.,(2,2),(1.9,4.3),.PIECEWISE_BEZIER_KNOTS.);
#7342 = CARTESIAN_POINT('',(0.,4.5));
#7343 = CARTESIAN_POINT('',(2.4,4.5));
#7344 = ( GEOMETRIC_REPRESENTATION_CONTEXT(2) 
PARAMETRIC_REPRESENTATION_CONTEXT() REPRESENTATION_CONTEXT('2D SPACE',''
  ) );
#7345 = PCURVE('',#5947,#7346);
#7346 = DEFINITIONAL_REPRESENTATION('',(#7347),#7350);
#7347 = B_SPLINE_CURVE_WITH_KNOTS('',1,(#7348,#7349),.UNSPECIFIED.,.F.,
  .F.,(2,2),(1.9,4.3),.PIECEWISE_BEZIER_KNOTS.);
#7348 = CARTESIAN_POINT('',(9.7,3.8));
#7349 = CARTESIAN_POINT('',(9.7,6.2));
#7350 = ( GEOMETRIC_REPRESENTATION_CONTEXT(2) 
PARAMETRIC_REPRESENTATION_CONTEXT() REPRESENTATION_CONTEXT('2D SPACE',''
  ) );
#7351 = ADVANCED_FACE('',(#7352),#1807,.T.);
#7352 = FACE_BOUND('',#7353,.T.);
#7353 = EDGE_LOOP('',(#7354,#7355,#7356,#7379));
#7354 = ORIENTED_EDGE('',*,*,#7286,.F.);
#7355 = ORIENTED_EDGE('',*,*,#1792,.T.);
#7356 = ORIENTED_EDGE('',*,*,#7357,.T.);
#7357 = EDGE_CURVE('',#1793,#7358,#7360,.T.);
#7358 = VERTEX_POINT('',#7359);
#7359 = CARTESIAN_POINT('',(208.05,4.5,86.1));
#7360 = SURFACE_CURVE('',#7361,(#7365,#7372),.PCURVE_S1.);
#7361 = LINE('',#7362,#7363);
#7362 = CARTESIAN_POINT('',(208.05,0.,86.1));
#7363 = VECTOR('',#7364,1.);
#7364 = DIRECTION('',(-0.,1.,0.));
#7365 = PCURVE('',#1807,#7366);
#7366 = DEFINITIONAL_REPRESENTATION('',(#7367),#7371);
#7367 = LINE('',#7368,#7369);
#7368 = CARTESIAN_POINT('',(0.,0.));
#7369 = VECTOR('',#7370,1.);
#7370 = DIRECTION('',(0.,-1.));
#7371 = ( GEOMETRIC_REPRESENTATION_CONTEXT(2) 
PARAMETRIC_REPRESENTATION_CONTEXT() REPRESENTATION_CONTEXT('2D SPACE',''
  ) );
#7372 = PCURVE('',#1833,#7373);
#7373 = DEFINITIONAL_REPRESENTATION('',(#7374),#7378);
#7374 = LINE('',#7375,#7376);
#7375 = CARTESIAN_POINT('',(0.,0.));
#7376 = VECTOR('',#7377,1.);
#7377 = DIRECTION('',(0.,1.));
#7378 = ( GEOMETRIC_REPRESENTATION_CONTEXT(2) 
PARAMETRIC_REPRESENTATION_CONTEXT() REPRESENTATION_CONTEXT('2D SPACE',''
  ) );
#7379 = ORIENTED_EDGE('',*,*,#7380,.F.);
#7380 = EDGE_CURVE('',#7287,#7358,#7381,.T.);
#7381 = SURFACE_CURVE('',#7382,(#7386,#7392),.PCURVE_S1.);
#7382 = LINE('',#7383,#7384);
#7383 = CARTESIAN_POINT('',(208.05,4.5,83.95));
#7384 = VECTOR('',#7385,1.);
#7385 = DIRECTION('',(-0.,0.,-1.));
#7386 = PCURVE('',#1807,#7387);
#7387 = DEFINITIONAL_REPRESENTATION('',(#7388),#7391);
#7388 = B_SPLINE_CURVE_WITH_KNOTS('',1,(#7389,#7390),.UNSPECIFIED.,.F.,
  .F.,(2,2),(-7.55,-2.15),.PIECEWISE_BEZIER_KNOTS.);
#7389 = CARTESIAN_POINT('',(5.4,-4.5));
#7390 = CARTESIAN_POINT('',(0.,-4.5));
#7391 = ( GEOMETRIC_REPRESENTATION_CONTEXT(2) 
PARAMETRIC_REPRESENTATION_CONTEXT() REPRESENTATION_CONTEXT('2D SPACE',''
  ) );
#7392 = PCURVE('',#5947,#7393);
#7393 = DEFINITIONAL_REPRESENTATION('',(#7394),#7397);
#7394 = B_SPLINE_CURVE_WITH_KNOTS('',1,(#7395,#7396),.UNSPECIFIED.,.F.,
  .F.,(2,2),(-7.55,-2.15),.PIECEWISE_BEZIER_KNOTS.);
#7395 = CARTESIAN_POINT('',(9.7,3.8));
#7396 = CARTESIAN_POINT('',(4.3,3.8));
#7397 = ( GEOMETRIC_REPRESENTATION_CONTEXT(2) 
PARAMETRIC_REPRESENTATION_CONTEXT() REPRESENTATION_CONTEXT('2D SPACE',''
  ) );
#7398 = ADVANCED_FACE('',(#7399),#1857,.F.);
#7399 = FACE_BOUND('',#7400,.F.);
#7400 = EDGE_LOOP('',(#7401,#7402,#7403,#7426));
#7401 = ORIENTED_EDGE('',*,*,#7310,.F.);
#7402 = ORIENTED_EDGE('',*,*,#1844,.T.);
#7403 = ORIENTED_EDGE('',*,*,#7404,.T.);
#7404 = EDGE_CURVE('',#1819,#7405,#7407,.T.);
#7405 = VERTEX_POINT('',#7406);
#7406 = CARTESIAN_POINT('',(210.45,4.5,86.1));
#7407 = SURFACE_CURVE('',#7408,(#7412,#7419),.PCURVE_S1.);
#7408 = LINE('',#7409,#7410);
#7409 = CARTESIAN_POINT('',(210.45,0.,86.1));
#7410 = VECTOR('',#7411,1.);
#7411 = DIRECTION('',(-0.,1.,0.));
#7412 = PCURVE('',#1857,#7413);
#7413 = DEFINITIONAL_REPRESENTATION('',(#7414),#7418);
#7414 = LINE('',#7415,#7416);
#7415 = CARTESIAN_POINT('',(0.,0.));
#7416 = VECTOR('',#7417,1.);
#7417 = DIRECTION('',(0.,-1.));
#7418 = ( GEOMETRIC_REPRESENTATION_CONTEXT(2) 
PARAMETRIC_REPRESENTATION_CONTEXT() REPRESENTATION_CONTEXT('2D SPACE',''
  ) );
#7419 = PCURVE('',#1833,#7420);
#7420 = DEFINITIONAL_REPRESENTATION('',(#7421),#7425);
#7421 = LINE('',#7422,#7423);
#7422 = CARTESIAN_POINT('',(2.4,0.));
#7423 = VECTOR('',#7424,1.);
#7424 = DIRECTION('',(0.,1.));
#7425 = ( GEOMETRIC_REPRESENTATION_CONTEXT(2) 
PARAMETRIC_REPRESENTATION_CONTEXT() REPRESENTATION_CONTEXT('2D SPACE',''
  ) );
#7426 = ORIENTED_EDGE('',*,*,#7427,.F.);
#7427 = EDGE_CURVE('',#7311,#7405,#7428,.T.);
#7428 = SURFACE_CURVE('',#7429,(#7433,#7439),.PCURVE_S1.);
#7429 = LINE('',#7430,#7431);
#7430 = CARTESIAN_POINT('',(210.45,4.5,83.95));
#7431 = VECTOR('',#7432,1.);
#7432 = DIRECTION('',(-0.,0.,-1.));
#7433 = PCURVE('',#1857,#7434);
#7434 = DEFINITIONAL_REPRESENTATION('',(#7435),#7438);
#7435 = B_SPLINE_CURVE_WITH_KNOTS('',1,(#7436,#7437),.UNSPECIFIED.,.F.,
  .F.,(2,2),(-7.55,-2.15),.PIECEWISE_BEZIER_KNOTS.);
#7436 = CARTESIAN_POINT('',(5.4,-4.5));
#7437 = CARTESIAN_POINT('',(0.,-4.5));
#7438 = ( GEOMETRIC_REPRESENTATION_CONTEXT(2) 
PARAMETRIC_REPRESENTATION_CONTEXT() REPRESENTATION_CONTEXT('2D SPACE',''
  ) );
#7439 = PCURVE('',#5947,#7440);
#7440 = DEFINITIONAL_REPRESENTATION('',(#7441),#7444);
#7441 = B_SPLINE_CURVE_WITH_KNOTS('',1,(#7442,#7443),.UNSPECIFIED.,.F.,
  .F.,(2,2),(-7.55,-2.15),.PIECEWISE_BEZIER_KNOTS.);
#7442 = CARTESIAN_POINT('',(9.7,6.2));
#7443 = CARTESIAN_POINT('',(4.3,6.2));
#7444 = ( GEOMETRIC_REPRESENTATION_CONTEXT(2) 
PARAMETRIC_REPRESENTATION_CONTEXT() REPRESENTATION_CONTEXT('2D SPACE',''
  ) );
#7445 = ADVANCED_FACE('',(#7446),#1833,.T.);
#7446 = FACE_BOUND('',#7447,.T.);
#7447 = EDGE_LOOP('',(#7448,#7449,#7450,#7451));
#7448 = ORIENTED_EDGE('',*,*,#7357,.F.);
#7449 = ORIENTED_EDGE('',*,*,#1818,.T.);
#7450 = ORIENTED_EDGE('',*,*,#7404,.T.);
#7451 = ORIENTED_EDGE('',*,*,#7452,.F.);
#7452 = EDGE_CURVE('',#7358,#7405,#7453,.T.);
#7453 = SURFACE_CURVE('',#7454,(#7458,#7464),.PCURVE_S1.);
#7454 = LINE('',#7455,#7456);
#7455 = CARTESIAN_POINT('',(206.15,4.5,86.1));
#7456 = VECTOR('',#7457,1.);
#7457 = DIRECTION('',(1.,0.,-0.));
#7458 = PCURVE('',#1833,#7459);
#7459 = DEFINITIONAL_REPRESENTATION('',(#7460),#7463);
#7460 = B_SPLINE_CURVE_WITH_KNOTS('',1,(#7461,#7462),.UNSPECIFIED.,.F.,
  .F.,(2,2),(1.9,4.3),.PIECEWISE_BEZIER_KNOTS.);
#7461 = CARTESIAN_POINT('',(0.,4.5));
#7462 = CARTESIAN_POINT('',(2.4,4.5));
#7463 = ( GEOMETRIC_REPRESENTATION_CONTEXT(2) 
PARAMETRIC_REPRESENTATION_CONTEXT() REPRESENTATION_CONTEXT('2D SPACE',''
  ) );
#7464 = PCURVE('',#5947,#7465);
#7465 = DEFINITIONAL_REPRESENTATION('',(#7466),#7469);
#7466 = B_SPLINE_CURVE_WITH_KNOTS('',1,(#7467,#7468),.UNSPECIFIED.,.F.,
  .F.,(2,2),(1.9,4.3),.PIECEWISE_BEZIER_KNOTS.);
#7467 = CARTESIAN_POINT('',(4.3,3.8));
#7468 = CARTESIAN_POINT('',(4.3,6.2));
#7469 = ( GEOMETRIC_REPRESENTATION_CONTEXT(2) 
PARAMETRIC_REPRESENTATION_CONTEXT() REPRESENTATION_CONTEXT('2D SPACE',''
  ) );
#7470 = ADVANCED_FACE('',(#7471),#1887,.F.);
#7471 = FACE_BOUND('',#7472,.F.);
#7472 = EDGE_LOOP('',(#7473,#7496,#7497,#7520));
#7473 = ORIENTED_EDGE('',*,*,#7474,.F.);
#7474 = EDGE_CURVE('',#1871,#7475,#7477,.T.);
#7475 = VERTEX_POINT('',#7476);
#7476 = CARTESIAN_POINT('',(208.05,4.5,116.));
#7477 = SURFACE_CURVE('',#7478,(#7482,#7489),.PCURVE_S1.);
#7478 = LINE('',#7479,#7480);
#7479 = CARTESIAN_POINT('',(208.05,0.,116.));
#7480 = VECTOR('',#7481,1.);
#7481 = DIRECTION('',(-0.,1.,0.));
#7482 = PCURVE('',#1887,#7483);
#7483 = DEFINITIONAL_REPRESENTATION('',(#7484),#7488);
#7484 = LINE('',#7485,#7486);
#7485 = CARTESIAN_POINT('',(0.,0.));
#7486 = VECTOR('',#7487,1.);
#7487 = DIRECTION('',(0.,1.));
#7488 = ( GEOMETRIC_REPRESENTATION_CONTEXT(2) 
PARAMETRIC_REPRESENTATION_CONTEXT() REPRESENTATION_CONTEXT('2D SPACE',''
  ) );
#7489 = PCURVE('',#1913,#7490);
#7490 = DEFINITIONAL_REPRESENTATION('',(#7491),#7495);
#7491 = LINE('',#7492,#7493);
#7492 = CARTESIAN_POINT('',(5.4,0.));
#7493 = VECTOR('',#7494,1.);
#7494 = DIRECTION('',(0.,-1.));
#7495 = ( GEOMETRIC_REPRESENTATION_CONTEXT(2) 
PARAMETRIC_REPRESENTATION_CONTEXT() REPRESENTATION_CONTEXT('2D SPACE',''
  ) );
#7496 = ORIENTED_EDGE('',*,*,#1870,.T.);
#7497 = ORIENTED_EDGE('',*,*,#7498,.T.);
#7498 = EDGE_CURVE('',#1873,#7499,#7501,.T.);
#7499 = VERTEX_POINT('',#7500);
#7500 = CARTESIAN_POINT('',(210.45,4.5,116.));
#7501 = SURFACE_CURVE('',#7502,(#7506,#7513),.PCURVE_S1.);
#7502 = LINE('',#7503,#7504);
#7503 = CARTESIAN_POINT('',(210.45,0.,116.));
#7504 = VECTOR('',#7505,1.);
#7505 = DIRECTION('',(-0.,1.,0.));
#7506 = PCURVE('',#1887,#7507);
#7507 = DEFINITIONAL_REPRESENTATION('',(#7508),#7512);
#7508 = LINE('',#7509,#7510);
#7509 = CARTESIAN_POINT('',(2.4,0.));
#7510 = VECTOR('',#7511,1.);
#7511 = DIRECTION('',(0.,1.));
#7512 = ( GEOMETRIC_REPRESENTATION_CONTEXT(2) 
PARAMETRIC_REPRESENTATION_CONTEXT() REPRESENTATION_CONTEXT('2D SPACE',''
  ) );
#7513 = PCURVE('',#1963,#7514);
#7514 = DEFINITIONAL_REPRESENTATION('',(#7515),#7519);
#7515 = LINE('',#7516,#7517);
#7516 = CARTESIAN_POINT('',(5.4,0.));
#7517 = VECTOR('',#7518,1.);
#7518 = DIRECTION('',(0.,-1.));
#7519 = ( GEOMETRIC_REPRESENTATION_CONTEXT(2) 
PARAMETRIC_REPRESENTATION_CONTEXT() REPRESENTATION_CONTEXT('2D SPACE',''
  ) );
#7520 = ORIENTED_EDGE('',*,*,#7521,.F.);
#7521 = EDGE_CURVE('',#7475,#7499,#7522,.T.);
#7522 = SURFACE_CURVE('',#7523,(#7527,#7533),.PCURVE_S1.);
#7523 = LINE('',#7524,#7525);
#7524 = CARTESIAN_POINT('',(206.15,4.5,116.));
#7525 = VECTOR('',#7526,1.);
#7526 = DIRECTION('',(1.,0.,-0.));
#7527 = PCURVE('',#1887,#7528);
#7528 = DEFINITIONAL_REPRESENTATION('',(#7529),#7532);
#7529 = B_SPLINE_CURVE_WITH_KNOTS('',1,(#7530,#7531),.UNSPECIFIED.,.F.,
  .F.,(2,2),(1.9,4.3),.PIECEWISE_BEZIER_KNOTS.);
#7530 = CARTESIAN_POINT('',(0.,4.5));
#7531 = CARTESIAN_POINT('',(2.4,4.5));
#7532 = ( GEOMETRIC_REPRESENTATION_CONTEXT(2) 
PARAMETRIC_REPRESENTATION_CONTEXT() REPRESENTATION_CONTEXT('2D SPACE',''
  ) );
#7533 = PCURVE('',#6389,#7534);
#7534 = DEFINITIONAL_REPRESENTATION('',(#7535),#7538);
#7535 = B_SPLINE_CURVE_WITH_KNOTS('',1,(#7536,#7537),.UNSPECIFIED.,.F.,
  .F.,(2,2),(1.9,4.3),.PIECEWISE_BEZIER_KNOTS.);
#7536 = CARTESIAN_POINT('',(9.7,3.8));
#7537 = CARTESIAN_POINT('',(9.7,6.2));
#7538 = ( GEOMETRIC_REPRESENTATION_CONTEXT(2) 
PARAMETRIC_REPRESENTATION_CONTEXT() REPRESENTATION_CONTEXT('2D SPACE',''
  ) );
#7539 = ADVANCED_FACE('',(#7540),#1913,.T.);
#7540 = FACE_BOUND('',#7541,.T.);
#7541 = EDGE_LOOP('',(#7542,#7543,#7544,#7567));
#7542 = ORIENTED_EDGE('',*,*,#7474,.F.);
#7543 = ORIENTED_EDGE('',*,*,#1898,.T.);
#7544 = ORIENTED_EDGE('',*,*,#7545,.T.);
#7545 = EDGE_CURVE('',#1899,#7546,#7548,.T.);
#7546 = VERTEX_POINT('',#7547);
#7547 = CARTESIAN_POINT('',(208.05,4.5,110.6));
#7548 = SURFACE_CURVE('',#7549,(#7553,#7560),.PCURVE_S1.);
#7549 = LINE('',#7550,#7551);
#7550 = CARTESIAN_POINT('',(208.05,0.,110.6));
#7551 = VECTOR('',#7552,1.);
#7552 = DIRECTION('',(-0.,1.,0.));
#7553 = PCURVE('',#1913,#7554);
#7554 = DEFINITIONAL_REPRESENTATION('',(#7555),#7559);
#7555 = LINE('',#7556,#7557);
#7556 = CARTESIAN_POINT('',(0.,0.));
#7557 = VECTOR('',#7558,1.);
#7558 = DIRECTION('',(0.,-1.));
#7559 = ( GEOMETRIC_REPRESENTATION_CONTEXT(2) 
PARAMETRIC_REPRESENTATION_CONTEXT() REPRESENTATION_CONTEXT('2D SPACE',''
  ) );
#7560 = PCURVE('',#1939,#7561);
#7561 = DEFINITIONAL_REPRESENTATION('',(#7562),#7566);
#7562 = LINE('',#7563,#7564);
#7563 = CARTESIAN_POINT('',(0.,0.));
#7564 = VECTOR('',#7565,1.);
#7565 = DIRECTION('',(0.,1.));
#7566 = ( GEOMETRIC_REPRESENTATION_CONTEXT(2) 
PARAMETRIC_REPRESENTATION_CONTEXT() REPRESENTATION_CONTEXT('2D SPACE',''
  ) );
#7567 = ORIENTED_EDGE('',*,*,#7568,.F.);
#7568 = EDGE_CURVE('',#7475,#7546,#7569,.T.);
#7569 = SURFACE_CURVE('',#7570,(#7574,#7580),.PCURVE_S1.);
#7570 = LINE('',#7571,#7572);
#7571 = CARTESIAN_POINT('',(208.05,4.5,108.45));
#7572 = VECTOR('',#7573,1.);
#7573 = DIRECTION('',(-0.,0.,-1.));
#7574 = PCURVE('',#1913,#7575);
#7575 = DEFINITIONAL_REPRESENTATION('',(#7576),#7579);
#7576 = B_SPLINE_CURVE_WITH_KNOTS('',1,(#7577,#7578),.UNSPECIFIED.,.F.,
  .F.,(2,2),(-7.55,-2.15),.PIECEWISE_BEZIER_KNOTS.);
#7577 = CARTESIAN_POINT('',(5.4,-4.5));
#7578 = CARTESIAN_POINT('',(0.,-4.5));
#7579 = ( GEOMETRIC_REPRESENTATION_CONTEXT(2) 
PARAMETRIC_REPRESENTATION_CONTEXT() REPRESENTATION_CONTEXT('2D SPACE',''
  ) );
#7580 = PCURVE('',#6389,#7581);
#7581 = DEFINITIONAL_REPRESENTATION('',(#7582),#7585);
#7582 = B_SPLINE_CURVE_WITH_KNOTS('',1,(#7583,#7584),.UNSPECIFIED.,.F.,
  .F.,(2,2),(-7.55,-2.15),.PIECEWISE_BEZIER_KNOTS.);
#7583 = CARTESIAN_POINT('',(9.7,3.8));
#7584 = CARTESIAN_POINT('',(4.3,3.8));
#7585 = ( GEOMETRIC_REPRESENTATION_CONTEXT(2) 
PARAMETRIC_REPRESENTATION_CONTEXT() REPRESENTATION_CONTEXT('2D SPACE',''
  ) );
#7586 = ADVANCED_FACE('',(#7587),#1963,.F.);
#7587 = FACE_BOUND('',#7588,.F.);
#7588 = EDGE_LOOP('',(#7589,#7590,#7591,#7614));
#7589 = ORIENTED_EDGE('',*,*,#7498,.F.);
#7590 = ORIENTED_EDGE('',*,*,#1950,.T.);
#7591 = ORIENTED_EDGE('',*,*,#7592,.T.);
#7592 = EDGE_CURVE('',#1925,#7593,#7595,.T.);
#7593 = VERTEX_POINT('',#7594);
#7594 = CARTESIAN_POINT('',(210.45,4.5,110.6));
#7595 = SURFACE_CURVE('',#7596,(#7600,#7607),.PCURVE_S1.);
#7596 = LINE('',#7597,#7598);
#7597 = CARTESIAN_POINT('',(210.45,0.,110.6));
#7598 = VECTOR('',#7599,1.);
#7599 = DIRECTION('',(-0.,1.,0.));
#7600 = PCURVE('',#1963,#7601);
#7601 = DEFINITIONAL_REPRESENTATION('',(#7602),#7606);
#7602 = LINE('',#7603,#7604);
#7603 = CARTESIAN_POINT('',(0.,0.));
#7604 = VECTOR('',#7605,1.);
#7605 = DIRECTION('',(0.,-1.));
#7606 = ( GEOMETRIC_REPRESENTATION_CONTEXT(2) 
PARAMETRIC_REPRESENTATION_CONTEXT() REPRESENTATION_CONTEXT('2D SPACE',''
  ) );
#7607 = PCURVE('',#1939,#7608);
#7608 = DEFINITIONAL_REPRESENTATION('',(#7609),#7613);
#7609 = LINE('',#7610,#7611);
#7610 = CARTESIAN_POINT('',(2.4,0.));
#7611 = VECTOR('',#7612,1.);
#7612 = DIRECTION('',(0.,1.));
#7613 = ( GEOMETRIC_REPRESENTATION_CONTEXT(2) 
PARAMETRIC_REPRESENTATION_CONTEXT() REPRESENTATION_CONTEXT('2D SPACE',''
  ) );
#7614 = ORIENTED_EDGE('',*,*,#7615,.F.);
#7615 = EDGE_CURVE('',#7499,#7593,#7616,.T.);
#7616 = SURFACE_CURVE('',#7617,(#7621,#7627),.PCURVE_S1.);
#7617 = LINE('',#7618,#7619);
#7618 = CARTESIAN_POINT('',(210.45,4.5,108.45));
#7619 = VECTOR('',#7620,1.);
#7620 = DIRECTION('',(-0.,0.,-1.));
#7621 = PCURVE('',#1963,#7622);
#7622 = DEFINITIONAL_REPRESENTATION('',(#7623),#7626);
#7623 = B_SPLINE_CURVE_WITH_KNOTS('',1,(#7624,#7625),.UNSPECIFIED.,.F.,
  .F.,(2,2),(-7.55,-2.15),.PIECEWISE_BEZIER_KNOTS.);
#7624 = CARTESIAN_POINT('',(5.4,-4.5));
#7625 = CARTESIAN_POINT('',(0.,-4.5));
#7626 = ( GEOMETRIC_REPRESENTATION_CONTEXT(2) 
PARAMETRIC_REPRESENTATION_CONTEXT() REPRESENTATION_CONTEXT('2D SPACE',''
  ) );
#7627 = PCURVE('',#6389,#7628);
#7628 = DEFINITIONAL_REPRESENTATION('',(#7629),#7632);
#7629 = B_SPLINE_CURVE_WITH_KNOTS('',1,(#7630,#7631),.UNSPECIFIED.,.F.,
  .F.,(2,2),(-7.55,-2.15),.PIECEWISE_BEZIER_KNOTS.);
#7630 = CARTESIAN_POINT('',(9.7,6.2));
#7631 = CARTESIAN_POINT('',(4.3,6.2));
#7632 = ( GEOMETRIC_REPRESENTATION_CONTEXT(2) 
PARAMETRIC_REPRESENTATION_CONTEXT() REPRESENTATION_CONTEXT('2D SPACE',''
  ) );
#7633 = ADVANCED_FACE('',(#7634),#1939,.T.);
#7634 = FACE_BOUND('',#7635,.T.);
#7635 = EDGE_LOOP('',(#7636,#7637,#7638,#7639));
#7636 = ORIENTED_EDGE('',*,*,#7545,.F.);
#7637 = ORIENTED_EDGE('',*,*,#1924,.T.);
#7638 = ORIENTED_EDGE('',*,*,#7592,.T.);
#7639 = ORIENTED_EDGE('',*,*,#7640,.F.);
#7640 = EDGE_CURVE('',#7546,#7593,#7641,.T.);
#7641 = SURFACE_CURVE('',#7642,(#7646,#7652),.PCURVE_S1.);
#7642 = LINE('',#7643,#7644);
#7643 = CARTESIAN_POINT('',(206.15,4.5,110.6));
#7644 = VECTOR('',#7645,1.);
#7645 = DIRECTION('',(1.,0.,-0.));
#7646 = PCURVE('',#1939,#7647);
#7647 = DEFINITIONAL_REPRESENTATION('',(#7648),#7651);
#7648 = B_SPLINE_CURVE_WITH_KNOTS('',1,(#7649,#7650),.UNSPECIFIED.,.F.,
  .F.,(2,2),(1.9,4.3),.PIECEWISE_BEZIER_KNOTS.);
#7649 = CARTESIAN_POINT('',(0.,4.5));
#7650 = CARTESIAN_POINT('',(2.4,4.5));
#7651 = ( GEOMETRIC_REPRESENTATION_CONTEXT(2) 
PARAMETRIC_REPRESENTATION_CONTEXT() REPRESENTATION_CONTEXT('2D SPACE',''
  ) );
#7652 = PCURVE('',#6389,#7653);
#7653 = DEFINITIONAL_REPRESENTATION('',(#7654),#7657);
#7654 = B_SPLINE_CURVE_WITH_KNOTS('',1,(#7655,#7656),.UNSPECIFIED.,.F.,
  .F.,(2,2),(1.9,4.3),.PIECEWISE_BEZIER_KNOTS.);
#7655 = CARTESIAN_POINT('',(4.3,3.8));
#7656 = CARTESIAN_POINT('',(4.3,6.2));
#7657 = ( GEOMETRIC_REPRESENTATION_CONTEXT(2) 
PARAMETRIC_REPRESENTATION_CONTEXT() REPRESENTATION_CONTEXT('2D SPACE',''
  ) );
#7658 = ADVANCED_FACE('',(#7659),#1993,.F.);
#7659 = FACE_BOUND('',#7660,.F.);
#7660 = EDGE_LOOP('',(#7661,#7684,#7685,#7708));
#7661 = ORIENTED_EDGE('',*,*,#7662,.F.);
#7662 = EDGE_CURVE('',#1977,#7663,#7665,.T.);
#7663 = VERTEX_POINT('',#7664);
#7664 = CARTESIAN_POINT('',(208.05,4.5,133.));
#7665 = SURFACE_CURVE('',#7666,(#7670,#7677),.PCURVE_S1.);
#7666 = LINE('',#7667,#7668);
#7667 = CARTESIAN_POINT('',(208.05,0.,133.));
#7668 = VECTOR('',#7669,1.);
#7669 = DIRECTION('',(-0.,1.,0.));
#7670 = PCURVE('',#1993,#7671);
#7671 = DEFINITIONAL_REPRESENTATION('',(#7672),#7676);
#7672 = LINE('',#7673,#7674);
#7673 = CARTESIAN_POINT('',(0.,0.));
#7674 = VECTOR('',#7675,1.);
#7675 = DIRECTION('',(0.,1.));
#7676 = ( GEOMETRIC_REPRESENTATION_CONTEXT(2) 
PARAMETRIC_REPRESENTATION_CONTEXT() REPRESENTATION_CONTEXT('2D SPACE',''
  ) );
#7677 = PCURVE('',#2019,#7678);
#7678 = DEFINITIONAL_REPRESENTATION('',(#7679),#7683);
#7679 = LINE('',#7680,#7681);
#7680 = CARTESIAN_POINT('',(5.4,0.));
#7681 = VECTOR('',#7682,1.);
#7682 = DIRECTION('',(0.,-1.));
#7683 = ( GEOMETRIC_REPRESENTATION_CONTEXT(2) 
PARAMETRIC_REPRESENTATION_CONTEXT() REPRESENTATION_CONTEXT('2D SPACE',''
  ) );
#7684 = ORIENTED_EDGE('',*,*,#1976,.T.);
#7685 = ORIENTED_EDGE('',*,*,#7686,.T.);
#7686 = EDGE_CURVE('',#1979,#7687,#7689,.T.);
#7687 = VERTEX_POINT('',#7688);
#7688 = CARTESIAN_POINT('',(210.45,4.5,133.));
#7689 = SURFACE_CURVE('',#7690,(#7694,#7701),.PCURVE_S1.);
#7690 = LINE('',#7691,#7692);
#7691 = CARTESIAN_POINT('',(210.45,0.,133.));
#7692 = VECTOR('',#7693,1.);
#7693 = DIRECTION('',(-0.,1.,0.));
#7694 = PCURVE('',#1993,#7695);
#7695 = DEFINITIONAL_REPRESENTATION('',(#7696),#7700);
#7696 = LINE('',#7697,#7698);
#7697 = CARTESIAN_POINT('',(2.4,0.));
#7698 = VECTOR('',#7699,1.);
#7699 = DIRECTION('',(0.,1.));
#7700 = ( GEOMETRIC_REPRESENTATION_CONTEXT(2) 
PARAMETRIC_REPRESENTATION_CONTEXT() REPRESENTATION_CONTEXT('2D SPACE',''
  ) );
#7701 = PCURVE('',#2069,#7702);
#7702 = DEFINITIONAL_REPRESENTATION('',(#7703),#7707);
#7703 = LINE('',#7704,#7705);
#7704 = CARTESIAN_POINT('',(5.4,0.));
#7705 = VECTOR('',#7706,1.);
#7706 = DIRECTION('',(0.,-1.));
#7707 = ( GEOMETRIC_REPRESENTATION_CONTEXT(2) 
PARAMETRIC_REPRESENTATION_CONTEXT() REPRESENTATION_CONTEXT('2D SPACE',''
  ) );
#7708 = ORIENTED_EDGE('',*,*,#7709,.F.);
#7709 = EDGE_CURVE('',#7663,#7687,#7710,.T.);
#7710 = SURFACE_CURVE('',#7711,(#7715,#7721),.PCURVE_S1.);
#7711 = LINE('',#7712,#7713);
#7712 = CARTESIAN_POINT('',(206.15,4.5,133.));
#7713 = VECTOR('',#7714,1.);
#7714 = DIRECTION('',(1.,0.,-0.));
#7715 = PCURVE('',#1993,#7716);
#7716 = DEFINITIONAL_REPRESENTATION('',(#7717),#7720);
#7717 = B_SPLINE_CURVE_WITH_KNOTS('',1,(#7718,#7719),.UNSPECIFIED.,.F.,
  .F.,(2,2),(1.9,4.3),.PIECEWISE_BEZIER_KNOTS.);
#7718 = CARTESIAN_POINT('',(0.,4.5));
#7719 = CARTESIAN_POINT('',(2.4,4.5));
#7720 = ( GEOMETRIC_REPRESENTATION_CONTEXT(2) 
PARAMETRIC_REPRESENTATION_CONTEXT() REPRESENTATION_CONTEXT('2D SPACE',''
  ) );
#7721 = PCURVE('',#6389,#7722);
#7722 = DEFINITIONAL_REPRESENTATION('',(#7723),#7726);
#7723 = B_SPLINE_CURVE_WITH_KNOTS('',1,(#7724,#7725),.UNSPECIFIED.,.F.,
  .F.,(2,2),(1.9,4.3),.PIECEWISE_BEZIER_KNOTS.);
#7724 = CARTESIAN_POINT('',(26.7,3.8));
#7725 = CARTESIAN_POINT('',(26.7,6.2));
#7726 = ( GEOMETRIC_REPRESENTATION_CONTEXT(2) 
PARAMETRIC_REPRESENTATION_CONTEXT() REPRESENTATION_CONTEXT('2D SPACE',''
  ) );
#7727 = ADVANCED_FACE('',(#7728),#2019,.T.);
#7728 = FACE_BOUND('',#7729,.T.);
#7729 = EDGE_LOOP('',(#7730,#7731,#7732,#7755));
#7730 = ORIENTED_EDGE('',*,*,#7662,.F.);
#7731 = ORIENTED_EDGE('',*,*,#2004,.T.);
#7732 = ORIENTED_EDGE('',*,*,#7733,.T.);
#7733 = EDGE_CURVE('',#2005,#7734,#7736,.T.);
#7734 = VERTEX_POINT('',#7735);
#7735 = CARTESIAN_POINT('',(208.05,4.5,127.6));
#7736 = SURFACE_CURVE('',#7737,(#7741,#7748),.PCURVE_S1.);
#7737 = LINE('',#7738,#7739);
#7738 = CARTESIAN_POINT('',(208.05,0.,127.6));
#7739 = VECTOR('',#7740,1.);
#7740 = DIRECTION('',(-0.,1.,0.));
#7741 = PCURVE('',#2019,#7742);
#7742 = DEFINITIONAL_REPRESENTATION('',(#7743),#7747);
#7743 = LINE('',#7744,#7745);
#7744 = CARTESIAN_POINT('',(0.,0.));
#7745 = VECTOR('',#7746,1.);
#7746 = DIRECTION('',(0.,-1.));
#7747 = ( GEOMETRIC_REPRESENTATION_CONTEXT(2) 
PARAMETRIC_REPRESENTATION_CONTEXT() REPRESENTATION_CONTEXT('2D SPACE',''
  ) );
#7748 = PCURVE('',#2045,#7749);
#7749 = DEFINITIONAL_REPRESENTATION('',(#7750),#7754);
#7750 = LINE('',#7751,#7752);
#7751 = CARTESIAN_POINT('',(0.,0.));
#7752 = VECTOR('',#7753,1.);
#7753 = DIRECTION('',(0.,1.));
#7754 = ( GEOMETRIC_REPRESENTATION_CONTEXT(2) 
PARAMETRIC_REPRESENTATION_CONTEXT() REPRESENTATION_CONTEXT('2D SPACE',''
  ) );
#7755 = ORIENTED_EDGE('',*,*,#7756,.F.);
#7756 = EDGE_CURVE('',#7663,#7734,#7757,.T.);
#7757 = SURFACE_CURVE('',#7758,(#7762,#7768),.PCURVE_S1.);
#7758 = LINE('',#7759,#7760);
#7759 = CARTESIAN_POINT('',(208.05,4.5,116.95));
#7760 = VECTOR('',#7761,1.);
#7761 = DIRECTION('',(-0.,0.,-1.));
#7762 = PCURVE('',#2019,#7763);
#7763 = DEFINITIONAL_REPRESENTATION('',(#7764),#7767);
#7764 = B_SPLINE_CURVE_WITH_KNOTS('',1,(#7765,#7766),.UNSPECIFIED.,.F.,
  .F.,(2,2),(-16.05,-10.65),.PIECEWISE_BEZIER_KNOTS.);
#7765 = CARTESIAN_POINT('',(5.4,-4.5));
#7766 = CARTESIAN_POINT('',(0.,-4.5));
#7767 = ( GEOMETRIC_REPRESENTATION_CONTEXT(2) 
PARAMETRIC_REPRESENTATION_CONTEXT() REPRESENTATION_CONTEXT('2D SPACE',''
  ) );
#7768 = PCURVE('',#6389,#7769);
#7769 = DEFINITIONAL_REPRESENTATION('',(#7770),#7773);
#7770 = B_SPLINE_CURVE_WITH_KNOTS('',1,(#7771,#7772),.UNSPECIFIED.,.F.,
  .F.,(2,2),(-16.05,-10.65),.PIECEWISE_BEZIER_KNOTS.);
#7771 = CARTESIAN_POINT('',(26.7,3.8));
#7772 = CARTESIAN_POINT('',(21.3,3.8));
#7773 = ( GEOMETRIC_REPRESENTATION_CONTEXT(2) 
PARAMETRIC_REPRESENTATION_CONTEXT() REPRESENTATION_CONTEXT('2D SPACE',''
  ) );
#7774 = ADVANCED_FACE('',(#7775),#2069,.F.);
#7775 = FACE_BOUND('',#7776,.F.);
#7776 = EDGE_LOOP('',(#7777,#7778,#7779,#7802));
#7777 = ORIENTED_EDGE('',*,*,#7686,.F.);
#7778 = ORIENTED_EDGE('',*,*,#2056,.T.);
#7779 = ORIENTED_EDGE('',*,*,#7780,.T.);
#7780 = EDGE_CURVE('',#2031,#7781,#7783,.T.);
#7781 = VERTEX_POINT('',#7782);
#7782 = CARTESIAN_POINT('',(210.45,4.5,127.6));
#7783 = SURFACE_CURVE('',#7784,(#7788,#7795),.PCURVE_S1.);
#7784 = LINE('',#7785,#7786);
#7785 = CARTESIAN_POINT('',(210.45,0.,127.6));
#7786 = VECTOR('',#7787,1.);
#7787 = DIRECTION('',(-0.,1.,0.));
#7788 = PCURVE('',#2069,#7789);
#7789 = DEFINITIONAL_REPRESENTATION('',(#7790),#7794);
#7790 = LINE('',#7791,#7792);
#7791 = CARTESIAN_POINT('',(0.,0.));
#7792 = VECTOR('',#7793,1.);
#7793 = DIRECTION('',(0.,-1.));
#7794 = ( GEOMETRIC_REPRESENTATION_CONTEXT(2) 
PARAMETRIC_REPRESENTATION_CONTEXT() REPRESENTATION_CONTEXT('2D SPACE',''
  ) );
#7795 = PCURVE('',#2045,#7796);
#7796 = DEFINITIONAL_REPRESENTATION('',(#7797),#7801);
#7797 = LINE('',#7798,#7799);
#7798 = CARTESIAN_POINT('',(2.4,0.));
#7799 = VECTOR('',#7800,1.);
#7800 = DIRECTION('',(0.,1.));
#7801 = ( GEOMETRIC_REPRESENTATION_CONTEXT(2) 
PARAMETRIC_REPRESENTATION_CONTEXT() REPRESENTATION_CONTEXT('2D SPACE',''
  ) );
#7802 = ORIENTED_EDGE('',*,*,#7803,.F.);
#7803 = EDGE_CURVE('',#7687,#7781,#7804,.T.);
#7804 = SURFACE_CURVE('',#7805,(#7809,#7815),.PCURVE_S1.);
#7805 = LINE('',#7806,#7807);
#7806 = CARTESIAN_POINT('',(210.45,4.5,116.95));
#7807 = VECTOR('',#7808,1.);
#7808 = DIRECTION('',(-0.,0.,-1.));
#7809 = PCURVE('',#2069,#7810);
#7810 = DEFINITIONAL_REPRESENTATION('',(#7811),#7814);
#7811 = B_SPLINE_CURVE_WITH_KNOTS('',1,(#7812,#7813),.UNSPECIFIED.,.F.,
  .F.,(2,2),(-16.05,-10.65),.PIECEWISE_BEZIER_KNOTS.);
#7812 = CARTESIAN_POINT('',(5.4,-4.5));
#7813 = CARTESIAN_POINT('',(0.,-4.5));
#7814 = ( GEOMETRIC_REPRESENTATION_CONTEXT(2) 
PARAMETRIC_REPRESENTATION_CONTEXT() REPRESENTATION_CONTEXT('2D SPACE',''
  ) );
#7815 = PCURVE('',#6389,#7816);
#7816 = DEFINITIONAL_REPRESENTATION('',(#7817),#7820);
#7817 = B_SPLINE_CURVE_WITH_KNOTS('',1,(#7818,#7819),.UNSPECIFIED.,.F.,
  .F.,(2,2),(-16.05,-10.65),.PIECEWISE_BEZIER_KNOTS.);
#7818 = CARTESIAN_POINT('',(26.7,6.2));
#7819 = CARTESIAN_POINT('',(21.3,6.2));
#7820 = ( GEOMETRIC_REPRESENTATION_CONTEXT(2) 
PARAMETRIC_REPRESENTATION_CONTEXT() REPRESENTATION_CONTEXT('2D SPACE',''
  ) );
#7821 = ADVANCED_FACE('',(#7822),#2045,.T.);
#7822 = FACE_BOUND('',#7823,.T.);
#7823 = EDGE_LOOP('',(#7824,#7825,#7826,#7827));
#7824 = ORIENTED_EDGE('',*,*,#7733,.F.);
#7825 = ORIENTED_EDGE('',*,*,#2030,.T.);
#7826 = ORIENTED_EDGE('',*,*,#7780,.T.);
#7827 = ORIENTED_EDGE('',*,*,#7828,.F.);
#7828 = EDGE_CURVE('',#7734,#7781,#7829,.T.);
#7829 = SURFACE_CURVE('',#7830,(#7834,#7840),.PCURVE_S1.);
#7830 = LINE('',#7831,#7832);
#7831 = CARTESIAN_POINT('',(206.15,4.5,127.6));
#7832 = VECTOR('',#7833,1.);
#7833 = DIRECTION('',(1.,0.,-0.));
#7834 = PCURVE('',#2045,#7835);
#7835 = DEFINITIONAL_REPRESENTATION('',(#7836),#7839);
#7836 = B_SPLINE_CURVE_WITH_KNOTS('',1,(#7837,#7838),.UNSPECIFIED.,.F.,
  .F.,(2,2),(1.9,4.3),.PIECEWISE_BEZIER_KNOTS.);
#7837 = CARTESIAN_POINT('',(0.,4.5));
#7838 = CARTESIAN_POINT('',(2.4,4.5));
#7839 = ( GEOMETRIC_REPRESENTATION_CONTEXT(2) 
PARAMETRIC_REPRESENTATION_CONTEXT() REPRESENTATION_CONTEXT('2D SPACE',''
  ) );
#7840 = PCURVE('',#6389,#7841);
#7841 = DEFINITIONAL_REPRESENTATION('',(#7842),#7845);
#7842 = B_SPLINE_CURVE_WITH_KNOTS('',1,(#7843,#7844),.UNSPECIFIED.,.F.,
  .F.,(2,2),(1.9,4.3),.PIECEWISE_BEZIER_KNOTS.);
#7843 = CARTESIAN_POINT('',(21.3,3.8));
#7844 = CARTESIAN_POINT('',(21.3,6.2));
#7845 = ( GEOMETRIC_REPRESENTATION_CONTEXT(2) 
PARAMETRIC_REPRESENTATION_CONTEXT() REPRESENTATION_CONTEXT('2D SPACE',''
  ) );
#7846 = ADVANCED_FACE('',(#7847),#2099,.F.);
#7847 = FACE_BOUND('',#7848,.F.);
#7848 = EDGE_LOOP('',(#7849,#7872,#7873,#7896));
#7849 = ORIENTED_EDGE('',*,*,#7850,.F.);
#7850 = EDGE_CURVE('',#2083,#7851,#7853,.T.);
#7851 = VERTEX_POINT('',#7852);
#7852 = CARTESIAN_POINT('',(272.15,4.5,91.5));
#7853 = SURFACE_CURVE('',#7854,(#7858,#7865),.PCURVE_S1.);
#7854 = LINE('',#7855,#7856);
#7855 = CARTESIAN_POINT('',(272.15,0.,91.5));
#7856 = VECTOR('',#7857,1.);
#7857 = DIRECTION('',(-0.,1.,0.));
#7858 = PCURVE('',#2099,#7859);
#7859 = DEFINITIONAL_REPRESENTATION('',(#7860),#7864);
#7860 = LINE('',#7861,#7862);
#7861 = CARTESIAN_POINT('',(0.,0.));
#7862 = VECTOR('',#7863,1.);
#7863 = DIRECTION('',(0.,1.));
#7864 = ( GEOMETRIC_REPRESENTATION_CONTEXT(2) 
PARAMETRIC_REPRESENTATION_CONTEXT() REPRESENTATION_CONTEXT('2D SPACE',''
  ) );
#7865 = PCURVE('',#2125,#7866);
#7866 = DEFINITIONAL_REPRESENTATION('',(#7867),#7871);
#7867 = LINE('',#7868,#7869);
#7868 = CARTESIAN_POINT('',(5.4,0.));
#7869 = VECTOR('',#7870,1.);
#7870 = DIRECTION('',(0.,-1.));
#7871 = ( GEOMETRIC_REPRESENTATION_CONTEXT(2) 
PARAMETRIC_REPRESENTATION_CONTEXT() REPRESENTATION_CONTEXT('2D SPACE',''
  ) );
#7872 = ORIENTED_EDGE('',*,*,#2082,.T.);
#7873 = ORIENTED_EDGE('',*,*,#7874,.T.);
#7874 = EDGE_CURVE('',#2085,#7875,#7877,.T.);
#7875 = VERTEX_POINT('',#7876);
#7876 = CARTESIAN_POINT('',(274.55,4.5,91.5));
#7877 = SURFACE_CURVE('',#7878,(#7882,#7889),.PCURVE_S1.);
#7878 = LINE('',#7879,#7880);
#7879 = CARTESIAN_POINT('',(274.55,0.,91.5));
#7880 = VECTOR('',#7881,1.);
#7881 = DIRECTION('',(-0.,1.,0.));
#7882 = PCURVE('',#2099,#7883);
#7883 = DEFINITIONAL_REPRESENTATION('',(#7884),#7888);
#7884 = LINE('',#7885,#7886);
#7885 = CARTESIAN_POINT('',(2.4,0.));
#7886 = VECTOR('',#7887,1.);
#7887 = DIRECTION('',(0.,1.));
#7888 = ( GEOMETRIC_REPRESENTATION_CONTEXT(2) 
PARAMETRIC_REPRESENTATION_CONTEXT() REPRESENTATION_CONTEXT('2D SPACE',''
  ) );
#7889 = PCURVE('',#2175,#7890);
#7890 = DEFINITIONAL_REPRESENTATION('',(#7891),#7895);
#7891 = LINE('',#7892,#7893);
#7892 = CARTESIAN_POINT('',(5.4,0.));
#7893 = VECTOR('',#7894,1.);
#7894 = DIRECTION('',(0.,-1.));
#7895 = ( GEOMETRIC_REPRESENTATION_CONTEXT(2) 
PARAMETRIC_REPRESENTATION_CONTEXT() REPRESENTATION_CONTEXT('2D SPACE',''
  ) );
#7896 = ORIENTED_EDGE('',*,*,#7897,.F.);
#7897 = EDGE_CURVE('',#7851,#7875,#7898,.T.);
#7898 = SURFACE_CURVE('',#7899,(#7903,#7909),.PCURVE_S1.);
#7899 = LINE('',#7900,#7901);
#7900 = CARTESIAN_POINT('',(267.53033008589,4.5,91.5));
#7901 = VECTOR('',#7902,1.);
#7902 = DIRECTION('',(1.,0.,0.));
#7903 = PCURVE('',#2099,#7904);
#7904 = DEFINITIONAL_REPRESENTATION('',(#7905),#7908);
#7905 = B_SPLINE_CURVE_WITH_KNOTS('',1,(#7906,#7907),.UNSPECIFIED.,.F.,
  .F.,(2,2),(4.61966991411,7.01966991411),.PIECEWISE_BEZIER_KNOTS.);
#7906 = CARTESIAN_POINT('',(0.,4.5));
#7907 = CARTESIAN_POINT('',(2.4,4.5));
#7908 = ( GEOMETRIC_REPRESENTATION_CONTEXT(2) 
PARAMETRIC_REPRESENTATION_CONTEXT() REPRESENTATION_CONTEXT('2D SPACE',''
  ) );
#7909 = PCURVE('',#4181,#7910);
#7910 = DEFINITIONAL_REPRESENTATION('',(#7911),#7914);
#7911 = B_SPLINE_CURVE_WITH_KNOTS('',1,(#7912,#7913),.UNSPECIFIED.,.F.,
  .F.,(2,2),(4.61966991411,7.01966991411),.PIECEWISE_BEZIER_KNOTS.);
#7912 = CARTESIAN_POINT('',(10.76066017178,9.23933982822));
#7913 = CARTESIAN_POINT('',(10.76066017178,11.63933982822));
#7914 = ( GEOMETRIC_REPRESENTATION_CONTEXT(2) 
PARAMETRIC_REPRESENTATION_CONTEXT() REPRESENTATION_CONTEXT('2D SPACE',''
  ) );
#7915 = ADVANCED_FACE('',(#7916),#2125,.T.);
#7916 = FACE_BOUND('',#7917,.T.);
#7917 = EDGE_LOOP('',(#7918,#7919,#7920,#7943));
#7918 = ORIENTED_EDGE('',*,*,#7850,.F.);
#7919 = ORIENTED_EDGE('',*,*,#2110,.T.);
#7920 = ORIENTED_EDGE('',*,*,#7921,.T.);
#7921 = EDGE_CURVE('',#2111,#7922,#7924,.T.);
#7922 = VERTEX_POINT('',#7923);
#7923 = CARTESIAN_POINT('',(272.15,4.5,86.1));
#7924 = SURFACE_CURVE('',#7925,(#7929,#7936),.PCURVE_S1.);
#7925 = LINE('',#7926,#7927);
#7926 = CARTESIAN_POINT('',(272.15,0.,86.1));
#7927 = VECTOR('',#7928,1.);
#7928 = DIRECTION('',(-0.,1.,0.));
#7929 = PCURVE('',#2125,#7930);
#7930 = DEFINITIONAL_REPRESENTATION('',(#7931),#7935);
#7931 = LINE('',#7932,#7933);
#7932 = CARTESIAN_POINT('',(0.,0.));
#7933 = VECTOR('',#7934,1.);
#7934 = DIRECTION('',(0.,-1.));
#7935 = ( GEOMETRIC_REPRESENTATION_CONTEXT(2) 
PARAMETRIC_REPRESENTATION_CONTEXT() REPRESENTATION_CONTEXT('2D SPACE',''
  ) );
#7936 = PCURVE('',#2151,#7937);
#7937 = DEFINITIONAL_REPRESENTATION('',(#7938),#7942);
#7938 = LINE('',#7939,#7940);
#7939 = CARTESIAN_POINT('',(0.,0.));
#7940 = VECTOR('',#7941,1.);
#7941 = DIRECTION('',(0.,1.));
#7942 = ( GEOMETRIC_REPRESENTATION_CONTEXT(2) 
PARAMETRIC_REPRESENTATION_CONTEXT() REPRESENTATION_CONTEXT('2D SPACE',''
  ) );
#7943 = ORIENTED_EDGE('',*,*,#7944,.F.);
#7944 = EDGE_CURVE('',#7851,#7922,#7945,.T.);
#7945 = SURFACE_CURVE('',#7946,(#7950,#7956),.PCURVE_S1.);
#7946 = LINE('',#7947,#7948);
#7947 = CARTESIAN_POINT('',(272.15,4.5,83.41966991411));
#7948 = VECTOR('',#7949,1.);
#7949 = DIRECTION('',(-0.,0.,-1.));
#7950 = PCURVE('',#2125,#7951);
#7951 = DEFINITIONAL_REPRESENTATION('',(#7952),#7955);
#7952 = B_SPLINE_CURVE_WITH_KNOTS('',1,(#7953,#7954),.UNSPECIFIED.,.F.,
  .F.,(2,2),(-8.08033008589,-2.68033008589),.PIECEWISE_BEZIER_KNOTS.);
#7953 = CARTESIAN_POINT('',(5.4,-4.5));
#7954 = CARTESIAN_POINT('',(0.,-4.5));
#7955 = ( GEOMETRIC_REPRESENTATION_CONTEXT(2) 
PARAMETRIC_REPRESENTATION_CONTEXT() REPRESENTATION_CONTEXT('2D SPACE',''
  ) );
#7956 = PCURVE('',#4181,#7957);
#7957 = DEFINITIONAL_REPRESENTATION('',(#7958),#7961);
#7958 = B_SPLINE_CURVE_WITH_KNOTS('',1,(#7959,#7960),.UNSPECIFIED.,.F.,
  .F.,(2,2),(-8.08033008589,-2.68033008589),.PIECEWISE_BEZIER_KNOTS.);
#7959 = CARTESIAN_POINT('',(10.76066017178,9.23933982822));
#7960 = CARTESIAN_POINT('',(5.36066017178,9.23933982822));
#7961 = ( GEOMETRIC_REPRESENTATION_CONTEXT(2) 
PARAMETRIC_REPRESENTATION_CONTEXT() REPRESENTATION_CONTEXT('2D SPACE',''
  ) );
#7962 = ADVANCED_FACE('',(#7963),#2175,.F.);
#7963 = FACE_BOUND('',#7964,.F.);
#7964 = EDGE_LOOP('',(#7965,#7966,#7967,#7990));
#7965 = ORIENTED_EDGE('',*,*,#7874,.F.);
#7966 = ORIENTED_EDGE('',*,*,#2162,.T.);
#7967 = ORIENTED_EDGE('',*,*,#7968,.T.);
#7968 = EDGE_CURVE('',#2137,#7969,#7971,.T.);
#7969 = VERTEX_POINT('',#7970);
#7970 = CARTESIAN_POINT('',(274.55,4.5,86.1));
#7971 = SURFACE_CURVE('',#7972,(#7976,#7983),.PCURVE_S1.);
#7972 = LINE('',#7973,#7974);
#7973 = CARTESIAN_POINT('',(274.55,0.,86.1));
#7974 = VECTOR('',#7975,1.);
#7975 = DIRECTION('',(-0.,1.,0.));
#7976 = PCURVE('',#2175,#7977);
#7977 = DEFINITIONAL_REPRESENTATION('',(#7978),#7982);
#7978 = LINE('',#7979,#7980);
#7979 = CARTESIAN_POINT('',(0.,0.));
#7980 = VECTOR('',#7981,1.);
#7981 = DIRECTION('',(0.,-1.));
#7982 = ( GEOMETRIC_REPRESENTATION_CONTEXT(2) 
PARAMETRIC_REPRESENTATION_CONTEXT() REPRESENTATION_CONTEXT('2D SPACE',''
  ) );
#7983 = PCURVE('',#2151,#7984);
#7984 = DEFINITIONAL_REPRESENTATION('',(#7985),#7989);
#7985 = LINE('',#7986,#7987);
#7986 = CARTESIAN_POINT('',(2.4,0.));
#7987 = VECTOR('',#7988,1.);
#7988 = DIRECTION('',(0.,1.));
#7989 = ( GEOMETRIC_REPRESENTATION_CONTEXT(2) 
PARAMETRIC_REPRESENTATION_CONTEXT() REPRESENTATION_CONTEXT('2D SPACE',''
  ) );
#7990 = ORIENTED_EDGE('',*,*,#7991,.F.);
#7991 = EDGE_CURVE('',#7875,#7969,#7992,.T.);
#7992 = SURFACE_CURVE('',#7993,(#7997,#8003),.PCURVE_S1.);
#7993 = LINE('',#7994,#7995);
#7994 = CARTESIAN_POINT('',(274.55,4.5,83.41966991411));
#7995 = VECTOR('',#7996,1.);
#7996 = DIRECTION('',(-0.,0.,-1.));
#7997 = PCURVE('',#2175,#7998);
#7998 = DEFINITIONAL_REPRESENTATION('',(#7999),#8002);
#7999 = B_SPLINE_CURVE_WITH_KNOTS('',1,(#8000,#8001),.UNSPECIFIED.,.F.,
  .F.,(2,2),(-8.08033008589,-2.68033008589),.PIECEWISE_BEZIER_KNOTS.);
#8000 = CARTESIAN_POINT('',(5.4,-4.5));
#8001 = CARTESIAN_POINT('',(0.,-4.5));
#8002 = ( GEOMETRIC_REPRESENTATION_CONTEXT(2) 
PARAMETRIC_REPRESENTATION_CONTEXT() REPRESENTATION_CONTEXT('2D SPACE',''
  ) );
#8003 = PCURVE('',#4181,#8004);
#8004 = DEFINITIONAL_REPRESENTATION('',(#8005),#8008);
#8005 = B_SPLINE_CURVE_WITH_KNOTS('',1,(#8006,#8007),.UNSPECIFIED.,.F.,
  .F.,(2,2),(-8.08033008589,-2.68033008589),.PIECEWISE_BEZIER_KNOTS.);
#8006 = CARTESIAN_POINT('',(10.76066017178,11.63933982822));
#8007 = CARTESIAN_POINT('',(5.36066017178,11.63933982822));
#8008 = ( GEOMETRIC_REPRESENTATION_CONTEXT(2) 
PARAMETRIC_REPRESENTATION_CONTEXT() REPRESENTATION_CONTEXT('2D SPACE',''
  ) );
#8009 = ADVANCED_FACE('',(#8010),#2151,.T.);
#8010 = FACE_BOUND('',#8011,.T.);
#8011 = EDGE_LOOP('',(#8012,#8013,#8014,#8015));
#8012 = ORIENTED_EDGE('',*,*,#7921,.F.);
#8013 = ORIENTED_EDGE('',*,*,#2136,.T.);
#8014 = ORIENTED_EDGE('',*,*,#7968,.T.);
#8015 = ORIENTED_EDGE('',*,*,#8016,.F.);
#8016 = EDGE_CURVE('',#7922,#7969,#8017,.T.);
#8017 = SURFACE_CURVE('',#8018,(#8022,#8028),.PCURVE_S1.);
#8018 = LINE('',#8019,#8020);
#8019 = CARTESIAN_POINT('',(267.53033008589,4.5,86.1));
#8020 = VECTOR('',#8021,1.);
#8021 = DIRECTION('',(1.,0.,0.));
#8022 = PCURVE('',#2151,#8023);
#8023 = DEFINITIONAL_REPRESENTATION('',(#8024),#8027);
#8024 = B_SPLINE_CURVE_WITH_KNOTS('',1,(#8025,#8026),.UNSPECIFIED.,.F.,
  .F.,(2,2),(4.61966991411,7.01966991411),.PIECEWISE_BEZIER_KNOTS.);
#8025 = CARTESIAN_POINT('',(0.,4.5));
#8026 = CARTESIAN_POINT('',(2.4,4.5));
#8027 = ( GEOMETRIC_REPRESENTATION_CONTEXT(2) 
PARAMETRIC_REPRESENTATION_CONTEXT() REPRESENTATION_CONTEXT('2D SPACE',''
  ) );
#8028 = PCURVE('',#4181,#8029);
#8029 = DEFINITIONAL_REPRESENTATION('',(#8030),#8033);
#8030 = B_SPLINE_CURVE_WITH_KNOTS('',1,(#8031,#8032),.UNSPECIFIED.,.F.,
  .F.,(2,2),(4.61966991411,7.01966991411),.PIECEWISE_BEZIER_KNOTS.);
#8031 = CARTESIAN_POINT('',(5.36066017178,9.23933982822));
#8032 = CARTESIAN_POINT('',(5.36066017178,11.63933982822));
#8033 = ( GEOMETRIC_REPRESENTATION_CONTEXT(2) 
PARAMETRIC_REPRESENTATION_CONTEXT() REPRESENTATION_CONTEXT('2D SPACE',''
  ) );
#8034 = ADVANCED_FACE('',(#8035),#2205,.F.);
#8035 = FACE_BOUND('',#8036,.F.);
#8036 = EDGE_LOOP('',(#8037,#8060,#8061,#8084));
#8037 = ORIENTED_EDGE('',*,*,#8038,.F.);
#8038 = EDGE_CURVE('',#2189,#8039,#8041,.T.);
#8039 = VERTEX_POINT('',#8040);
#8040 = CARTESIAN_POINT('',(272.15,4.5,116.));
#8041 = SURFACE_CURVE('',#8042,(#8046,#8053),.PCURVE_S1.);
#8042 = LINE('',#8043,#8044);
#8043 = CARTESIAN_POINT('',(272.15,0.,116.));
#8044 = VECTOR('',#8045,1.);
#8045 = DIRECTION('',(-0.,1.,0.));
#8046 = PCURVE('',#2205,#8047);
#8047 = DEFINITIONAL_REPRESENTATION('',(#8048),#8052);
#8048 = LINE('',#8049,#8050);
#8049 = CARTESIAN_POINT('',(0.,0.));
#8050 = VECTOR('',#8051,1.);
#8051 = DIRECTION('',(0.,1.));
#8052 = ( GEOMETRIC_REPRESENTATION_CONTEXT(2) 
PARAMETRIC_REPRESENTATION_CONTEXT() REPRESENTATION_CONTEXT('2D SPACE',''
  ) );
#8053 = PCURVE('',#2231,#8054);
#8054 = DEFINITIONAL_REPRESENTATION('',(#8055),#8059);
#8055 = LINE('',#8056,#8057);
#8056 = CARTESIAN_POINT('',(5.4,0.));
#8057 = VECTOR('',#8058,1.);
#8058 = DIRECTION('',(0.,-1.));
#8059 = ( GEOMETRIC_REPRESENTATION_CONTEXT(2) 
PARAMETRIC_REPRESENTATION_CONTEXT() REPRESENTATION_CONTEXT('2D SPACE',''
  ) );
#8060 = ORIENTED_EDGE('',*,*,#2188,.T.);
#8061 = ORIENTED_EDGE('',*,*,#8062,.T.);
#8062 = EDGE_CURVE('',#2191,#8063,#8065,.T.);
#8063 = VERTEX_POINT('',#8064);
#8064 = CARTESIAN_POINT('',(274.55,4.5,116.));
#8065 = SURFACE_CURVE('',#8066,(#8070,#8077),.PCURVE_S1.);
#8066 = LINE('',#8067,#8068);
#8067 = CARTESIAN_POINT('',(274.55,0.,116.));
#8068 = VECTOR('',#8069,1.);
#8069 = DIRECTION('',(-0.,1.,0.));
#8070 = PCURVE('',#2205,#8071);
#8071 = DEFINITIONAL_REPRESENTATION('',(#8072),#8076);
#8072 = LINE('',#8073,#8074);
#8073 = CARTESIAN_POINT('',(2.4,0.));
#8074 = VECTOR('',#8075,1.);
#8075 = DIRECTION('',(0.,1.));
#8076 = ( GEOMETRIC_REPRESENTATION_CONTEXT(2) 
PARAMETRIC_REPRESENTATION_CONTEXT() REPRESENTATION_CONTEXT('2D SPACE',''
  ) );
#8077 = PCURVE('',#2281,#8078);
#8078 = DEFINITIONAL_REPRESENTATION('',(#8079),#8083);
#8079 = LINE('',#8080,#8081);
#8080 = CARTESIAN_POINT('',(5.4,0.));
#8081 = VECTOR('',#8082,1.);
#8082 = DIRECTION('',(0.,-1.));
#8083 = ( GEOMETRIC_REPRESENTATION_CONTEXT(2) 
PARAMETRIC_REPRESENTATION_CONTEXT() REPRESENTATION_CONTEXT('2D SPACE',''
  ) );
#8084 = ORIENTED_EDGE('',*,*,#8085,.F.);
#8085 = EDGE_CURVE('',#8039,#8063,#8086,.T.);
#8086 = SURFACE_CURVE('',#8087,(#8091,#8097),.PCURVE_S1.);
#8087 = LINE('',#8088,#8089);
#8088 = CARTESIAN_POINT('',(266.5,4.5,116.));
#8089 = VECTOR('',#8090,1.);
#8090 = DIRECTION('',(1.,0.,-0.));
#8091 = PCURVE('',#2205,#8092);
#8092 = DEFINITIONAL_REPRESENTATION('',(#8093),#8096);
#8093 = B_SPLINE_CURVE_WITH_KNOTS('',1,(#8094,#8095),.UNSPECIFIED.,.F.,
  .F.,(2,2),(5.65,8.05),.PIECEWISE_BEZIER_KNOTS.);
#8094 = CARTESIAN_POINT('',(0.,4.5));
#8095 = CARTESIAN_POINT('',(2.4,4.5));
#8096 = ( GEOMETRIC_REPRESENTATION_CONTEXT(2) 
PARAMETRIC_REPRESENTATION_CONTEXT() REPRESENTATION_CONTEXT('2D SPACE',''
  ) );
#8097 = PCURVE('',#4563,#8098);
#8098 = DEFINITIONAL_REPRESENTATION('',(#8099),#8102);
#8099 = B_SPLINE_CURVE_WITH_KNOTS('',1,(#8100,#8101),.UNSPECIFIED.,.F.,
  .F.,(2,2),(5.65,8.05),.PIECEWISE_BEZIER_KNOTS.);
#8100 = CARTESIAN_POINT('',(-7.3,11.3));
#8101 = CARTESIAN_POINT('',(-7.3,13.7));
#8102 = ( GEOMETRIC_REPRESENTATION_CONTEXT(2) 
PARAMETRIC_REPRESENTATION_CONTEXT() REPRESENTATION_CONTEXT('2D SPACE',''
  ) );
#8103 = ADVANCED_FACE('',(#8104),#2231,.T.);
#8104 = FACE_BOUND('',#8105,.T.);
#8105 = EDGE_LOOP('',(#8106,#8107,#8108,#8131));
#8106 = ORIENTED_EDGE('',*,*,#8038,.F.);
#8107 = ORIENTED_EDGE('',*,*,#2216,.T.);
#8108 = ORIENTED_EDGE('',*,*,#8109,.T.);
#8109 = EDGE_CURVE('',#2217,#8110,#8112,.T.);
#8110 = VERTEX_POINT('',#8111);
#8111 = CARTESIAN_POINT('',(272.15,4.5,110.6));
#8112 = SURFACE_CURVE('',#8113,(#8117,#8124),.PCURVE_S1.);
#8113 = LINE('',#8114,#8115);
#8114 = CARTESIAN_POINT('',(272.15,0.,110.6));
#8115 = VECTOR('',#8116,1.);
#8116 = DIRECTION('',(-0.,1.,0.));
#8117 = PCURVE('',#2231,#8118);
#8118 = DEFINITIONAL_REPRESENTATION('',(#8119),#8123);
#8119 = LINE('',#8120,#8121);
#8120 = CARTESIAN_POINT('',(0.,0.));
#8121 = VECTOR('',#8122,1.);
#8122 = DIRECTION('',(0.,-1.));
#8123 = ( GEOMETRIC_REPRESENTATION_CONTEXT(2) 
PARAMETRIC_REPRESENTATION_CONTEXT() REPRESENTATION_CONTEXT('2D SPACE',''
  ) );
#8124 = PCURVE('',#2257,#8125);
#8125 = DEFINITIONAL_REPRESENTATION('',(#8126),#8130);
#8126 = LINE('',#8127,#8128);
#8127 = CARTESIAN_POINT('',(0.,0.));
#8128 = VECTOR('',#8129,1.);
#8129 = DIRECTION('',(0.,1.));
#8130 = ( GEOMETRIC_REPRESENTATION_CONTEXT(2) 
PARAMETRIC_REPRESENTATION_CONTEXT() REPRESENTATION_CONTEXT('2D SPACE',''
  ) );
#8131 = ORIENTED_EDGE('',*,*,#8132,.F.);
#8132 = EDGE_CURVE('',#8039,#8110,#8133,.T.);
#8133 = SURFACE_CURVE('',#8134,(#8138,#8144),.PCURVE_S1.);
#8134 = LINE('',#8135,#8136);
#8135 = CARTESIAN_POINT('',(272.15,4.5,116.95));
#8136 = VECTOR('',#8137,1.);
#8137 = DIRECTION('',(-0.,0.,-1.));
#8138 = PCURVE('',#2231,#8139);
#8139 = DEFINITIONAL_REPRESENTATION('',(#8140),#8143);
#8140 = B_SPLINE_CURVE_WITH_KNOTS('',1,(#8141,#8142),.UNSPECIFIED.,.F.,
  .F.,(2,2),(0.95,6.35),.PIECEWISE_BEZIER_KNOTS.);
#8141 = CARTESIAN_POINT('',(5.4,-4.5));
#8142 = CARTESIAN_POINT('',(0.,-4.5));
#8143 = ( GEOMETRIC_REPRESENTATION_CONTEXT(2) 
PARAMETRIC_REPRESENTATION_CONTEXT() REPRESENTATION_CONTEXT('2D SPACE',''
  ) );
#8144 = PCURVE('',#4563,#8145);
#8145 = DEFINITIONAL_REPRESENTATION('',(#8146),#8149);
#8146 = B_SPLINE_CURVE_WITH_KNOTS('',1,(#8147,#8148),.UNSPECIFIED.,.F.,
  .F.,(2,2),(0.95,6.35),.PIECEWISE_BEZIER_KNOTS.);
#8147 = CARTESIAN_POINT('',(-7.3,11.3));
#8148 = CARTESIAN_POINT('',(-12.7,11.3));
#8149 = ( GEOMETRIC_REPRESENTATION_CONTEXT(2) 
PARAMETRIC_REPRESENTATION_CONTEXT() REPRESENTATION_CONTEXT('2D SPACE',''
  ) );
#8150 = ADVANCED_FACE('',(#8151),#2281,.F.);
#8151 = FACE_BOUND('',#8152,.F.);
#8152 = EDGE_LOOP('',(#8153,#8154,#8155,#8178));
#8153 = ORIENTED_EDGE('',*,*,#8062,.F.);
#8154 = ORIENTED_EDGE('',*,*,#2268,.T.);
#8155 = ORIENTED_EDGE('',*,*,#8156,.T.);
#8156 = EDGE_CURVE('',#2243,#8157,#8159,.T.);
#8157 = VERTEX_POINT('',#8158);
#8158 = CARTESIAN_POINT('',(274.55,4.5,110.6));
#8159 = SURFACE_CURVE('',#8160,(#8164,#8171),.PCURVE_S1.);
#8160 = LINE('',#8161,#8162);
#8161 = CARTESIAN_POINT('',(274.55,0.,110.6));
#8162 = VECTOR('',#8163,1.);
#8163 = DIRECTION('',(-0.,1.,0.));
#8164 = PCURVE('',#2281,#8165);
#8165 = DEFINITIONAL_REPRESENTATION('',(#8166),#8170);
#8166 = LINE('',#8167,#8168);
#8167 = CARTESIAN_POINT('',(0.,0.));
#8168 = VECTOR('',#8169,1.);
#8169 = DIRECTION('',(0.,-1.));
#8170 = ( GEOMETRIC_REPRESENTATION_CONTEXT(2) 
PARAMETRIC_REPRESENTATION_CONTEXT() REPRESENTATION_CONTEXT('2D SPACE',''
  ) );
#8171 = PCURVE('',#2257,#8172);
#8172 = DEFINITIONAL_REPRESENTATION('',(#8173),#8177);
#8173 = LINE('',#8174,#8175);
#8174 = CARTESIAN_POINT('',(2.4,0.));
#8175 = VECTOR('',#8176,1.);
#8176 = DIRECTION('',(0.,1.));
#8177 = ( GEOMETRIC_REPRESENTATION_CONTEXT(2) 
PARAMETRIC_REPRESENTATION_CONTEXT() REPRESENTATION_CONTEXT('2D SPACE',''
  ) );
#8178 = ORIENTED_EDGE('',*,*,#8179,.F.);
#8179 = EDGE_CURVE('',#8063,#8157,#8180,.T.);
#8180 = SURFACE_CURVE('',#8181,(#8185,#8191),.PCURVE_S1.);
#8181 = LINE('',#8182,#8183);
#8182 = CARTESIAN_POINT('',(274.55,4.5,116.95));
#8183 = VECTOR('',#8184,1.);
#8184 = DIRECTION('',(-0.,0.,-1.));
#8185 = PCURVE('',#2281,#8186);
#8186 = DEFINITIONAL_REPRESENTATION('',(#8187),#8190);
#8187 = B_SPLINE_CURVE_WITH_KNOTS('',1,(#8188,#8189),.UNSPECIFIED.,.F.,
  .F.,(2,2),(0.95,6.35),.PIECEWISE_BEZIER_KNOTS.);
#8188 = CARTESIAN_POINT('',(5.4,-4.5));
#8189 = CARTESIAN_POINT('',(0.,-4.5));
#8190 = ( GEOMETRIC_REPRESENTATION_CONTEXT(2) 
PARAMETRIC_REPRESENTATION_CONTEXT() REPRESENTATION_CONTEXT('2D SPACE',''
  ) );
#8191 = PCURVE('',#4563,#8192);
#8192 = DEFINITIONAL_REPRESENTATION('',(#8193),#8196);
#8193 = B_SPLINE_CURVE_WITH_KNOTS('',1,(#8194,#8195),.UNSPECIFIED.,.F.,
  .F.,(2,2),(0.95,6.35),.PIECEWISE_BEZIER_KNOTS.);
#8194 = CARTESIAN_POINT('',(-7.3,13.7));
#8195 = CARTESIAN_POINT('',(-12.7,13.7));
#8196 = ( GEOMETRIC_REPRESENTATION_CONTEXT(2) 
PARAMETRIC_REPRESENTATION_CONTEXT() REPRESENTATION_CONTEXT('2D SPACE',''
  ) );
#8197 = ADVANCED_FACE('',(#8198),#2257,.T.);
#8198 = FACE_BOUND('',#8199,.T.);
#8199 = EDGE_LOOP('',(#8200,#8201,#8202,#8203));
#8200 = ORIENTED_EDGE('',*,*,#8109,.F.);
#8201 = ORIENTED_EDGE('',*,*,#2242,.T.);
#8202 = ORIENTED_EDGE('',*,*,#8156,.T.);
#8203 = ORIENTED_EDGE('',*,*,#8204,.F.);
#8204 = EDGE_CURVE('',#8110,#8157,#8205,.T.);
#8205 = SURFACE_CURVE('',#8206,(#8210,#8216),.PCURVE_S1.);
#8206 = LINE('',#8207,#8208);
#8207 = CARTESIAN_POINT('',(266.5,4.5,110.6));
#8208 = VECTOR('',#8209,1.);
#8209 = DIRECTION('',(1.,0.,-0.));
#8210 = PCURVE('',#2257,#8211);
#8211 = DEFINITIONAL_REPRESENTATION('',(#8212),#8215);
#8212 = B_SPLINE_CURVE_WITH_KNOTS('',1,(#8213,#8214),.UNSPECIFIED.,.F.,
  .F.,(2,2),(5.65,8.05),.PIECEWISE_BEZIER_KNOTS.);
#8213 = CARTESIAN_POINT('',(0.,4.5));
#8214 = CARTESIAN_POINT('',(2.4,4.5));
#8215 = ( GEOMETRIC_REPRESENTATION_CONTEXT(2) 
PARAMETRIC_REPRESENTATION_CONTEXT() REPRESENTATION_CONTEXT('2D SPACE',''
  ) );
#8216 = PCURVE('',#4563,#8217);
#8217 = DEFINITIONAL_REPRESENTATION('',(#8218),#8221);
#8218 = B_SPLINE_CURVE_WITH_KNOTS('',1,(#8219,#8220),.UNSPECIFIED.,.F.,
  .F.,(2,2),(5.65,8.05),.PIECEWISE_BEZIER_KNOTS.);
#8219 = CARTESIAN_POINT('',(-12.7,11.3));
#8220 = CARTESIAN_POINT('',(-12.7,13.7));
#8221 = ( GEOMETRIC_REPRESENTATION_CONTEXT(2) 
PARAMETRIC_REPRESENTATION_CONTEXT() REPRESENTATION_CONTEXT('2D SPACE',''
  ) );
#8222 = ADVANCED_FACE('',(#8223),#2311,.F.);
#8223 = FACE_BOUND('',#8224,.F.);
#8224 = EDGE_LOOP('',(#8225,#8248,#8249,#8272));
#8225 = ORIENTED_EDGE('',*,*,#8226,.F.);
#8226 = EDGE_CURVE('',#2295,#8227,#8229,.T.);
#8227 = VERTEX_POINT('',#8228);
#8228 = CARTESIAN_POINT('',(272.15,4.5,133.));
#8229 = SURFACE_CURVE('',#8230,(#8234,#8241),.PCURVE_S1.);
#8230 = LINE('',#8231,#8232);
#8231 = CARTESIAN_POINT('',(272.15,0.,133.));
#8232 = VECTOR('',#8233,1.);
#8233 = DIRECTION('',(-0.,1.,0.));
#8234 = PCURVE('',#2311,#8235);
#8235 = DEFINITIONAL_REPRESENTATION('',(#8236),#8240);
#8236 = LINE('',#8237,#8238);
#8237 = CARTESIAN_POINT('',(0.,0.));
#8238 = VECTOR('',#8239,1.);
#8239 = DIRECTION('',(0.,1.));
#8240 = ( GEOMETRIC_REPRESENTATION_CONTEXT(2) 
PARAMETRIC_REPRESENTATION_CONTEXT() REPRESENTATION_CONTEXT('2D SPACE',''
  ) );
#8241 = PCURVE('',#2337,#8242);
#8242 = DEFINITIONAL_REPRESENTATION('',(#8243),#8247);
#8243 = LINE('',#8244,#8245);
#8244 = CARTESIAN_POINT('',(5.4,0.));
#8245 = VECTOR('',#8246,1.);
#8246 = DIRECTION('',(0.,-1.));
#8247 = ( GEOMETRIC_REPRESENTATION_CONTEXT(2) 
PARAMETRIC_REPRESENTATION_CONTEXT() REPRESENTATION_CONTEXT('2D SPACE',''
  ) );
#8248 = ORIENTED_EDGE('',*,*,#2294,.T.);
#8249 = ORIENTED_EDGE('',*,*,#8250,.T.);
#8250 = EDGE_CURVE('',#2297,#8251,#8253,.T.);
#8251 = VERTEX_POINT('',#8252);
#8252 = CARTESIAN_POINT('',(274.55,4.5,133.));
#8253 = SURFACE_CURVE('',#8254,(#8258,#8265),.PCURVE_S1.);
#8254 = LINE('',#8255,#8256);
#8255 = CARTESIAN_POINT('',(274.55,0.,133.));
#8256 = VECTOR('',#8257,1.);
#8257 = DIRECTION('',(-0.,1.,0.));
#8258 = PCURVE('',#2311,#8259);
#8259 = DEFINITIONAL_REPRESENTATION('',(#8260),#8264);
#8260 = LINE('',#8261,#8262);
#8261 = CARTESIAN_POINT('',(2.4,0.));
#8262 = VECTOR('',#8263,1.);
#8263 = DIRECTION('',(0.,1.));
#8264 = ( GEOMETRIC_REPRESENTATION_CONTEXT(2) 
PARAMETRIC_REPRESENTATION_CONTEXT() REPRESENTATION_CONTEXT('2D SPACE',''
  ) );
#8265 = PCURVE('',#2387,#8266);
#8266 = DEFINITIONAL_REPRESENTATION('',(#8267),#8271);
#8267 = LINE('',#8268,#8269);
#8268 = CARTESIAN_POINT('',(5.4,0.));
#8269 = VECTOR('',#8270,1.);
#8270 = DIRECTION('',(0.,-1.));
#8271 = ( GEOMETRIC_REPRESENTATION_CONTEXT(2) 
PARAMETRIC_REPRESENTATION_CONTEXT() REPRESENTATION_CONTEXT('2D SPACE',''
  ) );
#8272 = ORIENTED_EDGE('',*,*,#8273,.F.);
#8273 = EDGE_CURVE('',#8227,#8251,#8274,.T.);
#8274 = SURFACE_CURVE('',#8275,(#8279,#8285),.PCURVE_S1.);
#8275 = LINE('',#8276,#8277);
#8276 = CARTESIAN_POINT('',(266.5,4.5,133.));
#8277 = VECTOR('',#8278,1.);
#8278 = DIRECTION('',(1.,0.,-0.));
#8279 = PCURVE('',#2311,#8280);
#8280 = DEFINITIONAL_REPRESENTATION('',(#8281),#8284);
#8281 = B_SPLINE_CURVE_WITH_KNOTS('',1,(#8282,#8283),.UNSPECIFIED.,.F.,
  .F.,(2,2),(5.65,8.05),.PIECEWISE_BEZIER_KNOTS.);
#8282 = CARTESIAN_POINT('',(0.,4.5));
#8283 = CARTESIAN_POINT('',(2.4,4.5));
#8284 = ( GEOMETRIC_REPRESENTATION_CONTEXT(2) 
PARAMETRIC_REPRESENTATION_CONTEXT() REPRESENTATION_CONTEXT('2D SPACE',''
  ) );
#8285 = PCURVE('',#4563,#8286);
#8286 = DEFINITIONAL_REPRESENTATION('',(#8287),#8290);
#8287 = B_SPLINE_CURVE_WITH_KNOTS('',1,(#8288,#8289),.UNSPECIFIED.,.F.,
  .F.,(2,2),(5.65,8.05),.PIECEWISE_BEZIER_KNOTS.);
#8288 = CARTESIAN_POINT('',(9.7,11.3));
#8289 = CARTESIAN_POINT('',(9.7,13.7));
#8290 = ( GEOMETRIC_REPRESENTATION_CONTEXT(2) 
PARAMETRIC_REPRESENTATION_CONTEXT() REPRESENTATION_CONTEXT('2D SPACE',''
  ) );
#8291 = ADVANCED_FACE('',(#8292),#2387,.F.);
#8292 = FACE_BOUND('',#8293,.F.);
#8293 = EDGE_LOOP('',(#8294,#8295,#8296,#8319));
#8294 = ORIENTED_EDGE('',*,*,#8250,.F.);
#8295 = ORIENTED_EDGE('',*,*,#2374,.T.);
#8296 = ORIENTED_EDGE('',*,*,#8297,.T.);
#8297 = EDGE_CURVE('',#2349,#8298,#8300,.T.);
#8298 = VERTEX_POINT('',#8299);
#8299 = CARTESIAN_POINT('',(274.55,4.5,127.6));
#8300 = SURFACE_CURVE('',#8301,(#8305,#8312),.PCURVE_S1.);
#8301 = LINE('',#8302,#8303);
#8302 = CARTESIAN_POINT('',(274.55,0.,127.6));
#8303 = VECTOR('',#8304,1.);
#8304 = DIRECTION('',(-0.,1.,0.));
#8305 = PCURVE('',#2387,#8306);
#8306 = DEFINITIONAL_REPRESENTATION('',(#8307),#8311);
#8307 = LINE('',#8308,#8309);
#8308 = CARTESIAN_POINT('',(0.,0.));
#8309 = VECTOR('',#8310,1.);
#8310 = DIRECTION('',(0.,-1.));
#8311 = ( GEOMETRIC_REPRESENTATION_CONTEXT(2) 
PARAMETRIC_REPRESENTATION_CONTEXT() REPRESENTATION_CONTEXT('2D SPACE',''
  ) );
#8312 = PCURVE('',#2363,#8313);
#8313 = DEFINITIONAL_REPRESENTATION('',(#8314),#8318);
#8314 = LINE('',#8315,#8316);
#8315 = CARTESIAN_POINT('',(2.4,0.));
#8316 = VECTOR('',#8317,1.);
#8317 = DIRECTION('',(0.,1.));
#8318 = ( GEOMETRIC_REPRESENTATION_CONTEXT(2) 
PARAMETRIC_REPRESENTATION_CONTEXT() REPRESENTATION_CONTEXT('2D SPACE',''
  ) );
#8319 = ORIENTED_EDGE('',*,*,#8320,.F.);
#8320 = EDGE_CURVE('',#8251,#8298,#8321,.T.);
#8321 = SURFACE_CURVE('',#8322,(#8326,#8332),.PCURVE_S1.);
#8322 = LINE('',#8323,#8324);
#8323 = CARTESIAN_POINT('',(274.55,4.5,125.45));
#8324 = VECTOR('',#8325,1.);
#8325 = DIRECTION('',(-0.,0.,-1.));
#8326 = PCURVE('',#2387,#8327);
#8327 = DEFINITIONAL_REPRESENTATION('',(#8328),#8331);
#8328 = B_SPLINE_CURVE_WITH_KNOTS('',1,(#8329,#8330),.UNSPECIFIED.,.F.,
  .F.,(2,2),(-7.55,-2.15),.PIECEWISE_BEZIER_KNOTS.);
#8329 = CARTESIAN_POINT('',(5.4,-4.5));
#8330 = CARTESIAN_POINT('',(0.,-4.5));
#8331 = ( GEOMETRIC_REPRESENTATION_CONTEXT(2) 
PARAMETRIC_REPRESENTATION_CONTEXT() REPRESENTATION_CONTEXT('2D SPACE',''
  ) );
#8332 = PCURVE('',#4563,#8333);
#8333 = DEFINITIONAL_REPRESENTATION('',(#8334),#8337);
#8334 = B_SPLINE_CURVE_WITH_KNOTS('',1,(#8335,#8336),.UNSPECIFIED.,.F.,
  .F.,(2,2),(-7.55,-2.15),.PIECEWISE_BEZIER_KNOTS.);
#8335 = CARTESIAN_POINT('',(9.7,13.7));
#8336 = CARTESIAN_POINT('',(4.3,13.7));
#8337 = ( GEOMETRIC_REPRESENTATION_CONTEXT(2) 
PARAMETRIC_REPRESENTATION_CONTEXT() REPRESENTATION_CONTEXT('2D SPACE',''
  ) );
#8338 = ADVANCED_FACE('',(#8339),#2363,.T.);
#8339 = FACE_BOUND('',#8340,.T.);
#8340 = EDGE_LOOP('',(#8341,#8364,#8365,#8366));
#8341 = ORIENTED_EDGE('',*,*,#8342,.F.);
#8342 = EDGE_CURVE('',#2323,#8343,#8345,.T.);
#8343 = VERTEX_POINT('',#8344);
#8344 = CARTESIAN_POINT('',(272.15,4.5,127.6));
#8345 = SURFACE_CURVE('',#8346,(#8350,#8357),.PCURVE_S1.);
#8346 = LINE('',#8347,#8348);
#8347 = CARTESIAN_POINT('',(272.15,0.,127.6));
#8348 = VECTOR('',#8349,1.);
#8349 = DIRECTION('',(-0.,1.,0.));
#8350 = PCURVE('',#2363,#8351);
#8351 = DEFINITIONAL_REPRESENTATION('',(#8352),#8356);
#8352 = LINE('',#8353,#8354);
#8353 = CARTESIAN_POINT('',(0.,0.));
#8354 = VECTOR('',#8355,1.);
#8355 = DIRECTION('',(0.,1.));
#8356 = ( GEOMETRIC_REPRESENTATION_CONTEXT(2) 
PARAMETRIC_REPRESENTATION_CONTEXT() REPRESENTATION_CONTEXT('2D SPACE',''
  ) );
#8357 = PCURVE('',#2337,#8358);
#8358 = DEFINITIONAL_REPRESENTATION('',(#8359),#8363);
#8359 = LINE('',#8360,#8361);
#8360 = CARTESIAN_POINT('',(0.,0.));
#8361 = VECTOR('',#8362,1.);
#8362 = DIRECTION('',(0.,-1.));
#8363 = ( GEOMETRIC_REPRESENTATION_CONTEXT(2) 
PARAMETRIC_REPRESENTATION_CONTEXT() REPRESENTATION_CONTEXT('2D SPACE',''
  ) );
#8364 = ORIENTED_EDGE('',*,*,#2348,.T.);
#8365 = ORIENTED_EDGE('',*,*,#8297,.T.);
#8366 = ORIENTED_EDGE('',*,*,#8367,.F.);
#8367 = EDGE_CURVE('',#8343,#8298,#8368,.T.);
#8368 = SURFACE_CURVE('',#8369,(#8373,#8379),.PCURVE_S1.);
#8369 = LINE('',#8370,#8371);
#8370 = CARTESIAN_POINT('',(266.5,4.5,127.6));
#8371 = VECTOR('',#8372,1.);
#8372 = DIRECTION('',(1.,0.,-0.));
#8373 = PCURVE('',#2363,#8374);
#8374 = DEFINITIONAL_REPRESENTATION('',(#8375),#8378);
#8375 = B_SPLINE_CURVE_WITH_KNOTS('',1,(#8376,#8377),.UNSPECIFIED.,.F.,
  .F.,(2,2),(5.65,8.05),.PIECEWISE_BEZIER_KNOTS.);
#8376 = CARTESIAN_POINT('',(0.,4.5));
#8377 = CARTESIAN_POINT('',(2.4,4.5));
#8378 = ( GEOMETRIC_REPRESENTATION_CONTEXT(2) 
PARAMETRIC_REPRESENTATION_CONTEXT() REPRESENTATION_CONTEXT('2D SPACE',''
  ) );
#8379 = PCURVE('',#4563,#8380);
#8380 = DEFINITIONAL_REPRESENTATION('',(#8381),#8384);
#8381 = B_SPLINE_CURVE_WITH_KNOTS('',1,(#8382,#8383),.UNSPECIFIED.,.F.,
  .F.,(2,2),(5.65,8.05),.PIECEWISE_BEZIER_KNOTS.);
#8382 = CARTESIAN_POINT('',(4.3,11.3));
#8383 = CARTESIAN_POINT('',(4.3,13.7));
#8384 = ( GEOMETRIC_REPRESENTATION_CONTEXT(2) 
PARAMETRIC_REPRESENTATION_CONTEXT() REPRESENTATION_CONTEXT('2D SPACE',''
  ) );
#8385 = ADVANCED_FACE('',(#8386),#2337,.T.);
#8386 = FACE_BOUND('',#8387,.T.);
#8387 = EDGE_LOOP('',(#8388,#8389,#8390,#8391));
#8388 = ORIENTED_EDGE('',*,*,#8226,.F.);
#8389 = ORIENTED_EDGE('',*,*,#2322,.T.);
#8390 = ORIENTED_EDGE('',*,*,#8342,.T.);
#8391 = ORIENTED_EDGE('',*,*,#8392,.F.);
#8392 = EDGE_CURVE('',#8227,#8343,#8393,.T.);
#8393 = SURFACE_CURVE('',#8394,(#8398,#8404),.PCURVE_S1.);
#8394 = LINE('',#8395,#8396);
#8395 = CARTESIAN_POINT('',(272.15,4.5,125.45));
#8396 = VECTOR('',#8397,1.);
#8397 = DIRECTION('',(-0.,0.,-1.));
#8398 = PCURVE('',#2337,#8399);
#8399 = DEFINITIONAL_REPRESENTATION('',(#8400),#8403);
#8400 = B_SPLINE_CURVE_WITH_KNOTS('',1,(#8401,#8402),.UNSPECIFIED.,.F.,
  .F.,(2,2),(-7.55,-2.15),.PIECEWISE_BEZIER_KNOTS.);
#8401 = CARTESIAN_POINT('',(5.4,-4.5));
#8402 = CARTESIAN_POINT('',(0.,-4.5));
#8403 = ( GEOMETRIC_REPRESENTATION_CONTEXT(2) 
PARAMETRIC_REPRESENTATION_CONTEXT() REPRESENTATION_CONTEXT('2D SPACE',''
  ) );
#8404 = PCURVE('',#4563,#8405);
#8405 = DEFINITIONAL_REPRESENTATION('',(#8406),#8409);
#8406 = B_SPLINE_CURVE_WITH_KNOTS('',1,(#8407,#8408),.UNSPECIFIED.,.F.,
  .F.,(2,2),(-7.55,-2.15),.PIECEWISE_BEZIER_KNOTS.);
#8407 = CARTESIAN_POINT('',(9.7,11.3));
#8408 = CARTESIAN_POINT('',(4.3,11.3));
#8409 = ( GEOMETRIC_REPRESENTATION_CONTEXT(2) 
PARAMETRIC_REPRESENTATION_CONTEXT() REPRESENTATION_CONTEXT('2D SPACE',''
  ) );
#8410 = ADVANCED_FACE('',(#8411),#2440,.F.);
#8411 = FACE_BOUND('',#8412,.F.);
#8412 = EDGE_LOOP('',(#8413,#8414,#8415,#8436,#8462,#8488,#8511,#8537,
    #8563,#8589,#8617,#8636,#8637,#8660));
#8413 = ORIENTED_EDGE('',*,*,#2424,.F.);
#8414 = ORIENTED_EDGE('',*,*,#2786,.T.);
#8415 = ORIENTED_EDGE('',*,*,#8416,.T.);
#8416 = EDGE_CURVE('',#2787,#8417,#8419,.T.);
#8417 = VERTEX_POINT('',#8418);
#8418 = CARTESIAN_POINT('',(260.85,3.9,81.8));
#8419 = SURFACE_CURVE('',#8420,(#8424,#8430),.PCURVE_S1.);
#8420 = LINE('',#8421,#8422);
#8421 = CARTESIAN_POINT('',(262.025,2.725,81.8));
#8422 = VECTOR('',#8423,1.);
#8423 = DIRECTION('',(-0.707106781187,0.707106781187,0.));
#8424 = PCURVE('',#2440,#8425);
#8425 = DEFINITIONAL_REPRESENTATION('',(#8426),#8429);
#8426 = B_SPLINE_CURVE_WITH_KNOTS('',1,(#8427,#8428),.UNSPECIFIED.,.F.,
  .F.,(2,2),(0.388908729653,1.661700935788),.PIECEWISE_BEZIER_KNOTS.);
#8427 = CARTESIAN_POINT('',(0.,-51.5));
#8428 = CARTESIAN_POINT('',(1.272792206136,-51.5));
#8429 = ( GEOMETRIC_REPRESENTATION_CONTEXT(2) 
PARAMETRIC_REPRESENTATION_CONTEXT() REPRESENTATION_CONTEXT('2D SPACE',''
  ) );
#8430 = PCURVE('',#2825,#8431);
#8431 = DEFINITIONAL_REPRESENTATION('',(#8432),#8435);
#8432 = B_SPLINE_CURVE_WITH_KNOTS('',1,(#8433,#8434),.UNSPECIFIED.,.F.,
  .F.,(2,2),(0.388908729653,1.661700935788),.PIECEWISE_BEZIER_KNOTS.);
#8433 = CARTESIAN_POINT('',(0.9,2.));
#8434 = CARTESIAN_POINT('',(-2.165269935266E-16,2.9));
#8435 = ( GEOMETRIC_REPRESENTATION_CONTEXT(2) 
PARAMETRIC_REPRESENTATION_CONTEXT() REPRESENTATION_CONTEXT('2D SPACE',''
  ) );
#8436 = ORIENTED_EDGE('',*,*,#8437,.T.);
#8437 = EDGE_CURVE('',#8417,#8438,#8440,.T.);
#8438 = VERTEX_POINT('',#8439);
#8439 = CARTESIAN_POINT('',(260.85,3.9,95.8));
#8440 = SURFACE_CURVE('',#8441,(#8445,#8451),.PCURVE_S1.);
#8441 = LINE('',#8442,#8443);
#8442 = CARTESIAN_POINT('',(260.85,3.9,56.05));
#8443 = VECTOR('',#8444,1.);
#8444 = DIRECTION('',(0.,0.,1.));
#8445 = PCURVE('',#2440,#8446);
#8446 = DEFINITIONAL_REPRESENTATION('',(#8447),#8450);
#8447 = B_SPLINE_CURVE_WITH_KNOTS('',1,(#8448,#8449),.UNSPECIFIED.,.F.,
  .F.,(2,2),(25.75,39.75),.PIECEWISE_BEZIER_KNOTS.);
#8448 = CARTESIAN_POINT('',(1.272792206136,-51.5));
#8449 = CARTESIAN_POINT('',(1.272792206136,-65.5));
#8450 = ( GEOMETRIC_REPRESENTATION_CONTEXT(2) 
PARAMETRIC_REPRESENTATION_CONTEXT() REPRESENTATION_CONTEXT('2D SPACE',''
  ) );
#8451 = PCURVE('',#8452,#8457);
#8452 = PLANE('',#8453);
#8453 = AXIS2_PLACEMENT_3D('',#8454,#8455,#8456);
#8454 = CARTESIAN_POINT('',(260.85,1.,81.8));
#8455 = DIRECTION('',(1.,0.,-0.));
#8456 = DIRECTION('',(0.,0.,1.));
#8457 = DEFINITIONAL_REPRESENTATION('',(#8458),#8461);
#8458 = B_SPLINE_CURVE_WITH_KNOTS('',1,(#8459,#8460),.UNSPECIFIED.,.F.,
  .F.,(2,2),(25.75,39.75),.PIECEWISE_BEZIER_KNOTS.);
#8459 = CARTESIAN_POINT('',(0.,-2.9));
#8460 = CARTESIAN_POINT('',(14.,-2.9));
#8461 = ( GEOMETRIC_REPRESENTATION_CONTEXT(2) 
PARAMETRIC_REPRESENTATION_CONTEXT() REPRESENTATION_CONTEXT('2D SPACE',''
  ) );
#8462 = ORIENTED_EDGE('',*,*,#8463,.F.);
#8463 = EDGE_CURVE('',#8464,#8438,#8466,.T.);
#8464 = VERTEX_POINT('',#8465);
#8465 = CARTESIAN_POINT('',(261.75,3.,95.8));
#8466 = SURFACE_CURVE('',#8467,(#8471,#8477),.PCURVE_S1.);
#8467 = LINE('',#8468,#8469);
#8468 = CARTESIAN_POINT('',(262.025,2.725,95.8));
#8469 = VECTOR('',#8470,1.);
#8470 = DIRECTION('',(-0.707106781187,0.707106781187,0.));
#8471 = PCURVE('',#2440,#8472);
#8472 = DEFINITIONAL_REPRESENTATION('',(#8473),#8476);
#8473 = B_SPLINE_CURVE_WITH_KNOTS('',1,(#8474,#8475),.UNSPECIFIED.,.F.,
  .F.,(2,2),(0.388908729653,1.661700935788),.PIECEWISE_BEZIER_KNOTS.);
#8474 = CARTESIAN_POINT('',(0.,-65.5));
#8475 = CARTESIAN_POINT('',(1.272792206136,-65.5));
#8476 = ( GEOMETRIC_REPRESENTATION_CONTEXT(2) 
PARAMETRIC_REPRESENTATION_CONTEXT() REPRESENTATION_CONTEXT('2D SPACE',''
  ) );
#8477 = PCURVE('',#8478,#8483);
#8478 = PLANE('',#8479);
#8479 = AXIS2_PLACEMENT_3D('',#8480,#8481,#8482);
#8480 = CARTESIAN_POINT('',(260.85,1.,95.8));
#8481 = DIRECTION('',(0.,0.,1.));
#8482 = DIRECTION('',(1.,0.,-0.));
#8483 = DEFINITIONAL_REPRESENTATION('',(#8484),#8487);
#8484 = B_SPLINE_CURVE_WITH_KNOTS('',1,(#8485,#8486),.UNSPECIFIED.,.F.,
  .F.,(2,2),(0.388908729653,1.661700935788),.PIECEWISE_BEZIER_KNOTS.);
#8485 = CARTESIAN_POINT('',(0.9,2.));
#8486 = CARTESIAN_POINT('',(-2.165269935266E-16,2.9));
#8487 = ( GEOMETRIC_REPRESENTATION_CONTEXT(2) 
PARAMETRIC_REPRESENTATION_CONTEXT() REPRESENTATION_CONTEXT('2D SPACE',''
  ) );
#8488 = ORIENTED_EDGE('',*,*,#8489,.T.);
#8489 = EDGE_CURVE('',#8464,#8490,#8492,.T.);
#8490 = VERTEX_POINT('',#8491);
#8491 = CARTESIAN_POINT('',(261.75,3.,106.3));
#8492 = SURFACE_CURVE('',#8493,(#8497,#8504),.PCURVE_S1.);
#8493 = LINE('',#8494,#8495);
#8494 = CARTESIAN_POINT('',(261.75,3.,30.3));
#8495 = VECTOR('',#8496,1.);
#8496 = DIRECTION('',(0.,0.,1.));
#8497 = PCURVE('',#2440,#8498);
#8498 = DEFINITIONAL_REPRESENTATION('',(#8499),#8503);
#8499 = LINE('',#8500,#8501);
#8500 = CARTESIAN_POINT('',(0.,0.));
#8501 = VECTOR('',#8502,1.);
#8502 = DIRECTION('',(0.,-1.));
#8503 = ( GEOMETRIC_REPRESENTATION_CONTEXT(2) 
PARAMETRIC_REPRESENTATION_CONTEXT() REPRESENTATION_CONTEXT('2D SPACE',''
  ) );
#8504 = PCURVE('',#4488,#8505);
#8505 = DEFINITIONAL_REPRESENTATION('',(#8506),#8510);
#8506 = LINE('',#8507,#8508);
#8507 = CARTESIAN_POINT('',(0.,41.));
#8508 = VECTOR('',#8509,1.);
#8509 = DIRECTION('',(1.,0.));
#8510 = ( GEOMETRIC_REPRESENTATION_CONTEXT(2) 
PARAMETRIC_REPRESENTATION_CONTEXT() REPRESENTATION_CONTEXT('2D SPACE',''
  ) );
#8511 = ORIENTED_EDGE('',*,*,#8512,.T.);
#8512 = EDGE_CURVE('',#8490,#8513,#8515,.T.);
#8513 = VERTEX_POINT('',#8514);
#8514 = CARTESIAN_POINT('',(260.85,3.9,106.3));
#8515 = SURFACE_CURVE('',#8516,(#8520,#8526),.PCURVE_S1.);
#8516 = LINE('',#8517,#8518);
#8517 = CARTESIAN_POINT('',(262.025,2.725,106.3));
#8518 = VECTOR('',#8519,1.);
#8519 = DIRECTION('',(-0.707106781187,0.707106781187,0.));
#8520 = PCURVE('',#2440,#8521);
#8521 = DEFINITIONAL_REPRESENTATION('',(#8522),#8525);
#8522 = B_SPLINE_CURVE_WITH_KNOTS('',1,(#8523,#8524),.UNSPECIFIED.,.F.,
  .F.,(2,2),(0.388908729653,1.661700935788),.PIECEWISE_BEZIER_KNOTS.);
#8523 = CARTESIAN_POINT('',(0.,-76.));
#8524 = CARTESIAN_POINT('',(1.272792206136,-76.));
#8525 = ( GEOMETRIC_REPRESENTATION_CONTEXT(2) 
PARAMETRIC_REPRESENTATION_CONTEXT() REPRESENTATION_CONTEXT('2D SPACE',''
  ) );
#8526 = PCURVE('',#8527,#8532);
#8527 = PLANE('',#8528);
#8528 = AXIS2_PLACEMENT_3D('',#8529,#8530,#8531);
#8529 = CARTESIAN_POINT('',(260.85,1.,106.3));
#8530 = DIRECTION('',(0.,0.,1.));
#8531 = DIRECTION('',(1.,0.,-0.));
#8532 = DEFINITIONAL_REPRESENTATION('',(#8533),#8536);
#8533 = B_SPLINE_CURVE_WITH_KNOTS('',1,(#8534,#8535),.UNSPECIFIED.,.F.,
  .F.,(2,2),(0.388908729653,1.661700935788),.PIECEWISE_BEZIER_KNOTS.);
#8534 = CARTESIAN_POINT('',(0.9,2.));
#8535 = CARTESIAN_POINT('',(-2.165269935266E-16,2.9));
#8536 = ( GEOMETRIC_REPRESENTATION_CONTEXT(2) 
PARAMETRIC_REPRESENTATION_CONTEXT() REPRESENTATION_CONTEXT('2D SPACE',''
  ) );
#8537 = ORIENTED_EDGE('',*,*,#8538,.T.);
#8538 = EDGE_CURVE('',#8513,#8539,#8541,.T.);
#8539 = VERTEX_POINT('',#8540);
#8540 = CARTESIAN_POINT('',(260.85,3.9,120.3));
#8541 = SURFACE_CURVE('',#8542,(#8546,#8552),.PCURVE_S1.);
#8542 = LINE('',#8543,#8544);
#8543 = CARTESIAN_POINT('',(260.85,3.9,68.3));
#8544 = VECTOR('',#8545,1.);
#8545 = DIRECTION('',(0.,0.,1.));
#8546 = PCURVE('',#2440,#8547);
#8547 = DEFINITIONAL_REPRESENTATION('',(#8548),#8551);
#8548 = B_SPLINE_CURVE_WITH_KNOTS('',1,(#8549,#8550),.UNSPECIFIED.,.F.,
  .F.,(2,2),(38.,52.),.PIECEWISE_BEZIER_KNOTS.);
#8549 = CARTESIAN_POINT('',(1.272792206136,-76.));
#8550 = CARTESIAN_POINT('',(1.272792206136,-90.));
#8551 = ( GEOMETRIC_REPRESENTATION_CONTEXT(2) 
PARAMETRIC_REPRESENTATION_CONTEXT() REPRESENTATION_CONTEXT('2D SPACE',''
  ) );
#8552 = PCURVE('',#8553,#8558);
#8553 = PLANE('',#8554);
#8554 = AXIS2_PLACEMENT_3D('',#8555,#8556,#8557);
#8555 = CARTESIAN_POINT('',(260.85,1.,106.3));
#8556 = DIRECTION('',(1.,0.,-0.));
#8557 = DIRECTION('',(0.,0.,1.));
#8558 = DEFINITIONAL_REPRESENTATION('',(#8559),#8562);
#8559 = B_SPLINE_CURVE_WITH_KNOTS('',1,(#8560,#8561),.UNSPECIFIED.,.F.,
  .F.,(2,2),(38.,52.),.PIECEWISE_BEZIER_KNOTS.);
#8560 = CARTESIAN_POINT('',(0.,-2.9));
#8561 = CARTESIAN_POINT('',(14.,-2.9));
#8562 = ( GEOMETRIC_REPRESENTATION_CONTEXT(2) 
PARAMETRIC_REPRESENTATION_CONTEXT() REPRESENTATION_CONTEXT('2D SPACE',''
  ) );
#8563 = ORIENTED_EDGE('',*,*,#8564,.F.);
#8564 = EDGE_CURVE('',#8565,#8539,#8567,.T.);
#8565 = VERTEX_POINT('',#8566);
#8566 = CARTESIAN_POINT('',(261.75,3.,120.3));
#8567 = SURFACE_CURVE('',#8568,(#8572,#8578),.PCURVE_S1.);
#8568 = LINE('',#8569,#8570);
#8569 = CARTESIAN_POINT('',(262.025,2.725,120.3));
#8570 = VECTOR('',#8571,1.);
#8571 = DIRECTION('',(-0.707106781187,0.707106781187,0.));
#8572 = PCURVE('',#2440,#8573);
#8573 = DEFINITIONAL_REPRESENTATION('',(#8574),#8577);
#8574 = B_SPLINE_CURVE_WITH_KNOTS('',1,(#8575,#8576),.UNSPECIFIED.,.F.,
  .F.,(2,2),(0.388908729653,1.661700935788),.PIECEWISE_BEZIER_KNOTS.);
#8575 = CARTESIAN_POINT('',(0.,-90.));
#8576 = CARTESIAN_POINT('',(1.272792206136,-90.));
#8577 = ( GEOMETRIC_REPRESENTATION_CONTEXT(2) 
PARAMETRIC_REPRESENTATION_CONTEXT() REPRESENTATION_CONTEXT('2D SPACE',''
  ) );
#8578 = PCURVE('',#8579,#8584);
#8579 = PLANE('',#8580);
#8580 = AXIS2_PLACEMENT_3D('',#8581,#8582,#8583);
#8581 = CARTESIAN_POINT('',(260.85,1.,120.3));
#8582 = DIRECTION('',(0.,0.,1.));
#8583 = DIRECTION('',(1.,0.,-0.));
#8584 = DEFINITIONAL_REPRESENTATION('',(#8585),#8588);
#8585 = B_SPLINE_CURVE_WITH_KNOTS('',1,(#8586,#8587),.UNSPECIFIED.,.F.,
  .F.,(2,2),(0.388908729653,1.661700935788),.PIECEWISE_BEZIER_KNOTS.);
#8586 = CARTESIAN_POINT('',(0.9,2.));
#8587 = CARTESIAN_POINT('',(-2.165269935266E-16,2.9));
#8588 = ( GEOMETRIC_REPRESENTATION_CONTEXT(2) 
PARAMETRIC_REPRESENTATION_CONTEXT() REPRESENTATION_CONTEXT('2D SPACE',''
  ) );
#8589 = ORIENTED_EDGE('',*,*,#8590,.T.);
#8590 = EDGE_CURVE('',#8565,#8591,#8593,.T.);
#8591 = VERTEX_POINT('',#8592);
#8592 = CARTESIAN_POINT('',(261.75,3.,123.3));
#8593 = SURFACE_CURVE('',#8594,(#8598,#8605),.PCURVE_S1.);
#8594 = LINE('',#8595,#8596);
#8595 = CARTESIAN_POINT('',(261.75,3.,30.3));
#8596 = VECTOR('',#8597,1.);
#8597 = DIRECTION('',(0.,0.,1.));
#8598 = PCURVE('',#2440,#8599);
#8599 = DEFINITIONAL_REPRESENTATION('',(#8600),#8604);
#8600 = LINE('',#8601,#8602);
#8601 = CARTESIAN_POINT('',(0.,0.));
#8602 = VECTOR('',#8603,1.);
#8603 = DIRECTION('',(0.,-1.));
#8604 = ( GEOMETRIC_REPRESENTATION_CONTEXT(2) 
PARAMETRIC_REPRESENTATION_CONTEXT() REPRESENTATION_CONTEXT('2D SPACE',''
  ) );
#8605 = PCURVE('',#8606,#8611);
#8606 = PLANE('',#8607);
#8607 = AXIS2_PLACEMENT_3D('',#8608,#8609,#8610);
#8608 = CARTESIAN_POINT('',(220.75,3.,30.3));
#8609 = DIRECTION('',(-0.,1.,0.));
#8610 = DIRECTION('',(0.,0.,1.));
#8611 = DEFINITIONAL_REPRESENTATION('',(#8612),#8616);
#8612 = LINE('',#8613,#8614);
#8613 = CARTESIAN_POINT('',(0.,41.));
#8614 = VECTOR('',#8615,1.);
#8615 = DIRECTION('',(1.,0.));
#8616 = ( GEOMETRIC_REPRESENTATION_CONTEXT(2) 
PARAMETRIC_REPRESENTATION_CONTEXT() REPRESENTATION_CONTEXT('2D SPACE',''
  ) );
#8617 = ORIENTED_EDGE('',*,*,#8618,.T.);
#8618 = EDGE_CURVE('',#8591,#6103,#8619,.T.);
#8619 = SURFACE_CURVE('',#8620,(#8624,#8630),.PCURVE_S1.);
#8620 = LINE('',#8621,#8622);
#8621 = CARTESIAN_POINT('',(262.025,2.725,123.3));
#8622 = VECTOR('',#8623,1.);
#8623 = DIRECTION('',(-0.707106781187,0.707106781187,0.));
#8624 = PCURVE('',#2440,#8625);
#8625 = DEFINITIONAL_REPRESENTATION('',(#8626),#8629);
#8626 = B_SPLINE_CURVE_WITH_KNOTS('',1,(#8627,#8628),.UNSPECIFIED.,.F.,
  .F.,(2,2),(0.388908729653,1.661700935788),.PIECEWISE_BEZIER_KNOTS.);
#8627 = CARTESIAN_POINT('',(0.,-93.));
#8628 = CARTESIAN_POINT('',(1.272792206136,-93.));
#8629 = ( GEOMETRIC_REPRESENTATION_CONTEXT(2) 
PARAMETRIC_REPRESENTATION_CONTEXT() REPRESENTATION_CONTEXT('2D SPACE',''
  ) );
#8630 = PCURVE('',#6139,#8631);
#8631 = DEFINITIONAL_REPRESENTATION('',(#8632),#8635);
#8632 = B_SPLINE_CURVE_WITH_KNOTS('',1,(#8633,#8634),.UNSPECIFIED.,.F.,
  .F.,(2,2),(0.388908729653,1.661700935788),.PIECEWISE_BEZIER_KNOTS.);
#8633 = CARTESIAN_POINT('',(0.9,2.));
#8634 = CARTESIAN_POINT('',(-2.165269935266E-16,2.9));
#8635 = ( GEOMETRIC_REPRESENTATION_CONTEXT(2) 
PARAMETRIC_REPRESENTATION_CONTEXT() REPRESENTATION_CONTEXT('2D SPACE',''
  ) );
#8636 = ORIENTED_EDGE('',*,*,#6102,.T.);
#8637 = ORIENTED_EDGE('',*,*,#8638,.T.);
#8638 = EDGE_CURVE('',#6076,#8639,#8641,.T.);
#8639 = VERTEX_POINT('',#8640);
#8640 = CARTESIAN_POINT('',(260.25,4.5,133.4));
#8641 = SURFACE_CURVE('',#8642,(#8646,#8653),.PCURVE_S1.);
#8642 = LINE('',#8643,#8644);
#8643 = CARTESIAN_POINT('',(261.75,3.,133.4));
#8644 = VECTOR('',#8645,1.);
#8645 = DIRECTION('',(-0.707106781187,0.707106781187,0.));
#8646 = PCURVE('',#2440,#8647);
#8647 = DEFINITIONAL_REPRESENTATION('',(#8648),#8652);
#8648 = LINE('',#8649,#8650);
#8649 = CARTESIAN_POINT('',(0.,-103.1));
#8650 = VECTOR('',#8651,1.);
#8651 = DIRECTION('',(1.,0.));
#8652 = ( GEOMETRIC_REPRESENTATION_CONTEXT(2) 
PARAMETRIC_REPRESENTATION_CONTEXT() REPRESENTATION_CONTEXT('2D SPACE',''
  ) );
#8653 = PCURVE('',#6090,#8654);
#8654 = DEFINITIONAL_REPRESENTATION('',(#8655),#8659);
#8655 = LINE('',#8656,#8657);
#8656 = CARTESIAN_POINT('',(0.96966991411,-0.53033008589));
#8657 = VECTOR('',#8658,1.);
#8658 = DIRECTION('',(-0.707106781187,0.707106781187));
#8659 = ( GEOMETRIC_REPRESENTATION_CONTEXT(2) 
PARAMETRIC_REPRESENTATION_CONTEXT() REPRESENTATION_CONTEXT('2D SPACE',''
  ) );
#8660 = ORIENTED_EDGE('',*,*,#8661,.F.);
#8661 = EDGE_CURVE('',#2425,#8639,#8662,.T.);
#8662 = SURFACE_CURVE('',#8663,(#8667,#8674),.PCURVE_S1.);
#8663 = LINE('',#8664,#8665);
#8664 = CARTESIAN_POINT('',(260.25,4.5,30.3));
#8665 = VECTOR('',#8666,1.);
#8666 = DIRECTION('',(0.,0.,1.));
#8667 = PCURVE('',#2440,#8668);
#8668 = DEFINITIONAL_REPRESENTATION('',(#8669),#8673);
#8669 = LINE('',#8670,#8671);
#8670 = CARTESIAN_POINT('',(2.12132034356,0.));
#8671 = VECTOR('',#8672,1.);
#8672 = DIRECTION('',(0.,-1.));
#8673 = ( GEOMETRIC_REPRESENTATION_CONTEXT(2) 
PARAMETRIC_REPRESENTATION_CONTEXT() REPRESENTATION_CONTEXT('2D SPACE',''
  ) );
#8674 = PCURVE('',#2468,#8675);
#8675 = DEFINITIONAL_REPRESENTATION('',(#8676),#8680);
#8676 = LINE('',#8677,#8678);
#8677 = CARTESIAN_POINT('',(0.,-2.));
#8678 = VECTOR('',#8679,1.);
#8679 = DIRECTION('',(1.,0.));
#8680 = ( GEOMETRIC_REPRESENTATION_CONTEXT(2) 
PARAMETRIC_REPRESENTATION_CONTEXT() REPRESENTATION_CONTEXT('2D SPACE',''
  ) );
#8681 = ADVANCED_FACE('',(#8682),#2468,.T.);
#8682 = FACE_BOUND('',#8683,.T.);
#8683 = EDGE_LOOP('',(#8684,#8707,#8708,#8709,#8732,#8760,#8788,#8816));
#8684 = ORIENTED_EDGE('',*,*,#8685,.F.);
#8685 = EDGE_CURVE('',#8639,#8686,#8688,.T.);
#8686 = VERTEX_POINT('',#8687);
#8687 = CARTESIAN_POINT('',(260.25,10.,133.4));
#8688 = SURFACE_CURVE('',#8689,(#8693,#8700),.PCURVE_S1.);
#8689 = LINE('',#8690,#8691);
#8690 = CARTESIAN_POINT('',(260.25,2.5,133.4));
#8691 = VECTOR('',#8692,1.);
#8692 = DIRECTION('',(-0.,1.,0.));
#8693 = PCURVE('',#2468,#8694);
#8694 = DEFINITIONAL_REPRESENTATION('',(#8695),#8699);
#8695 = LINE('',#8696,#8697);
#8696 = CARTESIAN_POINT('',(103.1,0.));
#8697 = VECTOR('',#8698,1.);
#8698 = DIRECTION('',(0.,-1.));
#8699 = ( GEOMETRIC_REPRESENTATION_CONTEXT(2) 
PARAMETRIC_REPRESENTATION_CONTEXT() REPRESENTATION_CONTEXT('2D SPACE',''
  ) );
#8700 = PCURVE('',#6090,#8701);
#8701 = DEFINITIONAL_REPRESENTATION('',(#8702),#8706);
#8702 = LINE('',#8703,#8704);
#8703 = CARTESIAN_POINT('',(-0.53033008589,-1.03033008589));
#8704 = VECTOR('',#8705,1.);
#8705 = DIRECTION('',(0.,1.));
#8706 = ( GEOMETRIC_REPRESENTATION_CONTEXT(2) 
PARAMETRIC_REPRESENTATION_CONTEXT() REPRESENTATION_CONTEXT('2D SPACE',''
  ) );
#8707 = ORIENTED_EDGE('',*,*,#8661,.F.);
#8708 = ORIENTED_EDGE('',*,*,#2452,.T.);
#8709 = ORIENTED_EDGE('',*,*,#8710,.T.);
#8710 = EDGE_CURVE('',#2453,#8711,#8713,.T.);
#8711 = VERTEX_POINT('',#8712);
#8712 = CARTESIAN_POINT('',(260.25,10.,65.1));
#8713 = SURFACE_CURVE('',#8714,(#8718,#8725),.PCURVE_S1.);
#8714 = LINE('',#8715,#8716);
#8715 = CARTESIAN_POINT('',(260.25,10.,30.3));
#8716 = VECTOR('',#8717,1.);
#8717 = DIRECTION('',(0.,0.,1.));
#8718 = PCURVE('',#2468,#8719);
#8719 = DEFINITIONAL_REPRESENTATION('',(#8720),#8724);
#8720 = LINE('',#8721,#8722);
#8721 = CARTESIAN_POINT('',(0.,-7.5));
#8722 = VECTOR('',#8723,1.);
#8723 = DIRECTION('',(1.,0.));
#8724 = ( GEOMETRIC_REPRESENTATION_CONTEXT(2) 
PARAMETRIC_REPRESENTATION_CONTEXT() REPRESENTATION_CONTEXT('2D SPACE',''
  ) );
#8725 = PCURVE('',#2496,#8726);
#8726 = DEFINITIONAL_REPRESENTATION('',(#8727),#8731);
#8727 = LINE('',#8728,#8729);
#8728 = CARTESIAN_POINT('',(0.,6.));
#8729 = VECTOR('',#8730,1.);
#8730 = DIRECTION('',(1.,0.));
#8731 = ( GEOMETRIC_REPRESENTATION_CONTEXT(2) 
PARAMETRIC_REPRESENTATION_CONTEXT() REPRESENTATION_CONTEXT('2D SPACE',''
  ) );
#8732 = ORIENTED_EDGE('',*,*,#8733,.T.);
#8733 = EDGE_CURVE('',#8711,#8734,#8736,.T.);
#8734 = VERTEX_POINT('',#8735);
#8735 = CARTESIAN_POINT('',(260.25,11.5,65.1));
#8736 = SURFACE_CURVE('',#8737,(#8741,#8748),.PCURVE_S1.);
#8737 = LINE('',#8738,#8739);
#8738 = CARTESIAN_POINT('',(260.25,9.9,65.1));
#8739 = VECTOR('',#8740,1.);
#8740 = DIRECTION('',(-0.,1.,0.));
#8741 = PCURVE('',#2468,#8742);
#8742 = DEFINITIONAL_REPRESENTATION('',(#8743),#8747);
#8743 = LINE('',#8744,#8745);
#8744 = CARTESIAN_POINT('',(34.8,-7.4));
#8745 = VECTOR('',#8746,1.);
#8746 = DIRECTION('',(0.,-1.));
#8747 = ( GEOMETRIC_REPRESENTATION_CONTEXT(2) 
PARAMETRIC_REPRESENTATION_CONTEXT() REPRESENTATION_CONTEXT('2D SPACE',''
  ) );
#8748 = PCURVE('',#8749,#8754);
#8749 = PLANE('',#8750);
#8750 = AXIS2_PLACEMENT_3D('',#8751,#8752,#8753);
#8751 = CARTESIAN_POINT('',(254.25,9.9,65.1));
#8752 = DIRECTION('',(0.,0.,1.));
#8753 = DIRECTION('',(1.,0.,-0.));
#8754 = DEFINITIONAL_REPRESENTATION('',(#8755),#8759);
#8755 = LINE('',#8756,#8757);
#8756 = CARTESIAN_POINT('',(6.,0.));
#8757 = VECTOR('',#8758,1.);
#8758 = DIRECTION('',(0.,1.));
#8759 = ( GEOMETRIC_REPRESENTATION_CONTEXT(2) 
PARAMETRIC_REPRESENTATION_CONTEXT() REPRESENTATION_CONTEXT('2D SPACE',''
  ) );
#8760 = ORIENTED_EDGE('',*,*,#8761,.T.);
#8761 = EDGE_CURVE('',#8734,#8762,#8764,.T.);
#8762 = VERTEX_POINT('',#8763);
#8763 = CARTESIAN_POINT('',(260.25,11.5,68.6));
#8764 = SURFACE_CURVE('',#8765,(#8769,#8776),.PCURVE_S1.);
#8765 = LINE('',#8766,#8767);
#8766 = CARTESIAN_POINT('',(260.25,11.5,65.1));
#8767 = VECTOR('',#8768,1.);
#8768 = DIRECTION('',(0.,0.,1.));
#8769 = PCURVE('',#2468,#8770);
#8770 = DEFINITIONAL_REPRESENTATION('',(#8771),#8775);
#8771 = LINE('',#8772,#8773);
#8772 = CARTESIAN_POINT('',(34.8,-9.));
#8773 = VECTOR('',#8774,1.);
#8774 = DIRECTION('',(1.,0.));
#8775 = ( GEOMETRIC_REPRESENTATION_CONTEXT(2) 
PARAMETRIC_REPRESENTATION_CONTEXT() REPRESENTATION_CONTEXT('2D SPACE',''
  ) );
#8776 = PCURVE('',#8777,#8782);
#8777 = PLANE('',#8778);
#8778 = AXIS2_PLACEMENT_3D('',#8779,#8780,#8781);
#8779 = CARTESIAN_POINT('',(254.25,11.5,65.1));
#8780 = DIRECTION('',(-0.,1.,0.));
#8781 = DIRECTION('',(0.,0.,1.));
#8782 = DEFINITIONAL_REPRESENTATION('',(#8783),#8787);
#8783 = LINE('',#8784,#8785);
#8784 = CARTESIAN_POINT('',(0.,6.));
#8785 = VECTOR('',#8786,1.);
#8786 = DIRECTION('',(1.,0.));
#8787 = ( GEOMETRIC_REPRESENTATION_CONTEXT(2) 
PARAMETRIC_REPRESENTATION_CONTEXT() REPRESENTATION_CONTEXT('2D SPACE',''
  ) );
#8788 = ORIENTED_EDGE('',*,*,#8789,.F.);
#8789 = EDGE_CURVE('',#8790,#8762,#8792,.T.);
#8790 = VERTEX_POINT('',#8791);
#8791 = CARTESIAN_POINT('',(260.25,10.,68.6));
#8792 = SURFACE_CURVE('',#8793,(#8797,#8804),.PCURVE_S1.);
#8793 = LINE('',#8794,#8795);
#8794 = CARTESIAN_POINT('',(260.25,9.9,68.6));
#8795 = VECTOR('',#8796,1.);
#8796 = DIRECTION('',(-0.,1.,0.));
#8797 = PCURVE('',#2468,#8798);
#8798 = DEFINITIONAL_REPRESENTATION('',(#8799),#8803);
#8799 = LINE('',#8800,#8801);
#8800 = CARTESIAN_POINT('',(38.3,-7.4));
#8801 = VECTOR('',#8802,1.);
#8802 = DIRECTION('',(0.,-1.));
#8803 = ( GEOMETRIC_REPRESENTATION_CONTEXT(2) 
PARAMETRIC_REPRESENTATION_CONTEXT() REPRESENTATION_CONTEXT('2D SPACE',''
  ) );
#8804 = PCURVE('',#8805,#8810);
#8805 = PLANE('',#8806);
#8806 = AXIS2_PLACEMENT_3D('',#8807,#8808,#8809);
#8807 = CARTESIAN_POINT('',(254.25,9.9,68.6));
#8808 = DIRECTION('',(0.,0.,1.));
#8809 = DIRECTION('',(1.,0.,-0.));
#8810 = DEFINITIONAL_REPRESENTATION('',(#8811),#8815);
#8811 = LINE('',#8812,#8813);
#8812 = CARTESIAN_POINT('',(6.,0.));
#8813 = VECTOR('',#8814,1.);
#8814 = DIRECTION('',(0.,1.));
#8815 = ( GEOMETRIC_REPRESENTATION_CONTEXT(2) 
PARAMETRIC_REPRESENTATION_CONTEXT() REPRESENTATION_CONTEXT('2D SPACE',''
  ) );
#8816 = ORIENTED_EDGE('',*,*,#8817,.T.);
#8817 = EDGE_CURVE('',#8790,#8686,#8818,.T.);
#8818 = SURFACE_CURVE('',#8819,(#8823,#8830),.PCURVE_S1.);
#8819 = LINE('',#8820,#8821);
#8820 = CARTESIAN_POINT('',(260.25,10.,30.3));
#8821 = VECTOR('',#8822,1.);
#8822 = DIRECTION('',(0.,0.,1.));
#8823 = PCURVE('',#2468,#8824);
#8824 = DEFINITIONAL_REPRESENTATION('',(#8825),#8829);
#8825 = LINE('',#8826,#8827);
#8826 = CARTESIAN_POINT('',(0.,-7.5));
#8827 = VECTOR('',#8828,1.);
#8828 = DIRECTION('',(1.,0.));
#8829 = ( GEOMETRIC_REPRESENTATION_CONTEXT(2) 
PARAMETRIC_REPRESENTATION_CONTEXT() REPRESENTATION_CONTEXT('2D SPACE',''
  ) );
#8830 = PCURVE('',#8831,#8836);
#8831 = PLANE('',#8832);
#8832 = AXIS2_PLACEMENT_3D('',#8833,#8834,#8835);
#8833 = CARTESIAN_POINT('',(254.25,10.,30.3));
#8834 = DIRECTION('',(-0.,1.,0.));
#8835 = DIRECTION('',(0.,0.,1.));
#8836 = DEFINITIONAL_REPRESENTATION('',(#8837),#8841);
#8837 = LINE('',#8838,#8839);
#8838 = CARTESIAN_POINT('',(0.,6.));
#8839 = VECTOR('',#8840,1.);
#8840 = DIRECTION('',(1.,0.));
#8841 = ( GEOMETRIC_REPRESENTATION_CONTEXT(2) 
PARAMETRIC_REPRESENTATION_CONTEXT() REPRESENTATION_CONTEXT('2D SPACE',''
  ) );
#8842 = ADVANCED_FACE('',(#8843),#2496,.T.);
#8843 = FACE_BOUND('',#8844,.T.);
#8844 = EDGE_LOOP('',(#8845,#8846,#8847,#8870));
#8845 = ORIENTED_EDGE('',*,*,#8710,.F.);
#8846 = ORIENTED_EDGE('',*,*,#2480,.F.);
#8847 = ORIENTED_EDGE('',*,*,#8848,.T.);
#8848 = EDGE_CURVE('',#2481,#8849,#8851,.T.);
#8849 = VERTEX_POINT('',#8850);
#8850 = CARTESIAN_POINT('',(254.25,10.,65.1));
#8851 = SURFACE_CURVE('',#8852,(#8856,#8863),.PCURVE_S1.);
#8852 = LINE('',#8853,#8854);
#8853 = CARTESIAN_POINT('',(254.25,10.,30.3));
#8854 = VECTOR('',#8855,1.);
#8855 = DIRECTION('',(0.,0.,1.));
#8856 = PCURVE('',#2496,#8857);
#8857 = DEFINITIONAL_REPRESENTATION('',(#8858),#8862);
#8858 = LINE('',#8859,#8860);
#8859 = CARTESIAN_POINT('',(0.,0.));
#8860 = VECTOR('',#8861,1.);
#8861 = DIRECTION('',(1.,0.));
#8862 = ( GEOMETRIC_REPRESENTATION_CONTEXT(2) 
PARAMETRIC_REPRESENTATION_CONTEXT() REPRESENTATION_CONTEXT('2D SPACE',''
  ) );
#8863 = PCURVE('',#2524,#8864);
#8864 = DEFINITIONAL_REPRESENTATION('',(#8865),#8869);
#8865 = LINE('',#8866,#8867);
#8866 = CARTESIAN_POINT('',(0.,-7.5));
#8867 = VECTOR('',#8868,1.);
#8868 = DIRECTION('',(1.,0.));
#8869 = ( GEOMETRIC_REPRESENTATION_CONTEXT(2) 
PARAMETRIC_REPRESENTATION_CONTEXT() REPRESENTATION_CONTEXT('2D SPACE',''
  ) );
#8870 = ORIENTED_EDGE('',*,*,#8871,.T.);
#8871 = EDGE_CURVE('',#8849,#8711,#8872,.T.);
#8872 = SURFACE_CURVE('',#8873,(#8877,#8883),.PCURVE_S1.);
#8873 = LINE('',#8874,#8875);
#8874 = CARTESIAN_POINT('',(254.25,10.,65.1));
#8875 = VECTOR('',#8876,1.);
#8876 = DIRECTION('',(1.,0.,-0.));
#8877 = PCURVE('',#2496,#8878);
#8878 = DEFINITIONAL_REPRESENTATION('',(#8879),#8882);
#8879 = B_SPLINE_CURVE_WITH_KNOTS('',1,(#8880,#8881),.UNSPECIFIED.,.F.,
  .F.,(2,2),(0.,6.),.PIECEWISE_BEZIER_KNOTS.);
#8880 = CARTESIAN_POINT('',(34.8,0.));
#8881 = CARTESIAN_POINT('',(34.8,6.));
#8882 = ( GEOMETRIC_REPRESENTATION_CONTEXT(2) 
PARAMETRIC_REPRESENTATION_CONTEXT() REPRESENTATION_CONTEXT('2D SPACE',''
  ) );
#8883 = PCURVE('',#8749,#8884);
#8884 = DEFINITIONAL_REPRESENTATION('',(#8885),#8888);
#8885 = B_SPLINE_CURVE_WITH_KNOTS('',1,(#8886,#8887),.UNSPECIFIED.,.F.,
  .F.,(2,2),(0.,6.),.PIECEWISE_BEZIER_KNOTS.);
#8886 = CARTESIAN_POINT('',(0.,1.E-01));
#8887 = CARTESIAN_POINT('',(6.,1.E-01));
#8888 = ( GEOMETRIC_REPRESENTATION_CONTEXT(2) 
PARAMETRIC_REPRESENTATION_CONTEXT() REPRESENTATION_CONTEXT('2D SPACE',''
  ) );
#8889 = ADVANCED_FACE('',(#8890),#2524,.F.);
#8890 = FACE_BOUND('',#8891,.F.);
#8891 = EDGE_LOOP('',(#8892,#8917,#8938,#8939,#8940,#8963,#8986,#9009));
#8892 = ORIENTED_EDGE('',*,*,#8893,.F.);
#8893 = EDGE_CURVE('',#8894,#8896,#8898,.T.);
#8894 = VERTEX_POINT('',#8895);
#8895 = CARTESIAN_POINT('',(254.25,4.5,133.4));
#8896 = VERTEX_POINT('',#8897);
#8897 = CARTESIAN_POINT('',(254.25,10.,133.4));
#8898 = SURFACE_CURVE('',#8899,(#8903,#8910),.PCURVE_S1.);
#8899 = LINE('',#8900,#8901);
#8900 = CARTESIAN_POINT('',(254.25,2.5,133.4));
#8901 = VECTOR('',#8902,1.);
#8902 = DIRECTION('',(-0.,1.,0.));
#8903 = PCURVE('',#2524,#8904);
#8904 = DEFINITIONAL_REPRESENTATION('',(#8905),#8909);
#8905 = LINE('',#8906,#8907);
#8906 = CARTESIAN_POINT('',(103.1,0.));
#8907 = VECTOR('',#8908,1.);
#8908 = DIRECTION('',(0.,-1.));
#8909 = ( GEOMETRIC_REPRESENTATION_CONTEXT(2) 
PARAMETRIC_REPRESENTATION_CONTEXT() REPRESENTATION_CONTEXT('2D SPACE',''
  ) );
#8910 = PCURVE('',#6090,#8911);
#8911 = DEFINITIONAL_REPRESENTATION('',(#8912),#8916);
#8912 = LINE('',#8913,#8914);
#8913 = CARTESIAN_POINT('',(-6.53033008589,-1.03033008589));
#8914 = VECTOR('',#8915,1.);
#8915 = DIRECTION('',(0.,1.));
#8916 = ( GEOMETRIC_REPRESENTATION_CONTEXT(2) 
PARAMETRIC_REPRESENTATION_CONTEXT() REPRESENTATION_CONTEXT('2D SPACE',''
  ) );
#8917 = ORIENTED_EDGE('',*,*,#8918,.F.);
#8918 = EDGE_CURVE('',#2509,#8894,#8919,.T.);
#8919 = SURFACE_CURVE('',#8920,(#8924,#8931),.PCURVE_S1.);
#8920 = LINE('',#8921,#8922);
#8921 = CARTESIAN_POINT('',(254.25,4.5,30.3));
#8922 = VECTOR('',#8923,1.);
#8923 = DIRECTION('',(0.,0.,1.));
#8924 = PCURVE('',#2524,#8925);
#8925 = DEFINITIONAL_REPRESENTATION('',(#8926),#8930);
#8926 = LINE('',#8927,#8928);
#8927 = CARTESIAN_POINT('',(0.,-2.));
#8928 = VECTOR('',#8929,1.);
#8929 = DIRECTION('',(1.,0.));
#8930 = ( GEOMETRIC_REPRESENTATION_CONTEXT(2) 
PARAMETRIC_REPRESENTATION_CONTEXT() REPRESENTATION_CONTEXT('2D SPACE',''
  ) );
#8931 = PCURVE('',#2552,#8932);
#8932 = DEFINITIONAL_REPRESENTATION('',(#8933),#8937);
#8933 = LINE('',#8934,#8935);
#8934 = CARTESIAN_POINT('',(2.12132034356,0.));
#8935 = VECTOR('',#8936,1.);
#8936 = DIRECTION('',(0.,-1.));
#8937 = ( GEOMETRIC_REPRESENTATION_CONTEXT(2) 
PARAMETRIC_REPRESENTATION_CONTEXT() REPRESENTATION_CONTEXT('2D SPACE',''
  ) );
#8938 = ORIENTED_EDGE('',*,*,#2508,.T.);
#8939 = ORIENTED_EDGE('',*,*,#8848,.T.);
#8940 = ORIENTED_EDGE('',*,*,#8941,.T.);
#8941 = EDGE_CURVE('',#8849,#8942,#8944,.T.);
#8942 = VERTEX_POINT('',#8943);
#8943 = CARTESIAN_POINT('',(254.25,11.5,65.1));
#8944 = SURFACE_CURVE('',#8945,(#8949,#8956),.PCURVE_S1.);
#8945 = LINE('',#8946,#8947);
#8946 = CARTESIAN_POINT('',(254.25,9.9,65.1));
#8947 = VECTOR('',#8948,1.);
#8948 = DIRECTION('',(-0.,1.,0.));
#8949 = PCURVE('',#2524,#8950);
#8950 = DEFINITIONAL_REPRESENTATION('',(#8951),#8955);
#8951 = LINE('',#8952,#8953);
#8952 = CARTESIAN_POINT('',(34.8,-7.4));
#8953 = VECTOR('',#8954,1.);
#8954 = DIRECTION('',(0.,-1.));
#8955 = ( GEOMETRIC_REPRESENTATION_CONTEXT(2) 
PARAMETRIC_REPRESENTATION_CONTEXT() REPRESENTATION_CONTEXT('2D SPACE',''
  ) );
#8956 = PCURVE('',#8749,#8957);
#8957 = DEFINITIONAL_REPRESENTATION('',(#8958),#8962);
#8958 = LINE('',#8959,#8960);
#8959 = CARTESIAN_POINT('',(0.,0.));
#8960 = VECTOR('',#8961,1.);
#8961 = DIRECTION('',(0.,1.));
#8962 = ( GEOMETRIC_REPRESENTATION_CONTEXT(2) 
PARAMETRIC_REPRESENTATION_CONTEXT() REPRESENTATION_CONTEXT('2D SPACE',''
  ) );
#8963 = ORIENTED_EDGE('',*,*,#8964,.T.);
#8964 = EDGE_CURVE('',#8942,#8965,#8967,.T.);
#8965 = VERTEX_POINT('',#8966);
#8966 = CARTESIAN_POINT('',(254.25,11.5,68.6));
#8967 = SURFACE_CURVE('',#8968,(#8972,#8979),.PCURVE_S1.);
#8968 = LINE('',#8969,#8970);
#8969 = CARTESIAN_POINT('',(254.25,11.5,65.1));
#8970 = VECTOR('',#8971,1.);
#8971 = DIRECTION('',(0.,0.,1.));
#8972 = PCURVE('',#2524,#8973);
#8973 = DEFINITIONAL_REPRESENTATION('',(#8974),#8978);
#8974 = LINE('',#8975,#8976);
#8975 = CARTESIAN_POINT('',(34.8,-9.));
#8976 = VECTOR('',#8977,1.);
#8977 = DIRECTION('',(1.,0.));
#8978 = ( GEOMETRIC_REPRESENTATION_CONTEXT(2) 
PARAMETRIC_REPRESENTATION_CONTEXT() REPRESENTATION_CONTEXT('2D SPACE',''
  ) );
#8979 = PCURVE('',#8777,#8980);
#8980 = DEFINITIONAL_REPRESENTATION('',(#8981),#8985);
#8981 = LINE('',#8982,#8983);
#8982 = CARTESIAN_POINT('',(0.,0.));
#8983 = VECTOR('',#8984,1.);
#8984 = DIRECTION('',(1.,0.));
#8985 = ( GEOMETRIC_REPRESENTATION_CONTEXT(2) 
PARAMETRIC_REPRESENTATION_CONTEXT() REPRESENTATION_CONTEXT('2D SPACE',''
  ) );
#8986 = ORIENTED_EDGE('',*,*,#8987,.F.);
#8987 = EDGE_CURVE('',#8988,#8965,#8990,.T.);
#8988 = VERTEX_POINT('',#8989);
#8989 = CARTESIAN_POINT('',(254.25,10.,68.6));
#8990 = SURFACE_CURVE('',#8991,(#8995,#9002),.PCURVE_S1.);
#8991 = LINE('',#8992,#8993);
#8992 = CARTESIAN_POINT('',(254.25,9.9,68.6));
#8993 = VECTOR('',#8994,1.);
#8994 = DIRECTION('',(-0.,1.,0.));
#8995 = PCURVE('',#2524,#8996);
#8996 = DEFINITIONAL_REPRESENTATION('',(#8997),#9001);
#8997 = LINE('',#8998,#8999);
#8998 = CARTESIAN_POINT('',(38.3,-7.4));
#8999 = VECTOR('',#9000,1.);
#9000 = DIRECTION('',(0.,-1.));
#9001 = ( GEOMETRIC_REPRESENTATION_CONTEXT(2) 
PARAMETRIC_REPRESENTATION_CONTEXT() REPRESENTATION_CONTEXT('2D SPACE',''
  ) );
#9002 = PCURVE('',#8805,#9003);
#9003 = DEFINITIONAL_REPRESENTATION('',(#9004),#9008);
#9004 = LINE('',#9005,#9006);
#9005 = CARTESIAN_POINT('',(0.,0.));
#9006 = VECTOR('',#9007,1.);
#9007 = DIRECTION('',(0.,1.));
#9008 = ( GEOMETRIC_REPRESENTATION_CONTEXT(2) 
PARAMETRIC_REPRESENTATION_CONTEXT() REPRESENTATION_CONTEXT('2D SPACE',''
  ) );
#9009 = ORIENTED_EDGE('',*,*,#9010,.T.);
#9010 = EDGE_CURVE('',#8988,#8896,#9011,.T.);
#9011 = SURFACE_CURVE('',#9012,(#9016,#9023),.PCURVE_S1.);
#9012 = LINE('',#9013,#9014);
#9013 = CARTESIAN_POINT('',(254.25,10.,30.3));
#9014 = VECTOR('',#9015,1.);
#9015 = DIRECTION('',(0.,0.,1.));
#9016 = PCURVE('',#2524,#9017);
#9017 = DEFINITIONAL_REPRESENTATION('',(#9018),#9022);
#9018 = LINE('',#9019,#9020);
#9019 = CARTESIAN_POINT('',(0.,-7.5));
#9020 = VECTOR('',#9021,1.);
#9021 = DIRECTION('',(1.,0.));
#9022 = ( GEOMETRIC_REPRESENTATION_CONTEXT(2) 
PARAMETRIC_REPRESENTATION_CONTEXT() REPRESENTATION_CONTEXT('2D SPACE',''
  ) );
#9023 = PCURVE('',#8831,#9024);
#9024 = DEFINITIONAL_REPRESENTATION('',(#9025),#9029);
#9025 = LINE('',#9026,#9027);
#9026 = CARTESIAN_POINT('',(0.,0.));
#9027 = VECTOR('',#9028,1.);
#9028 = DIRECTION('',(1.,0.));
#9029 = ( GEOMETRIC_REPRESENTATION_CONTEXT(2) 
PARAMETRIC_REPRESENTATION_CONTEXT() REPRESENTATION_CONTEXT('2D SPACE',''
  ) );
#9030 = ADVANCED_FACE('',(#9031),#2552,.T.);
#9031 = FACE_BOUND('',#9032,.T.);
#9032 = EDGE_LOOP('',(#9033,#9056,#9077,#9078));
#9033 = ORIENTED_EDGE('',*,*,#9034,.F.);
#9034 = EDGE_CURVE('',#9035,#2537,#9037,.T.);
#9035 = VERTEX_POINT('',#9036);
#9036 = CARTESIAN_POINT('',(252.75,3.,133.4));
#9037 = SURFACE_CURVE('',#9038,(#9042,#9049),.PCURVE_S1.);
#9038 = LINE('',#9039,#9040);
#9039 = CARTESIAN_POINT('',(252.75,3.,133.4));
#9040 = VECTOR('',#9041,1.);
#9041 = DIRECTION('',(0.,0.,-1.));
#9042 = PCURVE('',#2552,#9043);
#9043 = DEFINITIONAL_REPRESENTATION('',(#9044),#9048);
#9044 = LINE('',#9045,#9046);
#9045 = CARTESIAN_POINT('',(0.,-103.1));
#9046 = VECTOR('',#9047,1.);
#9047 = DIRECTION('',(0.,1.));
#9048 = ( GEOMETRIC_REPRESENTATION_CONTEXT(2) 
PARAMETRIC_REPRESENTATION_CONTEXT() REPRESENTATION_CONTEXT('2D SPACE',''
  ) );
#9049 = PCURVE('',#2580,#9050);
#9050 = DEFINITIONAL_REPRESENTATION('',(#9051),#9055);
#9051 = LINE('',#9052,#9053);
#9052 = CARTESIAN_POINT('',(103.1,69.75));
#9053 = VECTOR('',#9054,1.);
#9054 = DIRECTION('',(-1.,0.));
#9055 = ( GEOMETRIC_REPRESENTATION_CONTEXT(2) 
PARAMETRIC_REPRESENTATION_CONTEXT() REPRESENTATION_CONTEXT('2D SPACE',''
  ) );
#9056 = ORIENTED_EDGE('',*,*,#9057,.T.);
#9057 = EDGE_CURVE('',#9035,#8894,#9058,.T.);
#9058 = SURFACE_CURVE('',#9059,(#9063,#9070),.PCURVE_S1.);
#9059 = LINE('',#9060,#9061);
#9060 = CARTESIAN_POINT('',(252.75,3.,133.4));
#9061 = VECTOR('',#9062,1.);
#9062 = DIRECTION('',(0.707106781187,0.707106781187,0.));
#9063 = PCURVE('',#2552,#9064);
#9064 = DEFINITIONAL_REPRESENTATION('',(#9065),#9069);
#9065 = LINE('',#9066,#9067);
#9066 = CARTESIAN_POINT('',(0.,-103.1));
#9067 = VECTOR('',#9068,1.);
#9068 = DIRECTION('',(1.,0.));
#9069 = ( GEOMETRIC_REPRESENTATION_CONTEXT(2) 
PARAMETRIC_REPRESENTATION_CONTEXT() REPRESENTATION_CONTEXT('2D SPACE',''
  ) );
#9070 = PCURVE('',#6090,#9071);
#9071 = DEFINITIONAL_REPRESENTATION('',(#9072),#9076);
#9072 = LINE('',#9073,#9074);
#9073 = CARTESIAN_POINT('',(-8.03033008589,-0.53033008589));
#9074 = VECTOR('',#9075,1.);
#9075 = DIRECTION('',(0.707106781187,0.707106781187));
#9076 = ( GEOMETRIC_REPRESENTATION_CONTEXT(2) 
PARAMETRIC_REPRESENTATION_CONTEXT() REPRESENTATION_CONTEXT('2D SPACE',''
  ) );
#9077 = ORIENTED_EDGE('',*,*,#8918,.F.);
#9078 = ORIENTED_EDGE('',*,*,#2536,.F.);
#9079 = ADVANCED_FACE('',(#9080),#2580,.T.);
#9080 = FACE_BOUND('',#9081,.T.);
#9081 = EDGE_LOOP('',(#9082,#9083,#9106,#9127,#9128,#9129,#9130,#9151));
#9082 = ORIENTED_EDGE('',*,*,#2564,.F.);
#9083 = ORIENTED_EDGE('',*,*,#9084,.T.);
#9084 = EDGE_CURVE('',#2565,#9085,#9087,.T.);
#9085 = VERTEX_POINT('',#9086);
#9086 = CARTESIAN_POINT('',(229.25,3.,133.4));
#9087 = SURFACE_CURVE('',#9088,(#9092,#9099),.PCURVE_S1.);
#9088 = LINE('',#9089,#9090);
#9089 = CARTESIAN_POINT('',(229.25,3.,30.3));
#9090 = VECTOR('',#9091,1.);
#9091 = DIRECTION('',(0.,0.,1.));
#9092 = PCURVE('',#2580,#9093);
#9093 = DEFINITIONAL_REPRESENTATION('',(#9094),#9098);
#9094 = LINE('',#9095,#9096);
#9095 = CARTESIAN_POINT('',(0.,46.25));
#9096 = VECTOR('',#9097,1.);
#9097 = DIRECTION('',(1.,0.));
#9098 = ( GEOMETRIC_REPRESENTATION_CONTEXT(2) 
PARAMETRIC_REPRESENTATION_CONTEXT() REPRESENTATION_CONTEXT('2D SPACE',''
  ) );
#9099 = PCURVE('',#2608,#9100);
#9100 = DEFINITIONAL_REPRESENTATION('',(#9101),#9105);
#9101 = LINE('',#9102,#9103);
#9102 = CARTESIAN_POINT('',(0.,0.));
#9103 = VECTOR('',#9104,1.);
#9104 = DIRECTION('',(0.,-1.));
#9105 = ( GEOMETRIC_REPRESENTATION_CONTEXT(2) 
PARAMETRIC_REPRESENTATION_CONTEXT() REPRESENTATION_CONTEXT('2D SPACE',''
  ) );
#9106 = ORIENTED_EDGE('',*,*,#9107,.T.);
#9107 = EDGE_CURVE('',#9085,#6324,#9108,.T.);
#9108 = SURFACE_CURVE('',#9109,(#9113,#9120),.PCURVE_S1.);
#9109 = LINE('',#9110,#9111);
#9110 = CARTESIAN_POINT('',(229.25,3.,133.4));
#9111 = VECTOR('',#9112,1.);
#9112 = DIRECTION('',(-1.,0.,0.));
#9113 = PCURVE('',#2580,#9114);
#9114 = DEFINITIONAL_REPRESENTATION('',(#9115),#9119);
#9115 = LINE('',#9116,#9117);
#9116 = CARTESIAN_POINT('',(103.1,46.25));
#9117 = VECTOR('',#9118,1.);
#9118 = DIRECTION('',(0.,-1.));
#9119 = ( GEOMETRIC_REPRESENTATION_CONTEXT(2) 
PARAMETRIC_REPRESENTATION_CONTEXT() REPRESENTATION_CONTEXT('2D SPACE',''
  ) );
#9120 = PCURVE('',#6361,#9121);
#9121 = DEFINITIONAL_REPRESENTATION('',(#9122),#9126);
#9122 = LINE('',#9123,#9124);
#9123 = CARTESIAN_POINT('',(0.96966991411,-0.53033008589));
#9124 = VECTOR('',#9125,1.);
#9125 = DIRECTION('',(-1.,0.));
#9126 = ( GEOMETRIC_REPRESENTATION_CONTEXT(2) 
PARAMETRIC_REPRESENTATION_CONTEXT() REPRESENTATION_CONTEXT('2D SPACE',''
  ) );
#9127 = ORIENTED_EDGE('',*,*,#6323,.F.);
#9128 = ORIENTED_EDGE('',*,*,#6225,.T.);
#9129 = ORIENTED_EDGE('',*,*,#6053,.T.);
#9130 = ORIENTED_EDGE('',*,*,#9131,.T.);
#9131 = EDGE_CURVE('',#6054,#9035,#9132,.T.);
#9132 = SURFACE_CURVE('',#9133,(#9137,#9144),.PCURVE_S1.);
#9133 = LINE('',#9134,#9135);
#9134 = CARTESIAN_POINT('',(260.85,3.,133.4));
#9135 = VECTOR('',#9136,1.);
#9136 = DIRECTION('',(-1.,0.,0.));
#9137 = PCURVE('',#2580,#9138);
#9138 = DEFINITIONAL_REPRESENTATION('',(#9139),#9143);
#9139 = LINE('',#9140,#9141);
#9140 = CARTESIAN_POINT('',(103.1,77.85));
#9141 = VECTOR('',#9142,1.);
#9142 = DIRECTION('',(0.,-1.));
#9143 = ( GEOMETRIC_REPRESENTATION_CONTEXT(2) 
PARAMETRIC_REPRESENTATION_CONTEXT() REPRESENTATION_CONTEXT('2D SPACE',''
  ) );
#9144 = PCURVE('',#6090,#9145);
#9145 = DEFINITIONAL_REPRESENTATION('',(#9146),#9150);
#9146 = LINE('',#9147,#9148);
#9147 = CARTESIAN_POINT('',(6.966991411008E-02,-0.53033008589));
#9148 = VECTOR('',#9149,1.);
#9149 = DIRECTION('',(-1.,0.));
#9150 = ( GEOMETRIC_REPRESENTATION_CONTEXT(2) 
PARAMETRIC_REPRESENTATION_CONTEXT() REPRESENTATION_CONTEXT('2D SPACE',''
  ) );
#9151 = ORIENTED_EDGE('',*,*,#9034,.T.);
#9152 = ADVANCED_FACE('',(#9153),#2608,.F.);
#9153 = FACE_BOUND('',#9154,.F.);
#9154 = EDGE_LOOP('',(#9155,#9156,#9179,#9200));
#9155 = ORIENTED_EDGE('',*,*,#9084,.T.);
#9156 = ORIENTED_EDGE('',*,*,#9157,.T.);
#9157 = EDGE_CURVE('',#9085,#9158,#9160,.T.);
#9158 = VERTEX_POINT('',#9159);
#9159 = CARTESIAN_POINT('',(227.75,4.5,133.4));
#9160 = SURFACE_CURVE('',#9161,(#9165,#9172),.PCURVE_S1.);
#9161 = LINE('',#9162,#9163);
#9162 = CARTESIAN_POINT('',(229.25,3.,133.4));
#9163 = VECTOR('',#9164,1.);
#9164 = DIRECTION('',(-0.707106781187,0.707106781187,0.));
#9165 = PCURVE('',#2608,#9166);
#9166 = DEFINITIONAL_REPRESENTATION('',(#9167),#9171);
#9167 = LINE('',#9168,#9169);
#9168 = CARTESIAN_POINT('',(0.,-103.1));
#9169 = VECTOR('',#9170,1.);
#9170 = DIRECTION('',(1.,0.));
#9171 = ( GEOMETRIC_REPRESENTATION_CONTEXT(2) 
PARAMETRIC_REPRESENTATION_CONTEXT() REPRESENTATION_CONTEXT('2D SPACE',''
  ) );
#9172 = PCURVE('',#6361,#9173);
#9173 = DEFINITIONAL_REPRESENTATION('',(#9174),#9178);
#9174 = LINE('',#9175,#9176);
#9175 = CARTESIAN_POINT('',(0.96966991411,-0.53033008589));
#9176 = VECTOR('',#9177,1.);
#9177 = DIRECTION('',(-0.707106781187,0.707106781187));
#9178 = ( GEOMETRIC_REPRESENTATION_CONTEXT(2) 
PARAMETRIC_REPRESENTATION_CONTEXT() REPRESENTATION_CONTEXT('2D SPACE',''
  ) );
#9179 = ORIENTED_EDGE('',*,*,#9180,.F.);
#9180 = EDGE_CURVE('',#2593,#9158,#9181,.T.);
#9181 = SURFACE_CURVE('',#9182,(#9186,#9193),.PCURVE_S1.);
#9182 = LINE('',#9183,#9184);
#9183 = CARTESIAN_POINT('',(227.75,4.5,30.3));
#9184 = VECTOR('',#9185,1.);
#9185 = DIRECTION('',(0.,0.,1.));
#9186 = PCURVE('',#2608,#9187);
#9187 = DEFINITIONAL_REPRESENTATION('',(#9188),#9192);
#9188 = LINE('',#9189,#9190);
#9189 = CARTESIAN_POINT('',(2.12132034356,0.));
#9190 = VECTOR('',#9191,1.);
#9191 = DIRECTION('',(0.,-1.));
#9192 = ( GEOMETRIC_REPRESENTATION_CONTEXT(2) 
PARAMETRIC_REPRESENTATION_CONTEXT() REPRESENTATION_CONTEXT('2D SPACE',''
  ) );
#9193 = PCURVE('',#2636,#9194);
#9194 = DEFINITIONAL_REPRESENTATION('',(#9195),#9199);
#9195 = LINE('',#9196,#9197);
#9196 = CARTESIAN_POINT('',(0.,-2.));
#9197 = VECTOR('',#9198,1.);
#9198 = DIRECTION('',(1.,0.));
#9199 = ( GEOMETRIC_REPRESENTATION_CONTEXT(2) 
PARAMETRIC_REPRESENTATION_CONTEXT() REPRESENTATION_CONTEXT('2D SPACE',''
  ) );
#9200 = ORIENTED_EDGE('',*,*,#2592,.F.);
#9201 = ADVANCED_FACE('',(#9202),#2636,.T.);
#9202 = FACE_BOUND('',#9203,.T.);
#9203 = EDGE_LOOP('',(#9204,#9227,#9228,#9229,#9252,#9280,#9308,#9336));
#9204 = ORIENTED_EDGE('',*,*,#9205,.F.);
#9205 = EDGE_CURVE('',#9158,#9206,#9208,.T.);
#9206 = VERTEX_POINT('',#9207);
#9207 = CARTESIAN_POINT('',(227.75,10.,133.4));
#9208 = SURFACE_CURVE('',#9209,(#9213,#9220),.PCURVE_S1.);
#9209 = LINE('',#9210,#9211);
#9210 = CARTESIAN_POINT('',(227.75,2.5,133.4));
#9211 = VECTOR('',#9212,1.);
#9212 = DIRECTION('',(-0.,1.,0.));
#9213 = PCURVE('',#2636,#9214);
#9214 = DEFINITIONAL_REPRESENTATION('',(#9215),#9219);
#9215 = LINE('',#9216,#9217);
#9216 = CARTESIAN_POINT('',(103.1,0.));
#9217 = VECTOR('',#9218,1.);
#9218 = DIRECTION('',(0.,-1.));
#9219 = ( GEOMETRIC_REPRESENTATION_CONTEXT(2) 
PARAMETRIC_REPRESENTATION_CONTEXT() REPRESENTATION_CONTEXT('2D SPACE',''
  ) );
#9220 = PCURVE('',#6361,#9221);
#9221 = DEFINITIONAL_REPRESENTATION('',(#9222),#9226);
#9222 = LINE('',#9223,#9224);
#9223 = CARTESIAN_POINT('',(-0.53033008589,-1.03033008589));
#9224 = VECTOR('',#9225,1.);
#9225 = DIRECTION('',(0.,1.));
#9226 = ( GEOMETRIC_REPRESENTATION_CONTEXT(2) 
PARAMETRIC_REPRESENTATION_CONTEXT() REPRESENTATION_CONTEXT('2D SPACE',''
  ) );
#9227 = ORIENTED_EDGE('',*,*,#9180,.F.);
#9228 = ORIENTED_EDGE('',*,*,#2620,.T.);
#9229 = ORIENTED_EDGE('',*,*,#9230,.T.);
#9230 = EDGE_CURVE('',#2621,#9231,#9233,.T.);
#9231 = VERTEX_POINT('',#9232);
#9232 = CARTESIAN_POINT('',(227.75,10.,65.1));
#9233 = SURFACE_CURVE('',#9234,(#9238,#9245),.PCURVE_S1.);
#9234 = LINE('',#9235,#9236);
#9235 = CARTESIAN_POINT('',(227.75,10.,30.3));
#9236 = VECTOR('',#9237,1.);
#9237 = DIRECTION('',(0.,0.,1.));
#9238 = PCURVE('',#2636,#9239);
#9239 = DEFINITIONAL_REPRESENTATION('',(#9240),#9244);
#9240 = LINE('',#9241,#9242);
#9241 = CARTESIAN_POINT('',(0.,-7.5));
#9242 = VECTOR('',#9243,1.);
#9243 = DIRECTION('',(1.,0.));
#9244 = ( GEOMETRIC_REPRESENTATION_CONTEXT(2) 
PARAMETRIC_REPRESENTATION_CONTEXT() REPRESENTATION_CONTEXT('2D SPACE',''
  ) );
#9245 = PCURVE('',#2664,#9246);
#9246 = DEFINITIONAL_REPRESENTATION('',(#9247),#9251);
#9247 = LINE('',#9248,#9249);
#9248 = CARTESIAN_POINT('',(0.,6.));
#9249 = VECTOR('',#9250,1.);
#9250 = DIRECTION('',(1.,0.));
#9251 = ( GEOMETRIC_REPRESENTATION_CONTEXT(2) 
PARAMETRIC_REPRESENTATION_CONTEXT() REPRESENTATION_CONTEXT('2D SPACE',''
  ) );
#9252 = ORIENTED_EDGE('',*,*,#9253,.T.);
#9253 = EDGE_CURVE('',#9231,#9254,#9256,.T.);
#9254 = VERTEX_POINT('',#9255);
#9255 = CARTESIAN_POINT('',(227.75,11.5,65.1));
#9256 = SURFACE_CURVE('',#9257,(#9261,#9268),.PCURVE_S1.);
#9257 = LINE('',#9258,#9259);
#9258 = CARTESIAN_POINT('',(227.75,9.9,65.1));
#9259 = VECTOR('',#9260,1.);
#9260 = DIRECTION('',(-0.,1.,0.));
#9261 = PCURVE('',#2636,#9262);
#9262 = DEFINITIONAL_REPRESENTATION('',(#9263),#9267);
#9263 = LINE('',#9264,#9265);
#9264 = CARTESIAN_POINT('',(34.8,-7.4));
#9265 = VECTOR('',#9266,1.);
#9266 = DIRECTION('',(0.,-1.));
#9267 = ( GEOMETRIC_REPRESENTATION_CONTEXT(2) 
PARAMETRIC_REPRESENTATION_CONTEXT() REPRESENTATION_CONTEXT('2D SPACE',''
  ) );
#9268 = PCURVE('',#9269,#9274);
#9269 = PLANE('',#9270);
#9270 = AXIS2_PLACEMENT_3D('',#9271,#9272,#9273);
#9271 = CARTESIAN_POINT('',(221.75,9.9,65.1));
#9272 = DIRECTION('',(0.,0.,1.));
#9273 = DIRECTION('',(1.,0.,-0.));
#9274 = DEFINITIONAL_REPRESENTATION('',(#9275),#9279);
#9275 = LINE('',#9276,#9277);
#9276 = CARTESIAN_POINT('',(6.,0.));
#9277 = VECTOR('',#9278,1.);
#9278 = DIRECTION('',(0.,1.));
#9279 = ( GEOMETRIC_REPRESENTATION_CONTEXT(2) 
PARAMETRIC_REPRESENTATION_CONTEXT() REPRESENTATION_CONTEXT('2D SPACE',''
  ) );
#9280 = ORIENTED_EDGE('',*,*,#9281,.T.);
#9281 = EDGE_CURVE('',#9254,#9282,#9284,.T.);
#9282 = VERTEX_POINT('',#9283);
#9283 = CARTESIAN_POINT('',(227.75,11.5,68.6));
#9284 = SURFACE_CURVE('',#9285,(#9289,#9296),.PCURVE_S1.);
#9285 = LINE('',#9286,#9287);
#9286 = CARTESIAN_POINT('',(227.75,11.5,65.1));
#9287 = VECTOR('',#9288,1.);
#9288 = DIRECTION('',(0.,0.,1.));
#9289 = PCURVE('',#2636,#9290);
#9290 = DEFINITIONAL_REPRESENTATION('',(#9291),#9295);
#9291 = LINE('',#9292,#9293);
#9292 = CARTESIAN_POINT('',(34.8,-9.));
#9293 = VECTOR('',#9294,1.);
#9294 = DIRECTION('',(1.,0.));
#9295 = ( GEOMETRIC_REPRESENTATION_CONTEXT(2) 
PARAMETRIC_REPRESENTATION_CONTEXT() REPRESENTATION_CONTEXT('2D SPACE',''
  ) );
#9296 = PCURVE('',#9297,#9302);
#9297 = PLANE('',#9298);
#9298 = AXIS2_PLACEMENT_3D('',#9299,#9300,#9301);
#9299 = CARTESIAN_POINT('',(221.75,11.5,65.1));
#9300 = DIRECTION('',(-0.,1.,0.));
#9301 = DIRECTION('',(0.,0.,1.));
#9302 = DEFINITIONAL_REPRESENTATION('',(#9303),#9307);
#9303 = LINE('',#9304,#9305);
#9304 = CARTESIAN_POINT('',(0.,6.));
#9305 = VECTOR('',#9306,1.);
#9306 = DIRECTION('',(1.,0.));
#9307 = ( GEOMETRIC_REPRESENTATION_CONTEXT(2) 
PARAMETRIC_REPRESENTATION_CONTEXT() REPRESENTATION_CONTEXT('2D SPACE',''
  ) );
#9308 = ORIENTED_EDGE('',*,*,#9309,.F.);
#9309 = EDGE_CURVE('',#9310,#9282,#9312,.T.);
#9310 = VERTEX_POINT('',#9311);
#9311 = CARTESIAN_POINT('',(227.75,10.,68.6));
#9312 = SURFACE_CURVE('',#9313,(#9317,#9324),.PCURVE_S1.);
#9313 = LINE('',#9314,#9315);
#9314 = CARTESIAN_POINT('',(227.75,9.9,68.6));
#9315 = VECTOR('',#9316,1.);
#9316 = DIRECTION('',(-0.,1.,0.));
#9317 = PCURVE('',#2636,#9318);
#9318 = DEFINITIONAL_REPRESENTATION('',(#9319),#9323);
#9319 = LINE('',#9320,#9321);
#9320 = CARTESIAN_POINT('',(38.3,-7.4));
#9321 = VECTOR('',#9322,1.);
#9322 = DIRECTION('',(0.,-1.));
#9323 = ( GEOMETRIC_REPRESENTATION_CONTEXT(2) 
PARAMETRIC_REPRESENTATION_CONTEXT() REPRESENTATION_CONTEXT('2D SPACE',''
  ) );
#9324 = PCURVE('',#9325,#9330);
#9325 = PLANE('',#9326);
#9326 = AXIS2_PLACEMENT_3D('',#9327,#9328,#9329);
#9327 = CARTESIAN_POINT('',(221.75,9.9,68.6));
#9328 = DIRECTION('',(0.,0.,1.));
#9329 = DIRECTION('',(1.,0.,-0.));
#9330 = DEFINITIONAL_REPRESENTATION('',(#9331),#9335);
#9331 = LINE('',#9332,#9333);
#9332 = CARTESIAN_POINT('',(6.,0.));
#9333 = VECTOR('',#9334,1.);
#9334 = DIRECTION('',(0.,1.));
#9335 = ( GEOMETRIC_REPRESENTATION_CONTEXT(2) 
PARAMETRIC_REPRESENTATION_CONTEXT() REPRESENTATION_CONTEXT('2D SPACE',''
  ) );
#9336 = ORIENTED_EDGE('',*,*,#9337,.T.);
#9337 = EDGE_CURVE('',#9310,#9206,#9338,.T.);
#9338 = SURFACE_CURVE('',#9339,(#9343,#9350),.PCURVE_S1.);
#9339 = LINE('',#9340,#9341);
#9340 = CARTESIAN_POINT('',(227.75,10.,30.3));
#9341 = VECTOR('',#9342,1.);
#9342 = DIRECTION('',(0.,0.,1.));
#9343 = PCURVE('',#2636,#9344);
#9344 = DEFINITIONAL_REPRESENTATION('',(#9345),#9349);
#9345 = LINE('',#9346,#9347);
#9346 = CARTESIAN_POINT('',(0.,-7.5));
#9347 = VECTOR('',#9348,1.);
#9348 = DIRECTION('',(1.,0.));
#9349 = ( GEOMETRIC_REPRESENTATION_CONTEXT(2) 
PARAMETRIC_REPRESENTATION_CONTEXT() REPRESENTATION_CONTEXT('2D SPACE',''
  ) );
#9350 = PCURVE('',#9351,#9356);
#9351 = PLANE('',#9352);
#9352 = AXIS2_PLACEMENT_3D('',#9353,#9354,#9355);
#9353 = CARTESIAN_POINT('',(221.75,10.,30.3));
#9354 = DIRECTION('',(-0.,1.,0.));
#9355 = DIRECTION('',(0.,0.,1.));
#9356 = DEFINITIONAL_REPRESENTATION('',(#9357),#9361);
#9357 = LINE('',#9358,#9359);
#9358 = CARTESIAN_POINT('',(0.,6.));
#9359 = VECTOR('',#9360,1.);
#9360 = DIRECTION('',(1.,0.));
#9361 = ( GEOMETRIC_REPRESENTATION_CONTEXT(2) 
PARAMETRIC_REPRESENTATION_CONTEXT() REPRESENTATION_CONTEXT('2D SPACE',''
  ) );
#9362 = ADVANCED_FACE('',(#9363),#2664,.T.);
#9363 = FACE_BOUND('',#9364,.T.);
#9364 = EDGE_LOOP('',(#9365,#9366,#9367,#9390));
#9365 = ORIENTED_EDGE('',*,*,#9230,.F.);
#9366 = ORIENTED_EDGE('',*,*,#2648,.F.);
#9367 = ORIENTED_EDGE('',*,*,#9368,.T.);
#9368 = EDGE_CURVE('',#2649,#9369,#9371,.T.);
#9369 = VERTEX_POINT('',#9370);
#9370 = CARTESIAN_POINT('',(221.75,10.,65.1));
#9371 = SURFACE_CURVE('',#9372,(#9376,#9383),.PCURVE_S1.);
#9372 = LINE('',#9373,#9374);
#9373 = CARTESIAN_POINT('',(221.75,10.,30.3));
#9374 = VECTOR('',#9375,1.);
#9375 = DIRECTION('',(0.,0.,1.));
#9376 = PCURVE('',#2664,#9377);
#9377 = DEFINITIONAL_REPRESENTATION('',(#9378),#9382);
#9378 = LINE('',#9379,#9380);
#9379 = CARTESIAN_POINT('',(0.,0.));
#9380 = VECTOR('',#9381,1.);
#9381 = DIRECTION('',(1.,0.));
#9382 = ( GEOMETRIC_REPRESENTATION_CONTEXT(2) 
PARAMETRIC_REPRESENTATION_CONTEXT() REPRESENTATION_CONTEXT('2D SPACE',''
  ) );
#9383 = PCURVE('',#2692,#9384);
#9384 = DEFINITIONAL_REPRESENTATION('',(#9385),#9389);
#9385 = LINE('',#9386,#9387);
#9386 = CARTESIAN_POINT('',(0.,-7.5));
#9387 = VECTOR('',#9388,1.);
#9388 = DIRECTION('',(1.,0.));
#9389 = ( GEOMETRIC_REPRESENTATION_CONTEXT(2) 
PARAMETRIC_REPRESENTATION_CONTEXT() REPRESENTATION_CONTEXT('2D SPACE',''
  ) );
#9390 = ORIENTED_EDGE('',*,*,#9391,.T.);
#9391 = EDGE_CURVE('',#9369,#9231,#9392,.T.);
#9392 = SURFACE_CURVE('',#9393,(#9397,#9403),.PCURVE_S1.);
#9393 = LINE('',#9394,#9395);
#9394 = CARTESIAN_POINT('',(221.75,10.,65.1));
#9395 = VECTOR('',#9396,1.);
#9396 = DIRECTION('',(1.,0.,-0.));
#9397 = PCURVE('',#2664,#9398);
#9398 = DEFINITIONAL_REPRESENTATION('',(#9399),#9402);
#9399 = B_SPLINE_CURVE_WITH_KNOTS('',1,(#9400,#9401),.UNSPECIFIED.,.F.,
  .F.,(2,2),(0.,6.),.PIECEWISE_BEZIER_KNOTS.);
#9400 = CARTESIAN_POINT('',(34.8,0.));
#9401 = CARTESIAN_POINT('',(34.8,6.));
#9402 = ( GEOMETRIC_REPRESENTATION_CONTEXT(2) 
PARAMETRIC_REPRESENTATION_CONTEXT() REPRESENTATION_CONTEXT('2D SPACE',''
  ) );
#9403 = PCURVE('',#9269,#9404);
#9404 = DEFINITIONAL_REPRESENTATION('',(#9405),#9408);
#9405 = B_SPLINE_CURVE_WITH_KNOTS('',1,(#9406,#9407),.UNSPECIFIED.,.F.,
  .F.,(2,2),(0.,6.),.PIECEWISE_BEZIER_KNOTS.);
#9406 = CARTESIAN_POINT('',(0.,1.E-01));
#9407 = CARTESIAN_POINT('',(6.,1.E-01));
#9408 = ( GEOMETRIC_REPRESENTATION_CONTEXT(2) 
PARAMETRIC_REPRESENTATION_CONTEXT() REPRESENTATION_CONTEXT('2D SPACE',''
  ) );
#9409 = ADVANCED_FACE('',(#9410),#2692,.F.);
#9410 = FACE_BOUND('',#9411,.F.);
#9411 = EDGE_LOOP('',(#9412,#9435,#9458,#9486,#9509,#9532,#9555,#9576,
    #9577,#9578,#9601,#9624,#9647));
#9412 = ORIENTED_EDGE('',*,*,#9413,.F.);
#9413 = EDGE_CURVE('',#6346,#9414,#9416,.T.);
#9414 = VERTEX_POINT('',#9415);
#9415 = CARTESIAN_POINT('',(221.75,10.,133.4));
#9416 = SURFACE_CURVE('',#9417,(#9421,#9428),.PCURVE_S1.);
#9417 = LINE('',#9418,#9419);
#9418 = CARTESIAN_POINT('',(221.75,2.5,133.4));
#9419 = VECTOR('',#9420,1.);
#9420 = DIRECTION('',(-0.,1.,0.));
#9421 = PCURVE('',#2692,#9422);
#9422 = DEFINITIONAL_REPRESENTATION('',(#9423),#9427);
#9423 = LINE('',#9424,#9425);
#9424 = CARTESIAN_POINT('',(103.1,0.));
#9425 = VECTOR('',#9426,1.);
#9426 = DIRECTION('',(0.,-1.));
#9427 = ( GEOMETRIC_REPRESENTATION_CONTEXT(2) 
PARAMETRIC_REPRESENTATION_CONTEXT() REPRESENTATION_CONTEXT('2D SPACE',''
  ) );
#9428 = PCURVE('',#6361,#9429);
#9429 = DEFINITIONAL_REPRESENTATION('',(#9430),#9434);
#9430 = LINE('',#9431,#9432);
#9431 = CARTESIAN_POINT('',(-6.53033008589,-1.03033008589));
#9432 = VECTOR('',#9433,1.);
#9433 = DIRECTION('',(0.,1.));
#9434 = ( GEOMETRIC_REPRESENTATION_CONTEXT(2) 
PARAMETRIC_REPRESENTATION_CONTEXT() REPRESENTATION_CONTEXT('2D SPACE',''
  ) );
#9435 = ORIENTED_EDGE('',*,*,#9436,.F.);
#9436 = EDGE_CURVE('',#9437,#6346,#9439,.T.);
#9437 = VERTEX_POINT('',#9438);
#9438 = CARTESIAN_POINT('',(221.75,4.5,123.3));
#9439 = SURFACE_CURVE('',#9440,(#9444,#9451),.PCURVE_S1.);
#9440 = LINE('',#9441,#9442);
#9441 = CARTESIAN_POINT('',(221.75,4.5,30.3));
#9442 = VECTOR('',#9443,1.);
#9443 = DIRECTION('',(0.,0.,1.));
#9444 = PCURVE('',#2692,#9445);
#9445 = DEFINITIONAL_REPRESENTATION('',(#9446),#9450);
#9446 = LINE('',#9447,#9448);
#9447 = CARTESIAN_POINT('',(0.,-2.));
#9448 = VECTOR('',#9449,1.);
#9449 = DIRECTION('',(1.,0.));
#9450 = ( GEOMETRIC_REPRESENTATION_CONTEXT(2) 
PARAMETRIC_REPRESENTATION_CONTEXT() REPRESENTATION_CONTEXT('2D SPACE',''
  ) );
#9451 = PCURVE('',#6389,#9452);
#9452 = DEFINITIONAL_REPRESENTATION('',(#9453),#9457);
#9453 = LINE('',#9454,#9455);
#9454 = CARTESIAN_POINT('',(-76.,17.5));
#9455 = VECTOR('',#9456,1.);
#9456 = DIRECTION('',(1.,0.));
#9457 = ( GEOMETRIC_REPRESENTATION_CONTEXT(2) 
PARAMETRIC_REPRESENTATION_CONTEXT() REPRESENTATION_CONTEXT('2D SPACE',''
  ) );
#9458 = ORIENTED_EDGE('',*,*,#9459,.F.);
#9459 = EDGE_CURVE('',#9460,#9437,#9462,.T.);
#9460 = VERTEX_POINT('',#9461);
#9461 = CARTESIAN_POINT('',(221.75,4.5,120.3));
#9462 = SURFACE_CURVE('',#9463,(#9467,#9474),.PCURVE_S1.);
#9463 = LINE('',#9464,#9465);
#9464 = CARTESIAN_POINT('',(221.75,4.5,30.3));
#9465 = VECTOR('',#9466,1.);
#9466 = DIRECTION('',(0.,0.,1.));
#9467 = PCURVE('',#2692,#9468);
#9468 = DEFINITIONAL_REPRESENTATION('',(#9469),#9473);
#9469 = LINE('',#9470,#9471);
#9470 = CARTESIAN_POINT('',(0.,-2.));
#9471 = VECTOR('',#9472,1.);
#9472 = DIRECTION('',(1.,0.));
#9473 = ( GEOMETRIC_REPRESENTATION_CONTEXT(2) 
PARAMETRIC_REPRESENTATION_CONTEXT() REPRESENTATION_CONTEXT('2D SPACE',''
  ) );
#9474 = PCURVE('',#9475,#9480);
#9475 = PLANE('',#9476);
#9476 = AXIS2_PLACEMENT_3D('',#9477,#9478,#9479);
#9477 = CARTESIAN_POINT('',(220.25,3.,30.3));
#9478 = DIRECTION('',(-0.707106781187,0.707106781187,0.));
#9479 = DIRECTION('',(0.707106781187,0.707106781187,0.));
#9480 = DEFINITIONAL_REPRESENTATION('',(#9481),#9485);
#9481 = LINE('',#9482,#9483);
#9482 = CARTESIAN_POINT('',(2.12132034356,0.));
#9483 = VECTOR('',#9484,1.);
#9484 = DIRECTION('',(0.,-1.));
#9485 = ( GEOMETRIC_REPRESENTATION_CONTEXT(2) 
PARAMETRIC_REPRESENTATION_CONTEXT() REPRESENTATION_CONTEXT('2D SPACE',''
  ) );
#9486 = ORIENTED_EDGE('',*,*,#9487,.F.);
#9487 = EDGE_CURVE('',#9488,#9460,#9490,.T.);
#9488 = VERTEX_POINT('',#9489);
#9489 = CARTESIAN_POINT('',(221.75,4.5,106.3));
#9490 = SURFACE_CURVE('',#9491,(#9495,#9502),.PCURVE_S1.);
#9491 = LINE('',#9492,#9493);
#9492 = CARTESIAN_POINT('',(221.75,4.5,106.3));
#9493 = VECTOR('',#9494,1.);
#9494 = DIRECTION('',(0.,0.,1.));
#9495 = PCURVE('',#2692,#9496);
#9496 = DEFINITIONAL_REPRESENTATION('',(#9497),#9501);
#9497 = LINE('',#9498,#9499);
#9498 = CARTESIAN_POINT('',(76.,-2.));
#9499 = VECTOR('',#9500,1.);
#9500 = DIRECTION('',(1.,0.));
#9501 = ( GEOMETRIC_REPRESENTATION_CONTEXT(2) 
PARAMETRIC_REPRESENTATION_CONTEXT() REPRESENTATION_CONTEXT('2D SPACE',''
  ) );
#9502 = PCURVE('',#6389,#9503);
#9503 = DEFINITIONAL_REPRESENTATION('',(#9504),#9508);
#9504 = LINE('',#9505,#9506);
#9505 = CARTESIAN_POINT('',(0.,17.5));
#9506 = VECTOR('',#9507,1.);
#9507 = DIRECTION('',(1.,0.));
#9508 = ( GEOMETRIC_REPRESENTATION_CONTEXT(2) 
PARAMETRIC_REPRESENTATION_CONTEXT() REPRESENTATION_CONTEXT('2D SPACE',''
  ) );
#9509 = ORIENTED_EDGE('',*,*,#9510,.F.);
#9510 = EDGE_CURVE('',#9511,#9488,#9513,.T.);
#9511 = VERTEX_POINT('',#9512);
#9512 = CARTESIAN_POINT('',(221.75,4.5,95.8));
#9513 = SURFACE_CURVE('',#9514,(#9518,#9525),.PCURVE_S1.);
#9514 = LINE('',#9515,#9516);
#9515 = CARTESIAN_POINT('',(221.75,4.5,30.3));
#9516 = VECTOR('',#9517,1.);
#9517 = DIRECTION('',(0.,0.,1.));
#9518 = PCURVE('',#2692,#9519);
#9519 = DEFINITIONAL_REPRESENTATION('',(#9520),#9524);
#9520 = LINE('',#9521,#9522);
#9521 = CARTESIAN_POINT('',(0.,-2.));
#9522 = VECTOR('',#9523,1.);
#9523 = DIRECTION('',(1.,0.));
#9524 = ( GEOMETRIC_REPRESENTATION_CONTEXT(2) 
PARAMETRIC_REPRESENTATION_CONTEXT() REPRESENTATION_CONTEXT('2D SPACE',''
  ) );
#9525 = PCURVE('',#6591,#9526);
#9526 = DEFINITIONAL_REPRESENTATION('',(#9527),#9531);
#9527 = LINE('',#9528,#9529);
#9528 = CARTESIAN_POINT('',(2.12132034356,0.));
#9529 = VECTOR('',#9530,1.);
#9530 = DIRECTION('',(0.,-1.));
#9531 = ( GEOMETRIC_REPRESENTATION_CONTEXT(2) 
PARAMETRIC_REPRESENTATION_CONTEXT() REPRESENTATION_CONTEXT('2D SPACE',''
  ) );
#9532 = ORIENTED_EDGE('',*,*,#9533,.F.);
#9533 = EDGE_CURVE('',#9534,#9511,#9536,.T.);
#9534 = VERTEX_POINT('',#9535);
#9535 = CARTESIAN_POINT('',(221.75,4.5,81.8));
#9536 = SURFACE_CURVE('',#9537,(#9541,#9548),.PCURVE_S1.);
#9537 = LINE('',#9538,#9539);
#9538 = CARTESIAN_POINT('',(221.75,4.5,81.8));
#9539 = VECTOR('',#9540,1.);
#9540 = DIRECTION('',(0.,0.,1.));
#9541 = PCURVE('',#2692,#9542);
#9542 = DEFINITIONAL_REPRESENTATION('',(#9543),#9547);
#9543 = LINE('',#9544,#9545);
#9544 = CARTESIAN_POINT('',(51.5,-2.));
#9545 = VECTOR('',#9546,1.);
#9546 = DIRECTION('',(1.,0.));
#9547 = ( GEOMETRIC_REPRESENTATION_CONTEXT(2) 
PARAMETRIC_REPRESENTATION_CONTEXT() REPRESENTATION_CONTEXT('2D SPACE',''
  ) );
#9548 = PCURVE('',#5947,#9549);
#9549 = DEFINITIONAL_REPRESENTATION('',(#9550),#9554);
#9550 = LINE('',#9551,#9552);
#9551 = CARTESIAN_POINT('',(0.,17.5));
#9552 = VECTOR('',#9553,1.);
#9553 = DIRECTION('',(1.,0.));
#9554 = ( GEOMETRIC_REPRESENTATION_CONTEXT(2) 
PARAMETRIC_REPRESENTATION_CONTEXT() REPRESENTATION_CONTEXT('2D SPACE',''
  ) );
#9555 = ORIENTED_EDGE('',*,*,#9556,.F.);
#9556 = EDGE_CURVE('',#2677,#9534,#9557,.T.);
#9557 = SURFACE_CURVE('',#9558,(#9562,#9569),.PCURVE_S1.);
#9558 = LINE('',#9559,#9560);
#9559 = CARTESIAN_POINT('',(221.75,4.5,30.3));
#9560 = VECTOR('',#9561,1.);
#9561 = DIRECTION('',(0.,0.,1.));
#9562 = PCURVE('',#2692,#9563);
#9563 = DEFINITIONAL_REPRESENTATION('',(#9564),#9568);
#9564 = LINE('',#9565,#9566);
#9565 = CARTESIAN_POINT('',(0.,-2.));
#9566 = VECTOR('',#9567,1.);
#9567 = DIRECTION('',(1.,0.));
#9568 = ( GEOMETRIC_REPRESENTATION_CONTEXT(2) 
PARAMETRIC_REPRESENTATION_CONTEXT() REPRESENTATION_CONTEXT('2D SPACE',''
  ) );
#9569 = PCURVE('',#2720,#9570);
#9570 = DEFINITIONAL_REPRESENTATION('',(#9571),#9575);
#9571 = LINE('',#9572,#9573);
#9572 = CARTESIAN_POINT('',(2.12132034356,0.));
#9573 = VECTOR('',#9574,1.);
#9574 = DIRECTION('',(0.,-1.));
#9575 = ( GEOMETRIC_REPRESENTATION_CONTEXT(2) 
PARAMETRIC_REPRESENTATION_CONTEXT() REPRESENTATION_CONTEXT('2D SPACE',''
  ) );
#9576 = ORIENTED_EDGE('',*,*,#2676,.T.);
#9577 = ORIENTED_EDGE('',*,*,#9368,.T.);
#9578 = ORIENTED_EDGE('',*,*,#9579,.T.);
#9579 = EDGE_CURVE('',#9369,#9580,#9582,.T.);
#9580 = VERTEX_POINT('',#9581);
#9581 = CARTESIAN_POINT('',(221.75,11.5,65.1));
#9582 = SURFACE_CURVE('',#9583,(#9587,#9594),.PCURVE_S1.);
#9583 = LINE('',#9584,#9585);
#9584 = CARTESIAN_POINT('',(221.75,9.9,65.1));
#9585 = VECTOR('',#9586,1.);
#9586 = DIRECTION('',(-0.,1.,0.));
#9587 = PCURVE('',#2692,#9588);
#9588 = DEFINITIONAL_REPRESENTATION('',(#9589),#9593);
#9589 = LINE('',#9590,#9591);
#9590 = CARTESIAN_POINT('',(34.8,-7.4));
#9591 = VECTOR('',#9592,1.);
#9592 = DIRECTION('',(0.,-1.));
#9593 = ( GEOMETRIC_REPRESENTATION_CONTEXT(2) 
PARAMETRIC_REPRESENTATION_CONTEXT() REPRESENTATION_CONTEXT('2D SPACE',''
  ) );
#9594 = PCURVE('',#9269,#9595);
#9595 = DEFINITIONAL_REPRESENTATION('',(#9596),#9600);
#9596 = LINE('',#9597,#9598);
#9597 = CARTESIAN_POINT('',(0.,0.));
#9598 = VECTOR('',#9599,1.);
#9599 = DIRECTION('',(0.,1.));
#9600 = ( GEOMETRIC_REPRESENTATION_CONTEXT(2) 
PARAMETRIC_REPRESENTATION_CONTEXT() REPRESENTATION_CONTEXT('2D SPACE',''
  ) );
#9601 = ORIENTED_EDGE('',*,*,#9602,.T.);
#9602 = EDGE_CURVE('',#9580,#9603,#9605,.T.);
#9603 = VERTEX_POINT('',#9604);
#9604 = CARTESIAN_POINT('',(221.75,11.5,68.6));
#9605 = SURFACE_CURVE('',#9606,(#9610,#9617),.PCURVE_S1.);
#9606 = LINE('',#9607,#9608);
#9607 = CARTESIAN_POINT('',(221.75,11.5,65.1));
#9608 = VECTOR('',#9609,1.);
#9609 = DIRECTION('',(0.,0.,1.));
#9610 = PCURVE('',#2692,#9611);
#9611 = DEFINITIONAL_REPRESENTATION('',(#9612),#9616);
#9612 = LINE('',#9613,#9614);
#9613 = CARTESIAN_POINT('',(34.8,-9.));
#9614 = VECTOR('',#9615,1.);
#9615 = DIRECTION('',(1.,0.));
#9616 = ( GEOMETRIC_REPRESENTATION_CONTEXT(2) 
PARAMETRIC_REPRESENTATION_CONTEXT() REPRESENTATION_CONTEXT('2D SPACE',''
  ) );
#9617 = PCURVE('',#9297,#9618);
#9618 = DEFINITIONAL_REPRESENTATION('',(#9619),#9623);
#9619 = LINE('',#9620,#9621);
#9620 = CARTESIAN_POINT('',(0.,0.));
#9621 = VECTOR('',#9622,1.);
#9622 = DIRECTION('',(1.,0.));
#9623 = ( GEOMETRIC_REPRESENTATION_CONTEXT(2) 
PARAMETRIC_REPRESENTATION_CONTEXT() REPRESENTATION_CONTEXT('2D SPACE',''
  ) );
#9624 = ORIENTED_EDGE('',*,*,#9625,.F.);
#9625 = EDGE_CURVE('',#9626,#9603,#9628,.T.);
#9626 = VERTEX_POINT('',#9627);
#9627 = CARTESIAN_POINT('',(221.75,10.,68.6));
#9628 = SURFACE_CURVE('',#9629,(#9633,#9640),.PCURVE_S1.);
#9629 = LINE('',#9630,#9631);
#9630 = CARTESIAN_POINT('',(221.75,9.9,68.6));
#9631 = VECTOR('',#9632,1.);
#9632 = DIRECTION('',(-0.,1.,0.));
#9633 = PCURVE('',#2692,#9634);
#9634 = DEFINITIONAL_REPRESENTATION('',(#9635),#9639);
#9635 = LINE('',#9636,#9637);
#9636 = CARTESIAN_POINT('',(38.3,-7.4));
#9637 = VECTOR('',#9638,1.);
#9638 = DIRECTION('',(0.,-1.));
#9639 = ( GEOMETRIC_REPRESENTATION_CONTEXT(2) 
PARAMETRIC_REPRESENTATION_CONTEXT() REPRESENTATION_CONTEXT('2D SPACE',''
  ) );
#9640 = PCURVE('',#9325,#9641);
#9641 = DEFINITIONAL_REPRESENTATION('',(#9642),#9646);
#9642 = LINE('',#9643,#9644);
#9643 = CARTESIAN_POINT('',(0.,0.));
#9644 = VECTOR('',#9645,1.);
#9645 = DIRECTION('',(0.,1.));
#9646 = ( GEOMETRIC_REPRESENTATION_CONTEXT(2) 
PARAMETRIC_REPRESENTATION_CONTEXT() REPRESENTATION_CONTEXT('2D SPACE',''
  ) );
#9647 = ORIENTED_EDGE('',*,*,#9648,.T.);
#9648 = EDGE_CURVE('',#9626,#9414,#9649,.T.);
#9649 = SURFACE_CURVE('',#9650,(#9654,#9661),.PCURVE_S1.);
#9650 = LINE('',#9651,#9652);
#9651 = CARTESIAN_POINT('',(221.75,10.,30.3));
#9652 = VECTOR('',#9653,1.);
#9653 = DIRECTION('',(0.,0.,1.));
#9654 = PCURVE('',#2692,#9655);
#9655 = DEFINITIONAL_REPRESENTATION('',(#9656),#9660);
#9656 = LINE('',#9657,#9658);
#9657 = CARTESIAN_POINT('',(0.,-7.5));
#9658 = VECTOR('',#9659,1.);
#9659 = DIRECTION('',(1.,0.));
#9660 = ( GEOMETRIC_REPRESENTATION_CONTEXT(2) 
PARAMETRIC_REPRESENTATION_CONTEXT() REPRESENTATION_CONTEXT('2D SPACE',''
  ) );
#9661 = PCURVE('',#9351,#9662);
#9662 = DEFINITIONAL_REPRESENTATION('',(#9663),#9667);
#9663 = LINE('',#9664,#9665);
#9664 = CARTESIAN_POINT('',(0.,0.));
#9665 = VECTOR('',#9666,1.);
#9666 = DIRECTION('',(1.,0.));
#9667 = ( GEOMETRIC_REPRESENTATION_CONTEXT(2) 
PARAMETRIC_REPRESENTATION_CONTEXT() REPRESENTATION_CONTEXT('2D SPACE',''
  ) );
#9668 = ADVANCED_FACE('',(#9669),#2720,.T.);
#9669 = FACE_BOUND('',#9670,.T.);
#9670 = EDGE_LOOP('',(#9671,#9672,#9693,#9714,#9715,#9736,#9760));
#9671 = ORIENTED_EDGE('',*,*,#2704,.F.);
#9672 = ORIENTED_EDGE('',*,*,#9673,.T.);
#9673 = EDGE_CURVE('',#2705,#5686,#9674,.T.);
#9674 = SURFACE_CURVE('',#9675,(#9679,#9686),.PCURVE_S1.);
#9675 = LINE('',#9676,#9677);
#9676 = CARTESIAN_POINT('',(220.25,3.,30.3));
#9677 = VECTOR('',#9678,1.);
#9678 = DIRECTION('',(0.,0.,1.));
#9679 = PCURVE('',#2720,#9680);
#9680 = DEFINITIONAL_REPRESENTATION('',(#9681),#9685);
#9681 = LINE('',#9682,#9683);
#9682 = CARTESIAN_POINT('',(0.,0.));
#9683 = VECTOR('',#9684,1.);
#9684 = DIRECTION('',(0.,-1.));
#9685 = ( GEOMETRIC_REPRESENTATION_CONTEXT(2) 
PARAMETRIC_REPRESENTATION_CONTEXT() REPRESENTATION_CONTEXT('2D SPACE',''
  ) );
#9686 = PCURVE('',#2748,#9687);
#9687 = DEFINITIONAL_REPRESENTATION('',(#9688),#9692);
#9688 = LINE('',#9689,#9690);
#9689 = CARTESIAN_POINT('',(0.,37.25));
#9690 = VECTOR('',#9691,1.);
#9691 = DIRECTION('',(1.,0.));
#9692 = ( GEOMETRIC_REPRESENTATION_CONTEXT(2) 
PARAMETRIC_REPRESENTATION_CONTEXT() REPRESENTATION_CONTEXT('2D SPACE',''
  ) );
#9693 = ORIENTED_EDGE('',*,*,#9694,.T.);
#9694 = EDGE_CURVE('',#5686,#5988,#9695,.T.);
#9695 = SURFACE_CURVE('',#9696,(#9700,#9707),.PCURVE_S1.);
#9696 = LINE('',#9697,#9698);
#9697 = CARTESIAN_POINT('',(220.25,3.,30.3));
#9698 = VECTOR('',#9699,1.);
#9699 = DIRECTION('',(0.,0.,1.));
#9700 = PCURVE('',#2720,#9701);
#9701 = DEFINITIONAL_REPRESENTATION('',(#9702),#9706);
#9702 = LINE('',#9703,#9704);
#9703 = CARTESIAN_POINT('',(0.,0.));
#9704 = VECTOR('',#9705,1.);
#9705 = DIRECTION('',(0.,-1.));
#9706 = ( GEOMETRIC_REPRESENTATION_CONTEXT(2) 
PARAMETRIC_REPRESENTATION_CONTEXT() REPRESENTATION_CONTEXT('2D SPACE',''
  ) );
#9707 = PCURVE('',#5745,#9708);
#9708 = DEFINITIONAL_REPRESENTATION('',(#9709),#9713);
#9709 = LINE('',#9710,#9711);
#9710 = CARTESIAN_POINT('',(1.5,0.));
#9711 = VECTOR('',#9712,1.);
#9712 = DIRECTION('',(0.,-1.));
#9713 = ( GEOMETRIC_REPRESENTATION_CONTEXT(2) 
PARAMETRIC_REPRESENTATION_CONTEXT() REPRESENTATION_CONTEXT('2D SPACE',''
  ) );
#9714 = ORIENTED_EDGE('',*,*,#5987,.F.);
#9715 = ORIENTED_EDGE('',*,*,#9716,.F.);
#9716 = EDGE_CURVE('',#9717,#5960,#9719,.T.);
#9717 = VERTEX_POINT('',#9718);
#9718 = CARTESIAN_POINT('',(220.75,3.5,81.8));
#9719 = SURFACE_CURVE('',#9720,(#9724,#9730),.PCURVE_S1.);
#9720 = LINE('',#9721,#9722);
#9721 = CARTESIAN_POINT('',(220.75,3.5,54.55));
#9722 = VECTOR('',#9723,1.);
#9723 = DIRECTION('',(0.,0.,-1.));
#9724 = PCURVE('',#2720,#9725);
#9725 = DEFINITIONAL_REPRESENTATION('',(#9726),#9729);
#9726 = B_SPLINE_CURVE_WITH_KNOTS('',1,(#9727,#9728),.UNSPECIFIED.,.F.,
  .F.,(2,2),(-27.25,-24.25),.PIECEWISE_BEZIER_KNOTS.);
#9727 = CARTESIAN_POINT('',(0.707106781187,-51.5));
#9728 = CARTESIAN_POINT('',(0.707106781187,-48.5));
#9729 = ( GEOMETRIC_REPRESENTATION_CONTEXT(2) 
PARAMETRIC_REPRESENTATION_CONTEXT() REPRESENTATION_CONTEXT('2D SPACE',''
  ) );
#9730 = PCURVE('',#5975,#9731);
#9731 = DEFINITIONAL_REPRESENTATION('',(#9732),#9735);
#9732 = B_SPLINE_CURVE_WITH_KNOTS('',1,(#9733,#9734),.UNSPECIFIED.,.F.,
  .F.,(2,2),(-27.25,-24.25),.PIECEWISE_BEZIER_KNOTS.);
#9733 = CARTESIAN_POINT('',(3.,-2.5));
#9734 = CARTESIAN_POINT('',(0.,-2.5));
#9735 = ( GEOMETRIC_REPRESENTATION_CONTEXT(2) 
PARAMETRIC_REPRESENTATION_CONTEXT() REPRESENTATION_CONTEXT('2D SPACE',''
  ) );
#9736 = ORIENTED_EDGE('',*,*,#9737,.T.);
#9737 = EDGE_CURVE('',#9717,#9534,#9738,.T.);
#9738 = SURFACE_CURVE('',#9739,(#9743,#9749),.PCURVE_S1.);
#9739 = LINE('',#9740,#9741);
#9740 = CARTESIAN_POINT('',(215.75,-1.5,81.8));
#9741 = VECTOR('',#9742,1.);
#9742 = DIRECTION('',(0.707106781187,0.707106781187,-0.));
#9743 = PCURVE('',#2720,#9744);
#9744 = DEFINITIONAL_REPRESENTATION('',(#9745),#9748);
#9745 = B_SPLINE_CURVE_WITH_KNOTS('',1,(#9746,#9747),.UNSPECIFIED.,.F.,
  .F.,(2,2),(6.363961030679,8.485281374239),.PIECEWISE_BEZIER_KNOTS.);
#9746 = CARTESIAN_POINT('',(0.,-51.5));
#9747 = CARTESIAN_POINT('',(2.12132034356,-51.5));
#9748 = ( GEOMETRIC_REPRESENTATION_CONTEXT(2) 
PARAMETRIC_REPRESENTATION_CONTEXT() REPRESENTATION_CONTEXT('2D SPACE',''
  ) );
#9749 = PCURVE('',#9750,#9755);
#9750 = PLANE('',#9751);
#9751 = AXIS2_PLACEMENT_3D('',#9752,#9753,#9754);
#9752 = CARTESIAN_POINT('',(204.25,1.,81.8));
#9753 = DIRECTION('',(0.,0.,1.));
#9754 = DIRECTION('',(1.,0.,-0.));
#9755 = DEFINITIONAL_REPRESENTATION('',(#9756),#9759);
#9756 = B_SPLINE_CURVE_WITH_KNOTS('',1,(#9757,#9758),.UNSPECIFIED.,.F.,
  .F.,(2,2),(6.363961030679,8.485281374239),.PIECEWISE_BEZIER_KNOTS.);
#9757 = CARTESIAN_POINT('',(16.,2.));
#9758 = CARTESIAN_POINT('',(17.5,3.5));
#9759 = ( GEOMETRIC_REPRESENTATION_CONTEXT(2) 
PARAMETRIC_REPRESENTATION_CONTEXT() REPRESENTATION_CONTEXT('2D SPACE',''
  ) );
#9760 = ORIENTED_EDGE('',*,*,#9556,.F.);
#9761 = ADVANCED_FACE('',(#9762),#2748,.T.);
#9762 = FACE_BOUND('',#9763,.T.);
#9763 = EDGE_LOOP('',(#9764,#9765,#9766,#9787,#9813,#9839,#9865,#9891,
    #9917,#9943,#9969,#9995,#10021,#10047,#10073,#10092,#10093,#10094));
#9764 = ORIENTED_EDGE('',*,*,#2732,.F.);
#9765 = ORIENTED_EDGE('',*,*,#4686,.T.);
#9766 = ORIENTED_EDGE('',*,*,#9767,.T.);
#9767 = EDGE_CURVE('',#4659,#9768,#9770,.T.);
#9768 = VERTEX_POINT('',#9769);
#9769 = CARTESIAN_POINT('',(215.,3.,30.8));
#9770 = SURFACE_CURVE('',#9771,(#9775,#9781),.PCURVE_S1.);
#9771 = LINE('',#9772,#9773);
#9772 = CARTESIAN_POINT('',(183.,3.,30.8));
#9773 = VECTOR('',#9774,1.);
#9774 = DIRECTION('',(-1.,-0.,0.));
#9775 = PCURVE('',#2748,#9776);
#9776 = DEFINITIONAL_REPRESENTATION('',(#9777),#9780);
#9777 = B_SPLINE_CURVE_WITH_KNOTS('',1,(#9778,#9779),.UNSPECIFIED.,.F.,
  .F.,(2,2),(-34.,0.),.PIECEWISE_BEZIER_KNOTS.);
#9778 = CARTESIAN_POINT('',(0.5,34.));
#9779 = CARTESIAN_POINT('',(0.5,0.));
#9780 = ( GEOMETRIC_REPRESENTATION_CONTEXT(2) 
PARAMETRIC_REPRESENTATION_CONTEXT() REPRESENTATION_CONTEXT('2D SPACE',''
  ) );
#9781 = PCURVE('',#4674,#9782);
#9782 = DEFINITIONAL_REPRESENTATION('',(#9783),#9786);
#9783 = B_SPLINE_CURVE_WITH_KNOTS('',1,(#9784,#9785),.UNSPECIFIED.,.F.,
  .F.,(2,2),(-34.,0.),.PIECEWISE_BEZIER_KNOTS.);
#9784 = CARTESIAN_POINT('',(34.,2.));
#9785 = CARTESIAN_POINT('',(0.,2.));
#9786 = ( GEOMETRIC_REPRESENTATION_CONTEXT(2) 
PARAMETRIC_REPRESENTATION_CONTEXT() REPRESENTATION_CONTEXT('2D SPACE',''
  ) );
#9787 = ORIENTED_EDGE('',*,*,#9788,.T.);
#9788 = EDGE_CURVE('',#9768,#9789,#9791,.T.);
#9789 = VERTEX_POINT('',#9790);
#9790 = CARTESIAN_POINT('',(215.,3.,44.461764705882));
#9791 = SURFACE_CURVE('',#9792,(#9796,#9802),.PCURVE_S1.);
#9792 = LINE('',#9793,#9794);
#9793 = CARTESIAN_POINT('',(215.,3.,32.928046968972));
#9794 = VECTOR('',#9795,1.);
#9795 = DIRECTION('',(0.,-0.,1.));
#9796 = PCURVE('',#2748,#9797);
#9797 = DEFINITIONAL_REPRESENTATION('',(#9798),#9801);
#9798 = B_SPLINE_CURVE_WITH_KNOTS('',1,(#9799,#9800),.UNSPECIFIED.,.F.,
  .F.,(2,2),(-2.128046968972,11.871953031028),.PIECEWISE_BEZIER_KNOTS.);
#9799 = CARTESIAN_POINT('',(0.5,32.));
#9800 = CARTESIAN_POINT('',(14.5,32.));
#9801 = ( GEOMETRIC_REPRESENTATION_CONTEXT(2) 
PARAMETRIC_REPRESENTATION_CONTEXT() REPRESENTATION_CONTEXT('2D SPACE',''
  ) );
#9802 = PCURVE('',#9803,#9808);
#9803 = PLANE('',#9804);
#9804 = AXIS2_PLACEMENT_3D('',#9805,#9806,#9807);
#9805 = CARTESIAN_POINT('',(215.,9.223514603038,35.556093937943));
#9806 = DIRECTION('',(1.,0.,0.));
#9807 = DIRECTION('',(-0.,0.,1.));
#9808 = DEFINITIONAL_REPRESENTATION('',(#9809),#9812);
#9809 = B_SPLINE_CURVE_WITH_KNOTS('',1,(#9810,#9811),.UNSPECIFIED.,.F.,
  .F.,(2,2),(-2.128046968972,11.871953031028),.PIECEWISE_BEZIER_KNOTS.);
#9810 = CARTESIAN_POINT('',(-4.756093937943,6.223514603038));
#9811 = CARTESIAN_POINT('',(9.243906062057,6.223514603038));
#9812 = ( GEOMETRIC_REPRESENTATION_CONTEXT(2) 
PARAMETRIC_REPRESENTATION_CONTEXT() REPRESENTATION_CONTEXT('2D SPACE',''
  ) );
#9813 = ORIENTED_EDGE('',*,*,#9814,.F.);
#9814 = EDGE_CURVE('',#9815,#9789,#9817,.T.);
#9815 = VERTEX_POINT('',#9816);
#9816 = CARTESIAN_POINT('',(211.8,3.,44.461764705882));
#9817 = SURFACE_CURVE('',#9818,(#9822,#9828),.PCURVE_S1.);
#9818 = LINE('',#9819,#9820);
#9819 = CARTESIAN_POINT('',(197.4,3.,44.461764705882));
#9820 = VECTOR('',#9821,1.);
#9821 = DIRECTION('',(1.,0.,0.));
#9822 = PCURVE('',#2748,#9823);
#9823 = DEFINITIONAL_REPRESENTATION('',(#9824),#9827);
#9824 = B_SPLINE_CURVE_WITH_KNOTS('',1,(#9825,#9826),.UNSPECIFIED.,.F.,
  .F.,(2,2),(14.4,17.6),.PIECEWISE_BEZIER_KNOTS.);
#9825 = CARTESIAN_POINT('',(14.161764705882,28.8));
#9826 = CARTESIAN_POINT('',(14.161764705882,32.));
#9827 = ( GEOMETRIC_REPRESENTATION_CONTEXT(2) 
PARAMETRIC_REPRESENTATION_CONTEXT() REPRESENTATION_CONTEXT('2D SPACE',''
  ) );
#9828 = PCURVE('',#9829,#9834);
#9829 = PLANE('',#9830);
#9830 = AXIS2_PLACEMENT_3D('',#9831,#9832,#9833);
#9831 = CARTESIAN_POINT('',(211.8,19.5,33.3));
#9832 = DIRECTION('',(0.,-0.560309367704,-0.828283413128));
#9833 = DIRECTION('',(0.,-0.828283413128,0.560309367704));
#9834 = DEFINITIONAL_REPRESENTATION('',(#9835),#9838);
#9835 = B_SPLINE_CURVE_WITH_KNOTS('',1,(#9836,#9837),.UNSPECIFIED.,.F.,
  .F.,(2,2),(14.4,17.6),.PIECEWISE_BEZIER_KNOTS.);
#9836 = CARTESIAN_POINT('',(19.920717641428,0.));
#9837 = CARTESIAN_POINT('',(19.920717641428,-3.2));
#9838 = ( GEOMETRIC_REPRESENTATION_CONTEXT(2) 
PARAMETRIC_REPRESENTATION_CONTEXT() REPRESENTATION_CONTEXT('2D SPACE',''
  ) );
#9839 = ORIENTED_EDGE('',*,*,#9840,.F.);
#9840 = EDGE_CURVE('',#9841,#9815,#9843,.T.);
#9841 = VERTEX_POINT('',#9842);
#9842 = CARTESIAN_POINT('',(211.8,3.,30.8));
#9843 = SURFACE_CURVE('',#9844,(#9848,#9854),.PCURVE_S1.);
#9844 = LINE('',#9845,#9846);
#9845 = CARTESIAN_POINT('',(211.8,3.,32.928046968972));
#9846 = VECTOR('',#9847,1.);
#9847 = DIRECTION('',(0.,-0.,1.));
#9848 = PCURVE('',#2748,#9849);
#9849 = DEFINITIONAL_REPRESENTATION('',(#9850),#9853);
#9850 = B_SPLINE_CURVE_WITH_KNOTS('',1,(#9851,#9852),.UNSPECIFIED.,.F.,
  .F.,(2,2),(-2.128046968972,11.871953031028),.PIECEWISE_BEZIER_KNOTS.);
#9851 = CARTESIAN_POINT('',(0.5,28.8));
#9852 = CARTESIAN_POINT('',(14.5,28.8));
#9853 = ( GEOMETRIC_REPRESENTATION_CONTEXT(2) 
PARAMETRIC_REPRESENTATION_CONTEXT() REPRESENTATION_CONTEXT('2D SPACE',''
  ) );
#9854 = PCURVE('',#9855,#9860);
#9855 = PLANE('',#9856);
#9856 = AXIS2_PLACEMENT_3D('',#9857,#9858,#9859);
#9857 = CARTESIAN_POINT('',(211.8,9.223514603038,35.556093937943));
#9858 = DIRECTION('',(1.,0.,0.));
#9859 = DIRECTION('',(-0.,0.,1.));
#9860 = DEFINITIONAL_REPRESENTATION('',(#9861),#9864);
#9861 = B_SPLINE_CURVE_WITH_KNOTS('',1,(#9862,#9863),.UNSPECIFIED.,.F.,
  .F.,(2,2),(-2.128046968972,11.871953031028),.PIECEWISE_BEZIER_KNOTS.);
#9862 = CARTESIAN_POINT('',(-4.756093937943,6.223514603038));
#9863 = CARTESIAN_POINT('',(9.243906062057,6.223514603038));
#9864 = ( GEOMETRIC_REPRESENTATION_CONTEXT(2) 
PARAMETRIC_REPRESENTATION_CONTEXT() REPRESENTATION_CONTEXT('2D SPACE',''
  ) );
#9865 = ORIENTED_EDGE('',*,*,#9866,.T.);
#9866 = EDGE_CURVE('',#9841,#9867,#9869,.T.);
#9867 = VERTEX_POINT('',#9868);
#9868 = CARTESIAN_POINT('',(201.6,3.,30.8));
#9869 = SURFACE_CURVE('',#9870,(#9874,#9880),.PCURVE_S1.);
#9870 = LINE('',#9871,#9872);
#9871 = CARTESIAN_POINT('',(183.,3.,30.8));
#9872 = VECTOR('',#9873,1.);
#9873 = DIRECTION('',(-1.,-0.,0.));
#9874 = PCURVE('',#2748,#9875);
#9875 = DEFINITIONAL_REPRESENTATION('',(#9876),#9879);
#9876 = B_SPLINE_CURVE_WITH_KNOTS('',1,(#9877,#9878),.UNSPECIFIED.,.F.,
  .F.,(2,2),(-34.,0.),.PIECEWISE_BEZIER_KNOTS.);
#9877 = CARTESIAN_POINT('',(0.5,34.));
#9878 = CARTESIAN_POINT('',(0.5,0.));
#9879 = ( GEOMETRIC_REPRESENTATION_CONTEXT(2) 
PARAMETRIC_REPRESENTATION_CONTEXT() REPRESENTATION_CONTEXT('2D SPACE',''
  ) );
#9880 = PCURVE('',#9881,#9886);
#9881 = PLANE('',#9882);
#9882 = AXIS2_PLACEMENT_3D('',#9883,#9884,#9885);
#9883 = CARTESIAN_POINT('',(183.,1.,30.8));
#9884 = DIRECTION('',(0.,0.,1.));
#9885 = DIRECTION('',(1.,0.,-0.));
#9886 = DEFINITIONAL_REPRESENTATION('',(#9887),#9890);
#9887 = B_SPLINE_CURVE_WITH_KNOTS('',1,(#9888,#9889),.UNSPECIFIED.,.F.,
  .F.,(2,2),(-34.,0.),.PIECEWISE_BEZIER_KNOTS.);
#9888 = CARTESIAN_POINT('',(34.,2.));
#9889 = CARTESIAN_POINT('',(0.,2.));
#9890 = ( GEOMETRIC_REPRESENTATION_CONTEXT(2) 
PARAMETRIC_REPRESENTATION_CONTEXT() REPRESENTATION_CONTEXT('2D SPACE',''
  ) );
#9891 = ORIENTED_EDGE('',*,*,#9892,.T.);
#9892 = EDGE_CURVE('',#9867,#9893,#9895,.T.);
#9893 = VERTEX_POINT('',#9894);
#9894 = CARTESIAN_POINT('',(201.6,3.,44.461764705882));
#9895 = SURFACE_CURVE('',#9896,(#9900,#9906),.PCURVE_S1.);
#9896 = LINE('',#9897,#9898);
#9897 = CARTESIAN_POINT('',(201.6,3.,32.928046968972));
#9898 = VECTOR('',#9899,1.);
#9899 = DIRECTION('',(0.,-0.,1.));
#9900 = PCURVE('',#2748,#9901);
#9901 = DEFINITIONAL_REPRESENTATION('',(#9902),#9905);
#9902 = B_SPLINE_CURVE_WITH_KNOTS('',1,(#9903,#9904),.UNSPECIFIED.,.F.,
  .F.,(2,2),(-2.128046968972,11.871953031028),.PIECEWISE_BEZIER_KNOTS.);
#9903 = CARTESIAN_POINT('',(0.5,18.6));
#9904 = CARTESIAN_POINT('',(14.5,18.6));
#9905 = ( GEOMETRIC_REPRESENTATION_CONTEXT(2) 
PARAMETRIC_REPRESENTATION_CONTEXT() REPRESENTATION_CONTEXT('2D SPACE',''
  ) );
#9906 = PCURVE('',#9907,#9912);
#9907 = PLANE('',#9908);
#9908 = AXIS2_PLACEMENT_3D('',#9909,#9910,#9911);
#9909 = CARTESIAN_POINT('',(201.6,9.223514603038,35.556093937943));
#9910 = DIRECTION('',(1.,0.,0.));
#9911 = DIRECTION('',(-0.,0.,1.));
#9912 = DEFINITIONAL_REPRESENTATION('',(#9913),#9916);
#9913 = B_SPLINE_CURVE_WITH_KNOTS('',1,(#9914,#9915),.UNSPECIFIED.,.F.,
  .F.,(2,2),(-2.128046968972,11.871953031028),.PIECEWISE_BEZIER_KNOTS.);
#9914 = CARTESIAN_POINT('',(-4.756093937943,6.223514603038));
#9915 = CARTESIAN_POINT('',(9.243906062057,6.223514603038));
#9916 = ( GEOMETRIC_REPRESENTATION_CONTEXT(2) 
PARAMETRIC_REPRESENTATION_CONTEXT() REPRESENTATION_CONTEXT('2D SPACE',''
  ) );
#9917 = ORIENTED_EDGE('',*,*,#9918,.F.);
#9918 = EDGE_CURVE('',#9919,#9893,#9921,.T.);
#9919 = VERTEX_POINT('',#9920);
#9920 = CARTESIAN_POINT('',(198.4,3.,44.461764705882));
#9921 = SURFACE_CURVE('',#9922,(#9926,#9932),.PCURVE_S1.);
#9922 = LINE('',#9923,#9924);
#9923 = CARTESIAN_POINT('',(190.7,3.,44.461764705882));
#9924 = VECTOR('',#9925,1.);
#9925 = DIRECTION('',(1.,0.,0.));
#9926 = PCURVE('',#2748,#9927);
#9927 = DEFINITIONAL_REPRESENTATION('',(#9928),#9931);
#9928 = B_SPLINE_CURVE_WITH_KNOTS('',1,(#9929,#9930),.UNSPECIFIED.,.F.,
  .F.,(2,2),(7.7,10.9),.PIECEWISE_BEZIER_KNOTS.);
#9929 = CARTESIAN_POINT('',(14.161764705882,15.4));
#9930 = CARTESIAN_POINT('',(14.161764705882,18.6));
#9931 = ( GEOMETRIC_REPRESENTATION_CONTEXT(2) 
PARAMETRIC_REPRESENTATION_CONTEXT() REPRESENTATION_CONTEXT('2D SPACE',''
  ) );
#9932 = PCURVE('',#9933,#9938);
#9933 = PLANE('',#9934);
#9934 = AXIS2_PLACEMENT_3D('',#9935,#9936,#9937);
#9935 = CARTESIAN_POINT('',(198.4,19.5,33.3));
#9936 = DIRECTION('',(0.,-0.560309367704,-0.828283413128));
#9937 = DIRECTION('',(0.,-0.828283413128,0.560309367704));
#9938 = DEFINITIONAL_REPRESENTATION('',(#9939),#9942);
#9939 = B_SPLINE_CURVE_WITH_KNOTS('',1,(#9940,#9941),.UNSPECIFIED.,.F.,
  .F.,(2,2),(7.7,10.9),.PIECEWISE_BEZIER_KNOTS.);
#9940 = CARTESIAN_POINT('',(19.920717641428,0.));
#9941 = CARTESIAN_POINT('',(19.920717641428,-3.2));
#9942 = ( GEOMETRIC_REPRESENTATION_CONTEXT(2) 
PARAMETRIC_REPRESENTATION_CONTEXT() REPRESENTATION_CONTEXT('2D SPACE',''
  ) );
#9943 = ORIENTED_EDGE('',*,*,#9944,.F.);
#9944 = EDGE_CURVE('',#9945,#9919,#9947,.T.);
#9945 = VERTEX_POINT('',#9946);
#9946 = CARTESIAN_POINT('',(198.4,3.,30.8));
#9947 = SURFACE_CURVE('',#9948,(#9952,#9958),.PCURVE_S1.);
#9948 = LINE('',#9949,#9950);
#9949 = CARTESIAN_POINT('',(198.4,3.,32.928046968972));
#9950 = VECTOR('',#9951,1.);
#9951 = DIRECTION('',(0.,-0.,1.));
#9952 = PCURVE('',#2748,#9953);
#9953 = DEFINITIONAL_REPRESENTATION('',(#9954),#9957);
#9954 = B_SPLINE_CURVE_WITH_KNOTS('',1,(#9955,#9956),.UNSPECIFIED.,.F.,
  .F.,(2,2),(-2.128046968972,11.871953031028),.PIECEWISE_BEZIER_KNOTS.);
#9955 = CARTESIAN_POINT('',(0.5,15.4));
#9956 = CARTESIAN_POINT('',(14.5,15.4));
#9957 = ( GEOMETRIC_REPRESENTATION_CONTEXT(2) 
PARAMETRIC_REPRESENTATION_CONTEXT() REPRESENTATION_CONTEXT('2D SPACE',''
  ) );
#9958 = PCURVE('',#9959,#9964);
#9959 = PLANE('',#9960);
#9960 = AXIS2_PLACEMENT_3D('',#9961,#9962,#9963);
#9961 = CARTESIAN_POINT('',(198.4,9.223514603038,35.556093937943));
#9962 = DIRECTION('',(1.,0.,0.));
#9963 = DIRECTION('',(-0.,0.,1.));
#9964 = DEFINITIONAL_REPRESENTATION('',(#9965),#9968);
#9965 = B_SPLINE_CURVE_WITH_KNOTS('',1,(#9966,#9967),.UNSPECIFIED.,.F.,
  .F.,(2,2),(-2.128046968972,11.871953031028),.PIECEWISE_BEZIER_KNOTS.);
#9966 = CARTESIAN_POINT('',(-4.756093937943,6.223514603038));
#9967 = CARTESIAN_POINT('',(9.243906062057,6.223514603038));
#9968 = ( GEOMETRIC_REPRESENTATION_CONTEXT(2) 
PARAMETRIC_REPRESENTATION_CONTEXT() REPRESENTATION_CONTEXT('2D SPACE',''
  ) );
#9969 = ORIENTED_EDGE('',*,*,#9970,.T.);
#9970 = EDGE_CURVE('',#9945,#9971,#9973,.T.);
#9971 = VERTEX_POINT('',#9972);
#9972 = CARTESIAN_POINT('',(188.2,3.,30.8));
#9973 = SURFACE_CURVE('',#9974,(#9978,#9984),.PCURVE_S1.);
#9974 = LINE('',#9975,#9976);
#9975 = CARTESIAN_POINT('',(183.,3.,30.8));
#9976 = VECTOR('',#9977,1.);
#9977 = DIRECTION('',(-1.,-0.,0.));
#9978 = PCURVE('',#2748,#9979);
#9979 = DEFINITIONAL_REPRESENTATION('',(#9980),#9983);
#9980 = B_SPLINE_CURVE_WITH_KNOTS('',1,(#9981,#9982),.UNSPECIFIED.,.F.,
  .F.,(2,2),(-34.,0.),.PIECEWISE_BEZIER_KNOTS.);
#9981 = CARTESIAN_POINT('',(0.5,34.));
#9982 = CARTESIAN_POINT('',(0.5,0.));
#9983 = ( GEOMETRIC_REPRESENTATION_CONTEXT(2) 
PARAMETRIC_REPRESENTATION_CONTEXT() REPRESENTATION_CONTEXT('2D SPACE',''
  ) );
#9984 = PCURVE('',#9985,#9990);
#9985 = PLANE('',#9986);
#9986 = AXIS2_PLACEMENT_3D('',#9987,#9988,#9989);
#9987 = CARTESIAN_POINT('',(183.,1.,30.8));
#9988 = DIRECTION('',(0.,0.,1.));
#9989 = DIRECTION('',(1.,0.,-0.));
#9990 = DEFINITIONAL_REPRESENTATION('',(#9991),#9994);
#9991 = B_SPLINE_CURVE_WITH_KNOTS('',1,(#9992,#9993),.UNSPECIFIED.,.F.,
  .F.,(2,2),(-34.,0.),.PIECEWISE_BEZIER_KNOTS.);
#9992 = CARTESIAN_POINT('',(34.,2.));
#9993 = CARTESIAN_POINT('',(0.,2.));
#9994 = ( GEOMETRIC_REPRESENTATION_CONTEXT(2) 
PARAMETRIC_REPRESENTATION_CONTEXT() REPRESENTATION_CONTEXT('2D SPACE',''
  ) );
#9995 = ORIENTED_EDGE('',*,*,#9996,.T.);
#9996 = EDGE_CURVE('',#9971,#9997,#9999,.T.);
#9997 = VERTEX_POINT('',#9998);
#9998 = CARTESIAN_POINT('',(188.2,3.,44.461764705882));
#9999 = SURFACE_CURVE('',#10000,(#10004,#10010),.PCURVE_S1.);
#10000 = LINE('',#10001,#10002);
#10001 = CARTESIAN_POINT('',(188.2,3.,32.928046968972));
#10002 = VECTOR('',#10003,1.);
#10003 = DIRECTION('',(0.,-0.,1.));
#10004 = PCURVE('',#2748,#10005);
#10005 = DEFINITIONAL_REPRESENTATION('',(#10006),#10009);
#10006 = B_SPLINE_CURVE_WITH_KNOTS('',1,(#10007,#10008),.UNSPECIFIED.,
  .F.,.F.,(2,2),(-2.128046968972,11.871953031028),
  .PIECEWISE_BEZIER_KNOTS.);
#10007 = CARTESIAN_POINT('',(0.5,5.2));
#10008 = CARTESIAN_POINT('',(14.5,5.2));
#10009 = ( GEOMETRIC_REPRESENTATION_CONTEXT(2) 
PARAMETRIC_REPRESENTATION_CONTEXT() REPRESENTATION_CONTEXT('2D SPACE',''
  ) );
#10010 = PCURVE('',#10011,#10016);
#10011 = PLANE('',#10012);
#10012 = AXIS2_PLACEMENT_3D('',#10013,#10014,#10015);
#10013 = CARTESIAN_POINT('',(188.2,9.223514603038,35.556093937943));
#10014 = DIRECTION('',(1.,0.,0.));
#10015 = DIRECTION('',(-0.,0.,1.));
#10016 = DEFINITIONAL_REPRESENTATION('',(#10017),#10020);
#10017 = B_SPLINE_CURVE_WITH_KNOTS('',1,(#10018,#10019),.UNSPECIFIED.,
  .F.,.F.,(2,2),(-2.128046968972,11.871953031028),
  .PIECEWISE_BEZIER_KNOTS.);
#10018 = CARTESIAN_POINT('',(-4.756093937943,6.223514603038));
#10019 = CARTESIAN_POINT('',(9.243906062057,6.223514603038));
#10020 = ( GEOMETRIC_REPRESENTATION_CONTEXT(2) 
PARAMETRIC_REPRESENTATION_CONTEXT() REPRESENTATION_CONTEXT('2D SPACE',''
  ) );
#10021 = ORIENTED_EDGE('',*,*,#10022,.F.);
#10022 = EDGE_CURVE('',#10023,#9997,#10025,.T.);
#10023 = VERTEX_POINT('',#10024);
#10024 = CARTESIAN_POINT('',(185.,3.,44.461764705882));
#10025 = SURFACE_CURVE('',#10026,(#10030,#10036),.PCURVE_S1.);
#10026 = LINE('',#10027,#10028);
#10027 = CARTESIAN_POINT('',(184.,3.,44.461764705882));
#10028 = VECTOR('',#10029,1.);
#10029 = DIRECTION('',(1.,0.,0.));
#10030 = PCURVE('',#2748,#10031);
#10031 = DEFINITIONAL_REPRESENTATION('',(#10032),#10035);
#10032 = B_SPLINE_CURVE_WITH_KNOTS('',1,(#10033,#10034),.UNSPECIFIED.,
  .F.,.F.,(2,2),(1.,4.2),.PIECEWISE_BEZIER_KNOTS.);
#10033 = CARTESIAN_POINT('',(14.161764705882,2.));
#10034 = CARTESIAN_POINT('',(14.161764705882,5.2));
#10035 = ( GEOMETRIC_REPRESENTATION_CONTEXT(2) 
PARAMETRIC_REPRESENTATION_CONTEXT() REPRESENTATION_CONTEXT('2D SPACE',''
  ) );
#10036 = PCURVE('',#10037,#10042);
#10037 = PLANE('',#10038);
#10038 = AXIS2_PLACEMENT_3D('',#10039,#10040,#10041);
#10039 = CARTESIAN_POINT('',(185.,19.5,33.3));
#10040 = DIRECTION('',(0.,-0.560309367704,-0.828283413128));
#10041 = DIRECTION('',(0.,-0.828283413128,0.560309367704));
#10042 = DEFINITIONAL_REPRESENTATION('',(#10043),#10046);
#10043 = B_SPLINE_CURVE_WITH_KNOTS('',1,(#10044,#10045),.UNSPECIFIED.,
  .F.,.F.,(2,2),(1.,4.2),.PIECEWISE_BEZIER_KNOTS.);
#10044 = CARTESIAN_POINT('',(19.920717641428,0.));
#10045 = CARTESIAN_POINT('',(19.920717641428,-3.2));
#10046 = ( GEOMETRIC_REPRESENTATION_CONTEXT(2) 
PARAMETRIC_REPRESENTATION_CONTEXT() REPRESENTATION_CONTEXT('2D SPACE',''
  ) );
#10047 = ORIENTED_EDGE('',*,*,#10048,.F.);
#10048 = EDGE_CURVE('',#10049,#10023,#10051,.T.);
#10049 = VERTEX_POINT('',#10050);
#10050 = CARTESIAN_POINT('',(185.,3.,30.8));
#10051 = SURFACE_CURVE('',#10052,(#10056,#10062),.PCURVE_S1.);
#10052 = LINE('',#10053,#10054);
#10053 = CARTESIAN_POINT('',(185.,3.,32.928046968972));
#10054 = VECTOR('',#10055,1.);
#10055 = DIRECTION('',(0.,-0.,1.));
#10056 = PCURVE('',#2748,#10057);
#10057 = DEFINITIONAL_REPRESENTATION('',(#10058),#10061);
#10058 = B_SPLINE_CURVE_WITH_KNOTS('',1,(#10059,#10060),.UNSPECIFIED.,
  .F.,.F.,(2,2),(-2.128046968972,11.871953031028),
  .PIECEWISE_BEZIER_KNOTS.);
#10059 = CARTESIAN_POINT('',(0.5,2.));
#10060 = CARTESIAN_POINT('',(14.5,2.));
#10061 = ( GEOMETRIC_REPRESENTATION_CONTEXT(2) 
PARAMETRIC_REPRESENTATION_CONTEXT() REPRESENTATION_CONTEXT('2D SPACE',''
  ) );
#10062 = PCURVE('',#10063,#10068);
#10063 = PLANE('',#10064);
#10064 = AXIS2_PLACEMENT_3D('',#10065,#10066,#10067);
#10065 = CARTESIAN_POINT('',(185.,9.223514603038,35.556093937943));
#10066 = DIRECTION('',(1.,0.,0.));
#10067 = DIRECTION('',(-0.,0.,1.));
#10068 = DEFINITIONAL_REPRESENTATION('',(#10069),#10072);
#10069 = B_SPLINE_CURVE_WITH_KNOTS('',1,(#10070,#10071),.UNSPECIFIED.,
  .F.,.F.,(2,2),(-2.128046968972,11.871953031028),
  .PIECEWISE_BEZIER_KNOTS.);
#10070 = CARTESIAN_POINT('',(-4.756093937943,6.223514603038));
#10071 = CARTESIAN_POINT('',(9.243906062057,6.223514603038));
#10072 = ( GEOMETRIC_REPRESENTATION_CONTEXT(2) 
PARAMETRIC_REPRESENTATION_CONTEXT() REPRESENTATION_CONTEXT('2D SPACE',''
  ) );
#10073 = ORIENTED_EDGE('',*,*,#10074,.T.);
#10074 = EDGE_CURVE('',#10049,#5562,#10075,.T.);
#10075 = SURFACE_CURVE('',#10076,(#10080,#10086),.PCURVE_S1.);
#10076 = LINE('',#10077,#10078);
#10077 = CARTESIAN_POINT('',(183.,3.,30.8));
#10078 = VECTOR('',#10079,1.);
#10079 = DIRECTION('',(-1.,-0.,0.));
#10080 = PCURVE('',#2748,#10081);
#10081 = DEFINITIONAL_REPRESENTATION('',(#10082),#10085);
#10082 = B_SPLINE_CURVE_WITH_KNOTS('',1,(#10083,#10084),.UNSPECIFIED.,
  .F.,.F.,(2,2),(-34.,0.),.PIECEWISE_BEZIER_KNOTS.);
#10083 = CARTESIAN_POINT('',(0.5,34.));
#10084 = CARTESIAN_POINT('',(0.5,0.));
#10085 = ( GEOMETRIC_REPRESENTATION_CONTEXT(2) 
PARAMETRIC_REPRESENTATION_CONTEXT() REPRESENTATION_CONTEXT('2D SPACE',''
  ) );
#10086 = PCURVE('',#5577,#10087);
#10087 = DEFINITIONAL_REPRESENTATION('',(#10088),#10091);
#10088 = B_SPLINE_CURVE_WITH_KNOTS('',1,(#10089,#10090),.UNSPECIFIED.,
  .F.,.F.,(2,2),(-34.,0.),.PIECEWISE_BEZIER_KNOTS.);
#10089 = CARTESIAN_POINT('',(34.,2.));
#10090 = CARTESIAN_POINT('',(0.,2.));
#10091 = ( GEOMETRIC_REPRESENTATION_CONTEXT(2) 
PARAMETRIC_REPRESENTATION_CONTEXT() REPRESENTATION_CONTEXT('2D SPACE',''
  ) );
#10092 = ORIENTED_EDGE('',*,*,#5589,.T.);
#10093 = ORIENTED_EDGE('',*,*,#5685,.T.);
#10094 = ORIENTED_EDGE('',*,*,#9673,.F.);
#10095 = ADVANCED_FACE('',(#10096),#2825,.F.);
#10096 = FACE_BOUND('',#10097,.F.);
#10097 = EDGE_LOOP('',(#10098,#10121,#10122,#10123,#10146));
#10098 = ORIENTED_EDGE('',*,*,#10099,.F.);
#10099 = EDGE_CURVE('',#8417,#10100,#10102,.T.);
#10100 = VERTEX_POINT('',#10101);
#10101 = CARTESIAN_POINT('',(260.85,4.5,81.8));
#10102 = SURFACE_CURVE('',#10103,(#10107,#10114),.PCURVE_S1.);
#10103 = LINE('',#10104,#10105);
#10104 = CARTESIAN_POINT('',(260.85,1.,81.8));
#10105 = VECTOR('',#10106,1.);
#10106 = DIRECTION('',(-0.,1.,0.));
#10107 = PCURVE('',#2825,#10108);
#10108 = DEFINITIONAL_REPRESENTATION('',(#10109),#10113);
#10109 = LINE('',#10110,#10111);
#10110 = CARTESIAN_POINT('',(0.,0.));
#10111 = VECTOR('',#10112,1.);
#10112 = DIRECTION('',(0.,1.));
#10113 = ( GEOMETRIC_REPRESENTATION_CONTEXT(2) 
PARAMETRIC_REPRESENTATION_CONTEXT() REPRESENTATION_CONTEXT('2D SPACE',''
  ) );
#10114 = PCURVE('',#8452,#10115);
#10115 = DEFINITIONAL_REPRESENTATION('',(#10116),#10120);
#10116 = LINE('',#10117,#10118);
#10117 = CARTESIAN_POINT('',(0.,0.));
#10118 = VECTOR('',#10119,1.);
#10119 = DIRECTION('',(0.,-1.));
#10120 = ( GEOMETRIC_REPRESENTATION_CONTEXT(2) 
PARAMETRIC_REPRESENTATION_CONTEXT() REPRESENTATION_CONTEXT('2D SPACE',''
  ) );
#10121 = ORIENTED_EDGE('',*,*,#8416,.F.);
#10122 = ORIENTED_EDGE('',*,*,#2809,.T.);
#10123 = ORIENTED_EDGE('',*,*,#10124,.T.);
#10124 = EDGE_CURVE('',#2810,#10125,#10127,.T.);
#10125 = VERTEX_POINT('',#10126);
#10126 = CARTESIAN_POINT('',(261.85,4.5,81.8));
#10127 = SURFACE_CURVE('',#10128,(#10132,#10139),.PCURVE_S1.);
#10128 = LINE('',#10129,#10130);
#10129 = CARTESIAN_POINT('',(261.85,1.,81.8));
#10130 = VECTOR('',#10131,1.);
#10131 = DIRECTION('',(0.,1.,0.));
#10132 = PCURVE('',#2825,#10133);
#10133 = DEFINITIONAL_REPRESENTATION('',(#10134),#10138);
#10134 = LINE('',#10135,#10136);
#10135 = CARTESIAN_POINT('',(1.,0.));
#10136 = VECTOR('',#10137,1.);
#10137 = DIRECTION('',(0.,1.));
#10138 = ( GEOMETRIC_REPRESENTATION_CONTEXT(2) 
PARAMETRIC_REPRESENTATION_CONTEXT() REPRESENTATION_CONTEXT('2D SPACE',''
  ) );
#10139 = PCURVE('',#2852,#10140);
#10140 = DEFINITIONAL_REPRESENTATION('',(#10141),#10145);
#10141 = LINE('',#10142,#10143);
#10142 = CARTESIAN_POINT('',(3.,0.));
#10143 = VECTOR('',#10144,1.);
#10144 = DIRECTION('',(0.,-1.));
#10145 = ( GEOMETRIC_REPRESENTATION_CONTEXT(2) 
PARAMETRIC_REPRESENTATION_CONTEXT() REPRESENTATION_CONTEXT('2D SPACE',''
  ) );
#10146 = ORIENTED_EDGE('',*,*,#10147,.F.);
#10147 = EDGE_CURVE('',#10100,#10125,#10148,.T.);
#10148 = SURFACE_CURVE('',#10149,(#10153,#10160),.PCURVE_S1.);
#10149 = LINE('',#10150,#10151);
#10150 = CARTESIAN_POINT('',(260.85,4.5,81.8));
#10151 = VECTOR('',#10152,1.);
#10152 = DIRECTION('',(1.,0.,-0.));
#10153 = PCURVE('',#2825,#10154);
#10154 = DEFINITIONAL_REPRESENTATION('',(#10155),#10159);
#10155 = LINE('',#10156,#10157);
#10156 = CARTESIAN_POINT('',(0.,3.5));
#10157 = VECTOR('',#10158,1.);
#10158 = DIRECTION('',(1.,0.));
#10159 = ( GEOMETRIC_REPRESENTATION_CONTEXT(2) 
PARAMETRIC_REPRESENTATION_CONTEXT() REPRESENTATION_CONTEXT('2D SPACE',''
  ) );
#10160 = PCURVE('',#4181,#10161);
#10161 = DEFINITIONAL_REPRESENTATION('',(#10162),#10166);
#10162 = LINE('',#10163,#10164);
#10163 = CARTESIAN_POINT('',(1.06066017178,-2.06066017178));
#10164 = VECTOR('',#10165,1.);
#10165 = DIRECTION('',(0.,1.));
#10166 = ( GEOMETRIC_REPRESENTATION_CONTEXT(2) 
PARAMETRIC_REPRESENTATION_CONTEXT() REPRESENTATION_CONTEXT('2D SPACE',''
  ) );
#10167 = ADVANCED_FACE('',(#10168),#2852,.F.);
#10168 = FACE_BOUND('',#10169,.F.);
#10169 = EDGE_LOOP('',(#10170,#10171,#10172,#10193));
#10170 = ORIENTED_EDGE('',*,*,#2836,.F.);
#10171 = ORIENTED_EDGE('',*,*,#4193,.T.);
#10172 = ORIENTED_EDGE('',*,*,#10173,.T.);
#10173 = EDGE_CURVE('',#4166,#10125,#10174,.T.);
#10174 = SURFACE_CURVE('',#10175,(#10179,#10186),.PCURVE_S1.);
#10175 = LINE('',#10176,#10177);
#10176 = CARTESIAN_POINT('',(261.85,4.5,78.8));
#10177 = VECTOR('',#10178,1.);
#10178 = DIRECTION('',(0.,0.,1.));
#10179 = PCURVE('',#2852,#10180);
#10180 = DEFINITIONAL_REPRESENTATION('',(#10181),#10185);
#10181 = LINE('',#10182,#10183);
#10182 = CARTESIAN_POINT('',(0.,-3.5));
#10183 = VECTOR('',#10184,1.);
#10184 = DIRECTION('',(1.,0.));
#10185 = ( GEOMETRIC_REPRESENTATION_CONTEXT(2) 
PARAMETRIC_REPRESENTATION_CONTEXT() REPRESENTATION_CONTEXT('2D SPACE',''
  ) );
#10186 = PCURVE('',#4181,#10187);
#10187 = DEFINITIONAL_REPRESENTATION('',(#10188),#10192);
#10188 = LINE('',#10189,#10190);
#10189 = CARTESIAN_POINT('',(-1.93933982822,-1.06066017178));
#10190 = VECTOR('',#10191,1.);
#10191 = DIRECTION('',(1.,0.));
#10192 = ( GEOMETRIC_REPRESENTATION_CONTEXT(2) 
PARAMETRIC_REPRESENTATION_CONTEXT() REPRESENTATION_CONTEXT('2D SPACE',''
  ) );
#10193 = ORIENTED_EDGE('',*,*,#10124,.F.);
#10194 = ADVANCED_FACE('',(#10195),#2949,.T.);
#10195 = FACE_BOUND('',#10196,.T.);
#10196 = EDGE_LOOP('',(#10197,#10198,#10199,#10200));
#10197 = ORIENTED_EDGE('',*,*,#2933,.F.);
#10198 = ORIENTED_EDGE('',*,*,#3854,.T.);
#10199 = ORIENTED_EDGE('',*,*,#3514,.F.);
#10200 = ORIENTED_EDGE('',*,*,#10201,.F.);
#10201 = EDGE_CURVE('',#2934,#3492,#10202,.T.);
#10202 = SURFACE_CURVE('',#10203,(#10207,#10213),.PCURVE_S1.);
#10203 = LINE('',#10204,#10205);
#10204 = CARTESIAN_POINT('',(297.6,5.111757301519,30.8));
#10205 = VECTOR('',#10206,1.);
#10206 = DIRECTION('',(0.,1.,0.));
#10207 = PCURVE('',#2949,#10208);
#10208 = DEFINITIONAL_REPRESENTATION('',(#10209),#10212);
#10209 = B_SPLINE_CURVE_WITH_KNOTS('',1,(#10210,#10211),.UNSPECIFIED.,
  .F.,.F.,(2,2),(-2.611757301519,14.388242698481),
  .PIECEWISE_BEZIER_KNOTS.);
#10210 = CARTESIAN_POINT('',(32.,1.5));
#10211 = CARTESIAN_POINT('',(32.,18.5));
#10212 = ( GEOMETRIC_REPRESENTATION_CONTEXT(2) 
PARAMETRIC_REPRESENTATION_CONTEXT() REPRESENTATION_CONTEXT('2D SPACE',''
  ) );
#10213 = PCURVE('',#2976,#10214);
#10214 = DEFINITIONAL_REPRESENTATION('',(#10215),#10218);
#10215 = B_SPLINE_CURVE_WITH_KNOTS('',1,(#10216,#10217),.UNSPECIFIED.,
  .F.,.F.,(2,2),(-2.611757301519,14.388242698481),
  .PIECEWISE_BEZIER_KNOTS.);
#10216 = CARTESIAN_POINT('',(-4.756093937943,6.723514603038));
#10217 = CARTESIAN_POINT('',(-4.756093937943,-10.27648539696));
#10218 = ( GEOMETRIC_REPRESENTATION_CONTEXT(2) 
PARAMETRIC_REPRESENTATION_CONTEXT() REPRESENTATION_CONTEXT('2D SPACE',''
  ) );
#10219 = ADVANCED_FACE('',(#10220),#2976,.T.);
#10220 = FACE_BOUND('',#10221,.T.);
#10221 = EDGE_LOOP('',(#10222,#10243,#10244,#10245));
#10222 = ORIENTED_EDGE('',*,*,#10223,.T.);
#10223 = EDGE_CURVE('',#3469,#2961,#10224,.T.);
#10224 = SURFACE_CURVE('',#10225,(#10229,#10236),.PCURVE_S1.);
#10225 = LINE('',#10226,#10227);
#10226 = CARTESIAN_POINT('',(297.6,19.5,33.3));
#10227 = VECTOR('',#10228,1.);
#10228 = DIRECTION('',(0.,-0.828283413128,0.560309367704));
#10229 = PCURVE('',#2976,#10230);
#10230 = DEFINITIONAL_REPRESENTATION('',(#10231),#10235);
#10231 = LINE('',#10232,#10233);
#10232 = CARTESIAN_POINT('',(-2.256093937943,-10.27648539696));
#10233 = VECTOR('',#10234,1.);
#10234 = DIRECTION('',(0.560309367704,0.828283413128));
#10235 = ( GEOMETRIC_REPRESENTATION_CONTEXT(2) 
PARAMETRIC_REPRESENTATION_CONTEXT() REPRESENTATION_CONTEXT('2D SPACE',''
  ) );
#10236 = PCURVE('',#3003,#10237);
#10237 = DEFINITIONAL_REPRESENTATION('',(#10238),#10242);
#10238 = LINE('',#10239,#10240);
#10239 = CARTESIAN_POINT('',(0.,-3.2));
#10240 = VECTOR('',#10241,1.);
#10241 = DIRECTION('',(1.,0.));
#10242 = ( GEOMETRIC_REPRESENTATION_CONTEXT(2) 
PARAMETRIC_REPRESENTATION_CONTEXT() REPRESENTATION_CONTEXT('2D SPACE',''
  ) );
#10243 = ORIENTED_EDGE('',*,*,#2960,.F.);
#10244 = ORIENTED_EDGE('',*,*,#10201,.T.);
#10245 = ORIENTED_EDGE('',*,*,#3491,.T.);
#10246 = ADVANCED_FACE('',(#10247),#3003,.F.);
#10247 = FACE_BOUND('',#10248,.F.);
#10248 = EDGE_LOOP('',(#10249,#10270,#10271,#10272));
#10249 = ORIENTED_EDGE('',*,*,#10250,.F.);
#10250 = EDGE_CURVE('',#3446,#2988,#10251,.T.);
#10251 = SURFACE_CURVE('',#10252,(#10256,#10263),.PCURVE_S1.);
#10252 = LINE('',#10253,#10254);
#10253 = CARTESIAN_POINT('',(294.4,19.5,33.3));
#10254 = VECTOR('',#10255,1.);
#10255 = DIRECTION('',(0.,-0.828283413128,0.560309367704));
#10256 = PCURVE('',#3003,#10257);
#10257 = DEFINITIONAL_REPRESENTATION('',(#10258),#10262);
#10258 = LINE('',#10259,#10260);
#10259 = CARTESIAN_POINT('',(0.,0.));
#10260 = VECTOR('',#10261,1.);
#10261 = DIRECTION('',(1.,0.));
#10262 = ( GEOMETRIC_REPRESENTATION_CONTEXT(2) 
PARAMETRIC_REPRESENTATION_CONTEXT() REPRESENTATION_CONTEXT('2D SPACE',''
  ) );
#10263 = PCURVE('',#3030,#10264);
#10264 = DEFINITIONAL_REPRESENTATION('',(#10265),#10269);
#10265 = LINE('',#10266,#10267);
#10266 = CARTESIAN_POINT('',(-2.256093937943,-10.27648539696));
#10267 = VECTOR('',#10268,1.);
#10268 = DIRECTION('',(0.560309367704,0.828283413128));
#10269 = ( GEOMETRIC_REPRESENTATION_CONTEXT(2) 
PARAMETRIC_REPRESENTATION_CONTEXT() REPRESENTATION_CONTEXT('2D SPACE',''
  ) );
#10270 = ORIENTED_EDGE('',*,*,#3468,.T.);
#10271 = ORIENTED_EDGE('',*,*,#10223,.T.);
#10272 = ORIENTED_EDGE('',*,*,#2987,.F.);
#10273 = ADVANCED_FACE('',(#10274),#3030,.F.);
#10274 = FACE_BOUND('',#10275,.F.);
#10275 = EDGE_LOOP('',(#10276,#10277,#10278,#10297));
#10276 = ORIENTED_EDGE('',*,*,#10250,.T.);
#10277 = ORIENTED_EDGE('',*,*,#3014,.F.);
#10278 = ORIENTED_EDGE('',*,*,#10279,.T.);
#10279 = EDGE_CURVE('',#3015,#3423,#10280,.T.);
#10280 = SURFACE_CURVE('',#10281,(#10285,#10291),.PCURVE_S1.);
#10281 = LINE('',#10282,#10283);
#10282 = CARTESIAN_POINT('',(294.4,5.111757301519,30.8));
#10283 = VECTOR('',#10284,1.);
#10284 = DIRECTION('',(0.,1.,0.));
#10285 = PCURVE('',#3030,#10286);
#10286 = DEFINITIONAL_REPRESENTATION('',(#10287),#10290);
#10287 = B_SPLINE_CURVE_WITH_KNOTS('',1,(#10288,#10289),.UNSPECIFIED.,
  .F.,.F.,(2,2),(-2.611757301519,14.388242698481),
  .PIECEWISE_BEZIER_KNOTS.);
#10288 = CARTESIAN_POINT('',(-4.756093937943,6.723514603038));
#10289 = CARTESIAN_POINT('',(-4.756093937943,-10.27648539696));
#10290 = ( GEOMETRIC_REPRESENTATION_CONTEXT(2) 
PARAMETRIC_REPRESENTATION_CONTEXT() REPRESENTATION_CONTEXT('2D SPACE',''
  ) );
#10291 = PCURVE('',#3057,#10292);
#10292 = DEFINITIONAL_REPRESENTATION('',(#10293),#10296);
#10293 = B_SPLINE_CURVE_WITH_KNOTS('',1,(#10294,#10295),.UNSPECIFIED.,
  .F.,.F.,(2,2),(-2.611757301519,14.388242698481),
  .PIECEWISE_BEZIER_KNOTS.);
#10294 = CARTESIAN_POINT('',(28.8,1.5));
#10295 = CARTESIAN_POINT('',(28.8,18.5));
#10296 = ( GEOMETRIC_REPRESENTATION_CONTEXT(2) 
PARAMETRIC_REPRESENTATION_CONTEXT() REPRESENTATION_CONTEXT('2D SPACE',''
  ) );
#10297 = ORIENTED_EDGE('',*,*,#3445,.T.);
#10298 = ADVANCED_FACE('',(#10299),#3057,.T.);
#10299 = FACE_BOUND('',#10300,.T.);
#10300 = EDGE_LOOP('',(#10301,#10302,#10303,#10304));
#10301 = ORIENTED_EDGE('',*,*,#3041,.F.);
#10302 = ORIENTED_EDGE('',*,*,#10279,.T.);
#10303 = ORIENTED_EDGE('',*,*,#3422,.F.);
#10304 = ORIENTED_EDGE('',*,*,#10305,.F.);
#10305 = EDGE_CURVE('',#3042,#3400,#10306,.T.);
#10306 = SURFACE_CURVE('',#10307,(#10311,#10317),.PCURVE_S1.);
#10307 = LINE('',#10308,#10309);
#10308 = CARTESIAN_POINT('',(284.2,5.111757301519,30.8));
#10309 = VECTOR('',#10310,1.);
#10310 = DIRECTION('',(0.,1.,0.));
#10311 = PCURVE('',#3057,#10312);
#10312 = DEFINITIONAL_REPRESENTATION('',(#10313),#10316);
#10313 = B_SPLINE_CURVE_WITH_KNOTS('',1,(#10314,#10315),.UNSPECIFIED.,
  .F.,.F.,(2,2),(-2.611757301519,14.388242698481),
  .PIECEWISE_BEZIER_KNOTS.);
#10314 = CARTESIAN_POINT('',(18.6,1.5));
#10315 = CARTESIAN_POINT('',(18.6,18.5));
#10316 = ( GEOMETRIC_REPRESENTATION_CONTEXT(2) 
PARAMETRIC_REPRESENTATION_CONTEXT() REPRESENTATION_CONTEXT('2D SPACE',''
  ) );
#10317 = PCURVE('',#3084,#10318);
#10318 = DEFINITIONAL_REPRESENTATION('',(#10319),#10322);
#10319 = B_SPLINE_CURVE_WITH_KNOTS('',1,(#10320,#10321),.UNSPECIFIED.,
  .F.,.F.,(2,2),(-2.611757301519,14.388242698481),
  .PIECEWISE_BEZIER_KNOTS.);
#10320 = CARTESIAN_POINT('',(-4.756093937943,6.723514603038));
#10321 = CARTESIAN_POINT('',(-4.756093937943,-10.27648539696));
#10322 = ( GEOMETRIC_REPRESENTATION_CONTEXT(2) 
PARAMETRIC_REPRESENTATION_CONTEXT() REPRESENTATION_CONTEXT('2D SPACE',''
  ) );
#10323 = ADVANCED_FACE('',(#10324),#3084,.T.);
#10324 = FACE_BOUND('',#10325,.T.);
#10325 = EDGE_LOOP('',(#10326,#10347,#10348,#10349));
#10326 = ORIENTED_EDGE('',*,*,#10327,.T.);
#10327 = EDGE_CURVE('',#3377,#3069,#10328,.T.);
#10328 = SURFACE_CURVE('',#10329,(#10333,#10340),.PCURVE_S1.);
#10329 = LINE('',#10330,#10331);
#10330 = CARTESIAN_POINT('',(284.2,19.5,33.3));
#10331 = VECTOR('',#10332,1.);
#10332 = DIRECTION('',(0.,-0.828283413128,0.560309367704));
#10333 = PCURVE('',#3084,#10334);
#10334 = DEFINITIONAL_REPRESENTATION('',(#10335),#10339);
#10335 = LINE('',#10336,#10337);
#10336 = CARTESIAN_POINT('',(-2.256093937943,-10.27648539696));
#10337 = VECTOR('',#10338,1.);
#10338 = DIRECTION('',(0.560309367704,0.828283413128));
#10339 = ( GEOMETRIC_REPRESENTATION_CONTEXT(2) 
PARAMETRIC_REPRESENTATION_CONTEXT() REPRESENTATION_CONTEXT('2D SPACE',''
  ) );
#10340 = PCURVE('',#3111,#10341);
#10341 = DEFINITIONAL_REPRESENTATION('',(#10342),#10346);
#10342 = LINE('',#10343,#10344);
#10343 = CARTESIAN_POINT('',(0.,-3.2));
#10344 = VECTOR('',#10345,1.);
#10345 = DIRECTION('',(1.,0.));
#10346 = ( GEOMETRIC_REPRESENTATION_CONTEXT(2) 
PARAMETRIC_REPRESENTATION_CONTEXT() REPRESENTATION_CONTEXT('2D SPACE',''
  ) );
#10347 = ORIENTED_EDGE('',*,*,#3068,.F.);
#10348 = ORIENTED_EDGE('',*,*,#10305,.T.);
#10349 = ORIENTED_EDGE('',*,*,#3399,.T.);
#10350 = ADVANCED_FACE('',(#10351),#3111,.F.);
#10351 = FACE_BOUND('',#10352,.F.);
#10352 = EDGE_LOOP('',(#10353,#10374,#10375,#10376));
#10353 = ORIENTED_EDGE('',*,*,#10354,.F.);
#10354 = EDGE_CURVE('',#3354,#3096,#10355,.T.);
#10355 = SURFACE_CURVE('',#10356,(#10360,#10367),.PCURVE_S1.);
#10356 = LINE('',#10357,#10358);
#10357 = CARTESIAN_POINT('',(281.,19.5,33.3));
#10358 = VECTOR('',#10359,1.);
#10359 = DIRECTION('',(0.,-0.828283413128,0.560309367704));
#10360 = PCURVE('',#3111,#10361);
#10361 = DEFINITIONAL_REPRESENTATION('',(#10362),#10366);
#10362 = LINE('',#10363,#10364);
#10363 = CARTESIAN_POINT('',(0.,0.));
#10364 = VECTOR('',#10365,1.);
#10365 = DIRECTION('',(1.,0.));
#10366 = ( GEOMETRIC_REPRESENTATION_CONTEXT(2) 
PARAMETRIC_REPRESENTATION_CONTEXT() REPRESENTATION_CONTEXT('2D SPACE',''
  ) );
#10367 = PCURVE('',#3138,#10368);
#10368 = DEFINITIONAL_REPRESENTATION('',(#10369),#10373);
#10369 = LINE('',#10370,#10371);
#10370 = CARTESIAN_POINT('',(-2.256093937943,-10.27648539696));
#10371 = VECTOR('',#10372,1.);
#10372 = DIRECTION('',(0.560309367704,0.828283413128));
#10373 = ( GEOMETRIC_REPRESENTATION_CONTEXT(2) 
PARAMETRIC_REPRESENTATION_CONTEXT() REPRESENTATION_CONTEXT('2D SPACE',''
  ) );
#10374 = ORIENTED_EDGE('',*,*,#3376,.T.);
#10375 = ORIENTED_EDGE('',*,*,#10327,.T.);
#10376 = ORIENTED_EDGE('',*,*,#3095,.F.);
#10377 = ADVANCED_FACE('',(#10378),#3138,.F.);
#10378 = FACE_BOUND('',#10379,.F.);
#10379 = EDGE_LOOP('',(#10380,#10381,#10382,#10401));
#10380 = ORIENTED_EDGE('',*,*,#10354,.T.);
#10381 = ORIENTED_EDGE('',*,*,#3122,.F.);
#10382 = ORIENTED_EDGE('',*,*,#10383,.T.);
#10383 = EDGE_CURVE('',#3123,#3331,#10384,.T.);
#10384 = SURFACE_CURVE('',#10385,(#10389,#10395),.PCURVE_S1.);
#10385 = LINE('',#10386,#10387);
#10386 = CARTESIAN_POINT('',(281.,5.111757301519,30.8));
#10387 = VECTOR('',#10388,1.);
#10388 = DIRECTION('',(0.,1.,0.));
#10389 = PCURVE('',#3138,#10390);
#10390 = DEFINITIONAL_REPRESENTATION('',(#10391),#10394);
#10391 = B_SPLINE_CURVE_WITH_KNOTS('',1,(#10392,#10393),.UNSPECIFIED.,
  .F.,.F.,(2,2),(-2.611757301519,14.388242698481),
  .PIECEWISE_BEZIER_KNOTS.);
#10392 = CARTESIAN_POINT('',(-4.756093937943,6.723514603038));
#10393 = CARTESIAN_POINT('',(-4.756093937943,-10.27648539696));
#10394 = ( GEOMETRIC_REPRESENTATION_CONTEXT(2) 
PARAMETRIC_REPRESENTATION_CONTEXT() REPRESENTATION_CONTEXT('2D SPACE',''
  ) );
#10395 = PCURVE('',#3165,#10396);
#10396 = DEFINITIONAL_REPRESENTATION('',(#10397),#10400);
#10397 = B_SPLINE_CURVE_WITH_KNOTS('',1,(#10398,#10399),.UNSPECIFIED.,
  .F.,.F.,(2,2),(-2.611757301519,14.388242698481),
  .PIECEWISE_BEZIER_KNOTS.);
#10398 = CARTESIAN_POINT('',(15.4,1.5));
#10399 = CARTESIAN_POINT('',(15.4,18.5));
#10400 = ( GEOMETRIC_REPRESENTATION_CONTEXT(2) 
PARAMETRIC_REPRESENTATION_CONTEXT() REPRESENTATION_CONTEXT('2D SPACE',''
  ) );
#10401 = ORIENTED_EDGE('',*,*,#3353,.T.);
#10402 = ADVANCED_FACE('',(#10403),#3165,.T.);
#10403 = FACE_BOUND('',#10404,.T.);
#10404 = EDGE_LOOP('',(#10405,#10424,#10425,#10426));
#10405 = ORIENTED_EDGE('',*,*,#10406,.F.);
#10406 = EDGE_CURVE('',#3150,#3329,#10407,.T.);
#10407 = SURFACE_CURVE('',#10408,(#10412,#10418),.PCURVE_S1.);
#10408 = LINE('',#10409,#10410);
#10409 = CARTESIAN_POINT('',(270.8,5.111757301519,30.8));
#10410 = VECTOR('',#10411,1.);
#10411 = DIRECTION('',(0.,1.,0.));
#10412 = PCURVE('',#3165,#10413);
#10413 = DEFINITIONAL_REPRESENTATION('',(#10414),#10417);
#10414 = B_SPLINE_CURVE_WITH_KNOTS('',1,(#10415,#10416),.UNSPECIFIED.,
  .F.,.F.,(2,2),(-2.611757301519,14.388242698481),
  .PIECEWISE_BEZIER_KNOTS.);
#10415 = CARTESIAN_POINT('',(5.2,1.5));
#10416 = CARTESIAN_POINT('',(5.2,18.5));
#10417 = ( GEOMETRIC_REPRESENTATION_CONTEXT(2) 
PARAMETRIC_REPRESENTATION_CONTEXT() REPRESENTATION_CONTEXT('2D SPACE',''
  ) );
#10418 = PCURVE('',#3192,#10419);
#10419 = DEFINITIONAL_REPRESENTATION('',(#10420),#10423);
#10420 = B_SPLINE_CURVE_WITH_KNOTS('',1,(#10421,#10422),.UNSPECIFIED.,
  .F.,.F.,(2,2),(-2.611757301519,14.388242698481),
  .PIECEWISE_BEZIER_KNOTS.);
#10421 = CARTESIAN_POINT('',(-4.756093937943,6.723514603038));
#10422 = CARTESIAN_POINT('',(-4.756093937943,-10.27648539696));
#10423 = ( GEOMETRIC_REPRESENTATION_CONTEXT(2) 
PARAMETRIC_REPRESENTATION_CONTEXT() REPRESENTATION_CONTEXT('2D SPACE',''
  ) );
#10424 = ORIENTED_EDGE('',*,*,#3149,.F.);
#10425 = ORIENTED_EDGE('',*,*,#10383,.T.);
#10426 = ORIENTED_EDGE('',*,*,#3328,.F.);
#10427 = ADVANCED_FACE('',(#10428),#3192,.T.);
#10428 = FACE_BOUND('',#10429,.T.);
#10429 = EDGE_LOOP('',(#10430,#10451,#10452,#10453));
#10430 = ORIENTED_EDGE('',*,*,#10431,.T.);
#10431 = EDGE_CURVE('',#3607,#3177,#10432,.T.);
#10432 = SURFACE_CURVE('',#10433,(#10437,#10444),.PCURVE_S1.);
#10433 = LINE('',#10434,#10435);
#10434 = CARTESIAN_POINT('',(270.8,19.5,33.3));
#10435 = VECTOR('',#10436,1.);
#10436 = DIRECTION('',(0.,-0.828283413128,0.560309367704));
#10437 = PCURVE('',#3192,#10438);
#10438 = DEFINITIONAL_REPRESENTATION('',(#10439),#10443);
#10439 = LINE('',#10440,#10441);
#10440 = CARTESIAN_POINT('',(-2.256093937943,-10.27648539696));
#10441 = VECTOR('',#10442,1.);
#10442 = DIRECTION('',(0.560309367704,0.828283413128));
#10443 = ( GEOMETRIC_REPRESENTATION_CONTEXT(2) 
PARAMETRIC_REPRESENTATION_CONTEXT() REPRESENTATION_CONTEXT('2D SPACE',''
  ) );
#10444 = PCURVE('',#3219,#10445);
#10445 = DEFINITIONAL_REPRESENTATION('',(#10446),#10450);
#10446 = LINE('',#10447,#10448);
#10447 = CARTESIAN_POINT('',(0.,-3.2));
#10448 = VECTOR('',#10449,1.);
#10449 = DIRECTION('',(1.,0.));
#10450 = ( GEOMETRIC_REPRESENTATION_CONTEXT(2) 
PARAMETRIC_REPRESENTATION_CONTEXT() REPRESENTATION_CONTEXT('2D SPACE',''
  ) );
#10451 = ORIENTED_EDGE('',*,*,#3176,.F.);
#10452 = ORIENTED_EDGE('',*,*,#10406,.T.);
#10453 = ORIENTED_EDGE('',*,*,#3629,.T.);
#10454 = ADVANCED_FACE('',(#10455),#3219,.F.);
#10455 = FACE_BOUND('',#10456,.F.);
#10456 = EDGE_LOOP('',(#10457,#10478,#10479,#10480));
#10457 = ORIENTED_EDGE('',*,*,#10458,.F.);
#10458 = EDGE_CURVE('',#3584,#3204,#10459,.T.);
#10459 = SURFACE_CURVE('',#10460,(#10464,#10471),.PCURVE_S1.);
#10460 = LINE('',#10461,#10462);
#10461 = CARTESIAN_POINT('',(267.6,19.5,33.3));
#10462 = VECTOR('',#10463,1.);
#10463 = DIRECTION('',(0.,-0.828283413128,0.560309367704));
#10464 = PCURVE('',#3219,#10465);
#10465 = DEFINITIONAL_REPRESENTATION('',(#10466),#10470);
#10466 = LINE('',#10467,#10468);
#10467 = CARTESIAN_POINT('',(0.,0.));
#10468 = VECTOR('',#10469,1.);
#10469 = DIRECTION('',(1.,0.));
#10470 = ( GEOMETRIC_REPRESENTATION_CONTEXT(2) 
PARAMETRIC_REPRESENTATION_CONTEXT() REPRESENTATION_CONTEXT('2D SPACE',''
  ) );
#10471 = PCURVE('',#3246,#10472);
#10472 = DEFINITIONAL_REPRESENTATION('',(#10473),#10477);
#10473 = LINE('',#10474,#10475);
#10474 = CARTESIAN_POINT('',(-2.256093937943,-10.27648539696));
#10475 = VECTOR('',#10476,1.);
#10476 = DIRECTION('',(0.560309367704,0.828283413128));
#10477 = ( GEOMETRIC_REPRESENTATION_CONTEXT(2) 
PARAMETRIC_REPRESENTATION_CONTEXT() REPRESENTATION_CONTEXT('2D SPACE',''
  ) );
#10478 = ORIENTED_EDGE('',*,*,#3606,.T.);
#10479 = ORIENTED_EDGE('',*,*,#10431,.T.);
#10480 = ORIENTED_EDGE('',*,*,#3203,.F.);
#10481 = ADVANCED_FACE('',(#10482),#3246,.F.);
#10482 = FACE_BOUND('',#10483,.F.);
#10483 = EDGE_LOOP('',(#10484,#10485,#10486,#10487));
#10484 = ORIENTED_EDGE('',*,*,#10458,.T.);
#10485 = ORIENTED_EDGE('',*,*,#3230,.F.);
#10486 = ORIENTED_EDGE('',*,*,#3306,.T.);
#10487 = ORIENTED_EDGE('',*,*,#3583,.T.);
#10488 = ADVANCED_FACE('',(#10489),#3817,.T.);
#10489 = FACE_BOUND('',#10490,.T.);
#10490 = EDGE_LOOP('',(#10491,#10492,#10493,#10494));
#10491 = ORIENTED_EDGE('',*,*,#3802,.T.);
#10492 = ORIENTED_EDGE('',*,*,#3926,.T.);
#10493 = ORIENTED_EDGE('',*,*,#4002,.T.);
#10494 = ORIENTED_EDGE('',*,*,#10495,.T.);
#10495 = EDGE_CURVE('',#4003,#3777,#10496,.T.);
#10496 = SURFACE_CURVE('',#10497,(#10501,#10507),.PCURVE_S1.);
#10497 = LINE('',#10498,#10499);
#10498 = CARTESIAN_POINT('',(291.07913254585,2.5,19.762759076781));
#10499 = VECTOR('',#10500,1.);
#10500 = DIRECTION('',(-0.360994102558,0.,-0.932568098274));
#10501 = PCURVE('',#3817,#10502);
#10502 = DEFINITIONAL_REPRESENTATION('',(#10503),#10506);
#10503 = B_SPLINE_CURVE_WITH_KNOTS('',1,(#10504,#10505),.UNSPECIFIED.,
  .F.,.F.,(2,2),(-7.814164924476,-3.993373061729E-02),
  .PIECEWISE_BEZIER_KNOTS.);
#10504 = CARTESIAN_POINT('',(-3.472895359327,11.3));
#10505 = CARTESIAN_POINT('',(3.777104640673,8.493548387097));
#10506 = ( GEOMETRIC_REPRESENTATION_CONTEXT(2) 
PARAMETRIC_REPRESENTATION_CONTEXT() REPRESENTATION_CONTEXT('2D SPACE',''
  ) );
#10507 = PCURVE('',#3791,#10508);
#10508 = DEFINITIONAL_REPRESENTATION('',(#10509),#10512);
#10509 = B_SPLINE_CURVE_WITH_KNOTS('',1,(#10510,#10511),.UNSPECIFIED.,
  .F.,.F.,(2,2),(-7.814164924476,-3.993373061729E-02),
  .PIECEWISE_BEZIER_KNOTS.);
#10510 = CARTESIAN_POINT('',(8.310385069297,-2.5));
#10511 = CARTESIAN_POINT('',(0.536153875439,-2.5));
#10512 = ( GEOMETRIC_REPRESENTATION_CONTEXT(2) 
PARAMETRIC_REPRESENTATION_CONTEXT() REPRESENTATION_CONTEXT('2D SPACE',''
  ) );
#10513 = ADVANCED_FACE('',(#10514),#3791,.F.);
#10514 = FACE_BOUND('',#10515,.F.);
#10515 = EDGE_LOOP('',(#10516,#10517,#10518,#10539));
#10516 = ORIENTED_EDGE('',*,*,#10495,.T.);
#10517 = ORIENTED_EDGE('',*,*,#3776,.T.);
#10518 = ORIENTED_EDGE('',*,*,#10519,.T.);
#10519 = EDGE_CURVE('',#3751,#4026,#10520,.T.);
#10520 = SURFACE_CURVE('',#10521,(#10525,#10532),.PCURVE_S1.);
#10521 = LINE('',#10522,#10523);
#10522 = CARTESIAN_POINT('',(290.9,15.5,19.3));
#10523 = VECTOR('',#10524,1.);
#10524 = DIRECTION('',(0.360994102558,0.,0.932568098274));
#10525 = PCURVE('',#3791,#10526);
#10526 = DEFINITIONAL_REPRESENTATION('',(#10527),#10531);
#10527 = LINE('',#10528,#10529);
#10528 = CARTESIAN_POINT('',(0.,-15.5));
#10529 = VECTOR('',#10530,1.);
#10530 = DIRECTION('',(1.,0.));
#10531 = ( GEOMETRIC_REPRESENTATION_CONTEXT(2) 
PARAMETRIC_REPRESENTATION_CONTEXT() REPRESENTATION_CONTEXT('2D SPACE',''
  ) );
#10532 = PCURVE('',#3765,#10533);
#10533 = DEFINITIONAL_REPRESENTATION('',(#10534),#10538);
#10534 = LINE('',#10535,#10536);
#10535 = CARTESIAN_POINT('',(4.291511630747,8.3));
#10536 = VECTOR('',#10537,1.);
#10537 = DIRECTION('',(-0.932568098274,0.360994102558));
#10538 = ( GEOMETRIC_REPRESENTATION_CONTEXT(2) 
PARAMETRIC_REPRESENTATION_CONTEXT() REPRESENTATION_CONTEXT('2D SPACE',''
  ) );
#10539 = ORIENTED_EDGE('',*,*,#4025,.F.);
#10540 = ADVANCED_FACE('',(#10541),#3765,.T.);
#10541 = FACE_BOUND('',#10542,.T.);
#10542 = EDGE_LOOP('',(#10543,#10564,#10565,#10566));
#10543 = ORIENTED_EDGE('',*,*,#10544,.T.);
#10544 = EDGE_CURVE('',#4049,#3725,#10545,.T.);
#10545 = SURFACE_CURVE('',#10546,(#10550,#10557),.PCURVE_S1.);
#10546 = LINE('',#10547,#10548);
#10547 = CARTESIAN_POINT('',(271.3,15.5,27.05));
#10548 = VECTOR('',#10549,1.);
#10549 = DIRECTION('',(0.360994102558,0.,-0.932568098274));
#10550 = PCURVE('',#3765,#10551);
#10551 = DEFINITIONAL_REPRESENTATION('',(#10552),#10556);
#10552 = LINE('',#10553,#10554);
#10553 = CARTESIAN_POINT('',(-3.458488369253,-11.3));
#10554 = VECTOR('',#10555,1.);
#10555 = DIRECTION('',(0.932568098274,0.360994102558));
#10556 = ( GEOMETRIC_REPRESENTATION_CONTEXT(2) 
PARAMETRIC_REPRESENTATION_CONTEXT() REPRESENTATION_CONTEXT('2D SPACE',''
  ) );
#10557 = PCURVE('',#3739,#10558);
#10558 = DEFINITIONAL_REPRESENTATION('',(#10559),#10563);
#10559 = LINE('',#10560,#10561);
#10560 = CARTESIAN_POINT('',(0.,-15.5));
#10561 = VECTOR('',#10562,1.);
#10562 = DIRECTION('',(1.,0.));
#10563 = ( GEOMETRIC_REPRESENTATION_CONTEXT(2) 
PARAMETRIC_REPRESENTATION_CONTEXT() REPRESENTATION_CONTEXT('2D SPACE',''
  ) );
#10564 = ORIENTED_EDGE('',*,*,#3750,.T.);
#10565 = ORIENTED_EDGE('',*,*,#10519,.T.);
#10566 = ORIENTED_EDGE('',*,*,#4048,.T.);
#10567 = ADVANCED_FACE('',(#10568),#3739,.F.);
#10568 = FACE_BOUND('',#10569,.F.);
#10569 = EDGE_LOOP('',(#10570,#10571,#10590,#10591));
#10570 = ORIENTED_EDGE('',*,*,#3724,.T.);
#10571 = ORIENTED_EDGE('',*,*,#10572,.T.);
#10572 = EDGE_CURVE('',#3699,#4072,#10573,.T.);
#10573 = SURFACE_CURVE('',#10574,(#10578,#10584),.PCURVE_S1.);
#10574 = LINE('',#10575,#10576);
#10575 = CARTESIAN_POINT('',(272.62086745414,2.5,23.637759076781));
#10576 = VECTOR('',#10577,1.);
#10577 = DIRECTION('',(-0.360994102558,0.,0.932568098274));
#10578 = PCURVE('',#3739,#10579);
#10579 = DEFINITIONAL_REPRESENTATION('',(#10580),#10583);
#10580 = B_SPLINE_CURVE_WITH_KNOTS('',1,(#10581,#10582),.UNSPECIFIED.,
  .F.,.F.,(2,2),(-4.115258804031,3.658972389827),
  .PIECEWISE_BEZIER_KNOTS.);
#10581 = CARTESIAN_POINT('',(7.774231193859,-2.5));
#10582 = CARTESIAN_POINT('',(8.881784197001E-16,-2.5));
#10583 = ( GEOMETRIC_REPRESENTATION_CONTEXT(2) 
PARAMETRIC_REPRESENTATION_CONTEXT() REPRESENTATION_CONTEXT('2D SPACE',''
  ) );
#10584 = PCURVE('',#3713,#10585);
#10585 = DEFINITIONAL_REPRESENTATION('',(#10586),#10589);
#10586 = B_SPLINE_CURVE_WITH_KNOTS('',1,(#10587,#10588),.UNSPECIFIED.,
  .F.,.F.,(2,2),(-4.115258804031,3.658972389827),
  .PIECEWISE_BEZIER_KNOTS.);
#10587 = CARTESIAN_POINT('',(3.777104640673,-8.493548387097));
#10588 = CARTESIAN_POINT('',(-3.472895359327,-11.3));
#10589 = ( GEOMETRIC_REPRESENTATION_CONTEXT(2) 
PARAMETRIC_REPRESENTATION_CONTEXT() REPRESENTATION_CONTEXT('2D SPACE',''
  ) );
#10590 = ORIENTED_EDGE('',*,*,#4071,.T.);
#10591 = ORIENTED_EDGE('',*,*,#10544,.T.);
#10592 = ADVANCED_FACE('',(#10593),#3713,.T.);
#10593 = FACE_BOUND('',#10594,.T.);
#10594 = EDGE_LOOP('',(#10595,#10596,#10597,#10598));
#10595 = ORIENTED_EDGE('',*,*,#4319,.T.);
#10596 = ORIENTED_EDGE('',*,*,#3698,.T.);
#10597 = ORIENTED_EDGE('',*,*,#10572,.T.);
#10598 = ORIENTED_EDGE('',*,*,#4094,.T.);
#10599 = ADVANCED_FACE('',(#10600,#10676),#4181,.T.);
#10600 = FACE_BOUND('',#10601,.T.);
#10601 = EDGE_LOOP('',(#10602,#10603,#10604,#10605,#10628,#10651,#10672,
    #10673,#10674,#10675));
#10602 = ORIENTED_EDGE('',*,*,#4165,.T.);
#10603 = ORIENTED_EDGE('',*,*,#10173,.T.);
#10604 = ORIENTED_EDGE('',*,*,#10147,.F.);
#10605 = ORIENTED_EDGE('',*,*,#10606,.T.);
#10606 = EDGE_CURVE('',#10100,#10607,#10609,.T.);
#10607 = VERTEX_POINT('',#10608);
#10608 = CARTESIAN_POINT('',(260.85,4.5,95.8));
#10609 = SURFACE_CURVE('',#10610,(#10614,#10621),.PCURVE_S1.);
#10610 = LINE('',#10611,#10612);
#10611 = CARTESIAN_POINT('',(260.85,4.5,81.8));
#10612 = VECTOR('',#10613,1.);
#10613 = DIRECTION('',(0.,0.,1.));
#10614 = PCURVE('',#4181,#10615);
#10615 = DEFINITIONAL_REPRESENTATION('',(#10616),#10620);
#10616 = LINE('',#10617,#10618);
#10617 = CARTESIAN_POINT('',(1.06066017178,-2.06066017178));
#10618 = VECTOR('',#10619,1.);
#10619 = DIRECTION('',(1.,0.));
#10620 = ( GEOMETRIC_REPRESENTATION_CONTEXT(2) 
PARAMETRIC_REPRESENTATION_CONTEXT() REPRESENTATION_CONTEXT('2D SPACE',''
  ) );
#10621 = PCURVE('',#8452,#10622);
#10622 = DEFINITIONAL_REPRESENTATION('',(#10623),#10627);
#10623 = LINE('',#10624,#10625);
#10624 = CARTESIAN_POINT('',(0.,-3.5));
#10625 = VECTOR('',#10626,1.);
#10626 = DIRECTION('',(1.,0.));
#10627 = ( GEOMETRIC_REPRESENTATION_CONTEXT(2) 
PARAMETRIC_REPRESENTATION_CONTEXT() REPRESENTATION_CONTEXT('2D SPACE',''
  ) );
#10628 = ORIENTED_EDGE('',*,*,#10629,.T.);
#10629 = EDGE_CURVE('',#10607,#10630,#10632,.T.);
#10630 = VERTEX_POINT('',#10631);
#10631 = CARTESIAN_POINT('',(261.85,4.5,95.8));
#10632 = SURFACE_CURVE('',#10633,(#10637,#10644),.PCURVE_S1.);
#10633 = LINE('',#10634,#10635);
#10634 = CARTESIAN_POINT('',(260.85,4.5,95.8));
#10635 = VECTOR('',#10636,1.);
#10636 = DIRECTION('',(1.,0.,-0.));
#10637 = PCURVE('',#4181,#10638);
#10638 = DEFINITIONAL_REPRESENTATION('',(#10639),#10643);
#10639 = LINE('',#10640,#10641);
#10640 = CARTESIAN_POINT('',(15.06066017178,-2.06066017178));
#10641 = VECTOR('',#10642,1.);
#10642 = DIRECTION('',(0.,1.));
#10643 = ( GEOMETRIC_REPRESENTATION_CONTEXT(2) 
PARAMETRIC_REPRESENTATION_CONTEXT() REPRESENTATION_CONTEXT('2D SPACE',''
  ) );
#10644 = PCURVE('',#8478,#10645);
#10645 = DEFINITIONAL_REPRESENTATION('',(#10646),#10650);
#10646 = LINE('',#10647,#10648);
#10647 = CARTESIAN_POINT('',(0.,3.5));
#10648 = VECTOR('',#10649,1.);
#10649 = DIRECTION('',(1.,0.));
#10650 = ( GEOMETRIC_REPRESENTATION_CONTEXT(2) 
PARAMETRIC_REPRESENTATION_CONTEXT() REPRESENTATION_CONTEXT('2D SPACE',''
  ) );
#10651 = ORIENTED_EDGE('',*,*,#10652,.F.);
#10652 = EDGE_CURVE('',#4395,#10630,#10653,.T.);
#10653 = SURFACE_CURVE('',#10654,(#10658,#10665),.PCURVE_S1.);
#10654 = LINE('',#10655,#10656);
#10655 = CARTESIAN_POINT('',(261.85,4.5,98.8));
#10656 = VECTOR('',#10657,1.);
#10657 = DIRECTION('',(0.,0.,-1.));
#10658 = PCURVE('',#4181,#10659);
#10659 = DEFINITIONAL_REPRESENTATION('',(#10660),#10664);
#10660 = LINE('',#10661,#10662);
#10661 = CARTESIAN_POINT('',(18.06066017178,-1.06066017178));
#10662 = VECTOR('',#10663,1.);
#10663 = DIRECTION('',(-1.,0.));
#10664 = ( GEOMETRIC_REPRESENTATION_CONTEXT(2) 
PARAMETRIC_REPRESENTATION_CONTEXT() REPRESENTATION_CONTEXT('2D SPACE',''
  ) );
#10665 = PCURVE('',#4433,#10666);
#10666 = DEFINITIONAL_REPRESENTATION('',(#10667),#10671);
#10667 = LINE('',#10668,#10669);
#10668 = CARTESIAN_POINT('',(0.,-3.5));
#10669 = VECTOR('',#10670,1.);
#10670 = DIRECTION('',(1.,0.));
#10671 = ( GEOMETRIC_REPRESENTATION_CONTEXT(2) 
PARAMETRIC_REPRESENTATION_CONTEXT() REPRESENTATION_CONTEXT('2D SPACE',''
  ) );
#10672 = ORIENTED_EDGE('',*,*,#4394,.F.);
#10673 = ORIENTED_EDGE('',*,*,#4344,.T.);
#10674 = ORIENTED_EDGE('',*,*,#4270,.F.);
#10675 = ORIENTED_EDGE('',*,*,#4219,.F.);
#10676 = FACE_BOUND('',#10677,.T.);
#10677 = EDGE_LOOP('',(#10678,#10679,#10680,#10681));
#10678 = ORIENTED_EDGE('',*,*,#7897,.F.);
#10679 = ORIENTED_EDGE('',*,*,#7944,.T.);
#10680 = ORIENTED_EDGE('',*,*,#8016,.T.);
#10681 = ORIENTED_EDGE('',*,*,#7991,.F.);
#10682 = ADVANCED_FACE('',(#10683),#4433,.T.);
#10683 = FACE_BOUND('',#10684,.T.);
#10684 = EDGE_LOOP('',(#10685,#10708,#10709,#10710));
#10685 = ORIENTED_EDGE('',*,*,#10686,.T.);
#10686 = EDGE_CURVE('',#10687,#4418,#10689,.T.);
#10687 = VERTEX_POINT('',#10688);
#10688 = CARTESIAN_POINT('',(261.85,3.,95.8));
#10689 = SURFACE_CURVE('',#10690,(#10694,#10701),.PCURVE_S1.);
#10690 = LINE('',#10691,#10692);
#10691 = CARTESIAN_POINT('',(261.85,3.,30.3));
#10692 = VECTOR('',#10693,1.);
#10693 = DIRECTION('',(0.,0.,1.));
#10694 = PCURVE('',#4433,#10695);
#10695 = DEFINITIONAL_REPRESENTATION('',(#10696),#10700);
#10696 = LINE('',#10697,#10698);
#10697 = CARTESIAN_POINT('',(68.5,-2.));
#10698 = VECTOR('',#10699,1.);
#10699 = DIRECTION('',(-1.,-0.));
#10700 = ( GEOMETRIC_REPRESENTATION_CONTEXT(2) 
PARAMETRIC_REPRESENTATION_CONTEXT() REPRESENTATION_CONTEXT('2D SPACE',''
  ) );
#10701 = PCURVE('',#4488,#10702);
#10702 = DEFINITIONAL_REPRESENTATION('',(#10703),#10707);
#10703 = LINE('',#10704,#10705);
#10704 = CARTESIAN_POINT('',(0.,41.1));
#10705 = VECTOR('',#10706,1.);
#10706 = DIRECTION('',(1.,0.));
#10707 = ( GEOMETRIC_REPRESENTATION_CONTEXT(2) 
PARAMETRIC_REPRESENTATION_CONTEXT() REPRESENTATION_CONTEXT('2D SPACE',''
  ) );
#10708 = ORIENTED_EDGE('',*,*,#4417,.T.);
#10709 = ORIENTED_EDGE('',*,*,#10652,.T.);
#10710 = ORIENTED_EDGE('',*,*,#10711,.F.);
#10711 = EDGE_CURVE('',#10687,#10630,#10712,.T.);
#10712 = SURFACE_CURVE('',#10713,(#10717,#10724),.PCURVE_S1.);
#10713 = LINE('',#10714,#10715);
#10714 = CARTESIAN_POINT('',(261.85,1.,95.8));
#10715 = VECTOR('',#10716,1.);
#10716 = DIRECTION('',(0.,1.,0.));
#10717 = PCURVE('',#4433,#10718);
#10718 = DEFINITIONAL_REPRESENTATION('',(#10719),#10723);
#10719 = LINE('',#10720,#10721);
#10720 = CARTESIAN_POINT('',(3.,0.));
#10721 = VECTOR('',#10722,1.);
#10722 = DIRECTION('',(0.,-1.));
#10723 = ( GEOMETRIC_REPRESENTATION_CONTEXT(2) 
PARAMETRIC_REPRESENTATION_CONTEXT() REPRESENTATION_CONTEXT('2D SPACE',''
  ) );
#10724 = PCURVE('',#8478,#10725);
#10725 = DEFINITIONAL_REPRESENTATION('',(#10726),#10730);
#10726 = LINE('',#10727,#10728);
#10727 = CARTESIAN_POINT('',(1.,0.));
#10728 = VECTOR('',#10729,1.);
#10729 = DIRECTION('',(0.,1.));
#10730 = ( GEOMETRIC_REPRESENTATION_CONTEXT(2) 
PARAMETRIC_REPRESENTATION_CONTEXT() REPRESENTATION_CONTEXT('2D SPACE',''
  ) );
#10731 = ADVANCED_FACE('',(#10732),#4488,.T.);
#10732 = FACE_BOUND('',#10733,.T.);
#10733 = EDGE_LOOP('',(#10734,#10735,#10754,#10755,#10776,#10797));
#10734 = ORIENTED_EDGE('',*,*,#10686,.F.);
#10735 = ORIENTED_EDGE('',*,*,#10736,.F.);
#10736 = EDGE_CURVE('',#8464,#10687,#10737,.T.);
#10737 = SURFACE_CURVE('',#10738,(#10742,#10748),.PCURVE_S1.);
#10738 = LINE('',#10739,#10740);
#10739 = CARTESIAN_POINT('',(240.8,3.,95.8));
#10740 = VECTOR('',#10741,1.);
#10741 = DIRECTION('',(1.,0.,-0.));
#10742 = PCURVE('',#4488,#10743);
#10743 = DEFINITIONAL_REPRESENTATION('',(#10744),#10747);
#10744 = B_SPLINE_CURVE_WITH_KNOTS('',1,(#10745,#10746),.UNSPECIFIED.,
  .F.,.F.,(2,2),(20.05,21.05),.PIECEWISE_BEZIER_KNOTS.);
#10745 = CARTESIAN_POINT('',(65.5,40.1));
#10746 = CARTESIAN_POINT('',(65.5,41.1));
#10747 = ( GEOMETRIC_REPRESENTATION_CONTEXT(2) 
PARAMETRIC_REPRESENTATION_CONTEXT() REPRESENTATION_CONTEXT('2D SPACE',''
  ) );
#10748 = PCURVE('',#8478,#10749);
#10749 = DEFINITIONAL_REPRESENTATION('',(#10750),#10753);
#10750 = B_SPLINE_CURVE_WITH_KNOTS('',1,(#10751,#10752),.UNSPECIFIED.,
  .F.,.F.,(2,2),(20.05,21.05),.PIECEWISE_BEZIER_KNOTS.);
#10751 = CARTESIAN_POINT('',(0.,2.));
#10752 = CARTESIAN_POINT('',(1.,2.));
#10753 = ( GEOMETRIC_REPRESENTATION_CONTEXT(2) 
PARAMETRIC_REPRESENTATION_CONTEXT() REPRESENTATION_CONTEXT('2D SPACE',''
  ) );
#10754 = ORIENTED_EDGE('',*,*,#8489,.T.);
#10755 = ORIENTED_EDGE('',*,*,#10756,.T.);
#10756 = EDGE_CURVE('',#8490,#10757,#10759,.T.);
#10757 = VERTEX_POINT('',#10758);
#10758 = CARTESIAN_POINT('',(261.85,3.,106.3));
#10759 = SURFACE_CURVE('',#10760,(#10764,#10770),.PCURVE_S1.);
#10760 = LINE('',#10761,#10762);
#10761 = CARTESIAN_POINT('',(240.8,3.,106.3));
#10762 = VECTOR('',#10763,1.);
#10763 = DIRECTION('',(1.,0.,-0.));
#10764 = PCURVE('',#4488,#10765);
#10765 = DEFINITIONAL_REPRESENTATION('',(#10766),#10769);
#10766 = B_SPLINE_CURVE_WITH_KNOTS('',1,(#10767,#10768),.UNSPECIFIED.,
  .F.,.F.,(2,2),(20.05,21.05),.PIECEWISE_BEZIER_KNOTS.);
#10767 = CARTESIAN_POINT('',(76.,40.1));
#10768 = CARTESIAN_POINT('',(76.,41.1));
#10769 = ( GEOMETRIC_REPRESENTATION_CONTEXT(2) 
PARAMETRIC_REPRESENTATION_CONTEXT() REPRESENTATION_CONTEXT('2D SPACE',''
  ) );
#10770 = PCURVE('',#8527,#10771);
#10771 = DEFINITIONAL_REPRESENTATION('',(#10772),#10775);
#10772 = B_SPLINE_CURVE_WITH_KNOTS('',1,(#10773,#10774),.UNSPECIFIED.,
  .F.,.F.,(2,2),(20.05,21.05),.PIECEWISE_BEZIER_KNOTS.);
#10773 = CARTESIAN_POINT('',(0.,2.));
#10774 = CARTESIAN_POINT('',(1.,2.));
#10775 = ( GEOMETRIC_REPRESENTATION_CONTEXT(2) 
PARAMETRIC_REPRESENTATION_CONTEXT() REPRESENTATION_CONTEXT('2D SPACE',''
  ) );
#10776 = ORIENTED_EDGE('',*,*,#10777,.F.);
#10777 = EDGE_CURVE('',#4473,#10757,#10778,.T.);
#10778 = SURFACE_CURVE('',#10779,(#10783,#10790),.PCURVE_S1.);
#10779 = LINE('',#10780,#10781);
#10780 = CARTESIAN_POINT('',(261.85,3.,30.3));
#10781 = VECTOR('',#10782,1.);
#10782 = DIRECTION('',(0.,0.,1.));
#10783 = PCURVE('',#4488,#10784);
#10784 = DEFINITIONAL_REPRESENTATION('',(#10785),#10789);
#10785 = LINE('',#10786,#10787);
#10786 = CARTESIAN_POINT('',(0.,41.1));
#10787 = VECTOR('',#10788,1.);
#10788 = DIRECTION('',(1.,0.));
#10789 = ( GEOMETRIC_REPRESENTATION_CONTEXT(2) 
PARAMETRIC_REPRESENTATION_CONTEXT() REPRESENTATION_CONTEXT('2D SPACE',''
  ) );
#10790 = PCURVE('',#4589,#10791);
#10791 = DEFINITIONAL_REPRESENTATION('',(#10792),#10796);
#10792 = LINE('',#10793,#10794);
#10793 = CARTESIAN_POINT('',(-73.,-2.));
#10794 = VECTOR('',#10795,1.);
#10795 = DIRECTION('',(1.,0.));
#10796 = ( GEOMETRIC_REPRESENTATION_CONTEXT(2) 
PARAMETRIC_REPRESENTATION_CONTEXT() REPRESENTATION_CONTEXT('2D SPACE',''
  ) );
#10797 = ORIENTED_EDGE('',*,*,#4472,.F.);
#10798 = ADVANCED_FACE('',(#10799),#4589,.F.);
#10799 = FACE_BOUND('',#10800,.F.);
#10800 = EDGE_LOOP('',(#10801,#10802,#10803,#10826));
#10801 = ORIENTED_EDGE('',*,*,#10777,.F.);
#10802 = ORIENTED_EDGE('',*,*,#4575,.T.);
#10803 = ORIENTED_EDGE('',*,*,#10804,.T.);
#10804 = EDGE_CURVE('',#4548,#10805,#10807,.T.);
#10805 = VERTEX_POINT('',#10806);
#10806 = CARTESIAN_POINT('',(261.85,4.5,106.3));
#10807 = SURFACE_CURVE('',#10808,(#10812,#10819),.PCURVE_S1.);
#10808 = LINE('',#10809,#10810);
#10809 = CARTESIAN_POINT('',(261.85,4.5,103.3));
#10810 = VECTOR('',#10811,1.);
#10811 = DIRECTION('',(0.,0.,1.));
#10812 = PCURVE('',#4589,#10813);
#10813 = DEFINITIONAL_REPRESENTATION('',(#10814),#10818);
#10814 = LINE('',#10815,#10816);
#10815 = CARTESIAN_POINT('',(0.,-3.5));
#10816 = VECTOR('',#10817,1.);
#10817 = DIRECTION('',(1.,0.));
#10818 = ( GEOMETRIC_REPRESENTATION_CONTEXT(2) 
PARAMETRIC_REPRESENTATION_CONTEXT() REPRESENTATION_CONTEXT('2D SPACE',''
  ) );
#10819 = PCURVE('',#4563,#10820);
#10820 = DEFINITIONAL_REPRESENTATION('',(#10821),#10825);
#10821 = LINE('',#10822,#10823);
#10822 = CARTESIAN_POINT('',(-20.,1.));
#10823 = VECTOR('',#10824,1.);
#10824 = DIRECTION('',(1.,0.));
#10825 = ( GEOMETRIC_REPRESENTATION_CONTEXT(2) 
PARAMETRIC_REPRESENTATION_CONTEXT() REPRESENTATION_CONTEXT('2D SPACE',''
  ) );
#10826 = ORIENTED_EDGE('',*,*,#10827,.F.);
#10827 = EDGE_CURVE('',#10757,#10805,#10828,.T.);
#10828 = SURFACE_CURVE('',#10829,(#10833,#10840),.PCURVE_S1.);
#10829 = LINE('',#10830,#10831);
#10830 = CARTESIAN_POINT('',(261.85,1.,106.3));
#10831 = VECTOR('',#10832,1.);
#10832 = DIRECTION('',(0.,1.,0.));
#10833 = PCURVE('',#4589,#10834);
#10834 = DEFINITIONAL_REPRESENTATION('',(#10835),#10839);
#10835 = LINE('',#10836,#10837);
#10836 = CARTESIAN_POINT('',(3.,0.));
#10837 = VECTOR('',#10838,1.);
#10838 = DIRECTION('',(0.,-1.));
#10839 = ( GEOMETRIC_REPRESENTATION_CONTEXT(2) 
PARAMETRIC_REPRESENTATION_CONTEXT() REPRESENTATION_CONTEXT('2D SPACE',''
  ) );
#10840 = PCURVE('',#8527,#10841);
#10841 = DEFINITIONAL_REPRESENTATION('',(#10842),#10846);
#10842 = LINE('',#10843,#10844);
#10843 = CARTESIAN_POINT('',(1.,0.));
#10844 = VECTOR('',#10845,1.);
#10845 = DIRECTION('',(0.,1.));
#10846 = ( GEOMETRIC_REPRESENTATION_CONTEXT(2) 
PARAMETRIC_REPRESENTATION_CONTEXT() REPRESENTATION_CONTEXT('2D SPACE',''
  ) );
#10847 = ADVANCED_FACE('',(#10848,#10982,#10988),#4563,.T.);
#10848 = FACE_BOUND('',#10849,.T.);
#10849 = EDGE_LOOP('',(#10850,#10873,#10874,#10875,#10876,#10877,#10878,
    #10879,#10880,#10881,#10882,#10883,#10884,#10885,#10886,#10887,
    #10910,#10933,#10956));
#10850 = ORIENTED_EDGE('',*,*,#10851,.F.);
#10851 = EDGE_CURVE('',#6124,#10852,#10854,.T.);
#10852 = VERTEX_POINT('',#10853);
#10853 = CARTESIAN_POINT('',(261.85,4.5,123.3));
#10854 = SURFACE_CURVE('',#10855,(#10859,#10866),.PCURVE_S1.);
#10855 = LINE('',#10856,#10857);
#10856 = CARTESIAN_POINT('',(260.85,4.5,123.3));
#10857 = VECTOR('',#10858,1.);
#10858 = DIRECTION('',(1.,0.,-0.));
#10859 = PCURVE('',#4563,#10860);
#10860 = DEFINITIONAL_REPRESENTATION('',(#10861),#10865);
#10861 = LINE('',#10862,#10863);
#10862 = CARTESIAN_POINT('',(0.,0.));
#10863 = VECTOR('',#10864,1.);
#10864 = DIRECTION('',(0.,1.));
#10865 = ( GEOMETRIC_REPRESENTATION_CONTEXT(2) 
PARAMETRIC_REPRESENTATION_CONTEXT() REPRESENTATION_CONTEXT('2D SPACE',''
  ) );
#10866 = PCURVE('',#6139,#10867);
#10867 = DEFINITIONAL_REPRESENTATION('',(#10868),#10872);
#10868 = LINE('',#10869,#10870);
#10869 = CARTESIAN_POINT('',(0.,3.5));
#10870 = VECTOR('',#10871,1.);
#10871 = DIRECTION('',(1.,0.));
#10872 = ( GEOMETRIC_REPRESENTATION_CONTEXT(2) 
PARAMETRIC_REPRESENTATION_CONTEXT() REPRESENTATION_CONTEXT('2D SPACE',''
  ) );
#10873 = ORIENTED_EDGE('',*,*,#6151,.T.);
#10874 = ORIENTED_EDGE('',*,*,#5858,.T.);
#10875 = ORIENTED_EDGE('',*,*,#5761,.F.);
#10876 = ORIENTED_EDGE('',*,*,#5637,.F.);
#10877 = ORIENTED_EDGE('',*,*,#5487,.T.);
#10878 = ORIENTED_EDGE('',*,*,#5440,.F.);
#10879 = ORIENTED_EDGE('',*,*,#5387,.F.);
#10880 = ORIENTED_EDGE('',*,*,#5337,.T.);
#10881 = ORIENTED_EDGE('',*,*,#5268,.F.);
#10882 = ORIENTED_EDGE('',*,*,#5076,.T.);
#10883 = ORIENTED_EDGE('',*,*,#4980,.F.);
#10884 = ORIENTED_EDGE('',*,*,#4709,.F.);
#10885 = ORIENTED_EDGE('',*,*,#4547,.T.);
#10886 = ORIENTED_EDGE('',*,*,#10804,.T.);
#10887 = ORIENTED_EDGE('',*,*,#10888,.F.);
#10888 = EDGE_CURVE('',#10889,#10805,#10891,.T.);
#10889 = VERTEX_POINT('',#10890);
#10890 = CARTESIAN_POINT('',(260.85,4.5,106.3));
#10891 = SURFACE_CURVE('',#10892,(#10896,#10903),.PCURVE_S1.);
#10892 = LINE('',#10893,#10894);
#10893 = CARTESIAN_POINT('',(260.85,4.5,106.3));
#10894 = VECTOR('',#10895,1.);
#10895 = DIRECTION('',(1.,0.,-0.));
#10896 = PCURVE('',#4563,#10897);
#10897 = DEFINITIONAL_REPRESENTATION('',(#10898),#10902);
#10898 = LINE('',#10899,#10900);
#10899 = CARTESIAN_POINT('',(-17.,0.));
#10900 = VECTOR('',#10901,1.);
#10901 = DIRECTION('',(0.,1.));
#10902 = ( GEOMETRIC_REPRESENTATION_CONTEXT(2) 
PARAMETRIC_REPRESENTATION_CONTEXT() REPRESENTATION_CONTEXT('2D SPACE',''
  ) );
#10903 = PCURVE('',#8527,#10904);
#10904 = DEFINITIONAL_REPRESENTATION('',(#10905),#10909);
#10905 = LINE('',#10906,#10907);
#10906 = CARTESIAN_POINT('',(0.,3.5));
#10907 = VECTOR('',#10908,1.);
#10908 = DIRECTION('',(1.,0.));
#10909 = ( GEOMETRIC_REPRESENTATION_CONTEXT(2) 
PARAMETRIC_REPRESENTATION_CONTEXT() REPRESENTATION_CONTEXT('2D SPACE',''
  ) );
#10910 = ORIENTED_EDGE('',*,*,#10911,.T.);
#10911 = EDGE_CURVE('',#10889,#10912,#10914,.T.);
#10912 = VERTEX_POINT('',#10913);
#10913 = CARTESIAN_POINT('',(260.85,4.5,120.3));
#10914 = SURFACE_CURVE('',#10915,(#10919,#10926),.PCURVE_S1.);
#10915 = LINE('',#10916,#10917);
#10916 = CARTESIAN_POINT('',(260.85,4.5,106.3));
#10917 = VECTOR('',#10918,1.);
#10918 = DIRECTION('',(0.,0.,1.));
#10919 = PCURVE('',#4563,#10920);
#10920 = DEFINITIONAL_REPRESENTATION('',(#10921),#10925);
#10921 = LINE('',#10922,#10923);
#10922 = CARTESIAN_POINT('',(-17.,0.));
#10923 = VECTOR('',#10924,1.);
#10924 = DIRECTION('',(1.,0.));
#10925 = ( GEOMETRIC_REPRESENTATION_CONTEXT(2) 
PARAMETRIC_REPRESENTATION_CONTEXT() REPRESENTATION_CONTEXT('2D SPACE',''
  ) );
#10926 = PCURVE('',#8553,#10927);
#10927 = DEFINITIONAL_REPRESENTATION('',(#10928),#10932);
#10928 = LINE('',#10929,#10930);
#10929 = CARTESIAN_POINT('',(0.,-3.5));
#10930 = VECTOR('',#10931,1.);
#10931 = DIRECTION('',(1.,0.));
#10932 = ( GEOMETRIC_REPRESENTATION_CONTEXT(2) 
PARAMETRIC_REPRESENTATION_CONTEXT() REPRESENTATION_CONTEXT('2D SPACE',''
  ) );
#10933 = ORIENTED_EDGE('',*,*,#10934,.T.);
#10934 = EDGE_CURVE('',#10912,#10935,#10937,.T.);
#10935 = VERTEX_POINT('',#10936);
#10936 = CARTESIAN_POINT('',(261.85,4.5,120.3));
#10937 = SURFACE_CURVE('',#10938,(#10942,#10949),.PCURVE_S1.);
#10938 = LINE('',#10939,#10940);
#10939 = CARTESIAN_POINT('',(260.85,4.5,120.3));
#10940 = VECTOR('',#10941,1.);
#10941 = DIRECTION('',(1.,0.,-0.));
#10942 = PCURVE('',#4563,#10943);
#10943 = DEFINITIONAL_REPRESENTATION('',(#10944),#10948);
#10944 = LINE('',#10945,#10946);
#10945 = CARTESIAN_POINT('',(-3.,0.));
#10946 = VECTOR('',#10947,1.);
#10947 = DIRECTION('',(0.,1.));
#10948 = ( GEOMETRIC_REPRESENTATION_CONTEXT(2) 
PARAMETRIC_REPRESENTATION_CONTEXT() REPRESENTATION_CONTEXT('2D SPACE',''
  ) );
#10949 = PCURVE('',#8579,#10950);
#10950 = DEFINITIONAL_REPRESENTATION('',(#10951),#10955);
#10951 = LINE('',#10952,#10953);
#10952 = CARTESIAN_POINT('',(0.,3.5));
#10953 = VECTOR('',#10954,1.);
#10954 = DIRECTION('',(1.,0.));
#10955 = ( GEOMETRIC_REPRESENTATION_CONTEXT(2) 
PARAMETRIC_REPRESENTATION_CONTEXT() REPRESENTATION_CONTEXT('2D SPACE',''
  ) );
#10956 = ORIENTED_EDGE('',*,*,#10957,.F.);
#10957 = EDGE_CURVE('',#10852,#10935,#10958,.T.);
#10958 = SURFACE_CURVE('',#10959,(#10963,#10970),.PCURVE_S1.);
#10959 = LINE('',#10960,#10961);
#10960 = CARTESIAN_POINT('',(261.85,4.5,123.3));
#10961 = VECTOR('',#10962,1.);
#10962 = DIRECTION('',(0.,0.,-1.));
#10963 = PCURVE('',#4563,#10964);
#10964 = DEFINITIONAL_REPRESENTATION('',(#10965),#10969);
#10965 = LINE('',#10966,#10967);
#10966 = CARTESIAN_POINT('',(-1.42108547152E-14,1.));
#10967 = VECTOR('',#10968,1.);
#10968 = DIRECTION('',(-1.,0.));
#10969 = ( GEOMETRIC_REPRESENTATION_CONTEXT(2) 
PARAMETRIC_REPRESENTATION_CONTEXT() REPRESENTATION_CONTEXT('2D SPACE',''
  ) );
#10970 = PCURVE('',#10971,#10976);
#10971 = PLANE('',#10972);
#10972 = AXIS2_PLACEMENT_3D('',#10973,#10974,#10975);
#10973 = CARTESIAN_POINT('',(261.85,1.,123.3));
#10974 = DIRECTION('',(-1.,0.,0.));
#10975 = DIRECTION('',(0.,0.,-1.));
#10976 = DEFINITIONAL_REPRESENTATION('',(#10977),#10981);
#10977 = LINE('',#10978,#10979);
#10978 = CARTESIAN_POINT('',(0.,-3.5));
#10979 = VECTOR('',#10980,1.);
#10980 = DIRECTION('',(1.,0.));
#10981 = ( GEOMETRIC_REPRESENTATION_CONTEXT(2) 
PARAMETRIC_REPRESENTATION_CONTEXT() REPRESENTATION_CONTEXT('2D SPACE',''
  ) );
#10982 = FACE_BOUND('',#10983,.T.);
#10983 = EDGE_LOOP('',(#10984,#10985,#10986,#10987));
#10984 = ORIENTED_EDGE('',*,*,#8085,.F.);
#10985 = ORIENTED_EDGE('',*,*,#8132,.T.);
#10986 = ORIENTED_EDGE('',*,*,#8204,.T.);
#10987 = ORIENTED_EDGE('',*,*,#8179,.F.);
#10988 = FACE_BOUND('',#10989,.T.);
#10989 = EDGE_LOOP('',(#10990,#10991,#10992,#10993));
#10990 = ORIENTED_EDGE('',*,*,#8273,.F.);
#10991 = ORIENTED_EDGE('',*,*,#8392,.T.);
#10992 = ORIENTED_EDGE('',*,*,#8367,.T.);
#10993 = ORIENTED_EDGE('',*,*,#8320,.F.);
#10994 = ADVANCED_FACE('',(#10995),#4674,.T.);
#10995 = FACE_BOUND('',#10996,.T.);
#10996 = EDGE_LOOP('',(#10997,#10998,#10999,#11022));
#10997 = ORIENTED_EDGE('',*,*,#9767,.F.);
#10998 = ORIENTED_EDGE('',*,*,#4658,.T.);
#10999 = ORIENTED_EDGE('',*,*,#11000,.F.);
#11000 = EDGE_CURVE('',#11001,#4631,#11003,.T.);
#11001 = VERTEX_POINT('',#11002);
#11002 = CARTESIAN_POINT('',(215.,19.5,30.8));
#11003 = SURFACE_CURVE('',#11004,(#11008,#11015),.PCURVE_S1.);
#11004 = LINE('',#11005,#11006);
#11005 = CARTESIAN_POINT('',(183.,19.5,30.8));
#11006 = VECTOR('',#11007,1.);
#11007 = DIRECTION('',(1.,0.,-0.));
#11008 = PCURVE('',#4674,#11009);
#11009 = DEFINITIONAL_REPRESENTATION('',(#11010),#11014);
#11010 = LINE('',#11011,#11012);
#11011 = CARTESIAN_POINT('',(0.,18.5));
#11012 = VECTOR('',#11013,1.);
#11013 = DIRECTION('',(1.,0.));
#11014 = ( GEOMETRIC_REPRESENTATION_CONTEXT(2) 
PARAMETRIC_REPRESENTATION_CONTEXT() REPRESENTATION_CONTEXT('2D SPACE',''
  ) );
#11015 = PCURVE('',#4646,#11016);
#11016 = DEFINITIONAL_REPRESENTATION('',(#11017),#11021);
#11017 = LINE('',#11018,#11019);
#11018 = CARTESIAN_POINT('',(11.,0.));
#11019 = VECTOR('',#11020,1.);
#11020 = DIRECTION('',(0.,1.));
#11021 = ( GEOMETRIC_REPRESENTATION_CONTEXT(2) 
PARAMETRIC_REPRESENTATION_CONTEXT() REPRESENTATION_CONTEXT('2D SPACE',''
  ) );
#11022 = ORIENTED_EDGE('',*,*,#11023,.F.);
#11023 = EDGE_CURVE('',#9768,#11001,#11024,.T.);
#11024 = SURFACE_CURVE('',#11025,(#11029,#11035),.PCURVE_S1.);
#11025 = LINE('',#11026,#11027);
#11026 = CARTESIAN_POINT('',(215.,5.111757301519,30.8));
#11027 = VECTOR('',#11028,1.);
#11028 = DIRECTION('',(0.,1.,0.));
#11029 = PCURVE('',#4674,#11030);
#11030 = DEFINITIONAL_REPRESENTATION('',(#11031),#11034);
#11031 = B_SPLINE_CURVE_WITH_KNOTS('',1,(#11032,#11033),.UNSPECIFIED.,
  .F.,.F.,(2,2),(-2.611757301519,14.388242698481),
  .PIECEWISE_BEZIER_KNOTS.);
#11032 = CARTESIAN_POINT('',(32.,1.5));
#11033 = CARTESIAN_POINT('',(32.,18.5));
#11034 = ( GEOMETRIC_REPRESENTATION_CONTEXT(2) 
PARAMETRIC_REPRESENTATION_CONTEXT() REPRESENTATION_CONTEXT('2D SPACE',''
  ) );
#11035 = PCURVE('',#9803,#11036);
#11036 = DEFINITIONAL_REPRESENTATION('',(#11037),#11040);
#11037 = B_SPLINE_CURVE_WITH_KNOTS('',1,(#11038,#11039),.UNSPECIFIED.,
  .F.,.F.,(2,2),(-2.611757301519,14.388242698481),
  .PIECEWISE_BEZIER_KNOTS.);
#11038 = CARTESIAN_POINT('',(-4.756093937943,6.723514603038));
#11039 = CARTESIAN_POINT('',(-4.756093937943,-10.27648539696));
#11040 = ( GEOMETRIC_REPRESENTATION_CONTEXT(2) 
PARAMETRIC_REPRESENTATION_CONTEXT() REPRESENTATION_CONTEXT('2D SPACE',''
  ) );
#11041 = ADVANCED_FACE('',(#11042),#4646,.T.);
#11042 = FACE_BOUND('',#11043,.T.);
#11043 = EDGE_LOOP('',(#11044,#11069,#11092,#11115,#11138,#11161,#11184,
    #11207,#11228,#11229,#11230,#11231,#11232,#11255,#11278,#11301));
#11044 = ORIENTED_EDGE('',*,*,#11045,.T.);
#11045 = EDGE_CURVE('',#11046,#11048,#11050,.T.);
#11046 = VERTEX_POINT('',#11047);
#11047 = CARTESIAN_POINT('',(188.2,19.5,30.8));
#11048 = VERTEX_POINT('',#11049);
#11049 = CARTESIAN_POINT('',(198.4,19.5,30.8));
#11050 = SURFACE_CURVE('',#11051,(#11055,#11062),.PCURVE_S1.);
#11051 = LINE('',#11052,#11053);
#11052 = CARTESIAN_POINT('',(183.,19.5,30.8));
#11053 = VECTOR('',#11054,1.);
#11054 = DIRECTION('',(1.,0.,-0.));
#11055 = PCURVE('',#4646,#11056);
#11056 = DEFINITIONAL_REPRESENTATION('',(#11057),#11061);
#11057 = LINE('',#11058,#11059);
#11058 = CARTESIAN_POINT('',(11.,0.));
#11059 = VECTOR('',#11060,1.);
#11060 = DIRECTION('',(0.,1.));
#11061 = ( GEOMETRIC_REPRESENTATION_CONTEXT(2) 
PARAMETRIC_REPRESENTATION_CONTEXT() REPRESENTATION_CONTEXT('2D SPACE',''
  ) );
#11062 = PCURVE('',#9985,#11063);
#11063 = DEFINITIONAL_REPRESENTATION('',(#11064),#11068);
#11064 = LINE('',#11065,#11066);
#11065 = CARTESIAN_POINT('',(0.,18.5));
#11066 = VECTOR('',#11067,1.);
#11067 = DIRECTION('',(1.,0.));
#11068 = ( GEOMETRIC_REPRESENTATION_CONTEXT(2) 
PARAMETRIC_REPRESENTATION_CONTEXT() REPRESENTATION_CONTEXT('2D SPACE',''
  ) );
#11069 = ORIENTED_EDGE('',*,*,#11070,.T.);
#11070 = EDGE_CURVE('',#11048,#11071,#11073,.T.);
#11071 = VERTEX_POINT('',#11072);
#11072 = CARTESIAN_POINT('',(198.4,19.5,33.3));
#11073 = SURFACE_CURVE('',#11074,(#11078,#11085),.PCURVE_S1.);
#11074 = LINE('',#11075,#11076);
#11075 = CARTESIAN_POINT('',(198.4,19.5,30.3));
#11076 = VECTOR('',#11077,1.);
#11077 = DIRECTION('',(0.,0.,1.));
#11078 = PCURVE('',#4646,#11079);
#11079 = DEFINITIONAL_REPRESENTATION('',(#11080),#11084);
#11080 = LINE('',#11081,#11082);
#11081 = CARTESIAN_POINT('',(10.5,15.4));
#11082 = VECTOR('',#11083,1.);
#11083 = DIRECTION('',(1.,0.));
#11084 = ( GEOMETRIC_REPRESENTATION_CONTEXT(2) 
PARAMETRIC_REPRESENTATION_CONTEXT() REPRESENTATION_CONTEXT('2D SPACE',''
  ) );
#11085 = PCURVE('',#9959,#11086);
#11086 = DEFINITIONAL_REPRESENTATION('',(#11087),#11091);
#11087 = LINE('',#11088,#11089);
#11088 = CARTESIAN_POINT('',(-5.256093937943,-10.27648539696));
#11089 = VECTOR('',#11090,1.);
#11090 = DIRECTION('',(1.,0.));
#11091 = ( GEOMETRIC_REPRESENTATION_CONTEXT(2) 
PARAMETRIC_REPRESENTATION_CONTEXT() REPRESENTATION_CONTEXT('2D SPACE',''
  ) );
#11092 = ORIENTED_EDGE('',*,*,#11093,.T.);
#11093 = EDGE_CURVE('',#11071,#11094,#11096,.T.);
#11094 = VERTEX_POINT('',#11095);
#11095 = CARTESIAN_POINT('',(201.6,19.5,33.3));
#11096 = SURFACE_CURVE('',#11097,(#11101,#11108),.PCURVE_S1.);
#11097 = LINE('',#11098,#11099);
#11098 = CARTESIAN_POINT('',(198.4,19.5,33.3));
#11099 = VECTOR('',#11100,1.);
#11100 = DIRECTION('',(1.,0.,0.));
#11101 = PCURVE('',#4646,#11102);
#11102 = DEFINITIONAL_REPRESENTATION('',(#11103),#11107);
#11103 = LINE('',#11104,#11105);
#11104 = CARTESIAN_POINT('',(13.5,15.4));
#11105 = VECTOR('',#11106,1.);
#11106 = DIRECTION('',(0.,1.));
#11107 = ( GEOMETRIC_REPRESENTATION_CONTEXT(2) 
PARAMETRIC_REPRESENTATION_CONTEXT() REPRESENTATION_CONTEXT('2D SPACE',''
  ) );
#11108 = PCURVE('',#9933,#11109);
#11109 = DEFINITIONAL_REPRESENTATION('',(#11110),#11114);
#11110 = LINE('',#11111,#11112);
#11111 = CARTESIAN_POINT('',(0.,0.));
#11112 = VECTOR('',#11113,1.);
#11113 = DIRECTION('',(0.,-1.));
#11114 = ( GEOMETRIC_REPRESENTATION_CONTEXT(2) 
PARAMETRIC_REPRESENTATION_CONTEXT() REPRESENTATION_CONTEXT('2D SPACE',''
  ) );
#11115 = ORIENTED_EDGE('',*,*,#11116,.F.);
#11116 = EDGE_CURVE('',#11117,#11094,#11119,.T.);
#11117 = VERTEX_POINT('',#11118);
#11118 = CARTESIAN_POINT('',(201.6,19.5,30.8));
#11119 = SURFACE_CURVE('',#11120,(#11124,#11131),.PCURVE_S1.);
#11120 = LINE('',#11121,#11122);
#11121 = CARTESIAN_POINT('',(201.6,19.5,30.3));
#11122 = VECTOR('',#11123,1.);
#11123 = DIRECTION('',(0.,0.,1.));
#11124 = PCURVE('',#4646,#11125);
#11125 = DEFINITIONAL_REPRESENTATION('',(#11126),#11130);
#11126 = LINE('',#11127,#11128);
#11127 = CARTESIAN_POINT('',(10.5,18.6));
#11128 = VECTOR('',#11129,1.);
#11129 = DIRECTION('',(1.,0.));
#11130 = ( GEOMETRIC_REPRESENTATION_CONTEXT(2) 
PARAMETRIC_REPRESENTATION_CONTEXT() REPRESENTATION_CONTEXT('2D SPACE',''
  ) );
#11131 = PCURVE('',#9907,#11132);
#11132 = DEFINITIONAL_REPRESENTATION('',(#11133),#11137);
#11133 = LINE('',#11134,#11135);
#11134 = CARTESIAN_POINT('',(-5.256093937943,-10.27648539696));
#11135 = VECTOR('',#11136,1.);
#11136 = DIRECTION('',(1.,0.));
#11137 = ( GEOMETRIC_REPRESENTATION_CONTEXT(2) 
PARAMETRIC_REPRESENTATION_CONTEXT() REPRESENTATION_CONTEXT('2D SPACE',''
  ) );
#11138 = ORIENTED_EDGE('',*,*,#11139,.T.);
#11139 = EDGE_CURVE('',#11117,#11140,#11142,.T.);
#11140 = VERTEX_POINT('',#11141);
#11141 = CARTESIAN_POINT('',(211.8,19.5,30.8));
#11142 = SURFACE_CURVE('',#11143,(#11147,#11154),.PCURVE_S1.);
#11143 = LINE('',#11144,#11145);
#11144 = CARTESIAN_POINT('',(183.,19.5,30.8));
#11145 = VECTOR('',#11146,1.);
#11146 = DIRECTION('',(1.,0.,-0.));
#11147 = PCURVE('',#4646,#11148);
#11148 = DEFINITIONAL_REPRESENTATION('',(#11149),#11153);
#11149 = LINE('',#11150,#11151);
#11150 = CARTESIAN_POINT('',(11.,0.));
#11151 = VECTOR('',#11152,1.);
#11152 = DIRECTION('',(0.,1.));
#11153 = ( GEOMETRIC_REPRESENTATION_CONTEXT(2) 
PARAMETRIC_REPRESENTATION_CONTEXT() REPRESENTATION_CONTEXT('2D SPACE',''
  ) );
#11154 = PCURVE('',#9881,#11155);
#11155 = DEFINITIONAL_REPRESENTATION('',(#11156),#11160);
#11156 = LINE('',#11157,#11158);
#11157 = CARTESIAN_POINT('',(0.,18.5));
#11158 = VECTOR('',#11159,1.);
#11159 = DIRECTION('',(1.,0.));
#11160 = ( GEOMETRIC_REPRESENTATION_CONTEXT(2) 
PARAMETRIC_REPRESENTATION_CONTEXT() REPRESENTATION_CONTEXT('2D SPACE',''
  ) );
#11161 = ORIENTED_EDGE('',*,*,#11162,.T.);
#11162 = EDGE_CURVE('',#11140,#11163,#11165,.T.);
#11163 = VERTEX_POINT('',#11164);
#11164 = CARTESIAN_POINT('',(211.8,19.5,33.3));
#11165 = SURFACE_CURVE('',#11166,(#11170,#11177),.PCURVE_S1.);
#11166 = LINE('',#11167,#11168);
#11167 = CARTESIAN_POINT('',(211.8,19.5,30.3));
#11168 = VECTOR('',#11169,1.);
#11169 = DIRECTION('',(0.,0.,1.));
#11170 = PCURVE('',#4646,#11171);
#11171 = DEFINITIONAL_REPRESENTATION('',(#11172),#11176);
#11172 = LINE('',#11173,#11174);
#11173 = CARTESIAN_POINT('',(10.5,28.8));
#11174 = VECTOR('',#11175,1.);
#11175 = DIRECTION('',(1.,0.));
#11176 = ( GEOMETRIC_REPRESENTATION_CONTEXT(2) 
PARAMETRIC_REPRESENTATION_CONTEXT() REPRESENTATION_CONTEXT('2D SPACE',''
  ) );
#11177 = PCURVE('',#9855,#11178);
#11178 = DEFINITIONAL_REPRESENTATION('',(#11179),#11183);
#11179 = LINE('',#11180,#11181);
#11180 = CARTESIAN_POINT('',(-5.256093937943,-10.27648539696));
#11181 = VECTOR('',#11182,1.);
#11182 = DIRECTION('',(1.,0.));
#11183 = ( GEOMETRIC_REPRESENTATION_CONTEXT(2) 
PARAMETRIC_REPRESENTATION_CONTEXT() REPRESENTATION_CONTEXT('2D SPACE',''
  ) );
#11184 = ORIENTED_EDGE('',*,*,#11185,.T.);
#11185 = EDGE_CURVE('',#11163,#11186,#11188,.T.);
#11186 = VERTEX_POINT('',#11187);
#11187 = CARTESIAN_POINT('',(215.,19.5,33.3));
#11188 = SURFACE_CURVE('',#11189,(#11193,#11200),.PCURVE_S1.);
#11189 = LINE('',#11190,#11191);
#11190 = CARTESIAN_POINT('',(211.8,19.5,33.3));
#11191 = VECTOR('',#11192,1.);
#11192 = DIRECTION('',(1.,0.,0.));
#11193 = PCURVE('',#4646,#11194);
#11194 = DEFINITIONAL_REPRESENTATION('',(#11195),#11199);
#11195 = LINE('',#11196,#11197);
#11196 = CARTESIAN_POINT('',(13.5,28.8));
#11197 = VECTOR('',#11198,1.);
#11198 = DIRECTION('',(0.,1.));
#11199 = ( GEOMETRIC_REPRESENTATION_CONTEXT(2) 
PARAMETRIC_REPRESENTATION_CONTEXT() REPRESENTATION_CONTEXT('2D SPACE',''
  ) );
#11200 = PCURVE('',#9829,#11201);
#11201 = DEFINITIONAL_REPRESENTATION('',(#11202),#11206);
#11202 = LINE('',#11203,#11204);
#11203 = CARTESIAN_POINT('',(0.,0.));
#11204 = VECTOR('',#11205,1.);
#11205 = DIRECTION('',(0.,-1.));
#11206 = ( GEOMETRIC_REPRESENTATION_CONTEXT(2) 
PARAMETRIC_REPRESENTATION_CONTEXT() REPRESENTATION_CONTEXT('2D SPACE',''
  ) );
#11207 = ORIENTED_EDGE('',*,*,#11208,.F.);
#11208 = EDGE_CURVE('',#11001,#11186,#11209,.T.);
#11209 = SURFACE_CURVE('',#11210,(#11214,#11221),.PCURVE_S1.);
#11210 = LINE('',#11211,#11212);
#11211 = CARTESIAN_POINT('',(215.,19.5,30.3));
#11212 = VECTOR('',#11213,1.);
#11213 = DIRECTION('',(0.,0.,1.));
#11214 = PCURVE('',#4646,#11215);
#11215 = DEFINITIONAL_REPRESENTATION('',(#11216),#11220);
#11216 = LINE('',#11217,#11218);
#11217 = CARTESIAN_POINT('',(10.5,32.));
#11218 = VECTOR('',#11219,1.);
#11219 = DIRECTION('',(1.,0.));
#11220 = ( GEOMETRIC_REPRESENTATION_CONTEXT(2) 
PARAMETRIC_REPRESENTATION_CONTEXT() REPRESENTATION_CONTEXT('2D SPACE',''
  ) );
#11221 = PCURVE('',#9803,#11222);
#11222 = DEFINITIONAL_REPRESENTATION('',(#11223),#11227);
#11223 = LINE('',#11224,#11225);
#11224 = CARTESIAN_POINT('',(-5.256093937943,-10.27648539696));
#11225 = VECTOR('',#11226,1.);
#11226 = DIRECTION('',(1.,0.));
#11227 = ( GEOMETRIC_REPRESENTATION_CONTEXT(2) 
PARAMETRIC_REPRESENTATION_CONTEXT() REPRESENTATION_CONTEXT('2D SPACE',''
  ) );
#11228 = ORIENTED_EDGE('',*,*,#11000,.T.);
#11229 = ORIENTED_EDGE('',*,*,#4630,.F.);
#11230 = ORIENTED_EDGE('',*,*,#4759,.F.);
#11231 = ORIENTED_EDGE('',*,*,#5538,.T.);
#11232 = ORIENTED_EDGE('',*,*,#11233,.T.);
#11233 = EDGE_CURVE('',#5539,#11234,#11236,.T.);
#11234 = VERTEX_POINT('',#11235);
#11235 = CARTESIAN_POINT('',(185.,19.5,30.8));
#11236 = SURFACE_CURVE('',#11237,(#11241,#11248),.PCURVE_S1.);
#11237 = LINE('',#11238,#11239);
#11238 = CARTESIAN_POINT('',(183.,19.5,30.8));
#11239 = VECTOR('',#11240,1.);
#11240 = DIRECTION('',(1.,0.,-0.));
#11241 = PCURVE('',#4646,#11242);
#11242 = DEFINITIONAL_REPRESENTATION('',(#11243),#11247);
#11243 = LINE('',#11244,#11245);
#11244 = CARTESIAN_POINT('',(11.,0.));
#11245 = VECTOR('',#11246,1.);
#11246 = DIRECTION('',(0.,1.));
#11247 = ( GEOMETRIC_REPRESENTATION_CONTEXT(2) 
PARAMETRIC_REPRESENTATION_CONTEXT() REPRESENTATION_CONTEXT('2D SPACE',''
  ) );
#11248 = PCURVE('',#5577,#11249);
#11249 = DEFINITIONAL_REPRESENTATION('',(#11250),#11254);
#11250 = LINE('',#11251,#11252);
#11251 = CARTESIAN_POINT('',(0.,18.5));
#11252 = VECTOR('',#11253,1.);
#11253 = DIRECTION('',(1.,0.));
#11254 = ( GEOMETRIC_REPRESENTATION_CONTEXT(2) 
PARAMETRIC_REPRESENTATION_CONTEXT() REPRESENTATION_CONTEXT('2D SPACE',''
  ) );
#11255 = ORIENTED_EDGE('',*,*,#11256,.T.);
#11256 = EDGE_CURVE('',#11234,#11257,#11259,.T.);
#11257 = VERTEX_POINT('',#11258);
#11258 = CARTESIAN_POINT('',(185.,19.5,33.3));
#11259 = SURFACE_CURVE('',#11260,(#11264,#11271),.PCURVE_S1.);
#11260 = LINE('',#11261,#11262);
#11261 = CARTESIAN_POINT('',(185.,19.5,30.3));
#11262 = VECTOR('',#11263,1.);
#11263 = DIRECTION('',(0.,0.,1.));
#11264 = PCURVE('',#4646,#11265);
#11265 = DEFINITIONAL_REPRESENTATION('',(#11266),#11270);
#11266 = LINE('',#11267,#11268);
#11267 = CARTESIAN_POINT('',(10.5,2.));
#11268 = VECTOR('',#11269,1.);
#11269 = DIRECTION('',(1.,0.));
#11270 = ( GEOMETRIC_REPRESENTATION_CONTEXT(2) 
PARAMETRIC_REPRESENTATION_CONTEXT() REPRESENTATION_CONTEXT('2D SPACE',''
  ) );
#11271 = PCURVE('',#10063,#11272);
#11272 = DEFINITIONAL_REPRESENTATION('',(#11273),#11277);
#11273 = LINE('',#11274,#11275);
#11274 = CARTESIAN_POINT('',(-5.256093937943,-10.27648539696));
#11275 = VECTOR('',#11276,1.);
#11276 = DIRECTION('',(1.,0.));
#11277 = ( GEOMETRIC_REPRESENTATION_CONTEXT(2) 
PARAMETRIC_REPRESENTATION_CONTEXT() REPRESENTATION_CONTEXT('2D SPACE',''
  ) );
#11278 = ORIENTED_EDGE('',*,*,#11279,.T.);
#11279 = EDGE_CURVE('',#11257,#11280,#11282,.T.);
#11280 = VERTEX_POINT('',#11281);
#11281 = CARTESIAN_POINT('',(188.2,19.5,33.3));
#11282 = SURFACE_CURVE('',#11283,(#11287,#11294),.PCURVE_S1.);
#11283 = LINE('',#11284,#11285);
#11284 = CARTESIAN_POINT('',(185.,19.5,33.3));
#11285 = VECTOR('',#11286,1.);
#11286 = DIRECTION('',(1.,0.,0.));
#11287 = PCURVE('',#4646,#11288);
#11288 = DEFINITIONAL_REPRESENTATION('',(#11289),#11293);
#11289 = LINE('',#11290,#11291);
#11290 = CARTESIAN_POINT('',(13.5,2.));
#11291 = VECTOR('',#11292,1.);
#11292 = DIRECTION('',(0.,1.));
#11293 = ( GEOMETRIC_REPRESENTATION_CONTEXT(2) 
PARAMETRIC_REPRESENTATION_CONTEXT() REPRESENTATION_CONTEXT('2D SPACE',''
  ) );
#11294 = PCURVE('',#10037,#11295);
#11295 = DEFINITIONAL_REPRESENTATION('',(#11296),#11300);
#11296 = LINE('',#11297,#11298);
#11297 = CARTESIAN_POINT('',(0.,0.));
#11298 = VECTOR('',#11299,1.);
#11299 = DIRECTION('',(0.,-1.));
#11300 = ( GEOMETRIC_REPRESENTATION_CONTEXT(2) 
PARAMETRIC_REPRESENTATION_CONTEXT() REPRESENTATION_CONTEXT('2D SPACE',''
  ) );
#11301 = ORIENTED_EDGE('',*,*,#11302,.F.);
#11302 = EDGE_CURVE('',#11046,#11280,#11303,.T.);
#11303 = SURFACE_CURVE('',#11304,(#11308,#11315),.PCURVE_S1.);
#11304 = LINE('',#11305,#11306);
#11305 = CARTESIAN_POINT('',(188.2,19.5,30.3));
#11306 = VECTOR('',#11307,1.);
#11307 = DIRECTION('',(0.,0.,1.));
#11308 = PCURVE('',#4646,#11309);
#11309 = DEFINITIONAL_REPRESENTATION('',(#11310),#11314);
#11310 = LINE('',#11311,#11312);
#11311 = CARTESIAN_POINT('',(10.5,5.2));
#11312 = VECTOR('',#11313,1.);
#11313 = DIRECTION('',(1.,0.));
#11314 = ( GEOMETRIC_REPRESENTATION_CONTEXT(2) 
PARAMETRIC_REPRESENTATION_CONTEXT() REPRESENTATION_CONTEXT('2D SPACE',''
  ) );
#11315 = PCURVE('',#10011,#11316);
#11316 = DEFINITIONAL_REPRESENTATION('',(#11317),#11321);
#11317 = LINE('',#11318,#11319);
#11318 = CARTESIAN_POINT('',(-5.256093937943,-10.27648539696));
#11319 = VECTOR('',#11320,1.);
#11320 = DIRECTION('',(1.,0.));
#11321 = ( GEOMETRIC_REPRESENTATION_CONTEXT(2) 
PARAMETRIC_REPRESENTATION_CONTEXT() REPRESENTATION_CONTEXT('2D SPACE',''
  ) );
#11322 = ADVANCED_FACE('',(#11323),#4944,.T.);
#11323 = FACE_BOUND('',#11324,.T.);
#11324 = EDGE_LOOP('',(#11325,#11326,#11327,#11328));
#11325 = ORIENTED_EDGE('',*,*,#4929,.T.);
#11326 = ORIENTED_EDGE('',*,*,#5028,.T.);
#11327 = ORIENTED_EDGE('',*,*,#5126,.T.);
#11328 = ORIENTED_EDGE('',*,*,#11329,.T.);
#11329 = EDGE_CURVE('',#5127,#4904,#11330,.T.);
#11330 = SURFACE_CURVE('',#11331,(#11335,#11341),.PCURVE_S1.);
#11331 = LINE('',#11332,#11333);
#11332 = CARTESIAN_POINT('',(208.47913254585,2.5,19.762759076781));
#11333 = VECTOR('',#11334,1.);
#11334 = DIRECTION('',(-0.360994102558,0.,-0.932568098274));
#11335 = PCURVE('',#4944,#11336);
#11336 = DEFINITIONAL_REPRESENTATION('',(#11337),#11340);
#11337 = B_SPLINE_CURVE_WITH_KNOTS('',1,(#11338,#11339),.UNSPECIFIED.,
  .F.,.F.,(2,2),(-7.814164924476,-3.993373061731E-02),
  .PIECEWISE_BEZIER_KNOTS.);
#11338 = CARTESIAN_POINT('',(-3.472895359327,11.3));
#11339 = CARTESIAN_POINT('',(3.777104640673,8.493548387097));
#11340 = ( GEOMETRIC_REPRESENTATION_CONTEXT(2) 
PARAMETRIC_REPRESENTATION_CONTEXT() REPRESENTATION_CONTEXT('2D SPACE',''
  ) );
#11341 = PCURVE('',#4918,#11342);
#11342 = DEFINITIONAL_REPRESENTATION('',(#11343),#11346);
#11343 = B_SPLINE_CURVE_WITH_KNOTS('',1,(#11344,#11345),.UNSPECIFIED.,
  .F.,.F.,(2,2),(-7.814164924476,-3.993373061731E-02),
  .PIECEWISE_BEZIER_KNOTS.);
#11344 = CARTESIAN_POINT('',(8.310385069297,-2.5));
#11345 = CARTESIAN_POINT('',(0.536153875439,-2.5));
#11346 = ( GEOMETRIC_REPRESENTATION_CONTEXT(2) 
PARAMETRIC_REPRESENTATION_CONTEXT() REPRESENTATION_CONTEXT('2D SPACE',''
  ) );
#11347 = ADVANCED_FACE('',(#11348),#4918,.F.);
#11348 = FACE_BOUND('',#11349,.F.);
#11349 = EDGE_LOOP('',(#11350,#11351,#11352,#11373));
#11350 = ORIENTED_EDGE('',*,*,#11329,.T.);
#11351 = ORIENTED_EDGE('',*,*,#4903,.T.);
#11352 = ORIENTED_EDGE('',*,*,#11353,.T.);
#11353 = EDGE_CURVE('',#4878,#5150,#11354,.T.);
#11354 = SURFACE_CURVE('',#11355,(#11359,#11366),.PCURVE_S1.);
#11355 = LINE('',#11356,#11357);
#11356 = CARTESIAN_POINT('',(208.3,15.5,19.3));
#11357 = VECTOR('',#11358,1.);
#11358 = DIRECTION('',(0.360994102558,0.,0.932568098274));
#11359 = PCURVE('',#4918,#11360);
#11360 = DEFINITIONAL_REPRESENTATION('',(#11361),#11365);
#11361 = LINE('',#11362,#11363);
#11362 = CARTESIAN_POINT('',(0.,-15.5));
#11363 = VECTOR('',#11364,1.);
#11364 = DIRECTION('',(1.,0.));
#11365 = ( GEOMETRIC_REPRESENTATION_CONTEXT(2) 
PARAMETRIC_REPRESENTATION_CONTEXT() REPRESENTATION_CONTEXT('2D SPACE',''
  ) );
#11366 = PCURVE('',#4892,#11367);
#11367 = DEFINITIONAL_REPRESENTATION('',(#11368),#11372);
#11368 = LINE('',#11369,#11370);
#11369 = CARTESIAN_POINT('',(4.291511630747,8.3));
#11370 = VECTOR('',#11371,1.);
#11371 = DIRECTION('',(-0.932568098274,0.360994102558));
#11372 = ( GEOMETRIC_REPRESENTATION_CONTEXT(2) 
PARAMETRIC_REPRESENTATION_CONTEXT() REPRESENTATION_CONTEXT('2D SPACE',''
  ) );
#11373 = ORIENTED_EDGE('',*,*,#5149,.F.);
#11374 = ADVANCED_FACE('',(#11375),#4892,.T.);
#11375 = FACE_BOUND('',#11376,.T.);
#11376 = EDGE_LOOP('',(#11377,#11398,#11399,#11400));
#11377 = ORIENTED_EDGE('',*,*,#11378,.T.);
#11378 = EDGE_CURVE('',#5173,#4852,#11379,.T.);
#11379 = SURFACE_CURVE('',#11380,(#11384,#11391),.PCURVE_S1.);
#11380 = LINE('',#11381,#11382);
#11381 = CARTESIAN_POINT('',(188.7,15.5,27.05));
#11382 = VECTOR('',#11383,1.);
#11383 = DIRECTION('',(0.360994102558,0.,-0.932568098274));
#11384 = PCURVE('',#4892,#11385);
#11385 = DEFINITIONAL_REPRESENTATION('',(#11386),#11390);
#11386 = LINE('',#11387,#11388);
#11387 = CARTESIAN_POINT('',(-3.458488369253,-11.3));
#11388 = VECTOR('',#11389,1.);
#11389 = DIRECTION('',(0.932568098274,0.360994102558));
#11390 = ( GEOMETRIC_REPRESENTATION_CONTEXT(2) 
PARAMETRIC_REPRESENTATION_CONTEXT() REPRESENTATION_CONTEXT('2D SPACE',''
  ) );
#11391 = PCURVE('',#4866,#11392);
#11392 = DEFINITIONAL_REPRESENTATION('',(#11393),#11397);
#11393 = LINE('',#11394,#11395);
#11394 = CARTESIAN_POINT('',(0.,-15.5));
#11395 = VECTOR('',#11396,1.);
#11396 = DIRECTION('',(1.,0.));
#11397 = ( GEOMETRIC_REPRESENTATION_CONTEXT(2) 
PARAMETRIC_REPRESENTATION_CONTEXT() REPRESENTATION_CONTEXT('2D SPACE',''
  ) );
#11398 = ORIENTED_EDGE('',*,*,#4877,.T.);
#11399 = ORIENTED_EDGE('',*,*,#11353,.T.);
#11400 = ORIENTED_EDGE('',*,*,#5172,.T.);
#11401 = ADVANCED_FACE('',(#11402),#4866,.F.);
#11402 = FACE_BOUND('',#11403,.F.);
#11403 = EDGE_LOOP('',(#11404,#11405,#11424,#11425));
#11404 = ORIENTED_EDGE('',*,*,#4851,.T.);
#11405 = ORIENTED_EDGE('',*,*,#11406,.T.);
#11406 = EDGE_CURVE('',#4826,#5196,#11407,.T.);
#11407 = SURFACE_CURVE('',#11408,(#11412,#11418),.PCURVE_S1.);
#11408 = LINE('',#11409,#11410);
#11409 = CARTESIAN_POINT('',(190.02086745414,2.5,23.637759076781));
#11410 = VECTOR('',#11411,1.);
#11411 = DIRECTION('',(-0.360994102558,0.,0.932568098274));
#11412 = PCURVE('',#4866,#11413);
#11413 = DEFINITIONAL_REPRESENTATION('',(#11414),#11417);
#11414 = B_SPLINE_CURVE_WITH_KNOTS('',1,(#11415,#11416),.UNSPECIFIED.,
  .F.,.F.,(2,2),(-4.115258804031,3.658972389827),
  .PIECEWISE_BEZIER_KNOTS.);
#11415 = CARTESIAN_POINT('',(7.774231193859,-2.5));
#11416 = CARTESIAN_POINT('',(0.,-2.5));
#11417 = ( GEOMETRIC_REPRESENTATION_CONTEXT(2) 
PARAMETRIC_REPRESENTATION_CONTEXT() REPRESENTATION_CONTEXT('2D SPACE',''
  ) );
#11418 = PCURVE('',#4840,#11419);
#11419 = DEFINITIONAL_REPRESENTATION('',(#11420),#11423);
#11420 = B_SPLINE_CURVE_WITH_KNOTS('',1,(#11421,#11422),.UNSPECIFIED.,
  .F.,.F.,(2,2),(-4.115258804031,3.658972389827),
  .PIECEWISE_BEZIER_KNOTS.);
#11421 = CARTESIAN_POINT('',(3.777104640673,-8.493548387097));
#11422 = CARTESIAN_POINT('',(-3.472895359327,-11.3));
#11423 = ( GEOMETRIC_REPRESENTATION_CONTEXT(2) 
PARAMETRIC_REPRESENTATION_CONTEXT() REPRESENTATION_CONTEXT('2D SPACE',''
  ) );
#11424 = ORIENTED_EDGE('',*,*,#5195,.T.);
#11425 = ORIENTED_EDGE('',*,*,#11378,.T.);
#11426 = ADVANCED_FACE('',(#11427),#4840,.T.);
#11427 = FACE_BOUND('',#11428,.T.);
#11428 = EDGE_LOOP('',(#11429,#11430,#11431,#11432));
#11429 = ORIENTED_EDGE('',*,*,#5413,.T.);
#11430 = ORIENTED_EDGE('',*,*,#4825,.T.);
#11431 = ORIENTED_EDGE('',*,*,#11406,.T.);
#11432 = ORIENTED_EDGE('',*,*,#5218,.T.);
#11433 = ADVANCED_FACE('',(#11434),#5577,.T.);
#11434 = FACE_BOUND('',#11435,.T.);
#11435 = EDGE_LOOP('',(#11436,#11437,#11438,#11439));
#11436 = ORIENTED_EDGE('',*,*,#11233,.F.);
#11437 = ORIENTED_EDGE('',*,*,#5561,.F.);
#11438 = ORIENTED_EDGE('',*,*,#10074,.F.);
#11439 = ORIENTED_EDGE('',*,*,#11440,.T.);
#11440 = EDGE_CURVE('',#10049,#11234,#11441,.T.);
#11441 = SURFACE_CURVE('',#11442,(#11446,#11452),.PCURVE_S1.);
#11442 = LINE('',#11443,#11444);
#11443 = CARTESIAN_POINT('',(185.,5.111757301519,30.8));
#11444 = VECTOR('',#11445,1.);
#11445 = DIRECTION('',(0.,1.,0.));
#11446 = PCURVE('',#5577,#11447);
#11447 = DEFINITIONAL_REPRESENTATION('',(#11448),#11451);
#11448 = B_SPLINE_CURVE_WITH_KNOTS('',1,(#11449,#11450),.UNSPECIFIED.,
  .F.,.F.,(2,2),(-2.611757301519,14.388242698481),
  .PIECEWISE_BEZIER_KNOTS.);
#11449 = CARTESIAN_POINT('',(2.,1.5));
#11450 = CARTESIAN_POINT('',(2.,18.5));
#11451 = ( GEOMETRIC_REPRESENTATION_CONTEXT(2) 
PARAMETRIC_REPRESENTATION_CONTEXT() REPRESENTATION_CONTEXT('2D SPACE',''
  ) );
#11452 = PCURVE('',#10063,#11453);
#11453 = DEFINITIONAL_REPRESENTATION('',(#11454),#11457);
#11454 = B_SPLINE_CURVE_WITH_KNOTS('',1,(#11455,#11456),.UNSPECIFIED.,
  .F.,.F.,(2,2),(-2.611757301519,14.388242698481),
  .PIECEWISE_BEZIER_KNOTS.);
#11455 = CARTESIAN_POINT('',(-4.756093937943,6.723514603038));
#11456 = CARTESIAN_POINT('',(-4.756093937943,-10.27648539696));
#11457 = ( GEOMETRIC_REPRESENTATION_CONTEXT(2) 
PARAMETRIC_REPRESENTATION_CONTEXT() REPRESENTATION_CONTEXT('2D SPACE',''
  ) );
#11458 = ADVANCED_FACE('',(#11459),#5745,.T.);
#11459 = FACE_BOUND('',#11460,.T.);
#11460 = EDGE_LOOP('',(#11461,#11462,#11463,#11464));
#11461 = ORIENTED_EDGE('',*,*,#9694,.F.);
#11462 = ORIENTED_EDGE('',*,*,#5731,.T.);
#11463 = ORIENTED_EDGE('',*,*,#5811,.T.);
#11464 = ORIENTED_EDGE('',*,*,#6008,.F.);
#11465 = ADVANCED_FACE('',(#11466),#5975,.T.);
#11466 = FACE_BOUND('',#11467,.T.);
#11467 = EDGE_LOOP('',(#11468,#11469,#11470,#11493));
#11468 = ORIENTED_EDGE('',*,*,#9716,.T.);
#11469 = ORIENTED_EDGE('',*,*,#5959,.T.);
#11470 = ORIENTED_EDGE('',*,*,#11471,.T.);
#11471 = EDGE_CURVE('',#5932,#11472,#11474,.T.);
#11472 = VERTEX_POINT('',#11473);
#11473 = CARTESIAN_POINT('',(220.75,4.5,81.8));
#11474 = SURFACE_CURVE('',#11475,(#11479,#11486),.PCURVE_S1.);
#11475 = LINE('',#11476,#11477);
#11476 = CARTESIAN_POINT('',(220.75,4.5,78.8));
#11477 = VECTOR('',#11478,1.);
#11478 = DIRECTION('',(0.,0.,1.));
#11479 = PCURVE('',#5975,#11480);
#11480 = DEFINITIONAL_REPRESENTATION('',(#11481),#11485);
#11481 = LINE('',#11482,#11483);
#11482 = CARTESIAN_POINT('',(0.,-3.5));
#11483 = VECTOR('',#11484,1.);
#11484 = DIRECTION('',(1.,0.));
#11485 = ( GEOMETRIC_REPRESENTATION_CONTEXT(2) 
PARAMETRIC_REPRESENTATION_CONTEXT() REPRESENTATION_CONTEXT('2D SPACE',''
  ) );
#11486 = PCURVE('',#5947,#11487);
#11487 = DEFINITIONAL_REPRESENTATION('',(#11488),#11492);
#11488 = LINE('',#11489,#11490);
#11489 = CARTESIAN_POINT('',(-3.,16.5));
#11490 = VECTOR('',#11491,1.);
#11491 = DIRECTION('',(1.,0.));
#11492 = ( GEOMETRIC_REPRESENTATION_CONTEXT(2) 
PARAMETRIC_REPRESENTATION_CONTEXT() REPRESENTATION_CONTEXT('2D SPACE',''
  ) );
#11493 = ORIENTED_EDGE('',*,*,#11494,.F.);
#11494 = EDGE_CURVE('',#9717,#11472,#11495,.T.);
#11495 = SURFACE_CURVE('',#11496,(#11500,#11507),.PCURVE_S1.);
#11496 = LINE('',#11497,#11498);
#11497 = CARTESIAN_POINT('',(220.75,1.,81.8));
#11498 = VECTOR('',#11499,1.);
#11499 = DIRECTION('',(0.,1.,0.));
#11500 = PCURVE('',#5975,#11501);
#11501 = DEFINITIONAL_REPRESENTATION('',(#11502),#11506);
#11502 = LINE('',#11503,#11504);
#11503 = CARTESIAN_POINT('',(3.,0.));
#11504 = VECTOR('',#11505,1.);
#11505 = DIRECTION('',(0.,-1.));
#11506 = ( GEOMETRIC_REPRESENTATION_CONTEXT(2) 
PARAMETRIC_REPRESENTATION_CONTEXT() REPRESENTATION_CONTEXT('2D SPACE',''
  ) );
#11507 = PCURVE('',#9750,#11508);
#11508 = DEFINITIONAL_REPRESENTATION('',(#11509),#11513);
#11509 = LINE('',#11510,#11511);
#11510 = CARTESIAN_POINT('',(16.5,0.));
#11511 = VECTOR('',#11512,1.);
#11512 = DIRECTION('',(0.,1.));
#11513 = ( GEOMETRIC_REPRESENTATION_CONTEXT(2) 
PARAMETRIC_REPRESENTATION_CONTEXT() REPRESENTATION_CONTEXT('2D SPACE',''
  ) );
#11514 = ADVANCED_FACE('',(#11515,#11594),#5947,.T.);
#11515 = FACE_BOUND('',#11516,.T.);
#11516 = EDGE_LOOP('',(#11517,#11518,#11519,#11520,#11521,#11544,#11570,
    #11571,#11592,#11593));
#11517 = ORIENTED_EDGE('',*,*,#6176,.F.);
#11518 = ORIENTED_EDGE('',*,*,#6274,.T.);
#11519 = ORIENTED_EDGE('',*,*,#6425,.T.);
#11520 = ORIENTED_EDGE('',*,*,#6525,.T.);
#11521 = ORIENTED_EDGE('',*,*,#11522,.T.);
#11522 = EDGE_CURVE('',#6526,#11523,#11525,.T.);
#11523 = VERTEX_POINT('',#11524);
#11524 = CARTESIAN_POINT('',(220.75,4.5,95.8));
#11525 = SURFACE_CURVE('',#11526,(#11530,#11537),.PCURVE_S1.);
#11526 = LINE('',#11527,#11528);
#11527 = CARTESIAN_POINT('',(220.75,4.5,98.8));
#11528 = VECTOR('',#11529,1.);
#11529 = DIRECTION('',(0.,0.,-1.));
#11530 = PCURVE('',#5947,#11531);
#11531 = DEFINITIONAL_REPRESENTATION('',(#11532),#11536);
#11532 = LINE('',#11533,#11534);
#11533 = CARTESIAN_POINT('',(17.,16.5));
#11534 = VECTOR('',#11535,1.);
#11535 = DIRECTION('',(-1.,0.));
#11536 = ( GEOMETRIC_REPRESENTATION_CONTEXT(2) 
PARAMETRIC_REPRESENTATION_CONTEXT() REPRESENTATION_CONTEXT('2D SPACE',''
  ) );
#11537 = PCURVE('',#6564,#11538);
#11538 = DEFINITIONAL_REPRESENTATION('',(#11539),#11543);
#11539 = LINE('',#11540,#11541);
#11540 = CARTESIAN_POINT('',(0.,-3.5));
#11541 = VECTOR('',#11542,1.);
#11542 = DIRECTION('',(1.,0.));
#11543 = ( GEOMETRIC_REPRESENTATION_CONTEXT(2) 
PARAMETRIC_REPRESENTATION_CONTEXT() REPRESENTATION_CONTEXT('2D SPACE',''
  ) );
#11544 = ORIENTED_EDGE('',*,*,#11545,.T.);
#11545 = EDGE_CURVE('',#11523,#9511,#11546,.T.);
#11546 = SURFACE_CURVE('',#11547,(#11551,#11558),.PCURVE_S1.);
#11547 = LINE('',#11548,#11549);
#11548 = CARTESIAN_POINT('',(204.25,4.5,95.8));
#11549 = VECTOR('',#11550,1.);
#11550 = DIRECTION('',(1.,0.,-0.));
#11551 = PCURVE('',#5947,#11552);
#11552 = DEFINITIONAL_REPRESENTATION('',(#11553),#11557);
#11553 = LINE('',#11554,#11555);
#11554 = CARTESIAN_POINT('',(14.,0.));
#11555 = VECTOR('',#11556,1.);
#11556 = DIRECTION('',(0.,1.));
#11557 = ( GEOMETRIC_REPRESENTATION_CONTEXT(2) 
PARAMETRIC_REPRESENTATION_CONTEXT() REPRESENTATION_CONTEXT('2D SPACE',''
  ) );
#11558 = PCURVE('',#11559,#11564);
#11559 = PLANE('',#11560);
#11560 = AXIS2_PLACEMENT_3D('',#11561,#11562,#11563);
#11561 = CARTESIAN_POINT('',(204.25,1.,95.8));
#11562 = DIRECTION('',(0.,0.,1.));
#11563 = DIRECTION('',(1.,0.,-0.));
#11564 = DEFINITIONAL_REPRESENTATION('',(#11565),#11569);
#11565 = LINE('',#11566,#11567);
#11566 = CARTESIAN_POINT('',(0.,3.5));
#11567 = VECTOR('',#11568,1.);
#11568 = DIRECTION('',(1.,0.));
#11569 = ( GEOMETRIC_REPRESENTATION_CONTEXT(2) 
PARAMETRIC_REPRESENTATION_CONTEXT() REPRESENTATION_CONTEXT('2D SPACE',''
  ) );
#11570 = ORIENTED_EDGE('',*,*,#9533,.F.);
#11571 = ORIENTED_EDGE('',*,*,#11572,.F.);
#11572 = EDGE_CURVE('',#11472,#9534,#11573,.T.);
#11573 = SURFACE_CURVE('',#11574,(#11578,#11585),.PCURVE_S1.);
#11574 = LINE('',#11575,#11576);
#11575 = CARTESIAN_POINT('',(204.25,4.5,81.8));
#11576 = VECTOR('',#11577,1.);
#11577 = DIRECTION('',(1.,0.,-0.));
#11578 = PCURVE('',#5947,#11579);
#11579 = DEFINITIONAL_REPRESENTATION('',(#11580),#11584);
#11580 = LINE('',#11581,#11582);
#11581 = CARTESIAN_POINT('',(0.,0.));
#11582 = VECTOR('',#11583,1.);
#11583 = DIRECTION('',(0.,1.));
#11584 = ( GEOMETRIC_REPRESENTATION_CONTEXT(2) 
PARAMETRIC_REPRESENTATION_CONTEXT() REPRESENTATION_CONTEXT('2D SPACE',''
  ) );
#11585 = PCURVE('',#9750,#11586);
#11586 = DEFINITIONAL_REPRESENTATION('',(#11587),#11591);
#11587 = LINE('',#11588,#11589);
#11588 = CARTESIAN_POINT('',(0.,3.5));
#11589 = VECTOR('',#11590,1.);
#11590 = DIRECTION('',(1.,0.));
#11591 = ( GEOMETRIC_REPRESENTATION_CONTEXT(2) 
PARAMETRIC_REPRESENTATION_CONTEXT() REPRESENTATION_CONTEXT('2D SPACE',''
  ) );
#11592 = ORIENTED_EDGE('',*,*,#11471,.F.);
#11593 = ORIENTED_EDGE('',*,*,#5931,.F.);
#11594 = FACE_BOUND('',#11595,.T.);
#11595 = EDGE_LOOP('',(#11596,#11597,#11598,#11599));
#11596 = ORIENTED_EDGE('',*,*,#7333,.F.);
#11597 = ORIENTED_EDGE('',*,*,#7380,.T.);
#11598 = ORIENTED_EDGE('',*,*,#7452,.T.);
#11599 = ORIENTED_EDGE('',*,*,#7427,.F.);
#11600 = ADVANCED_FACE('',(#11601),#6139,.F.);
#11601 = FACE_BOUND('',#11602,.F.);
#11602 = EDGE_LOOP('',(#11603,#11604,#11605,#11626,#11647));
#11603 = ORIENTED_EDGE('',*,*,#6123,.F.);
#11604 = ORIENTED_EDGE('',*,*,#8618,.F.);
#11605 = ORIENTED_EDGE('',*,*,#11606,.T.);
#11606 = EDGE_CURVE('',#8591,#11607,#11609,.T.);
#11607 = VERTEX_POINT('',#11608);
#11608 = CARTESIAN_POINT('',(261.85,3.,123.3));
#11609 = SURFACE_CURVE('',#11610,(#11614,#11620),.PCURVE_S1.);
#11610 = LINE('',#11611,#11612);
#11611 = CARTESIAN_POINT('',(240.8,3.,123.3));
#11612 = VECTOR('',#11613,1.);
#11613 = DIRECTION('',(1.,0.,-0.));
#11614 = PCURVE('',#6139,#11615);
#11615 = DEFINITIONAL_REPRESENTATION('',(#11616),#11619);
#11616 = B_SPLINE_CURVE_WITH_KNOTS('',1,(#11617,#11618),.UNSPECIFIED.,
  .F.,.F.,(2,2),(20.05,21.05),.PIECEWISE_BEZIER_KNOTS.);
#11617 = CARTESIAN_POINT('',(0.,2.));
#11618 = CARTESIAN_POINT('',(1.,2.));
#11619 = ( GEOMETRIC_REPRESENTATION_CONTEXT(2) 
PARAMETRIC_REPRESENTATION_CONTEXT() REPRESENTATION_CONTEXT('2D SPACE',''
  ) );
#11620 = PCURVE('',#8606,#11621);
#11621 = DEFINITIONAL_REPRESENTATION('',(#11622),#11625);
#11622 = B_SPLINE_CURVE_WITH_KNOTS('',1,(#11623,#11624),.UNSPECIFIED.,
  .F.,.F.,(2,2),(20.05,21.05),.PIECEWISE_BEZIER_KNOTS.);
#11623 = CARTESIAN_POINT('',(93.,40.1));
#11624 = CARTESIAN_POINT('',(93.,41.1));
#11625 = ( GEOMETRIC_REPRESENTATION_CONTEXT(2) 
PARAMETRIC_REPRESENTATION_CONTEXT() REPRESENTATION_CONTEXT('2D SPACE',''
  ) );
#11626 = ORIENTED_EDGE('',*,*,#11627,.T.);
#11627 = EDGE_CURVE('',#11607,#10852,#11628,.T.);
#11628 = SURFACE_CURVE('',#11629,(#11633,#11640),.PCURVE_S1.);
#11629 = LINE('',#11630,#11631);
#11630 = CARTESIAN_POINT('',(261.85,1.,123.3));
#11631 = VECTOR('',#11632,1.);
#11632 = DIRECTION('',(0.,1.,0.));
#11633 = PCURVE('',#6139,#11634);
#11634 = DEFINITIONAL_REPRESENTATION('',(#11635),#11639);
#11635 = LINE('',#11636,#11637);
#11636 = CARTESIAN_POINT('',(1.,0.));
#11637 = VECTOR('',#11638,1.);
#11638 = DIRECTION('',(0.,1.));
#11639 = ( GEOMETRIC_REPRESENTATION_CONTEXT(2) 
PARAMETRIC_REPRESENTATION_CONTEXT() REPRESENTATION_CONTEXT('2D SPACE',''
  ) );
#11640 = PCURVE('',#10971,#11641);
#11641 = DEFINITIONAL_REPRESENTATION('',(#11642),#11646);
#11642 = LINE('',#11643,#11644);
#11643 = CARTESIAN_POINT('',(0.,-0.));
#11644 = VECTOR('',#11645,1.);
#11645 = DIRECTION('',(0.,-1.));
#11646 = ( GEOMETRIC_REPRESENTATION_CONTEXT(2) 
PARAMETRIC_REPRESENTATION_CONTEXT() REPRESENTATION_CONTEXT('2D SPACE',''
  ) );
#11647 = ORIENTED_EDGE('',*,*,#10851,.F.);
#11648 = ADVANCED_FACE('',(#11649),#6090,.T.);
#11649 = FACE_BOUND('',#11650,.T.);
#11650 = EDGE_LOOP('',(#11651,#11652,#11653,#11674,#11675,#11676,#11677)
  );
#11651 = ORIENTED_EDGE('',*,*,#8638,.T.);
#11652 = ORIENTED_EDGE('',*,*,#8685,.T.);
#11653 = ORIENTED_EDGE('',*,*,#11654,.F.);
#11654 = EDGE_CURVE('',#8896,#8686,#11655,.T.);
#11655 = SURFACE_CURVE('',#11656,(#11660,#11667),.PCURVE_S1.);
#11656 = LINE('',#11657,#11658);
#11657 = CARTESIAN_POINT('',(254.25,10.,133.4));
#11658 = VECTOR('',#11659,1.);
#11659 = DIRECTION('',(1.,0.,-0.));
#11660 = PCURVE('',#6090,#11661);
#11661 = DEFINITIONAL_REPRESENTATION('',(#11662),#11666);
#11662 = LINE('',#11663,#11664);
#11663 = CARTESIAN_POINT('',(-6.53033008589,6.46966991411));
#11664 = VECTOR('',#11665,1.);
#11665 = DIRECTION('',(1.,0.));
#11666 = ( GEOMETRIC_REPRESENTATION_CONTEXT(2) 
PARAMETRIC_REPRESENTATION_CONTEXT() REPRESENTATION_CONTEXT('2D SPACE',''
  ) );
#11667 = PCURVE('',#8831,#11668);
#11668 = DEFINITIONAL_REPRESENTATION('',(#11669),#11673);
#11669 = LINE('',#11670,#11671);
#11670 = CARTESIAN_POINT('',(103.1,0.));
#11671 = VECTOR('',#11672,1.);
#11672 = DIRECTION('',(0.,1.));
#11673 = ( GEOMETRIC_REPRESENTATION_CONTEXT(2) 
PARAMETRIC_REPRESENTATION_CONTEXT() REPRESENTATION_CONTEXT('2D SPACE',''
  ) );
#11674 = ORIENTED_EDGE('',*,*,#8893,.F.);
#11675 = ORIENTED_EDGE('',*,*,#9057,.F.);
#11676 = ORIENTED_EDGE('',*,*,#9131,.F.);
#11677 = ORIENTED_EDGE('',*,*,#6075,.T.);
#11678 = ADVANCED_FACE('',(#11679,#11827,#11833),#6389,.T.);
#11679 = FACE_BOUND('',#11680,.T.);
#11680 = EDGE_LOOP('',(#11681,#11682,#11683,#11684,#11685,#11686,#11687,
    #11688,#11689,#11690,#11691,#11692,#11693,#11694,#11722,#11750,
    #11776,#11777,#11805,#11826));
#11681 = ORIENTED_EDGE('',*,*,#6967,.F.);
#11682 = ORIENTED_EDGE('',*,*,#7067,.T.);
#11683 = ORIENTED_EDGE('',*,*,#7163,.T.);
#11684 = ORIENTED_EDGE('',*,*,#7261,.T.);
#11685 = ORIENTED_EDGE('',*,*,#7214,.F.);
#11686 = ORIENTED_EDGE('',*,*,#7114,.F.);
#11687 = ORIENTED_EDGE('',*,*,#7040,.T.);
#11688 = ORIENTED_EDGE('',*,*,#6918,.T.);
#11689 = ORIENTED_EDGE('',*,*,#6773,.T.);
#11690 = ORIENTED_EDGE('',*,*,#6675,.T.);
#11691 = ORIENTED_EDGE('',*,*,#6474,.T.);
#11692 = ORIENTED_EDGE('',*,*,#6373,.F.);
#11693 = ORIENTED_EDGE('',*,*,#9436,.F.);
#11694 = ORIENTED_EDGE('',*,*,#11695,.F.);
#11695 = EDGE_CURVE('',#11696,#9437,#11698,.T.);
#11696 = VERTEX_POINT('',#11697);
#11697 = CARTESIAN_POINT('',(220.75,4.5,123.3));
#11698 = SURFACE_CURVE('',#11699,(#11703,#11710),.PCURVE_S1.);
#11699 = LINE('',#11700,#11701);
#11700 = CARTESIAN_POINT('',(204.25,4.5,123.3));
#11701 = VECTOR('',#11702,1.);
#11702 = DIRECTION('',(1.,0.,-0.));
#11703 = PCURVE('',#6389,#11704);
#11704 = DEFINITIONAL_REPRESENTATION('',(#11705),#11709);
#11705 = LINE('',#11706,#11707);
#11706 = CARTESIAN_POINT('',(17.,0.));
#11707 = VECTOR('',#11708,1.);
#11708 = DIRECTION('',(0.,1.));
#11709 = ( GEOMETRIC_REPRESENTATION_CONTEXT(2) 
PARAMETRIC_REPRESENTATION_CONTEXT() REPRESENTATION_CONTEXT('2D SPACE',''
  ) );
#11710 = PCURVE('',#11711,#11716);
#11711 = PLANE('',#11712);
#11712 = AXIS2_PLACEMENT_3D('',#11713,#11714,#11715);
#11713 = CARTESIAN_POINT('',(204.25,1.,123.3));
#11714 = DIRECTION('',(0.,0.,1.));
#11715 = DIRECTION('',(1.,0.,-0.));
#11716 = DEFINITIONAL_REPRESENTATION('',(#11717),#11721);
#11717 = LINE('',#11718,#11719);
#11718 = CARTESIAN_POINT('',(0.,3.5));
#11719 = VECTOR('',#11720,1.);
#11720 = DIRECTION('',(1.,0.));
#11721 = ( GEOMETRIC_REPRESENTATION_CONTEXT(2) 
PARAMETRIC_REPRESENTATION_CONTEXT() REPRESENTATION_CONTEXT('2D SPACE',''
  ) );
#11722 = ORIENTED_EDGE('',*,*,#11723,.T.);
#11723 = EDGE_CURVE('',#11696,#11724,#11726,.T.);
#11724 = VERTEX_POINT('',#11725);
#11725 = CARTESIAN_POINT('',(220.75,4.5,120.3));
#11726 = SURFACE_CURVE('',#11727,(#11731,#11738),.PCURVE_S1.);
#11727 = LINE('',#11728,#11729);
#11728 = CARTESIAN_POINT('',(220.75,4.5,123.3));
#11729 = VECTOR('',#11730,1.);
#11730 = DIRECTION('',(0.,0.,-1.));
#11731 = PCURVE('',#6389,#11732);
#11732 = DEFINITIONAL_REPRESENTATION('',(#11733),#11737);
#11733 = LINE('',#11734,#11735);
#11734 = CARTESIAN_POINT('',(17.,16.5));
#11735 = VECTOR('',#11736,1.);
#11736 = DIRECTION('',(-1.,0.));
#11737 = ( GEOMETRIC_REPRESENTATION_CONTEXT(2) 
PARAMETRIC_REPRESENTATION_CONTEXT() REPRESENTATION_CONTEXT('2D SPACE',''
  ) );
#11738 = PCURVE('',#11739,#11744);
#11739 = PLANE('',#11740);
#11740 = AXIS2_PLACEMENT_3D('',#11741,#11742,#11743);
#11741 = CARTESIAN_POINT('',(220.75,1.,123.3));
#11742 = DIRECTION('',(-1.,0.,0.));
#11743 = DIRECTION('',(0.,0.,-1.));
#11744 = DEFINITIONAL_REPRESENTATION('',(#11745),#11749);
#11745 = LINE('',#11746,#11747);
#11746 = CARTESIAN_POINT('',(0.,-3.5));
#11747 = VECTOR('',#11748,1.);
#11748 = DIRECTION('',(1.,0.));
#11749 = ( GEOMETRIC_REPRESENTATION_CONTEXT(2) 
PARAMETRIC_REPRESENTATION_CONTEXT() REPRESENTATION_CONTEXT('2D SPACE',''
  ) );
#11750 = ORIENTED_EDGE('',*,*,#11751,.T.);
#11751 = EDGE_CURVE('',#11724,#9460,#11752,.T.);
#11752 = SURFACE_CURVE('',#11753,(#11757,#11764),.PCURVE_S1.);
#11753 = LINE('',#11754,#11755);
#11754 = CARTESIAN_POINT('',(204.25,4.5,120.3));
#11755 = VECTOR('',#11756,1.);
#11756 = DIRECTION('',(1.,0.,-0.));
#11757 = PCURVE('',#6389,#11758);
#11758 = DEFINITIONAL_REPRESENTATION('',(#11759),#11763);
#11759 = LINE('',#11760,#11761);
#11760 = CARTESIAN_POINT('',(14.,0.));
#11761 = VECTOR('',#11762,1.);
#11762 = DIRECTION('',(0.,1.));
#11763 = ( GEOMETRIC_REPRESENTATION_CONTEXT(2) 
PARAMETRIC_REPRESENTATION_CONTEXT() REPRESENTATION_CONTEXT('2D SPACE',''
  ) );
#11764 = PCURVE('',#11765,#11770);
#11765 = PLANE('',#11766);
#11766 = AXIS2_PLACEMENT_3D('',#11767,#11768,#11769);
#11767 = CARTESIAN_POINT('',(204.25,1.,120.3));
#11768 = DIRECTION('',(0.,0.,1.));
#11769 = DIRECTION('',(1.,0.,-0.));
#11770 = DEFINITIONAL_REPRESENTATION('',(#11771),#11775);
#11771 = LINE('',#11772,#11773);
#11772 = CARTESIAN_POINT('',(0.,3.5));
#11773 = VECTOR('',#11774,1.);
#11774 = DIRECTION('',(1.,0.));
#11775 = ( GEOMETRIC_REPRESENTATION_CONTEXT(2) 
PARAMETRIC_REPRESENTATION_CONTEXT() REPRESENTATION_CONTEXT('2D SPACE',''
  ) );
#11776 = ORIENTED_EDGE('',*,*,#9487,.F.);
#11777 = ORIENTED_EDGE('',*,*,#11778,.F.);
#11778 = EDGE_CURVE('',#11779,#9488,#11781,.T.);
#11779 = VERTEX_POINT('',#11780);
#11780 = CARTESIAN_POINT('',(220.75,4.5,106.3));
#11781 = SURFACE_CURVE('',#11782,(#11786,#11793),.PCURVE_S1.);
#11782 = LINE('',#11783,#11784);
#11783 = CARTESIAN_POINT('',(204.25,4.5,106.3));
#11784 = VECTOR('',#11785,1.);
#11785 = DIRECTION('',(1.,0.,-0.));
#11786 = PCURVE('',#6389,#11787);
#11787 = DEFINITIONAL_REPRESENTATION('',(#11788),#11792);
#11788 = LINE('',#11789,#11790);
#11789 = CARTESIAN_POINT('',(0.,0.));
#11790 = VECTOR('',#11791,1.);
#11791 = DIRECTION('',(0.,1.));
#11792 = ( GEOMETRIC_REPRESENTATION_CONTEXT(2) 
PARAMETRIC_REPRESENTATION_CONTEXT() REPRESENTATION_CONTEXT('2D SPACE',''
  ) );
#11793 = PCURVE('',#11794,#11799);
#11794 = PLANE('',#11795);
#11795 = AXIS2_PLACEMENT_3D('',#11796,#11797,#11798);
#11796 = CARTESIAN_POINT('',(204.25,1.,106.3));
#11797 = DIRECTION('',(0.,0.,1.));
#11798 = DIRECTION('',(1.,0.,-0.));
#11799 = DEFINITIONAL_REPRESENTATION('',(#11800),#11804);
#11800 = LINE('',#11801,#11802);
#11801 = CARTESIAN_POINT('',(0.,3.5));
#11802 = VECTOR('',#11803,1.);
#11803 = DIRECTION('',(1.,0.));
#11804 = ( GEOMETRIC_REPRESENTATION_CONTEXT(2) 
PARAMETRIC_REPRESENTATION_CONTEXT() REPRESENTATION_CONTEXT('2D SPACE',''
  ) );
#11805 = ORIENTED_EDGE('',*,*,#11806,.F.);
#11806 = EDGE_CURVE('',#6824,#11779,#11807,.T.);
#11807 = SURFACE_CURVE('',#11808,(#11812,#11819),.PCURVE_S1.);
#11808 = LINE('',#11809,#11810);
#11809 = CARTESIAN_POINT('',(220.75,4.5,103.3));
#11810 = VECTOR('',#11811,1.);
#11811 = DIRECTION('',(0.,0.,1.));
#11812 = PCURVE('',#6389,#11813);
#11813 = DEFINITIONAL_REPRESENTATION('',(#11814),#11818);
#11814 = LINE('',#11815,#11816);
#11815 = CARTESIAN_POINT('',(-3.,16.5));
#11816 = VECTOR('',#11817,1.);
#11817 = DIRECTION('',(1.,0.));
#11818 = ( GEOMETRIC_REPRESENTATION_CONTEXT(2) 
PARAMETRIC_REPRESENTATION_CONTEXT() REPRESENTATION_CONTEXT('2D SPACE',''
  ) );
#11819 = PCURVE('',#6862,#11820);
#11820 = DEFINITIONAL_REPRESENTATION('',(#11821),#11825);
#11821 = LINE('',#11822,#11823);
#11822 = CARTESIAN_POINT('',(0.,-3.5));
#11823 = VECTOR('',#11824,1.);
#11824 = DIRECTION('',(1.,0.));
#11825 = ( GEOMETRIC_REPRESENTATION_CONTEXT(2) 
PARAMETRIC_REPRESENTATION_CONTEXT() REPRESENTATION_CONTEXT('2D SPACE',''
  ) );
#11826 = ORIENTED_EDGE('',*,*,#6823,.F.);
#11827 = FACE_BOUND('',#11828,.T.);
#11828 = EDGE_LOOP('',(#11829,#11830,#11831,#11832));
#11829 = ORIENTED_EDGE('',*,*,#7521,.F.);
#11830 = ORIENTED_EDGE('',*,*,#7568,.T.);
#11831 = ORIENTED_EDGE('',*,*,#7640,.T.);
#11832 = ORIENTED_EDGE('',*,*,#7615,.F.);
#11833 = FACE_BOUND('',#11834,.T.);
#11834 = EDGE_LOOP('',(#11835,#11836,#11837,#11838));
#11835 = ORIENTED_EDGE('',*,*,#7709,.F.);
#11836 = ORIENTED_EDGE('',*,*,#7756,.T.);
#11837 = ORIENTED_EDGE('',*,*,#7828,.T.);
#11838 = ORIENTED_EDGE('',*,*,#7803,.F.);
#11839 = ADVANCED_FACE('',(#11840),#6361,.T.);
#11840 = FACE_BOUND('',#11841,.T.);
#11841 = EDGE_LOOP('',(#11842,#11843,#11844,#11845,#11866,#11867));
#11842 = ORIENTED_EDGE('',*,*,#9107,.F.);
#11843 = ORIENTED_EDGE('',*,*,#9157,.T.);
#11844 = ORIENTED_EDGE('',*,*,#9205,.T.);
#11845 = ORIENTED_EDGE('',*,*,#11846,.F.);
#11846 = EDGE_CURVE('',#9414,#9206,#11847,.T.);
#11847 = SURFACE_CURVE('',#11848,(#11852,#11859),.PCURVE_S1.);
#11848 = LINE('',#11849,#11850);
#11849 = CARTESIAN_POINT('',(221.75,10.,133.4));
#11850 = VECTOR('',#11851,1.);
#11851 = DIRECTION('',(1.,0.,-0.));
#11852 = PCURVE('',#6361,#11853);
#11853 = DEFINITIONAL_REPRESENTATION('',(#11854),#11858);
#11854 = LINE('',#11855,#11856);
#11855 = CARTESIAN_POINT('',(-6.53033008589,6.46966991411));
#11856 = VECTOR('',#11857,1.);
#11857 = DIRECTION('',(1.,0.));
#11858 = ( GEOMETRIC_REPRESENTATION_CONTEXT(2) 
PARAMETRIC_REPRESENTATION_CONTEXT() REPRESENTATION_CONTEXT('2D SPACE',''
  ) );
#11859 = PCURVE('',#9351,#11860);
#11860 = DEFINITIONAL_REPRESENTATION('',(#11861),#11865);
#11861 = LINE('',#11862,#11863);
#11862 = CARTESIAN_POINT('',(103.1,0.));
#11863 = VECTOR('',#11864,1.);
#11864 = DIRECTION('',(0.,1.));
#11865 = ( GEOMETRIC_REPRESENTATION_CONTEXT(2) 
PARAMETRIC_REPRESENTATION_CONTEXT() REPRESENTATION_CONTEXT('2D SPACE',''
  ) );
#11866 = ORIENTED_EDGE('',*,*,#9413,.F.);
#11867 = ORIENTED_EDGE('',*,*,#6345,.F.);
#11868 = ADVANCED_FACE('',(#11869),#6617,.T.);
#11869 = FACE_BOUND('',#11870,.T.);
#11870 = EDGE_LOOP('',(#11871,#11892,#11893,#11894));
#11871 = ORIENTED_EDGE('',*,*,#11872,.F.);
#11872 = EDGE_CURVE('',#6577,#6875,#11873,.T.);
#11873 = SURFACE_CURVE('',#11874,(#11878,#11885),.PCURVE_S1.);
#11874 = LINE('',#11875,#11876);
#11875 = CARTESIAN_POINT('',(220.25,3.,30.3));
#11876 = VECTOR('',#11877,1.);
#11877 = DIRECTION('',(0.,0.,1.));
#11878 = PCURVE('',#6617,#11879);
#11879 = DEFINITIONAL_REPRESENTATION('',(#11880),#11884);
#11880 = LINE('',#11881,#11882);
#11881 = CARTESIAN_POINT('',(1.5,0.));
#11882 = VECTOR('',#11883,1.);
#11883 = DIRECTION('',(0.,-1.));
#11884 = ( GEOMETRIC_REPRESENTATION_CONTEXT(2) 
PARAMETRIC_REPRESENTATION_CONTEXT() REPRESENTATION_CONTEXT('2D SPACE',''
  ) );
#11885 = PCURVE('',#6591,#11886);
#11886 = DEFINITIONAL_REPRESENTATION('',(#11887),#11891);
#11887 = LINE('',#11888,#11889);
#11888 = CARTESIAN_POINT('',(0.,0.));
#11889 = VECTOR('',#11890,1.);
#11890 = DIRECTION('',(0.,-1.));
#11891 = ( GEOMETRIC_REPRESENTATION_CONTEXT(2) 
PARAMETRIC_REPRESENTATION_CONTEXT() REPRESENTATION_CONTEXT('2D SPACE',''
  ) );
#11892 = ORIENTED_EDGE('',*,*,#6602,.T.);
#11893 = ORIENTED_EDGE('',*,*,#6703,.T.);
#11894 = ORIENTED_EDGE('',*,*,#6895,.F.);
#11895 = ADVANCED_FACE('',(#11896),#6591,.T.);
#11896 = FACE_BOUND('',#11897,.T.);
#11897 = EDGE_LOOP('',(#11898,#11919,#11938,#11939,#11940,#11941,#11962,
    #11981));
#11898 = ORIENTED_EDGE('',*,*,#11899,.F.);
#11899 = EDGE_CURVE('',#11900,#9511,#11902,.T.);
#11900 = VERTEX_POINT('',#11901);
#11901 = CARTESIAN_POINT('',(220.75,3.5,95.8));
#11902 = SURFACE_CURVE('',#11903,(#11907,#11913),.PCURVE_S1.);
#11903 = LINE('',#11904,#11905);
#11904 = CARTESIAN_POINT('',(215.75,-1.5,95.8));
#11905 = VECTOR('',#11906,1.);
#11906 = DIRECTION('',(0.707106781187,0.707106781187,-0.));
#11907 = PCURVE('',#6591,#11908);
#11908 = DEFINITIONAL_REPRESENTATION('',(#11909),#11912);
#11909 = B_SPLINE_CURVE_WITH_KNOTS('',1,(#11910,#11911),.UNSPECIFIED.,
  .F.,.F.,(2,2),(6.363961030679,8.485281374239),
  .PIECEWISE_BEZIER_KNOTS.);
#11910 = CARTESIAN_POINT('',(0.,-65.5));
#11911 = CARTESIAN_POINT('',(2.12132034356,-65.5));
#11912 = ( GEOMETRIC_REPRESENTATION_CONTEXT(2) 
PARAMETRIC_REPRESENTATION_CONTEXT() REPRESENTATION_CONTEXT('2D SPACE',''
  ) );
#11913 = PCURVE('',#11559,#11914);
#11914 = DEFINITIONAL_REPRESENTATION('',(#11915),#11918);
#11915 = B_SPLINE_CURVE_WITH_KNOTS('',1,(#11916,#11917),.UNSPECIFIED.,
  .F.,.F.,(2,2),(6.363961030679,8.485281374239),
  .PIECEWISE_BEZIER_KNOTS.);
#11916 = CARTESIAN_POINT('',(16.,2.));
#11917 = CARTESIAN_POINT('',(17.5,3.5));
#11918 = ( GEOMETRIC_REPRESENTATION_CONTEXT(2) 
PARAMETRIC_REPRESENTATION_CONTEXT() REPRESENTATION_CONTEXT('2D SPACE',''
  ) );
#11919 = ORIENTED_EDGE('',*,*,#11920,.T.);
#11920 = EDGE_CURVE('',#11900,#6549,#11921,.T.);
#11921 = SURFACE_CURVE('',#11922,(#11926,#11932),.PCURVE_S1.);
#11922 = LINE('',#11923,#11924);
#11923 = CARTESIAN_POINT('',(220.75,3.5,64.55));
#11924 = VECTOR('',#11925,1.);
#11925 = DIRECTION('',(0.,0.,1.));
#11926 = PCURVE('',#6591,#11927);
#11927 = DEFINITIONAL_REPRESENTATION('',(#11928),#11931);
#11928 = B_SPLINE_CURVE_WITH_KNOTS('',1,(#11929,#11930),.UNSPECIFIED.,
  .F.,.F.,(2,2),(31.25,34.25),.PIECEWISE_BEZIER_KNOTS.);
#11929 = CARTESIAN_POINT('',(0.707106781187,-65.5));
#11930 = CARTESIAN_POINT('',(0.707106781187,-68.5));
#11931 = ( GEOMETRIC_REPRESENTATION_CONTEXT(2) 
PARAMETRIC_REPRESENTATION_CONTEXT() REPRESENTATION_CONTEXT('2D SPACE',''
  ) );
#11932 = PCURVE('',#6564,#11933);
#11933 = DEFINITIONAL_REPRESENTATION('',(#11934),#11937);
#11934 = B_SPLINE_CURVE_WITH_KNOTS('',1,(#11935,#11936),.UNSPECIFIED.,
  .F.,.F.,(2,2),(31.25,34.25),.PIECEWISE_BEZIER_KNOTS.);
#11935 = CARTESIAN_POINT('',(3.,-2.5));
#11936 = CARTESIAN_POINT('',(0.,-2.5));
#11937 = ( GEOMETRIC_REPRESENTATION_CONTEXT(2) 
PARAMETRIC_REPRESENTATION_CONTEXT() REPRESENTATION_CONTEXT('2D SPACE',''
  ) );
#11938 = ORIENTED_EDGE('',*,*,#6576,.T.);
#11939 = ORIENTED_EDGE('',*,*,#11872,.T.);
#11940 = ORIENTED_EDGE('',*,*,#6874,.F.);
#11941 = ORIENTED_EDGE('',*,*,#11942,.F.);
#11942 = EDGE_CURVE('',#11943,#6847,#11945,.T.);
#11943 = VERTEX_POINT('',#11944);
#11944 = CARTESIAN_POINT('',(220.75,3.5,106.3));
#11945 = SURFACE_CURVE('',#11946,(#11950,#11956),.PCURVE_S1.);
#11946 = LINE('',#11947,#11948);
#11947 = CARTESIAN_POINT('',(220.75,3.5,66.8));
#11948 = VECTOR('',#11949,1.);
#11949 = DIRECTION('',(0.,0.,-1.));
#11950 = PCURVE('',#6591,#11951);
#11951 = DEFINITIONAL_REPRESENTATION('',(#11952),#11955);
#11952 = B_SPLINE_CURVE_WITH_KNOTS('',1,(#11953,#11954),.UNSPECIFIED.,
  .F.,.F.,(2,2),(-39.5,-36.5),.PIECEWISE_BEZIER_KNOTS.);
#11953 = CARTESIAN_POINT('',(0.707106781187,-76.));
#11954 = CARTESIAN_POINT('',(0.707106781187,-73.));
#11955 = ( GEOMETRIC_REPRESENTATION_CONTEXT(2) 
PARAMETRIC_REPRESENTATION_CONTEXT() REPRESENTATION_CONTEXT('2D SPACE',''
  ) );
#11956 = PCURVE('',#6862,#11957);
#11957 = DEFINITIONAL_REPRESENTATION('',(#11958),#11961);
#11958 = B_SPLINE_CURVE_WITH_KNOTS('',1,(#11959,#11960),.UNSPECIFIED.,
  .F.,.F.,(2,2),(-39.5,-36.5),.PIECEWISE_BEZIER_KNOTS.);
#11959 = CARTESIAN_POINT('',(3.,-2.5));
#11960 = CARTESIAN_POINT('',(0.,-2.5));
#11961 = ( GEOMETRIC_REPRESENTATION_CONTEXT(2) 
PARAMETRIC_REPRESENTATION_CONTEXT() REPRESENTATION_CONTEXT('2D SPACE',''
  ) );
#11962 = ORIENTED_EDGE('',*,*,#11963,.T.);
#11963 = EDGE_CURVE('',#11943,#9488,#11964,.T.);
#11964 = SURFACE_CURVE('',#11965,(#11969,#11975),.PCURVE_S1.);
#11965 = LINE('',#11966,#11967);
#11966 = CARTESIAN_POINT('',(215.75,-1.5,106.3));
#11967 = VECTOR('',#11968,1.);
#11968 = DIRECTION('',(0.707106781187,0.707106781187,-0.));
#11969 = PCURVE('',#6591,#11970);
#11970 = DEFINITIONAL_REPRESENTATION('',(#11971),#11974);
#11971 = B_SPLINE_CURVE_WITH_KNOTS('',1,(#11972,#11973),.UNSPECIFIED.,
  .F.,.F.,(2,2),(6.363961030679,8.485281374239),
  .PIECEWISE_BEZIER_KNOTS.);
#11972 = CARTESIAN_POINT('',(-1.7763568394E-15,-76.));
#11973 = CARTESIAN_POINT('',(2.12132034356,-76.));
#11974 = ( GEOMETRIC_REPRESENTATION_CONTEXT(2) 
PARAMETRIC_REPRESENTATION_CONTEXT() REPRESENTATION_CONTEXT('2D SPACE',''
  ) );
#11975 = PCURVE('',#11794,#11976);
#11976 = DEFINITIONAL_REPRESENTATION('',(#11977),#11980);
#11977 = B_SPLINE_CURVE_WITH_KNOTS('',1,(#11978,#11979),.UNSPECIFIED.,
  .F.,.F.,(2,2),(6.363961030679,8.485281374239),
  .PIECEWISE_BEZIER_KNOTS.);
#11978 = CARTESIAN_POINT('',(16.,2.));
#11979 = CARTESIAN_POINT('',(17.5,3.5));
#11980 = ( GEOMETRIC_REPRESENTATION_CONTEXT(2) 
PARAMETRIC_REPRESENTATION_CONTEXT() REPRESENTATION_CONTEXT('2D SPACE',''
  ) );
#11981 = ORIENTED_EDGE('',*,*,#9510,.F.);
#11982 = ADVANCED_FACE('',(#11983),#6564,.F.);
#11983 = FACE_BOUND('',#11984,.F.);
#11984 = EDGE_LOOP('',(#11985,#11986,#11987,#11988));
#11985 = ORIENTED_EDGE('',*,*,#11920,.T.);
#11986 = ORIENTED_EDGE('',*,*,#6548,.T.);
#11987 = ORIENTED_EDGE('',*,*,#11522,.T.);
#11988 = ORIENTED_EDGE('',*,*,#11989,.F.);
#11989 = EDGE_CURVE('',#11900,#11523,#11990,.T.);
#11990 = SURFACE_CURVE('',#11991,(#11995,#12002),.PCURVE_S1.);
#11991 = LINE('',#11992,#11993);
#11992 = CARTESIAN_POINT('',(220.75,1.,95.8));
#11993 = VECTOR('',#11994,1.);
#11994 = DIRECTION('',(0.,1.,0.));
#11995 = PCURVE('',#6564,#11996);
#11996 = DEFINITIONAL_REPRESENTATION('',(#11997),#12001);
#11997 = LINE('',#11998,#11999);
#11998 = CARTESIAN_POINT('',(3.,0.));
#11999 = VECTOR('',#12000,1.);
#12000 = DIRECTION('',(0.,-1.));
#12001 = ( GEOMETRIC_REPRESENTATION_CONTEXT(2) 
PARAMETRIC_REPRESENTATION_CONTEXT() REPRESENTATION_CONTEXT('2D SPACE',''
  ) );
#12002 = PCURVE('',#11559,#12003);
#12003 = DEFINITIONAL_REPRESENTATION('',(#12004),#12008);
#12004 = LINE('',#12005,#12006);
#12005 = CARTESIAN_POINT('',(16.5,0.));
#12006 = VECTOR('',#12007,1.);
#12007 = DIRECTION('',(0.,1.));
#12008 = ( GEOMETRIC_REPRESENTATION_CONTEXT(2) 
PARAMETRIC_REPRESENTATION_CONTEXT() REPRESENTATION_CONTEXT('2D SPACE',''
  ) );
#12009 = ADVANCED_FACE('',(#12010),#6862,.T.);
#12010 = FACE_BOUND('',#12011,.T.);
#12011 = EDGE_LOOP('',(#12012,#12013,#12014,#12015));
#12012 = ORIENTED_EDGE('',*,*,#11942,.T.);
#12013 = ORIENTED_EDGE('',*,*,#6846,.T.);
#12014 = ORIENTED_EDGE('',*,*,#11806,.T.);
#12015 = ORIENTED_EDGE('',*,*,#12016,.F.);
#12016 = EDGE_CURVE('',#11943,#11779,#12017,.T.);
#12017 = SURFACE_CURVE('',#12018,(#12022,#12029),.PCURVE_S1.);
#12018 = LINE('',#12019,#12020);
#12019 = CARTESIAN_POINT('',(220.75,1.,106.3));
#12020 = VECTOR('',#12021,1.);
#12021 = DIRECTION('',(0.,1.,0.));
#12022 = PCURVE('',#6862,#12023);
#12023 = DEFINITIONAL_REPRESENTATION('',(#12024),#12028);
#12024 = LINE('',#12025,#12026);
#12025 = CARTESIAN_POINT('',(3.,0.));
#12026 = VECTOR('',#12027,1.);
#12027 = DIRECTION('',(0.,-1.));
#12028 = ( GEOMETRIC_REPRESENTATION_CONTEXT(2) 
PARAMETRIC_REPRESENTATION_CONTEXT() REPRESENTATION_CONTEXT('2D SPACE',''
  ) );
#12029 = PCURVE('',#11794,#12030);
#12030 = DEFINITIONAL_REPRESENTATION('',(#12031),#12035);
#12031 = LINE('',#12032,#12033);
#12032 = CARTESIAN_POINT('',(16.5,0.));
#12033 = VECTOR('',#12034,1.);
#12034 = DIRECTION('',(0.,1.));
#12035 = ( GEOMETRIC_REPRESENTATION_CONTEXT(2) 
PARAMETRIC_REPRESENTATION_CONTEXT() REPRESENTATION_CONTEXT('2D SPACE',''
  ) );
#12036 = ADVANCED_FACE('',(#12037),#8452,.F.);
#12037 = FACE_BOUND('',#12038,.F.);
#12038 = EDGE_LOOP('',(#12039,#12060,#12061,#12062));
#12039 = ORIENTED_EDGE('',*,*,#12040,.F.);
#12040 = EDGE_CURVE('',#8438,#10607,#12041,.T.);
#12041 = SURFACE_CURVE('',#12042,(#12046,#12053),.PCURVE_S1.);
#12042 = LINE('',#12043,#12044);
#12043 = CARTESIAN_POINT('',(260.85,1.,95.8));
#12044 = VECTOR('',#12045,1.);
#12045 = DIRECTION('',(-0.,1.,0.));
#12046 = PCURVE('',#8452,#12047);
#12047 = DEFINITIONAL_REPRESENTATION('',(#12048),#12052);
#12048 = LINE('',#12049,#12050);
#12049 = CARTESIAN_POINT('',(14.,0.));
#12050 = VECTOR('',#12051,1.);
#12051 = DIRECTION('',(0.,-1.));
#12052 = ( GEOMETRIC_REPRESENTATION_CONTEXT(2) 
PARAMETRIC_REPRESENTATION_CONTEXT() REPRESENTATION_CONTEXT('2D SPACE',''
  ) );
#12053 = PCURVE('',#8478,#12054);
#12054 = DEFINITIONAL_REPRESENTATION('',(#12055),#12059);
#12055 = LINE('',#12056,#12057);
#12056 = CARTESIAN_POINT('',(0.,0.));
#12057 = VECTOR('',#12058,1.);
#12058 = DIRECTION('',(0.,1.));
#12059 = ( GEOMETRIC_REPRESENTATION_CONTEXT(2) 
PARAMETRIC_REPRESENTATION_CONTEXT() REPRESENTATION_CONTEXT('2D SPACE',''
  ) );
#12060 = ORIENTED_EDGE('',*,*,#8437,.F.);
#12061 = ORIENTED_EDGE('',*,*,#10099,.T.);
#12062 = ORIENTED_EDGE('',*,*,#10606,.T.);
#12063 = ADVANCED_FACE('',(#12064),#8478,.T.);
#12064 = FACE_BOUND('',#12065,.T.);
#12065 = EDGE_LOOP('',(#12066,#12067,#12068,#12069,#12070));
#12066 = ORIENTED_EDGE('',*,*,#12040,.F.);
#12067 = ORIENTED_EDGE('',*,*,#8463,.F.);
#12068 = ORIENTED_EDGE('',*,*,#10736,.T.);
#12069 = ORIENTED_EDGE('',*,*,#10711,.T.);
#12070 = ORIENTED_EDGE('',*,*,#10629,.F.);
#12071 = ADVANCED_FACE('',(#12072),#8527,.F.);
#12072 = FACE_BOUND('',#12073,.F.);
#12073 = EDGE_LOOP('',(#12074,#12095,#12096,#12097,#12098));
#12074 = ORIENTED_EDGE('',*,*,#12075,.F.);
#12075 = EDGE_CURVE('',#8513,#10889,#12076,.T.);
#12076 = SURFACE_CURVE('',#12077,(#12081,#12088),.PCURVE_S1.);
#12077 = LINE('',#12078,#12079);
#12078 = CARTESIAN_POINT('',(260.85,1.,106.3));
#12079 = VECTOR('',#12080,1.);
#12080 = DIRECTION('',(-0.,1.,0.));
#12081 = PCURVE('',#8527,#12082);
#12082 = DEFINITIONAL_REPRESENTATION('',(#12083),#12087);
#12083 = LINE('',#12084,#12085);
#12084 = CARTESIAN_POINT('',(0.,0.));
#12085 = VECTOR('',#12086,1.);
#12086 = DIRECTION('',(0.,1.));
#12087 = ( GEOMETRIC_REPRESENTATION_CONTEXT(2) 
PARAMETRIC_REPRESENTATION_CONTEXT() REPRESENTATION_CONTEXT('2D SPACE',''
  ) );
#12088 = PCURVE('',#8553,#12089);
#12089 = DEFINITIONAL_REPRESENTATION('',(#12090),#12094);
#12090 = LINE('',#12091,#12092);
#12091 = CARTESIAN_POINT('',(0.,0.));
#12092 = VECTOR('',#12093,1.);
#12093 = DIRECTION('',(0.,-1.));
#12094 = ( GEOMETRIC_REPRESENTATION_CONTEXT(2) 
PARAMETRIC_REPRESENTATION_CONTEXT() REPRESENTATION_CONTEXT('2D SPACE',''
  ) );
#12095 = ORIENTED_EDGE('',*,*,#8512,.F.);
#12096 = ORIENTED_EDGE('',*,*,#10756,.T.);
#12097 = ORIENTED_EDGE('',*,*,#10827,.T.);
#12098 = ORIENTED_EDGE('',*,*,#10888,.F.);
#12099 = ADVANCED_FACE('',(#12100),#8553,.F.);
#12100 = FACE_BOUND('',#12101,.F.);
#12101 = EDGE_LOOP('',(#12102,#12123,#12124,#12125));
#12102 = ORIENTED_EDGE('',*,*,#12103,.F.);
#12103 = EDGE_CURVE('',#8539,#10912,#12104,.T.);
#12104 = SURFACE_CURVE('',#12105,(#12109,#12116),.PCURVE_S1.);
#12105 = LINE('',#12106,#12107);
#12106 = CARTESIAN_POINT('',(260.85,1.,120.3));
#12107 = VECTOR('',#12108,1.);
#12108 = DIRECTION('',(-0.,1.,0.));
#12109 = PCURVE('',#8553,#12110);
#12110 = DEFINITIONAL_REPRESENTATION('',(#12111),#12115);
#12111 = LINE('',#12112,#12113);
#12112 = CARTESIAN_POINT('',(14.,0.));
#12113 = VECTOR('',#12114,1.);
#12114 = DIRECTION('',(0.,-1.));
#12115 = ( GEOMETRIC_REPRESENTATION_CONTEXT(2) 
PARAMETRIC_REPRESENTATION_CONTEXT() REPRESENTATION_CONTEXT('2D SPACE',''
  ) );
#12116 = PCURVE('',#8579,#12117);
#12117 = DEFINITIONAL_REPRESENTATION('',(#12118),#12122);
#12118 = LINE('',#12119,#12120);
#12119 = CARTESIAN_POINT('',(0.,0.));
#12120 = VECTOR('',#12121,1.);
#12121 = DIRECTION('',(0.,1.));
#12122 = ( GEOMETRIC_REPRESENTATION_CONTEXT(2) 
PARAMETRIC_REPRESENTATION_CONTEXT() REPRESENTATION_CONTEXT('2D SPACE',''
  ) );
#12123 = ORIENTED_EDGE('',*,*,#8538,.F.);
#12124 = ORIENTED_EDGE('',*,*,#12075,.T.);
#12125 = ORIENTED_EDGE('',*,*,#10911,.T.);
#12126 = ADVANCED_FACE('',(#12127),#8579,.T.);
#12127 = FACE_BOUND('',#12128,.T.);
#12128 = EDGE_LOOP('',(#12129,#12130,#12131,#12152,#12173));
#12129 = ORIENTED_EDGE('',*,*,#12103,.F.);
#12130 = ORIENTED_EDGE('',*,*,#8564,.F.);
#12131 = ORIENTED_EDGE('',*,*,#12132,.T.);
#12132 = EDGE_CURVE('',#8565,#12133,#12135,.T.);
#12133 = VERTEX_POINT('',#12134);
#12134 = CARTESIAN_POINT('',(261.85,3.,120.3));
#12135 = SURFACE_CURVE('',#12136,(#12140,#12146),.PCURVE_S1.);
#12136 = LINE('',#12137,#12138);
#12137 = CARTESIAN_POINT('',(240.8,3.,120.3));
#12138 = VECTOR('',#12139,1.);
#12139 = DIRECTION('',(1.,0.,-0.));
#12140 = PCURVE('',#8579,#12141);
#12141 = DEFINITIONAL_REPRESENTATION('',(#12142),#12145);
#12142 = B_SPLINE_CURVE_WITH_KNOTS('',1,(#12143,#12144),.UNSPECIFIED.,
  .F.,.F.,(2,2),(20.05,21.05),.PIECEWISE_BEZIER_KNOTS.);
#12143 = CARTESIAN_POINT('',(0.,2.));
#12144 = CARTESIAN_POINT('',(1.,2.));
#12145 = ( GEOMETRIC_REPRESENTATION_CONTEXT(2) 
PARAMETRIC_REPRESENTATION_CONTEXT() REPRESENTATION_CONTEXT('2D SPACE',''
  ) );
#12146 = PCURVE('',#8606,#12147);
#12147 = DEFINITIONAL_REPRESENTATION('',(#12148),#12151);
#12148 = B_SPLINE_CURVE_WITH_KNOTS('',1,(#12149,#12150),.UNSPECIFIED.,
  .F.,.F.,(2,2),(20.05,21.05),.PIECEWISE_BEZIER_KNOTS.);
#12149 = CARTESIAN_POINT('',(90.,40.1));
#12150 = CARTESIAN_POINT('',(90.,41.1));
#12151 = ( GEOMETRIC_REPRESENTATION_CONTEXT(2) 
PARAMETRIC_REPRESENTATION_CONTEXT() REPRESENTATION_CONTEXT('2D SPACE',''
  ) );
#12152 = ORIENTED_EDGE('',*,*,#12153,.T.);
#12153 = EDGE_CURVE('',#12133,#10935,#12154,.T.);
#12154 = SURFACE_CURVE('',#12155,(#12159,#12166),.PCURVE_S1.);
#12155 = LINE('',#12156,#12157);
#12156 = CARTESIAN_POINT('',(261.85,1.,120.3));
#12157 = VECTOR('',#12158,1.);
#12158 = DIRECTION('',(0.,1.,0.));
#12159 = PCURVE('',#8579,#12160);
#12160 = DEFINITIONAL_REPRESENTATION('',(#12161),#12165);
#12161 = LINE('',#12162,#12163);
#12162 = CARTESIAN_POINT('',(1.,0.));
#12163 = VECTOR('',#12164,1.);
#12164 = DIRECTION('',(0.,1.));
#12165 = ( GEOMETRIC_REPRESENTATION_CONTEXT(2) 
PARAMETRIC_REPRESENTATION_CONTEXT() REPRESENTATION_CONTEXT('2D SPACE',''
  ) );
#12166 = PCURVE('',#10971,#12167);
#12167 = DEFINITIONAL_REPRESENTATION('',(#12168),#12172);
#12168 = LINE('',#12169,#12170);
#12169 = CARTESIAN_POINT('',(3.,0.));
#12170 = VECTOR('',#12171,1.);
#12171 = DIRECTION('',(0.,-1.));
#12172 = ( GEOMETRIC_REPRESENTATION_CONTEXT(2) 
PARAMETRIC_REPRESENTATION_CONTEXT() REPRESENTATION_CONTEXT('2D SPACE',''
  ) );
#12173 = ORIENTED_EDGE('',*,*,#10934,.F.);
#12174 = ADVANCED_FACE('',(#12175),#8606,.T.);
#12175 = FACE_BOUND('',#12176,.T.);
#12176 = EDGE_LOOP('',(#12177,#12198,#12199,#12200));
#12177 = ORIENTED_EDGE('',*,*,#12178,.F.);
#12178 = EDGE_CURVE('',#12133,#11607,#12179,.T.);
#12179 = SURFACE_CURVE('',#12180,(#12184,#12191),.PCURVE_S1.);
#12180 = LINE('',#12181,#12182);
#12181 = CARTESIAN_POINT('',(261.85,3.,30.3));
#12182 = VECTOR('',#12183,1.);
#12183 = DIRECTION('',(0.,0.,1.));
#12184 = PCURVE('',#8606,#12185);
#12185 = DEFINITIONAL_REPRESENTATION('',(#12186),#12190);
#12186 = LINE('',#12187,#12188);
#12187 = CARTESIAN_POINT('',(0.,41.1));
#12188 = VECTOR('',#12189,1.);
#12189 = DIRECTION('',(1.,0.));
#12190 = ( GEOMETRIC_REPRESENTATION_CONTEXT(2) 
PARAMETRIC_REPRESENTATION_CONTEXT() REPRESENTATION_CONTEXT('2D SPACE',''
  ) );
#12191 = PCURVE('',#10971,#12192);
#12192 = DEFINITIONAL_REPRESENTATION('',(#12193),#12197);
#12193 = LINE('',#12194,#12195);
#12194 = CARTESIAN_POINT('',(93.,-2.));
#12195 = VECTOR('',#12196,1.);
#12196 = DIRECTION('',(-1.,-0.));
#12197 = ( GEOMETRIC_REPRESENTATION_CONTEXT(2) 
PARAMETRIC_REPRESENTATION_CONTEXT() REPRESENTATION_CONTEXT('2D SPACE',''
  ) );
#12198 = ORIENTED_EDGE('',*,*,#12132,.F.);
#12199 = ORIENTED_EDGE('',*,*,#8590,.T.);
#12200 = ORIENTED_EDGE('',*,*,#11606,.T.);
#12201 = ADVANCED_FACE('',(#12202),#8749,.F.);
#12202 = FACE_BOUND('',#12203,.F.);
#12203 = EDGE_LOOP('',(#12204,#12205,#12206,#12207));
#12204 = ORIENTED_EDGE('',*,*,#8941,.F.);
#12205 = ORIENTED_EDGE('',*,*,#8871,.T.);
#12206 = ORIENTED_EDGE('',*,*,#8733,.T.);
#12207 = ORIENTED_EDGE('',*,*,#12208,.F.);
#12208 = EDGE_CURVE('',#8942,#8734,#12209,.T.);
#12209 = SURFACE_CURVE('',#12210,(#12214,#12221),.PCURVE_S1.);
#12210 = LINE('',#12211,#12212);
#12211 = CARTESIAN_POINT('',(254.25,11.5,65.1));
#12212 = VECTOR('',#12213,1.);
#12213 = DIRECTION('',(1.,0.,-0.));
#12214 = PCURVE('',#8749,#12215);
#12215 = DEFINITIONAL_REPRESENTATION('',(#12216),#12220);
#12216 = LINE('',#12217,#12218);
#12217 = CARTESIAN_POINT('',(0.,1.6));
#12218 = VECTOR('',#12219,1.);
#12219 = DIRECTION('',(1.,0.));
#12220 = ( GEOMETRIC_REPRESENTATION_CONTEXT(2) 
PARAMETRIC_REPRESENTATION_CONTEXT() REPRESENTATION_CONTEXT('2D SPACE',''
  ) );
#12221 = PCURVE('',#8777,#12222);
#12222 = DEFINITIONAL_REPRESENTATION('',(#12223),#12227);
#12223 = LINE('',#12224,#12225);
#12224 = CARTESIAN_POINT('',(0.,0.));
#12225 = VECTOR('',#12226,1.);
#12226 = DIRECTION('',(0.,1.));
#12227 = ( GEOMETRIC_REPRESENTATION_CONTEXT(2) 
PARAMETRIC_REPRESENTATION_CONTEXT() REPRESENTATION_CONTEXT('2D SPACE',''
  ) );
#12228 = ADVANCED_FACE('',(#12229),#8777,.T.);
#12229 = FACE_BOUND('',#12230,.T.);
#12230 = EDGE_LOOP('',(#12231,#12232,#12233,#12254));
#12231 = ORIENTED_EDGE('',*,*,#12208,.F.);
#12232 = ORIENTED_EDGE('',*,*,#8964,.T.);
#12233 = ORIENTED_EDGE('',*,*,#12234,.T.);
#12234 = EDGE_CURVE('',#8965,#8762,#12235,.T.);
#12235 = SURFACE_CURVE('',#12236,(#12240,#12247),.PCURVE_S1.);
#12236 = LINE('',#12237,#12238);
#12237 = CARTESIAN_POINT('',(254.25,11.5,68.6));
#12238 = VECTOR('',#12239,1.);
#12239 = DIRECTION('',(1.,0.,-0.));
#12240 = PCURVE('',#8777,#12241);
#12241 = DEFINITIONAL_REPRESENTATION('',(#12242),#12246);
#12242 = LINE('',#12243,#12244);
#12243 = CARTESIAN_POINT('',(3.5,0.));
#12244 = VECTOR('',#12245,1.);
#12245 = DIRECTION('',(0.,1.));
#12246 = ( GEOMETRIC_REPRESENTATION_CONTEXT(2) 
PARAMETRIC_REPRESENTATION_CONTEXT() REPRESENTATION_CONTEXT('2D SPACE',''
  ) );
#12247 = PCURVE('',#8805,#12248);
#12248 = DEFINITIONAL_REPRESENTATION('',(#12249),#12253);
#12249 = LINE('',#12250,#12251);
#12250 = CARTESIAN_POINT('',(0.,1.6));
#12251 = VECTOR('',#12252,1.);
#12252 = DIRECTION('',(1.,0.));
#12253 = ( GEOMETRIC_REPRESENTATION_CONTEXT(2) 
PARAMETRIC_REPRESENTATION_CONTEXT() REPRESENTATION_CONTEXT('2D SPACE',''
  ) );
#12254 = ORIENTED_EDGE('',*,*,#8761,.F.);
#12255 = ADVANCED_FACE('',(#12256),#8805,.T.);
#12256 = FACE_BOUND('',#12257,.T.);
#12257 = EDGE_LOOP('',(#12258,#12259,#12278,#12279));
#12258 = ORIENTED_EDGE('',*,*,#8987,.F.);
#12259 = ORIENTED_EDGE('',*,*,#12260,.T.);
#12260 = EDGE_CURVE('',#8988,#8790,#12261,.T.);
#12261 = SURFACE_CURVE('',#12262,(#12266,#12272),.PCURVE_S1.);
#12262 = LINE('',#12263,#12264);
#12263 = CARTESIAN_POINT('',(254.25,10.,68.6));
#12264 = VECTOR('',#12265,1.);
#12265 = DIRECTION('',(1.,0.,-0.));
#12266 = PCURVE('',#8805,#12267);
#12267 = DEFINITIONAL_REPRESENTATION('',(#12268),#12271);
#12268 = B_SPLINE_CURVE_WITH_KNOTS('',1,(#12269,#12270),.UNSPECIFIED.,
  .F.,.F.,(2,2),(0.,6.),.PIECEWISE_BEZIER_KNOTS.);
#12269 = CARTESIAN_POINT('',(0.,1.E-01));
#12270 = CARTESIAN_POINT('',(6.,1.E-01));
#12271 = ( GEOMETRIC_REPRESENTATION_CONTEXT(2) 
PARAMETRIC_REPRESENTATION_CONTEXT() REPRESENTATION_CONTEXT('2D SPACE',''
  ) );
#12272 = PCURVE('',#8831,#12273);
#12273 = DEFINITIONAL_REPRESENTATION('',(#12274),#12277);
#12274 = B_SPLINE_CURVE_WITH_KNOTS('',1,(#12275,#12276),.UNSPECIFIED.,
  .F.,.F.,(2,2),(0.,6.),.PIECEWISE_BEZIER_KNOTS.);
#12275 = CARTESIAN_POINT('',(38.3,0.));
#12276 = CARTESIAN_POINT('',(38.3,6.));
#12277 = ( GEOMETRIC_REPRESENTATION_CONTEXT(2) 
PARAMETRIC_REPRESENTATION_CONTEXT() REPRESENTATION_CONTEXT('2D SPACE',''
  ) );
#12278 = ORIENTED_EDGE('',*,*,#8789,.T.);
#12279 = ORIENTED_EDGE('',*,*,#12234,.F.);
#12280 = ADVANCED_FACE('',(#12281),#8831,.T.);
#12281 = FACE_BOUND('',#12282,.T.);
#12282 = EDGE_LOOP('',(#12283,#12284,#12285,#12286));
#12283 = ORIENTED_EDGE('',*,*,#8817,.F.);
#12284 = ORIENTED_EDGE('',*,*,#12260,.F.);
#12285 = ORIENTED_EDGE('',*,*,#9010,.T.);
#12286 = ORIENTED_EDGE('',*,*,#11654,.T.);
#12287 = ADVANCED_FACE('',(#12288),#9269,.F.);
#12288 = FACE_BOUND('',#12289,.F.);
#12289 = EDGE_LOOP('',(#12290,#12291,#12292,#12293));
#12290 = ORIENTED_EDGE('',*,*,#9579,.F.);
#12291 = ORIENTED_EDGE('',*,*,#9391,.T.);
#12292 = ORIENTED_EDGE('',*,*,#9253,.T.);
#12293 = ORIENTED_EDGE('',*,*,#12294,.F.);
#12294 = EDGE_CURVE('',#9580,#9254,#12295,.T.);
#12295 = SURFACE_CURVE('',#12296,(#12300,#12307),.PCURVE_S1.);
#12296 = LINE('',#12297,#12298);
#12297 = CARTESIAN_POINT('',(221.75,11.5,65.1));
#12298 = VECTOR('',#12299,1.);
#12299 = DIRECTION('',(1.,0.,-0.));
#12300 = PCURVE('',#9269,#12301);
#12301 = DEFINITIONAL_REPRESENTATION('',(#12302),#12306);
#12302 = LINE('',#12303,#12304);
#12303 = CARTESIAN_POINT('',(0.,1.6));
#12304 = VECTOR('',#12305,1.);
#12305 = DIRECTION('',(1.,0.));
#12306 = ( GEOMETRIC_REPRESENTATION_CONTEXT(2) 
PARAMETRIC_REPRESENTATION_CONTEXT() REPRESENTATION_CONTEXT('2D SPACE',''
  ) );
#12307 = PCURVE('',#9297,#12308);
#12308 = DEFINITIONAL_REPRESENTATION('',(#12309),#12313);
#12309 = LINE('',#12310,#12311);
#12310 = CARTESIAN_POINT('',(0.,0.));
#12311 = VECTOR('',#12312,1.);
#12312 = DIRECTION('',(0.,1.));
#12313 = ( GEOMETRIC_REPRESENTATION_CONTEXT(2) 
PARAMETRIC_REPRESENTATION_CONTEXT() REPRESENTATION_CONTEXT('2D SPACE',''
  ) );
#12314 = ADVANCED_FACE('',(#12315),#9297,.T.);
#12315 = FACE_BOUND('',#12316,.T.);
#12316 = EDGE_LOOP('',(#12317,#12318,#12319,#12340));
#12317 = ORIENTED_EDGE('',*,*,#12294,.F.);
#12318 = ORIENTED_EDGE('',*,*,#9602,.T.);
#12319 = ORIENTED_EDGE('',*,*,#12320,.T.);
#12320 = EDGE_CURVE('',#9603,#9282,#12321,.T.);
#12321 = SURFACE_CURVE('',#12322,(#12326,#12333),.PCURVE_S1.);
#12322 = LINE('',#12323,#12324);
#12323 = CARTESIAN_POINT('',(221.75,11.5,68.6));
#12324 = VECTOR('',#12325,1.);
#12325 = DIRECTION('',(1.,0.,-0.));
#12326 = PCURVE('',#9297,#12327);
#12327 = DEFINITIONAL_REPRESENTATION('',(#12328),#12332);
#12328 = LINE('',#12329,#12330);
#12329 = CARTESIAN_POINT('',(3.5,0.));
#12330 = VECTOR('',#12331,1.);
#12331 = DIRECTION('',(0.,1.));
#12332 = ( GEOMETRIC_REPRESENTATION_CONTEXT(2) 
PARAMETRIC_REPRESENTATION_CONTEXT() REPRESENTATION_CONTEXT('2D SPACE',''
  ) );
#12333 = PCURVE('',#9325,#12334);
#12334 = DEFINITIONAL_REPRESENTATION('',(#12335),#12339);
#12335 = LINE('',#12336,#12337);
#12336 = CARTESIAN_POINT('',(0.,1.6));
#12337 = VECTOR('',#12338,1.);
#12338 = DIRECTION('',(1.,0.));
#12339 = ( GEOMETRIC_REPRESENTATION_CONTEXT(2) 
PARAMETRIC_REPRESENTATION_CONTEXT() REPRESENTATION_CONTEXT('2D SPACE',''
  ) );
#12340 = ORIENTED_EDGE('',*,*,#9281,.F.);
#12341 = ADVANCED_FACE('',(#12342),#9325,.T.);
#12342 = FACE_BOUND('',#12343,.T.);
#12343 = EDGE_LOOP('',(#12344,#12345,#12364,#12365));
#12344 = ORIENTED_EDGE('',*,*,#9625,.F.);
#12345 = ORIENTED_EDGE('',*,*,#12346,.T.);
#12346 = EDGE_CURVE('',#9626,#9310,#12347,.T.);
#12347 = SURFACE_CURVE('',#12348,(#12352,#12358),.PCURVE_S1.);
#12348 = LINE('',#12349,#12350);
#12349 = CARTESIAN_POINT('',(221.75,10.,68.6));
#12350 = VECTOR('',#12351,1.);
#12351 = DIRECTION('',(1.,0.,-0.));
#12352 = PCURVE('',#9325,#12353);
#12353 = DEFINITIONAL_REPRESENTATION('',(#12354),#12357);
#12354 = B_SPLINE_CURVE_WITH_KNOTS('',1,(#12355,#12356),.UNSPECIFIED.,
  .F.,.F.,(2,2),(0.,6.),.PIECEWISE_BEZIER_KNOTS.);
#12355 = CARTESIAN_POINT('',(0.,1.E-01));
#12356 = CARTESIAN_POINT('',(6.,1.E-01));
#12357 = ( GEOMETRIC_REPRESENTATION_CONTEXT(2) 
PARAMETRIC_REPRESENTATION_CONTEXT() REPRESENTATION_CONTEXT('2D SPACE',''
  ) );
#12358 = PCURVE('',#9351,#12359);
#12359 = DEFINITIONAL_REPRESENTATION('',(#12360),#12363);
#12360 = B_SPLINE_CURVE_WITH_KNOTS('',1,(#12361,#12362),.UNSPECIFIED.,
  .F.,.F.,(2,2),(0.,6.),.PIECEWISE_BEZIER_KNOTS.);
#12361 = CARTESIAN_POINT('',(38.3,0.));
#12362 = CARTESIAN_POINT('',(38.3,6.));
#12363 = ( GEOMETRIC_REPRESENTATION_CONTEXT(2) 
PARAMETRIC_REPRESENTATION_CONTEXT() REPRESENTATION_CONTEXT('2D SPACE',''
  ) );
#12364 = ORIENTED_EDGE('',*,*,#9309,.T.);
#12365 = ORIENTED_EDGE('',*,*,#12320,.F.);
#12366 = ADVANCED_FACE('',(#12367),#9351,.T.);
#12367 = FACE_BOUND('',#12368,.T.);
#12368 = EDGE_LOOP('',(#12369,#12370,#12371,#12372));
#12369 = ORIENTED_EDGE('',*,*,#9337,.F.);
#12370 = ORIENTED_EDGE('',*,*,#12346,.F.);
#12371 = ORIENTED_EDGE('',*,*,#9648,.T.);
#12372 = ORIENTED_EDGE('',*,*,#11846,.T.);
#12373 = ADVANCED_FACE('',(#12374),#9475,.T.);
#12374 = FACE_BOUND('',#12375,.T.);
#12375 = EDGE_LOOP('',(#12376,#12377,#12398,#12419));
#12376 = ORIENTED_EDGE('',*,*,#9459,.F.);
#12377 = ORIENTED_EDGE('',*,*,#12378,.F.);
#12378 = EDGE_CURVE('',#12379,#9460,#12381,.T.);
#12379 = VERTEX_POINT('',#12380);
#12380 = CARTESIAN_POINT('',(220.75,3.5,120.3));
#12381 = SURFACE_CURVE('',#12382,(#12386,#12392),.PCURVE_S1.);
#12382 = LINE('',#12383,#12384);
#12383 = CARTESIAN_POINT('',(215.75,-1.5,120.3));
#12384 = VECTOR('',#12385,1.);
#12385 = DIRECTION('',(0.707106781187,0.707106781187,-0.));
#12386 = PCURVE('',#9475,#12387);
#12387 = DEFINITIONAL_REPRESENTATION('',(#12388),#12391);
#12388 = B_SPLINE_CURVE_WITH_KNOTS('',1,(#12389,#12390),.UNSPECIFIED.,
  .F.,.F.,(2,2),(6.363961030679,8.485281374239),
  .PIECEWISE_BEZIER_KNOTS.);
#12389 = CARTESIAN_POINT('',(-1.7763568394E-15,-90.));
#12390 = CARTESIAN_POINT('',(2.12132034356,-90.));
#12391 = ( GEOMETRIC_REPRESENTATION_CONTEXT(2) 
PARAMETRIC_REPRESENTATION_CONTEXT() REPRESENTATION_CONTEXT('2D SPACE',''
  ) );
#12392 = PCURVE('',#11765,#12393);
#12393 = DEFINITIONAL_REPRESENTATION('',(#12394),#12397);
#12394 = B_SPLINE_CURVE_WITH_KNOTS('',1,(#12395,#12396),.UNSPECIFIED.,
  .F.,.F.,(2,2),(6.363961030679,8.485281374239),
  .PIECEWISE_BEZIER_KNOTS.);
#12395 = CARTESIAN_POINT('',(16.,2.));
#12396 = CARTESIAN_POINT('',(17.5,3.5));
#12397 = ( GEOMETRIC_REPRESENTATION_CONTEXT(2) 
PARAMETRIC_REPRESENTATION_CONTEXT() REPRESENTATION_CONTEXT('2D SPACE',''
  ) );
#12398 = ORIENTED_EDGE('',*,*,#12399,.T.);
#12399 = EDGE_CURVE('',#12379,#12400,#12402,.T.);
#12400 = VERTEX_POINT('',#12401);
#12401 = CARTESIAN_POINT('',(220.75,3.5,123.3));
#12402 = SURFACE_CURVE('',#12403,(#12407,#12413),.PCURVE_S1.);
#12403 = LINE('',#12404,#12405);
#12404 = CARTESIAN_POINT('',(220.75,3.5,76.8));
#12405 = VECTOR('',#12406,1.);
#12406 = DIRECTION('',(0.,0.,1.));
#12407 = PCURVE('',#9475,#12408);
#12408 = DEFINITIONAL_REPRESENTATION('',(#12409),#12412);
#12409 = B_SPLINE_CURVE_WITH_KNOTS('',1,(#12410,#12411),.UNSPECIFIED.,
  .F.,.F.,(2,2),(43.5,46.5),.PIECEWISE_BEZIER_KNOTS.);
#12410 = CARTESIAN_POINT('',(0.707106781187,-90.));
#12411 = CARTESIAN_POINT('',(0.707106781187,-93.));
#12412 = ( GEOMETRIC_REPRESENTATION_CONTEXT(2) 
PARAMETRIC_REPRESENTATION_CONTEXT() REPRESENTATION_CONTEXT('2D SPACE',''
  ) );
#12413 = PCURVE('',#11739,#12414);
#12414 = DEFINITIONAL_REPRESENTATION('',(#12415),#12418);
#12415 = B_SPLINE_CURVE_WITH_KNOTS('',1,(#12416,#12417),.UNSPECIFIED.,
  .F.,.F.,(2,2),(43.5,46.5),.PIECEWISE_BEZIER_KNOTS.);
#12416 = CARTESIAN_POINT('',(3.,-2.5));
#12417 = CARTESIAN_POINT('',(0.,-2.5));
#12418 = ( GEOMETRIC_REPRESENTATION_CONTEXT(2) 
PARAMETRIC_REPRESENTATION_CONTEXT() REPRESENTATION_CONTEXT('2D SPACE',''
  ) );
#12419 = ORIENTED_EDGE('',*,*,#12420,.T.);
#12420 = EDGE_CURVE('',#12400,#9437,#12421,.T.);
#12421 = SURFACE_CURVE('',#12422,(#12426,#12432),.PCURVE_S1.);
#12422 = LINE('',#12423,#12424);
#12423 = CARTESIAN_POINT('',(215.75,-1.5,123.3));
#12424 = VECTOR('',#12425,1.);
#12425 = DIRECTION('',(0.707106781187,0.707106781187,-0.));
#12426 = PCURVE('',#9475,#12427);
#12427 = DEFINITIONAL_REPRESENTATION('',(#12428),#12431);
#12428 = B_SPLINE_CURVE_WITH_KNOTS('',1,(#12429,#12430),.UNSPECIFIED.,
  .F.,.F.,(2,2),(6.363961030679,8.485281374239),
  .PIECEWISE_BEZIER_KNOTS.);
#12429 = CARTESIAN_POINT('',(-8.881784197001E-16,-93.));
#12430 = CARTESIAN_POINT('',(2.12132034356,-93.));
#12431 = ( GEOMETRIC_REPRESENTATION_CONTEXT(2) 
PARAMETRIC_REPRESENTATION_CONTEXT() REPRESENTATION_CONTEXT('2D SPACE',''
  ) );
#12432 = PCURVE('',#11711,#12433);
#12433 = DEFINITIONAL_REPRESENTATION('',(#12434),#12437);
#12434 = B_SPLINE_CURVE_WITH_KNOTS('',1,(#12435,#12436),.UNSPECIFIED.,
  .F.,.F.,(2,2),(6.363961030679,8.485281374239),
  .PIECEWISE_BEZIER_KNOTS.);
#12435 = CARTESIAN_POINT('',(16.,2.));
#12436 = CARTESIAN_POINT('',(17.5,3.5));
#12437 = ( GEOMETRIC_REPRESENTATION_CONTEXT(2) 
PARAMETRIC_REPRESENTATION_CONTEXT() REPRESENTATION_CONTEXT('2D SPACE',''
  ) );
#12438 = ADVANCED_FACE('',(#12439),#9750,.F.);
#12439 = FACE_BOUND('',#12440,.F.);
#12440 = EDGE_LOOP('',(#12441,#12442,#12443));
#12441 = ORIENTED_EDGE('',*,*,#11572,.F.);
#12442 = ORIENTED_EDGE('',*,*,#11494,.F.);
#12443 = ORIENTED_EDGE('',*,*,#9737,.T.);
#12444 = ADVANCED_FACE('',(#12445),#10063,.F.);
#12445 = FACE_BOUND('',#12446,.F.);
#12446 = EDGE_LOOP('',(#12447,#12468,#12469,#12470));
#12447 = ORIENTED_EDGE('',*,*,#12448,.T.);
#12448 = EDGE_CURVE('',#11257,#10023,#12449,.T.);
#12449 = SURFACE_CURVE('',#12450,(#12454,#12461),.PCURVE_S1.);
#12450 = LINE('',#12451,#12452);
#12451 = CARTESIAN_POINT('',(185.,19.5,33.3));
#12452 = VECTOR('',#12453,1.);
#12453 = DIRECTION('',(0.,-0.828283413128,0.560309367704));
#12454 = PCURVE('',#10063,#12455);
#12455 = DEFINITIONAL_REPRESENTATION('',(#12456),#12460);
#12456 = LINE('',#12457,#12458);
#12457 = CARTESIAN_POINT('',(-2.256093937943,-10.27648539696));
#12458 = VECTOR('',#12459,1.);
#12459 = DIRECTION('',(0.560309367704,0.828283413128));
#12460 = ( GEOMETRIC_REPRESENTATION_CONTEXT(2) 
PARAMETRIC_REPRESENTATION_CONTEXT() REPRESENTATION_CONTEXT('2D SPACE',''
  ) );
#12461 = PCURVE('',#10037,#12462);
#12462 = DEFINITIONAL_REPRESENTATION('',(#12463),#12467);
#12463 = LINE('',#12464,#12465);
#12464 = CARTESIAN_POINT('',(0.,0.));
#12465 = VECTOR('',#12466,1.);
#12466 = DIRECTION('',(1.,0.));
#12467 = ( GEOMETRIC_REPRESENTATION_CONTEXT(2) 
PARAMETRIC_REPRESENTATION_CONTEXT() REPRESENTATION_CONTEXT('2D SPACE',''
  ) );
#12468 = ORIENTED_EDGE('',*,*,#10048,.F.);
#12469 = ORIENTED_EDGE('',*,*,#11440,.T.);
#12470 = ORIENTED_EDGE('',*,*,#11256,.T.);
#12471 = ADVANCED_FACE('',(#12472),#10037,.F.);
#12472 = FACE_BOUND('',#12473,.F.);
#12473 = EDGE_LOOP('',(#12474,#12475,#12476,#12497));
#12474 = ORIENTED_EDGE('',*,*,#12448,.F.);
#12475 = ORIENTED_EDGE('',*,*,#11279,.T.);
#12476 = ORIENTED_EDGE('',*,*,#12477,.T.);
#12477 = EDGE_CURVE('',#11280,#9997,#12478,.T.);
#12478 = SURFACE_CURVE('',#12479,(#12483,#12490),.PCURVE_S1.);
#12479 = LINE('',#12480,#12481);
#12480 = CARTESIAN_POINT('',(188.2,19.5,33.3));
#12481 = VECTOR('',#12482,1.);
#12482 = DIRECTION('',(0.,-0.828283413128,0.560309367704));
#12483 = PCURVE('',#10037,#12484);
#12484 = DEFINITIONAL_REPRESENTATION('',(#12485),#12489);
#12485 = LINE('',#12486,#12487);
#12486 = CARTESIAN_POINT('',(0.,-3.2));
#12487 = VECTOR('',#12488,1.);
#12488 = DIRECTION('',(1.,0.));
#12489 = ( GEOMETRIC_REPRESENTATION_CONTEXT(2) 
PARAMETRIC_REPRESENTATION_CONTEXT() REPRESENTATION_CONTEXT('2D SPACE',''
  ) );
#12490 = PCURVE('',#10011,#12491);
#12491 = DEFINITIONAL_REPRESENTATION('',(#12492),#12496);
#12492 = LINE('',#12493,#12494);
#12493 = CARTESIAN_POINT('',(-2.256093937943,-10.27648539696));
#12494 = VECTOR('',#12495,1.);
#12495 = DIRECTION('',(0.560309367704,0.828283413128));
#12496 = ( GEOMETRIC_REPRESENTATION_CONTEXT(2) 
PARAMETRIC_REPRESENTATION_CONTEXT() REPRESENTATION_CONTEXT('2D SPACE',''
  ) );
#12497 = ORIENTED_EDGE('',*,*,#10022,.F.);
#12498 = ADVANCED_FACE('',(#12499),#10011,.T.);
#12499 = FACE_BOUND('',#12500,.T.);
#12500 = EDGE_LOOP('',(#12501,#12502,#12503,#12522));
#12501 = ORIENTED_EDGE('',*,*,#12477,.T.);
#12502 = ORIENTED_EDGE('',*,*,#9996,.F.);
#12503 = ORIENTED_EDGE('',*,*,#12504,.T.);
#12504 = EDGE_CURVE('',#9971,#11046,#12505,.T.);
#12505 = SURFACE_CURVE('',#12506,(#12510,#12516),.PCURVE_S1.);
#12506 = LINE('',#12507,#12508);
#12507 = CARTESIAN_POINT('',(188.2,5.111757301519,30.8));
#12508 = VECTOR('',#12509,1.);
#12509 = DIRECTION('',(0.,1.,0.));
#12510 = PCURVE('',#10011,#12511);
#12511 = DEFINITIONAL_REPRESENTATION('',(#12512),#12515);
#12512 = B_SPLINE_CURVE_WITH_KNOTS('',1,(#12513,#12514),.UNSPECIFIED.,
  .F.,.F.,(2,2),(-2.611757301519,14.388242698481),
  .PIECEWISE_BEZIER_KNOTS.);
#12513 = CARTESIAN_POINT('',(-4.756093937943,6.723514603038));
#12514 = CARTESIAN_POINT('',(-4.756093937943,-10.27648539696));
#12515 = ( GEOMETRIC_REPRESENTATION_CONTEXT(2) 
PARAMETRIC_REPRESENTATION_CONTEXT() REPRESENTATION_CONTEXT('2D SPACE',''
  ) );
#12516 = PCURVE('',#9985,#12517);
#12517 = DEFINITIONAL_REPRESENTATION('',(#12518),#12521);
#12518 = B_SPLINE_CURVE_WITH_KNOTS('',1,(#12519,#12520),.UNSPECIFIED.,
  .F.,.F.,(2,2),(-2.611757301519,14.388242698481),
  .PIECEWISE_BEZIER_KNOTS.);
#12519 = CARTESIAN_POINT('',(5.2,1.5));
#12520 = CARTESIAN_POINT('',(5.2,18.5));
#12521 = ( GEOMETRIC_REPRESENTATION_CONTEXT(2) 
PARAMETRIC_REPRESENTATION_CONTEXT() REPRESENTATION_CONTEXT('2D SPACE',''
  ) );
#12522 = ORIENTED_EDGE('',*,*,#11302,.T.);
#12523 = ADVANCED_FACE('',(#12524),#9985,.T.);
#12524 = FACE_BOUND('',#12525,.T.);
#12525 = EDGE_LOOP('',(#12526,#12527,#12528,#12547));
#12526 = ORIENTED_EDGE('',*,*,#12504,.F.);
#12527 = ORIENTED_EDGE('',*,*,#9970,.F.);
#12528 = ORIENTED_EDGE('',*,*,#12529,.T.);
#12529 = EDGE_CURVE('',#9945,#11048,#12530,.T.);
#12530 = SURFACE_CURVE('',#12531,(#12535,#12541),.PCURVE_S1.);
#12531 = LINE('',#12532,#12533);
#12532 = CARTESIAN_POINT('',(198.4,5.111757301519,30.8));
#12533 = VECTOR('',#12534,1.);
#12534 = DIRECTION('',(0.,1.,0.));
#12535 = PCURVE('',#9985,#12536);
#12536 = DEFINITIONAL_REPRESENTATION('',(#12537),#12540);
#12537 = B_SPLINE_CURVE_WITH_KNOTS('',1,(#12538,#12539),.UNSPECIFIED.,
  .F.,.F.,(2,2),(-2.611757301519,14.388242698481),
  .PIECEWISE_BEZIER_KNOTS.);
#12538 = CARTESIAN_POINT('',(15.4,1.5));
#12539 = CARTESIAN_POINT('',(15.4,18.5));
#12540 = ( GEOMETRIC_REPRESENTATION_CONTEXT(2) 
PARAMETRIC_REPRESENTATION_CONTEXT() REPRESENTATION_CONTEXT('2D SPACE',''
  ) );
#12541 = PCURVE('',#9959,#12542);
#12542 = DEFINITIONAL_REPRESENTATION('',(#12543),#12546);
#12543 = B_SPLINE_CURVE_WITH_KNOTS('',1,(#12544,#12545),.UNSPECIFIED.,
  .F.,.F.,(2,2),(-2.611757301519,14.388242698481),
  .PIECEWISE_BEZIER_KNOTS.);
#12544 = CARTESIAN_POINT('',(-4.756093937943,6.723514603038));
#12545 = CARTESIAN_POINT('',(-4.756093937943,-10.27648539696));
#12546 = ( GEOMETRIC_REPRESENTATION_CONTEXT(2) 
PARAMETRIC_REPRESENTATION_CONTEXT() REPRESENTATION_CONTEXT('2D SPACE',''
  ) );
#12547 = ORIENTED_EDGE('',*,*,#11045,.F.);
#12548 = ADVANCED_FACE('',(#12549),#9959,.F.);
#12549 = FACE_BOUND('',#12550,.F.);
#12550 = EDGE_LOOP('',(#12551,#12572,#12573,#12574));
#12551 = ORIENTED_EDGE('',*,*,#12552,.T.);
#12552 = EDGE_CURVE('',#11071,#9919,#12553,.T.);
#12553 = SURFACE_CURVE('',#12554,(#12558,#12565),.PCURVE_S1.);
#12554 = LINE('',#12555,#12556);
#12555 = CARTESIAN_POINT('',(198.4,19.5,33.3));
#12556 = VECTOR('',#12557,1.);
#12557 = DIRECTION('',(0.,-0.828283413128,0.560309367704));
#12558 = PCURVE('',#9959,#12559);
#12559 = DEFINITIONAL_REPRESENTATION('',(#12560),#12564);
#12560 = LINE('',#12561,#12562);
#12561 = CARTESIAN_POINT('',(-2.256093937943,-10.27648539696));
#12562 = VECTOR('',#12563,1.);
#12563 = DIRECTION('',(0.560309367704,0.828283413128));
#12564 = ( GEOMETRIC_REPRESENTATION_CONTEXT(2) 
PARAMETRIC_REPRESENTATION_CONTEXT() REPRESENTATION_CONTEXT('2D SPACE',''
  ) );
#12565 = PCURVE('',#9933,#12566);
#12566 = DEFINITIONAL_REPRESENTATION('',(#12567),#12571);
#12567 = LINE('',#12568,#12569);
#12568 = CARTESIAN_POINT('',(0.,0.));
#12569 = VECTOR('',#12570,1.);
#12570 = DIRECTION('',(1.,0.));
#12571 = ( GEOMETRIC_REPRESENTATION_CONTEXT(2) 
PARAMETRIC_REPRESENTATION_CONTEXT() REPRESENTATION_CONTEXT('2D SPACE',''
  ) );
#12572 = ORIENTED_EDGE('',*,*,#9944,.F.);
#12573 = ORIENTED_EDGE('',*,*,#12529,.T.);
#12574 = ORIENTED_EDGE('',*,*,#11070,.T.);
#12575 = ADVANCED_FACE('',(#12576),#9933,.F.);
#12576 = FACE_BOUND('',#12577,.F.);
#12577 = EDGE_LOOP('',(#12578,#12579,#12580,#12601));
#12578 = ORIENTED_EDGE('',*,*,#12552,.F.);
#12579 = ORIENTED_EDGE('',*,*,#11093,.T.);
#12580 = ORIENTED_EDGE('',*,*,#12581,.T.);
#12581 = EDGE_CURVE('',#11094,#9893,#12582,.T.);
#12582 = SURFACE_CURVE('',#12583,(#12587,#12594),.PCURVE_S1.);
#12583 = LINE('',#12584,#12585);
#12584 = CARTESIAN_POINT('',(201.6,19.5,33.3));
#12585 = VECTOR('',#12586,1.);
#12586 = DIRECTION('',(0.,-0.828283413128,0.560309367704));
#12587 = PCURVE('',#9933,#12588);
#12588 = DEFINITIONAL_REPRESENTATION('',(#12589),#12593);
#12589 = LINE('',#12590,#12591);
#12590 = CARTESIAN_POINT('',(0.,-3.2));
#12591 = VECTOR('',#12592,1.);
#12592 = DIRECTION('',(1.,0.));
#12593 = ( GEOMETRIC_REPRESENTATION_CONTEXT(2) 
PARAMETRIC_REPRESENTATION_CONTEXT() REPRESENTATION_CONTEXT('2D SPACE',''
  ) );
#12594 = PCURVE('',#9907,#12595);
#12595 = DEFINITIONAL_REPRESENTATION('',(#12596),#12600);
#12596 = LINE('',#12597,#12598);
#12597 = CARTESIAN_POINT('',(-2.256093937943,-10.27648539696));
#12598 = VECTOR('',#12599,1.);
#12599 = DIRECTION('',(0.560309367704,0.828283413128));
#12600 = ( GEOMETRIC_REPRESENTATION_CONTEXT(2) 
PARAMETRIC_REPRESENTATION_CONTEXT() REPRESENTATION_CONTEXT('2D SPACE',''
  ) );
#12601 = ORIENTED_EDGE('',*,*,#9918,.F.);
#12602 = ADVANCED_FACE('',(#12603),#9907,.T.);
#12603 = FACE_BOUND('',#12604,.T.);
#12604 = EDGE_LOOP('',(#12605,#12606,#12607,#12626));
#12605 = ORIENTED_EDGE('',*,*,#12581,.T.);
#12606 = ORIENTED_EDGE('',*,*,#9892,.F.);
#12607 = ORIENTED_EDGE('',*,*,#12608,.T.);
#12608 = EDGE_CURVE('',#9867,#11117,#12609,.T.);
#12609 = SURFACE_CURVE('',#12610,(#12614,#12620),.PCURVE_S1.);
#12610 = LINE('',#12611,#12612);
#12611 = CARTESIAN_POINT('',(201.6,5.111757301519,30.8));
#12612 = VECTOR('',#12613,1.);
#12613 = DIRECTION('',(0.,1.,0.));
#12614 = PCURVE('',#9907,#12615);
#12615 = DEFINITIONAL_REPRESENTATION('',(#12616),#12619);
#12616 = B_SPLINE_CURVE_WITH_KNOTS('',1,(#12617,#12618),.UNSPECIFIED.,
  .F.,.F.,(2,2),(-2.611757301519,14.388242698481),
  .PIECEWISE_BEZIER_KNOTS.);
#12617 = CARTESIAN_POINT('',(-4.756093937943,6.723514603038));
#12618 = CARTESIAN_POINT('',(-4.756093937943,-10.27648539696));
#12619 = ( GEOMETRIC_REPRESENTATION_CONTEXT(2) 
PARAMETRIC_REPRESENTATION_CONTEXT() REPRESENTATION_CONTEXT('2D SPACE',''
  ) );
#12620 = PCURVE('',#9881,#12621);
#12621 = DEFINITIONAL_REPRESENTATION('',(#12622),#12625);
#12622 = B_SPLINE_CURVE_WITH_KNOTS('',1,(#12623,#12624),.UNSPECIFIED.,
  .F.,.F.,(2,2),(-2.611757301519,14.388242698481),
  .PIECEWISE_BEZIER_KNOTS.);
#12623 = CARTESIAN_POINT('',(18.6,1.5));
#12624 = CARTESIAN_POINT('',(18.6,18.5));
#12625 = ( GEOMETRIC_REPRESENTATION_CONTEXT(2) 
PARAMETRIC_REPRESENTATION_CONTEXT() REPRESENTATION_CONTEXT('2D SPACE',''
  ) );
#12626 = ORIENTED_EDGE('',*,*,#11116,.T.);
#12627 = ADVANCED_FACE('',(#12628),#9881,.T.);
#12628 = FACE_BOUND('',#12629,.T.);
#12629 = EDGE_LOOP('',(#12630,#12631,#12650,#12651));
#12630 = ORIENTED_EDGE('',*,*,#9866,.F.);
#12631 = ORIENTED_EDGE('',*,*,#12632,.T.);
#12632 = EDGE_CURVE('',#9841,#11140,#12633,.T.);
#12633 = SURFACE_CURVE('',#12634,(#12638,#12644),.PCURVE_S1.);
#12634 = LINE('',#12635,#12636);
#12635 = CARTESIAN_POINT('',(211.8,5.111757301519,30.8));
#12636 = VECTOR('',#12637,1.);
#12637 = DIRECTION('',(0.,1.,0.));
#12638 = PCURVE('',#9881,#12639);
#12639 = DEFINITIONAL_REPRESENTATION('',(#12640),#12643);
#12640 = B_SPLINE_CURVE_WITH_KNOTS('',1,(#12641,#12642),.UNSPECIFIED.,
  .F.,.F.,(2,2),(-2.611757301519,14.388242698481),
  .PIECEWISE_BEZIER_KNOTS.);
#12641 = CARTESIAN_POINT('',(28.8,1.5));
#12642 = CARTESIAN_POINT('',(28.8,18.5));
#12643 = ( GEOMETRIC_REPRESENTATION_CONTEXT(2) 
PARAMETRIC_REPRESENTATION_CONTEXT() REPRESENTATION_CONTEXT('2D SPACE',''
  ) );
#12644 = PCURVE('',#9855,#12645);
#12645 = DEFINITIONAL_REPRESENTATION('',(#12646),#12649);
#12646 = B_SPLINE_CURVE_WITH_KNOTS('',1,(#12647,#12648),.UNSPECIFIED.,
  .F.,.F.,(2,2),(-2.611757301519,14.388242698481),
  .PIECEWISE_BEZIER_KNOTS.);
#12647 = CARTESIAN_POINT('',(-4.756093937943,6.723514603038));
#12648 = CARTESIAN_POINT('',(-4.756093937943,-10.27648539696));
#12649 = ( GEOMETRIC_REPRESENTATION_CONTEXT(2) 
PARAMETRIC_REPRESENTATION_CONTEXT() REPRESENTATION_CONTEXT('2D SPACE',''
  ) );
#12650 = ORIENTED_EDGE('',*,*,#11139,.F.);
#12651 = ORIENTED_EDGE('',*,*,#12608,.F.);
#12652 = ADVANCED_FACE('',(#12653),#9855,.F.);
#12653 = FACE_BOUND('',#12654,.F.);
#12654 = EDGE_LOOP('',(#12655,#12676,#12677,#12678));
#12655 = ORIENTED_EDGE('',*,*,#12656,.T.);
#12656 = EDGE_CURVE('',#11163,#9815,#12657,.T.);
#12657 = SURFACE_CURVE('',#12658,(#12662,#12669),.PCURVE_S1.);
#12658 = LINE('',#12659,#12660);
#12659 = CARTESIAN_POINT('',(211.8,19.5,33.3));
#12660 = VECTOR('',#12661,1.);
#12661 = DIRECTION('',(0.,-0.828283413128,0.560309367704));
#12662 = PCURVE('',#9855,#12663);
#12663 = DEFINITIONAL_REPRESENTATION('',(#12664),#12668);
#12664 = LINE('',#12665,#12666);
#12665 = CARTESIAN_POINT('',(-2.256093937943,-10.27648539696));
#12666 = VECTOR('',#12667,1.);
#12667 = DIRECTION('',(0.560309367704,0.828283413128));
#12668 = ( GEOMETRIC_REPRESENTATION_CONTEXT(2) 
PARAMETRIC_REPRESENTATION_CONTEXT() REPRESENTATION_CONTEXT('2D SPACE',''
  ) );
#12669 = PCURVE('',#9829,#12670);
#12670 = DEFINITIONAL_REPRESENTATION('',(#12671),#12675);
#12671 = LINE('',#12672,#12673);
#12672 = CARTESIAN_POINT('',(0.,0.));
#12673 = VECTOR('',#12674,1.);
#12674 = DIRECTION('',(1.,0.));
#12675 = ( GEOMETRIC_REPRESENTATION_CONTEXT(2) 
PARAMETRIC_REPRESENTATION_CONTEXT() REPRESENTATION_CONTEXT('2D SPACE',''
  ) );
#12676 = ORIENTED_EDGE('',*,*,#9840,.F.);
#12677 = ORIENTED_EDGE('',*,*,#12632,.T.);
#12678 = ORIENTED_EDGE('',*,*,#11162,.T.);
#12679 = ADVANCED_FACE('',(#12680),#9829,.F.);
#12680 = FACE_BOUND('',#12681,.F.);
#12681 = EDGE_LOOP('',(#12682,#12683,#12684,#12705));
#12682 = ORIENTED_EDGE('',*,*,#12656,.F.);
#12683 = ORIENTED_EDGE('',*,*,#11185,.T.);
#12684 = ORIENTED_EDGE('',*,*,#12685,.T.);
#12685 = EDGE_CURVE('',#11186,#9789,#12686,.T.);
#12686 = SURFACE_CURVE('',#12687,(#12691,#12698),.PCURVE_S1.);
#12687 = LINE('',#12688,#12689);
#12688 = CARTESIAN_POINT('',(215.,19.5,33.3));
#12689 = VECTOR('',#12690,1.);
#12690 = DIRECTION('',(0.,-0.828283413128,0.560309367704));
#12691 = PCURVE('',#9829,#12692);
#12692 = DEFINITIONAL_REPRESENTATION('',(#12693),#12697);
#12693 = LINE('',#12694,#12695);
#12694 = CARTESIAN_POINT('',(0.,-3.2));
#12695 = VECTOR('',#12696,1.);
#12696 = DIRECTION('',(1.,0.));
#12697 = ( GEOMETRIC_REPRESENTATION_CONTEXT(2) 
PARAMETRIC_REPRESENTATION_CONTEXT() REPRESENTATION_CONTEXT('2D SPACE',''
  ) );
#12698 = PCURVE('',#9803,#12699);
#12699 = DEFINITIONAL_REPRESENTATION('',(#12700),#12704);
#12700 = LINE('',#12701,#12702);
#12701 = CARTESIAN_POINT('',(-2.256093937943,-10.27648539696));
#12702 = VECTOR('',#12703,1.);
#12703 = DIRECTION('',(0.560309367704,0.828283413128));
#12704 = ( GEOMETRIC_REPRESENTATION_CONTEXT(2) 
PARAMETRIC_REPRESENTATION_CONTEXT() REPRESENTATION_CONTEXT('2D SPACE',''
  ) );
#12705 = ORIENTED_EDGE('',*,*,#9814,.F.);
#12706 = ADVANCED_FACE('',(#12707),#9803,.T.);
#12707 = FACE_BOUND('',#12708,.T.);
#12708 = EDGE_LOOP('',(#12709,#12710,#12711,#12712));
#12709 = ORIENTED_EDGE('',*,*,#12685,.T.);
#12710 = ORIENTED_EDGE('',*,*,#9788,.F.);
#12711 = ORIENTED_EDGE('',*,*,#11023,.T.);
#12712 = ORIENTED_EDGE('',*,*,#11208,.T.);
#12713 = ADVANCED_FACE('',(#12714),#10971,.T.);
#12714 = FACE_BOUND('',#12715,.T.);
#12715 = EDGE_LOOP('',(#12716,#12717,#12718,#12719));
#12716 = ORIENTED_EDGE('',*,*,#12178,.T.);
#12717 = ORIENTED_EDGE('',*,*,#11627,.T.);
#12718 = ORIENTED_EDGE('',*,*,#10957,.T.);
#12719 = ORIENTED_EDGE('',*,*,#12153,.F.);
#12720 = ADVANCED_FACE('',(#12721),#11559,.T.);
#12721 = FACE_BOUND('',#12722,.T.);
#12722 = EDGE_LOOP('',(#12723,#12724,#12725));
#12723 = ORIENTED_EDGE('',*,*,#11545,.F.);
#12724 = ORIENTED_EDGE('',*,*,#11989,.F.);
#12725 = ORIENTED_EDGE('',*,*,#11899,.T.);
#12726 = ADVANCED_FACE('',(#12727),#11794,.F.);
#12727 = FACE_BOUND('',#12728,.F.);
#12728 = EDGE_LOOP('',(#12729,#12730,#12731));
#12729 = ORIENTED_EDGE('',*,*,#11778,.F.);
#12730 = ORIENTED_EDGE('',*,*,#12016,.F.);
#12731 = ORIENTED_EDGE('',*,*,#11963,.T.);
#12732 = ADVANCED_FACE('',(#12733),#11765,.T.);
#12733 = FACE_BOUND('',#12734,.T.);
#12734 = EDGE_LOOP('',(#12735,#12736,#12757));
#12735 = ORIENTED_EDGE('',*,*,#11751,.F.);
#12736 = ORIENTED_EDGE('',*,*,#12737,.F.);
#12737 = EDGE_CURVE('',#12379,#11724,#12738,.T.);
#12738 = SURFACE_CURVE('',#12739,(#12743,#12750),.PCURVE_S1.);
#12739 = LINE('',#12740,#12741);
#12740 = CARTESIAN_POINT('',(220.75,1.,120.3));
#12741 = VECTOR('',#12742,1.);
#12742 = DIRECTION('',(0.,1.,0.));
#12743 = PCURVE('',#11765,#12744);
#12744 = DEFINITIONAL_REPRESENTATION('',(#12745),#12749);
#12745 = LINE('',#12746,#12747);
#12746 = CARTESIAN_POINT('',(16.5,0.));
#12747 = VECTOR('',#12748,1.);
#12748 = DIRECTION('',(0.,1.));
#12749 = ( GEOMETRIC_REPRESENTATION_CONTEXT(2) 
PARAMETRIC_REPRESENTATION_CONTEXT() REPRESENTATION_CONTEXT('2D SPACE',''
  ) );
#12750 = PCURVE('',#11739,#12751);
#12751 = DEFINITIONAL_REPRESENTATION('',(#12752),#12756);
#12752 = LINE('',#12753,#12754);
#12753 = CARTESIAN_POINT('',(3.,0.));
#12754 = VECTOR('',#12755,1.);
#12755 = DIRECTION('',(0.,-1.));
#12756 = ( GEOMETRIC_REPRESENTATION_CONTEXT(2) 
PARAMETRIC_REPRESENTATION_CONTEXT() REPRESENTATION_CONTEXT('2D SPACE',''
  ) );
#12757 = ORIENTED_EDGE('',*,*,#12378,.T.);
#12758 = ADVANCED_FACE('',(#12759),#11739,.F.);
#12759 = FACE_BOUND('',#12760,.F.);
#12760 = EDGE_LOOP('',(#12761,#12762,#12783,#12784));
#12761 = ORIENTED_EDGE('',*,*,#12399,.T.);
#12762 = ORIENTED_EDGE('',*,*,#12763,.T.);
#12763 = EDGE_CURVE('',#12400,#11696,#12764,.T.);
#12764 = SURFACE_CURVE('',#12765,(#12769,#12776),.PCURVE_S1.);
#12765 = LINE('',#12766,#12767);
#12766 = CARTESIAN_POINT('',(220.75,1.,123.3));
#12767 = VECTOR('',#12768,1.);
#12768 = DIRECTION('',(0.,1.,0.));
#12769 = PCURVE('',#11739,#12770);
#12770 = DEFINITIONAL_REPRESENTATION('',(#12771),#12775);
#12771 = LINE('',#12772,#12773);
#12772 = CARTESIAN_POINT('',(0.,-0.));
#12773 = VECTOR('',#12774,1.);
#12774 = DIRECTION('',(0.,-1.));
#12775 = ( GEOMETRIC_REPRESENTATION_CONTEXT(2) 
PARAMETRIC_REPRESENTATION_CONTEXT() REPRESENTATION_CONTEXT('2D SPACE',''
  ) );
#12776 = PCURVE('',#11711,#12777);
#12777 = DEFINITIONAL_REPRESENTATION('',(#12778),#12782);
#12778 = LINE('',#12779,#12780);
#12779 = CARTESIAN_POINT('',(16.5,0.));
#12780 = VECTOR('',#12781,1.);
#12781 = DIRECTION('',(0.,1.));
#12782 = ( GEOMETRIC_REPRESENTATION_CONTEXT(2) 
PARAMETRIC_REPRESENTATION_CONTEXT() REPRESENTATION_CONTEXT('2D SPACE',''
  ) );
#12783 = ORIENTED_EDGE('',*,*,#11723,.T.);
#12784 = ORIENTED_EDGE('',*,*,#12737,.F.);
#12785 = ADVANCED_FACE('',(#12786),#11711,.F.);
#12786 = FACE_BOUND('',#12787,.F.);
#12787 = EDGE_LOOP('',(#12788,#12789,#12790));
#12788 = ORIENTED_EDGE('',*,*,#11695,.F.);
#12789 = ORIENTED_EDGE('',*,*,#12763,.F.);
#12790 = ORIENTED_EDGE('',*,*,#12420,.T.);
#12791 = ( GEOMETRIC_REPRESENTATION_CONTEXT(3) 
GLOBAL_UNCERTAINTY_ASSIGNED_CONTEXT((#12795)) 
GLOBAL_UNIT_ASSIGNED_CONTEXT((#12792,#12793,#12794)) 
REPRESENTATION_CONTEXT('Context #1',
  '3D Context with UNIT and UNCERTAINTY') );
#12792 = ( LENGTH_UNIT() NAMED_UNIT(*) SI_UNIT(.MILLI.,.METRE.) );
#12793 = ( NAMED_UNIT(*) PLANE_ANGLE_UNIT() SI_UNIT($,.RADIAN.) );
#12794 = ( NAMED_UNIT(*) SI_UNIT($,.STERADIAN.) SOLID_ANGLE_UNIT() );
#12795 = UNCERTAINTY_MEASURE_WITH_UNIT(LENGTH_MEASURE(1.E-07),#12792,
  'distance_accuracy_value','confusion accuracy');
#12796 = PRODUCT_RELATED_PRODUCT_CATEGORY('part',$,(#7));
ENDSEC;
END-ISO-10303-21;
