ISO-10303-21;
HEADER;
FILE_DESCRIPTION(('Open CASCADE Model'),'2;1');
FILE_NAME('Open CASCADE Shape Model','2026-09-18T05:23:15',('Author'),(
    'Open CASCADE'),'Open CASCADE STEP processor 7.7','Open CASCADE 7.7'
  ,'Unknown');
FILE_SCHEMA(('AUTOMOTIVE_DESIGN { 1 0 10303 214 1 1 1 1 }'));
ENDSEC;
DATA;
#1 = APPLICATION_PROTOCOL_DEFINITION('international standard',
  'automotive_design',2000,#2);
#2 = APPLICATION_CONTEXT(
  'core data for automotive mechanical design processes');
#3 = SHAPE_DEFINITION_REPRESENTATION(#4,#10);
#4 = PRODUCT_DEFINITION_SHAPE('','',#5);
#5 = PRODUCT_DEFINITION('design','',#6,#9);
#6 = PRODUCT_DEFINITION_FORMATION('','',#7);
#7 = PRODUCT('Open CASCADE STEP translator 7.7 2',
  'Open CASCADE STEP translator 7.7 2','',(#8));
#8 = PRODUCT_CONTEXT('',#2,'mechanical');
#9 = PRODUCT_DEFINITION_CONTEXT('part definition',#2,'design');
#10 = ADVANCED_BREP_SHAPE_REPRESENTATION('',(#11,#15),#13909);
#11 = AXIS2_PLACEMENT_3D('',#12,#13,#14);
#12 = CARTESIAN_POINT('',(0.,0.,0.));
#13 = DIRECTION('',(0.,0.,1.));
#14 = DIRECTION('',(1.,0.,-0.));
#15 = MANIFOLD_SOLID_BREP('',#16);
#16 = CLOSED_SHELL('',(#17,#219,#621,#828,#875,#3310,#3411,#3456,#3523,
    #3595,#3772,#3821,#4718,#4767,#4816,#4843,#4892,#4941,#4968,#4995,
    #5044,#5071,#5098,#5125,#5152,#5159,#5186,#5265,#5627,#5725,#5774,
    #5879,#5928,#5975,#6022,#6069,#6116,#6163,#6294,#6395,#6516,#6563,
    #6610,#6657,#6704,#6751,#6800,#6900,#6949,#7050,#7367,#7436,#7463,
    #7492,#7519,#7546,#7573,#7600,#7627,#7634,#7679,#7706,#7733,#7740,
    #7785,#7812,#7839,#7846,#7918,#7965,#8012,#8062,#8112,#8159,#8206,
    #8234,#8306,#8353,#8400,#8450,#8500,#8547,#8594,#8622,#8692,#8739,
    #8786,#8814,#8884,#8931,#8978,#9006,#9078,#9125,#9172,#9222,#9272,
    #9319,#9366,#9394,#9466,#9513,#9560,#9610,#9660,#9707,#9754,#9782,
    #9807,#9814,#9885,#9932,#9981,#10030,#10077,#10084,#10133,#10182,
    #10189,#10265,#10314,#10363,#10390,#10466,#10515,#10564,#10591,
    #10639,#10645,#10919,#10967,#10973,#11020,#11047,#11074,#11081,
    #11128,#11155,#11182,#11189,#12093,#12148,#12175,#12686,#12753,
    #12778,#12803,#12810,#12843,#12850,#12876,#12904,#12932,#12938,
    #12945,#12952,#12979,#13004,#13031,#13058,#13083,#13110,#13117,
    #13166,#13215,#13242,#13291,#13340,#13367,#13416,#13465,#13514,
    #13563,#13590,#13617,#13666,#13715,#13764,#13813,#13840,#13867,
    #13874,#13881,#13888,#13895,#13902));
#17 = ADVANCED_FACE('',(#18),#32,.F.);
#18 = FACE_BOUND('',#19,.F.);
#19 = EDGE_LOOP('',(#20,#55,#81,#109,#137,#165,#193));
#20 = ORIENTED_EDGE('',*,*,#21,.F.);
#21 = EDGE_CURVE('',#22,#24,#26,.T.);
#22 = VERTEX_POINT('',#23);
#23 = CARTESIAN_POINT('',(161.45,0.,0.6));
#24 = VERTEX_POINT('',#25);
#25 = CARTESIAN_POINT('',(161.45,0.,26.8));
#26 = SURFACE_CURVE('',#27,(#31,#43),.PCURVE_S1.);
#27 = LINE('',#28,#29);
#28 = CARTESIAN_POINT('',(161.45,0.,0.));
#29 = VECTOR('',#30,1.);
#30 = DIRECTION('',(0.,0.,1.));
#31 = PCURVE('',#32,#37);
#32 = PLANE('',#33);
#33 = AXIS2_PLACEMENT_3D('',#34,#35,#36);
#34 = CARTESIAN_POINT('',(161.45,0.,0.));
#35 = DIRECTION('',(1.,0.,-0.));
#36 = DIRECTION('',(0.,0.,1.));
#37 = DEFINITIONAL_REPRESENTATION('',(#38),#42);
#38 = LINE('',#39,#40);
#39 = CARTESIAN_POINT('',(0.,0.));
#40 = VECTOR('',#41,1.);
#41 = DIRECTION('',(1.,0.));
#42 = ( GEOMETRIC_REPRESENTATION_CONTEXT(2) 
PARAMETRIC_REPRESENTATION_CONTEXT() REPRESENTATION_CONTEXT('2D SPACE',''
  ) );
#43 = PCURVE('',#44,#49);
#44 = PLANE('',#45);
#45 = AXIS2_PLACEMENT_3D('',#46,#47,#48);
#46 = CARTESIAN_POINT('',(161.45,0.,0.));
#47 = DIRECTION('',(-0.,1.,0.));
#48 = DIRECTION('',(0.,0.,1.));
#49 = DEFINITIONAL_REPRESENTATION('',(#50),#54);
#50 = LINE('',#51,#52);
#51 = CARTESIAN_POINT('',(0.,0.));
#52 = VECTOR('',#53,1.);
#53 = DIRECTION('',(1.,0.));
#54 = ( GEOMETRIC_REPRESENTATION_CONTEXT(2) 
PARAMETRIC_REPRESENTATION_CONTEXT() REPRESENTATION_CONTEXT('2D SPACE',''
  ) );
#55 = ORIENTED_EDGE('',*,*,#56,.T.);
#56 = EDGE_CURVE('',#22,#57,#59,.T.);
#57 = VERTEX_POINT('',#58);
#58 = CARTESIAN_POINT('',(161.45,9.83606557377E-02,0.5));
#59 = SURFACE_CURVE('',#60,(#64,#70),.PCURVE_S1.);
#60 = LINE('',#61,#62);
#61 = CARTESIAN_POINT('',(161.45,0.449979510996,0.142520830488));
#62 = VECTOR('',#63,1.);
#63 = DIRECTION('',(-0.,0.701238976117,-0.712926292386));
#64 = PCURVE('',#32,#65);
#65 = DEFINITIONAL_REPRESENTATION('',(#66),#69);
#66 = B_SPLINE_CURVE_WITH_KNOTS('',1,(#67,#68),.UNSPECIFIED.,.F.,.F.,(2,
    2),(-0.641692099728,0.199909628821),.PIECEWISE_BEZIER_KNOTS.);
#67 = CARTESIAN_POINT('',(0.6,5.856273128948E-17));
#68 = CARTESIAN_POINT('',(2.049264650992E-18,-0.590163934426));
#69 = ( GEOMETRIC_REPRESENTATION_CONTEXT(2) 
PARAMETRIC_REPRESENTATION_CONTEXT() REPRESENTATION_CONTEXT('2D SPACE',''
  ) );
#70 = PCURVE('',#71,#76);
#71 = PLANE('',#72);
#72 = AXIS2_PLACEMENT_3D('',#73,#74,#75);
#73 = CARTESIAN_POINT('',(160.45,0.6,-1.E-02));
#74 = DIRECTION('',(0.,-0.712926292386,-0.701238976117));
#75 = DIRECTION('',(0.,-0.701238976117,0.712926292386));
#76 = DEFINITIONAL_REPRESENTATION('',(#77),#80);
#77 = B_SPLINE_CURVE_WITH_KNOTS('',1,(#78,#79),.UNSPECIFIED.,.F.,.F.,(2,
    2),(-0.641692099728,0.199909628821),.PIECEWISE_BEZIER_KNOTS.);
#78 = CARTESIAN_POINT('',(0.855628424025,-1.));
#79 = CARTESIAN_POINT('',(1.402669547582E-02,-1.));
#80 = ( GEOMETRIC_REPRESENTATION_CONTEXT(2) 
PARAMETRIC_REPRESENTATION_CONTEXT() REPRESENTATION_CONTEXT('2D SPACE',''
  ) );
#81 = ORIENTED_EDGE('',*,*,#82,.T.);
#82 = EDGE_CURVE('',#57,#83,#85,.T.);
#83 = VERTEX_POINT('',#84);
#84 = CARTESIAN_POINT('',(161.45,4.2,0.5));
#85 = SURFACE_CURVE('',#86,(#90,#97),.PCURVE_S1.);
#86 = LINE('',#87,#88);
#87 = CARTESIAN_POINT('',(161.45,-1.,0.5));
#88 = VECTOR('',#89,1.);
#89 = DIRECTION('',(0.,1.,0.));
#90 = PCURVE('',#32,#91);
#91 = DEFINITIONAL_REPRESENTATION('',(#92),#96);
#92 = LINE('',#93,#94);
#93 = CARTESIAN_POINT('',(0.5,1.));
#94 = VECTOR('',#95,1.);
#95 = DIRECTION('',(0.,-1.));
#96 = ( GEOMETRIC_REPRESENTATION_CONTEXT(2) 
PARAMETRIC_REPRESENTATION_CONTEXT() REPRESENTATION_CONTEXT('2D SPACE',''
  ) );
#97 = PCURVE('',#98,#103);
#98 = PLANE('',#99);
#99 = AXIS2_PLACEMENT_3D('',#100,#101,#102);
#100 = CARTESIAN_POINT('',(161.95,-1.,-1.E-02));
#101 = DIRECTION('',(0.714072839145,-0.,0.700071410926));
#102 = DIRECTION('',(-0.700071410926,0.,0.714072839145));
#103 = DEFINITIONAL_REPRESENTATION('',(#104),#108);
#104 = LINE('',#105,#106);
#105 = CARTESIAN_POINT('',(0.714212853427,0.));
#106 = VECTOR('',#107,1.);
#107 = DIRECTION('',(0.,-1.));
#108 = ( GEOMETRIC_REPRESENTATION_CONTEXT(2) 
PARAMETRIC_REPRESENTATION_CONTEXT() REPRESENTATION_CONTEXT('2D SPACE',''
  ) );
#109 = ORIENTED_EDGE('',*,*,#110,.T.);
#110 = EDGE_CURVE('',#83,#111,#113,.T.);
#111 = VERTEX_POINT('',#112);
#112 = CARTESIAN_POINT('',(161.45,4.2,14.8));
#113 = SURFACE_CURVE('',#114,(#118,#125),.PCURVE_S1.);
#114 = LINE('',#115,#116);
#115 = CARTESIAN_POINT('',(161.45,4.2,0.));
#116 = VECTOR('',#117,1.);
#117 = DIRECTION('',(0.,0.,1.));
#118 = PCURVE('',#32,#119);
#119 = DEFINITIONAL_REPRESENTATION('',(#120),#124);
#120 = LINE('',#121,#122);
#121 = CARTESIAN_POINT('',(0.,-4.2));
#122 = VECTOR('',#123,1.);
#123 = DIRECTION('',(1.,0.));
#124 = ( GEOMETRIC_REPRESENTATION_CONTEXT(2) 
PARAMETRIC_REPRESENTATION_CONTEXT() REPRESENTATION_CONTEXT('2D SPACE',''
  ) );
#125 = PCURVE('',#126,#131);
#126 = PLANE('',#127);
#127 = AXIS2_PLACEMENT_3D('',#128,#129,#130);
#128 = CARTESIAN_POINT('',(161.45,4.2,0.));
#129 = DIRECTION('',(-0.,1.,0.));
#130 = DIRECTION('',(0.,0.,1.));
#131 = DEFINITIONAL_REPRESENTATION('',(#132),#136);
#132 = LINE('',#133,#134);
#133 = CARTESIAN_POINT('',(0.,0.));
#134 = VECTOR('',#135,1.);
#135 = DIRECTION('',(1.,0.));
#136 = ( GEOMETRIC_REPRESENTATION_CONTEXT(2) 
PARAMETRIC_REPRESENTATION_CONTEXT() REPRESENTATION_CONTEXT('2D SPACE',''
  ) );
#137 = ORIENTED_EDGE('',*,*,#138,.F.);
#138 = EDGE_CURVE('',#139,#111,#141,.T.);
#139 = VERTEX_POINT('',#140);
#140 = CARTESIAN_POINT('',(161.45,6.05,14.8));
#141 = SURFACE_CURVE('',#142,(#146,#153),.PCURVE_S1.);
#142 = LINE('',#143,#144);
#143 = CARTESIAN_POINT('',(161.45,18.,14.8));
#144 = VECTOR('',#145,1.);
#145 = DIRECTION('',(0.,-1.,0.));
#146 = PCURVE('',#32,#147);
#147 = DEFINITIONAL_REPRESENTATION('',(#148),#152);
#148 = LINE('',#149,#150);
#149 = CARTESIAN_POINT('',(14.8,-18.));
#150 = VECTOR('',#151,1.);
#151 = DIRECTION('',(0.,1.));
#152 = ( GEOMETRIC_REPRESENTATION_CONTEXT(2) 
PARAMETRIC_REPRESENTATION_CONTEXT() REPRESENTATION_CONTEXT('2D SPACE',''
  ) );
#153 = PCURVE('',#154,#159);
#154 = PLANE('',#155);
#155 = AXIS2_PLACEMENT_3D('',#156,#157,#158);
#156 = CARTESIAN_POINT('',(161.45,0.,14.8));
#157 = DIRECTION('',(0.,0.,1.));
#158 = DIRECTION('',(1.,0.,-0.));
#159 = DEFINITIONAL_REPRESENTATION('',(#160),#164);
#160 = LINE('',#161,#162);
#161 = CARTESIAN_POINT('',(0.,18.));
#162 = VECTOR('',#163,1.);
#163 = DIRECTION('',(0.,-1.));
#164 = ( GEOMETRIC_REPRESENTATION_CONTEXT(2) 
PARAMETRIC_REPRESENTATION_CONTEXT() REPRESENTATION_CONTEXT('2D SPACE',''
  ) );
#165 = ORIENTED_EDGE('',*,*,#166,.T.);
#166 = EDGE_CURVE('',#139,#167,#169,.T.);
#167 = VERTEX_POINT('',#168);
#168 = CARTESIAN_POINT('',(161.45,6.05,26.8));
#169 = SURFACE_CURVE('',#170,(#174,#181),.PCURVE_S1.);
#170 = LINE('',#171,#172);
#171 = CARTESIAN_POINT('',(161.45,6.05,13.8));
#172 = VECTOR('',#173,1.);
#173 = DIRECTION('',(-0.,-0.,1.));
#174 = PCURVE('',#32,#175);
#175 = DEFINITIONAL_REPRESENTATION('',(#176),#180);
#176 = LINE('',#177,#178);
#177 = CARTESIAN_POINT('',(13.8,-6.05));
#178 = VECTOR('',#179,1.);
#179 = DIRECTION('',(1.,0.));
#180 = ( GEOMETRIC_REPRESENTATION_CONTEXT(2) 
PARAMETRIC_REPRESENTATION_CONTEXT() REPRESENTATION_CONTEXT('2D SPACE',''
  ) );
#181 = PCURVE('',#182,#187);
#182 = PLANE('',#183);
#183 = AXIS2_PLACEMENT_3D('',#184,#185,#186);
#184 = CARTESIAN_POINT('',(166.9,4.75,13.8));
#185 = DIRECTION('',(0.232022659698,0.972710381042,-0.));
#186 = DIRECTION('',(0.972710381042,-0.232022659698,-0.));
#187 = DEFINITIONAL_REPRESENTATION('',(#188),#192);
#188 = LINE('',#189,#190);
#189 = CARTESIAN_POINT('',(-5.602901034286,-0.));
#190 = VECTOR('',#191,1.);
#191 = DIRECTION('',(-0.,-1.));
#192 = ( GEOMETRIC_REPRESENTATION_CONTEXT(2) 
PARAMETRIC_REPRESENTATION_CONTEXT() REPRESENTATION_CONTEXT('2D SPACE',''
  ) );
#193 = ORIENTED_EDGE('',*,*,#194,.T.);
#194 = EDGE_CURVE('',#167,#24,#195,.T.);
#195 = SURFACE_CURVE('',#196,(#200,#207),.PCURVE_S1.);
#196 = LINE('',#197,#198);
#197 = CARTESIAN_POINT('',(161.45,18.,26.8));
#198 = VECTOR('',#199,1.);
#199 = DIRECTION('',(-0.,-1.,-0.));
#200 = PCURVE('',#32,#201);
#201 = DEFINITIONAL_REPRESENTATION('',(#202),#206);
#202 = LINE('',#203,#204);
#203 = CARTESIAN_POINT('',(26.8,-18.));
#204 = VECTOR('',#205,1.);
#205 = DIRECTION('',(0.,1.));
#206 = ( GEOMETRIC_REPRESENTATION_CONTEXT(2) 
PARAMETRIC_REPRESENTATION_CONTEXT() REPRESENTATION_CONTEXT('2D SPACE',''
  ) );
#207 = PCURVE('',#208,#213);
#208 = PLANE('',#209);
#209 = AXIS2_PLACEMENT_3D('',#210,#211,#212);
#210 = CARTESIAN_POINT('',(173.45,18.,26.8));
#211 = DIRECTION('',(-0.,-0.,1.));
#212 = DIRECTION('',(1.,0.,0.));
#213 = DEFINITIONAL_REPRESENTATION('',(#214),#218);
#214 = LINE('',#215,#216);
#215 = CARTESIAN_POINT('',(-12.,0.));
#216 = VECTOR('',#217,1.);
#217 = DIRECTION('',(-0.,-1.));
#218 = ( GEOMETRIC_REPRESENTATION_CONTEXT(2) 
PARAMETRIC_REPRESENTATION_CONTEXT() REPRESENTATION_CONTEXT('2D SPACE',''
  ) );
#219 = ADVANCED_FACE('',(#220),#44,.F.);
#220 = FACE_BOUND('',#221,.F.);
#221 = EDGE_LOOP('',(#222,#252,#273,#274,#297,#325,#353,#381,#409,#437,
    #460,#488,#516,#544,#567,#595));
#222 = ORIENTED_EDGE('',*,*,#223,.F.);
#223 = EDGE_CURVE('',#224,#226,#228,.T.);
#224 = VERTEX_POINT('',#225);
#225 = CARTESIAN_POINT('',(321.15,0.,0.6));
#226 = VERTEX_POINT('',#227);
#227 = CARTESIAN_POINT('',(321.15,0.,26.8));
#228 = SURFACE_CURVE('',#229,(#233,#240),.PCURVE_S1.);
#229 = LINE('',#230,#231);
#230 = CARTESIAN_POINT('',(321.15,0.,0.));
#231 = VECTOR('',#232,1.);
#232 = DIRECTION('',(0.,0.,1.));
#233 = PCURVE('',#44,#234);
#234 = DEFINITIONAL_REPRESENTATION('',(#235),#239);
#235 = LINE('',#236,#237);
#236 = CARTESIAN_POINT('',(0.,159.7));
#237 = VECTOR('',#238,1.);
#238 = DIRECTION('',(1.,0.));
#239 = ( GEOMETRIC_REPRESENTATION_CONTEXT(2) 
PARAMETRIC_REPRESENTATION_CONTEXT() REPRESENTATION_CONTEXT('2D SPACE',''
  ) );
#240 = PCURVE('',#241,#246);
#241 = PLANE('',#242);
#242 = AXIS2_PLACEMENT_3D('',#243,#244,#245);
#243 = CARTESIAN_POINT('',(321.15,0.,0.));
#244 = DIRECTION('',(1.,0.,-0.));
#245 = DIRECTION('',(0.,0.,1.));
#246 = DEFINITIONAL_REPRESENTATION('',(#247),#251);
#247 = LINE('',#248,#249);
#248 = CARTESIAN_POINT('',(0.,0.));
#249 = VECTOR('',#250,1.);
#250 = DIRECTION('',(1.,0.));
#251 = ( GEOMETRIC_REPRESENTATION_CONTEXT(2) 
PARAMETRIC_REPRESENTATION_CONTEXT() REPRESENTATION_CONTEXT('2D SPACE',''
  ) );
#252 = ORIENTED_EDGE('',*,*,#253,.F.);
#253 = EDGE_CURVE('',#22,#224,#254,.T.);
#254 = SURFACE_CURVE('',#255,(#259,#266),.PCURVE_S1.);
#255 = LINE('',#256,#257);
#256 = CARTESIAN_POINT('',(160.45,0.,0.6));
#257 = VECTOR('',#258,1.);
#258 = DIRECTION('',(1.,0.,0.));
#259 = PCURVE('',#44,#260);
#260 = DEFINITIONAL_REPRESENTATION('',(#261),#265);
#261 = LINE('',#262,#263);
#262 = CARTESIAN_POINT('',(0.6,-1.));
#263 = VECTOR('',#264,1.);
#264 = DIRECTION('',(0.,1.));
#265 = ( GEOMETRIC_REPRESENTATION_CONTEXT(2) 
PARAMETRIC_REPRESENTATION_CONTEXT() REPRESENTATION_CONTEXT('2D SPACE',''
  ) );
#266 = PCURVE('',#71,#267);
#267 = DEFINITIONAL_REPRESENTATION('',(#268),#272);
#268 = LINE('',#269,#270);
#269 = CARTESIAN_POINT('',(0.855628424025,0.));
#270 = VECTOR('',#271,1.);
#271 = DIRECTION('',(0.,-1.));
#272 = ( GEOMETRIC_REPRESENTATION_CONTEXT(2) 
PARAMETRIC_REPRESENTATION_CONTEXT() REPRESENTATION_CONTEXT('2D SPACE',''
  ) );
#273 = ORIENTED_EDGE('',*,*,#21,.T.);
#274 = ORIENTED_EDGE('',*,*,#275,.F.);
#275 = EDGE_CURVE('',#276,#24,#278,.T.);
#276 = VERTEX_POINT('',#277);
#277 = CARTESIAN_POINT('',(173.45,0.,26.8));
#278 = SURFACE_CURVE('',#279,(#283,#290),.PCURVE_S1.);
#279 = LINE('',#280,#281);
#280 = CARTESIAN_POINT('',(173.45,0.,26.8));
#281 = VECTOR('',#282,1.);
#282 = DIRECTION('',(-1.,-0.,-0.));
#283 = PCURVE('',#44,#284);
#284 = DEFINITIONAL_REPRESENTATION('',(#285),#289);
#285 = LINE('',#286,#287);
#286 = CARTESIAN_POINT('',(26.8,12.));
#287 = VECTOR('',#288,1.);
#288 = DIRECTION('',(-0.,-1.));
#289 = ( GEOMETRIC_REPRESENTATION_CONTEXT(2) 
PARAMETRIC_REPRESENTATION_CONTEXT() REPRESENTATION_CONTEXT('2D SPACE',''
  ) );
#290 = PCURVE('',#208,#291);
#291 = DEFINITIONAL_REPRESENTATION('',(#292),#296);
#292 = LINE('',#293,#294);
#293 = CARTESIAN_POINT('',(-0.,-18.));
#294 = VECTOR('',#295,1.);
#295 = DIRECTION('',(-1.,0.));
#296 = ( GEOMETRIC_REPRESENTATION_CONTEXT(2) 
PARAMETRIC_REPRESENTATION_CONTEXT() REPRESENTATION_CONTEXT('2D SPACE',''
  ) );
#297 = ORIENTED_EDGE('',*,*,#298,.F.);
#298 = EDGE_CURVE('',#299,#276,#301,.T.);
#299 = VERTEX_POINT('',#300);
#300 = CARTESIAN_POINT('',(179.98333333333,0.,19.8));
#301 = SURFACE_CURVE('',#302,(#306,#313),.PCURVE_S1.);
#302 = LINE('',#303,#304);
#303 = CARTESIAN_POINT('',(180.45,0.,19.3));
#304 = VECTOR('',#305,1.);
#305 = DIRECTION('',(-0.68231825036,-0.,0.731055268243));
#306 = PCURVE('',#44,#307);
#307 = DEFINITIONAL_REPRESENTATION('',(#308),#312);
#308 = LINE('',#309,#310);
#309 = CARTESIAN_POINT('',(19.3,19.));
#310 = VECTOR('',#311,1.);
#311 = DIRECTION('',(0.731055268243,-0.68231825036));
#312 = ( GEOMETRIC_REPRESENTATION_CONTEXT(2) 
PARAMETRIC_REPRESENTATION_CONTEXT() REPRESENTATION_CONTEXT('2D SPACE',''
  ) );
#313 = PCURVE('',#314,#319);
#314 = PLANE('',#315);
#315 = AXIS2_PLACEMENT_3D('',#316,#317,#318);
#316 = CARTESIAN_POINT('',(180.45,18.,19.3));
#317 = DIRECTION('',(0.731055268243,-0.,0.68231825036));
#318 = DIRECTION('',(0.68231825036,0.,-0.731055268243));
#319 = DEFINITIONAL_REPRESENTATION('',(#320),#324);
#320 = LINE('',#321,#322);
#321 = CARTESIAN_POINT('',(-0.,-18.));
#322 = VECTOR('',#323,1.);
#323 = DIRECTION('',(-1.,0.));
#324 = ( GEOMETRIC_REPRESENTATION_CONTEXT(2) 
PARAMETRIC_REPRESENTATION_CONTEXT() REPRESENTATION_CONTEXT('2D SPACE',''
  ) );
#325 = ORIENTED_EDGE('',*,*,#326,.T.);
#326 = EDGE_CURVE('',#299,#327,#329,.T.);
#327 = VERTEX_POINT('',#328);
#328 = CARTESIAN_POINT('',(230.,0.,19.8));
#329 = SURFACE_CURVE('',#330,(#334,#341),.PCURVE_S1.);
#330 = LINE('',#331,#332);
#331 = CARTESIAN_POINT('',(161.45,0.,19.8));
#332 = VECTOR('',#333,1.);
#333 = DIRECTION('',(1.,0.,-0.));
#334 = PCURVE('',#44,#335);
#335 = DEFINITIONAL_REPRESENTATION('',(#336),#340);
#336 = LINE('',#337,#338);
#337 = CARTESIAN_POINT('',(19.8,0.));
#338 = VECTOR('',#339,1.);
#339 = DIRECTION('',(0.,1.));
#340 = ( GEOMETRIC_REPRESENTATION_CONTEXT(2) 
PARAMETRIC_REPRESENTATION_CONTEXT() REPRESENTATION_CONTEXT('2D SPACE',''
  ) );
#341 = PCURVE('',#342,#347);
#342 = PLANE('',#343);
#343 = AXIS2_PLACEMENT_3D('',#344,#345,#346);
#344 = CARTESIAN_POINT('',(161.45,0.,19.8));
#345 = DIRECTION('',(0.,0.,1.));
#346 = DIRECTION('',(1.,0.,-0.));
#347 = DEFINITIONAL_REPRESENTATION('',(#348),#352);
#348 = LINE('',#349,#350);
#349 = CARTESIAN_POINT('',(0.,0.));
#350 = VECTOR('',#351,1.);
#351 = DIRECTION('',(1.,0.));
#352 = ( GEOMETRIC_REPRESENTATION_CONTEXT(2) 
PARAMETRIC_REPRESENTATION_CONTEXT() REPRESENTATION_CONTEXT('2D SPACE',''
  ) );
#353 = ORIENTED_EDGE('',*,*,#354,.T.);
#354 = EDGE_CURVE('',#327,#355,#357,.T.);
#355 = VERTEX_POINT('',#356);
#356 = CARTESIAN_POINT('',(230.,0.,26.8));
#357 = SURFACE_CURVE('',#358,(#362,#369),.PCURVE_S1.);
#358 = LINE('',#359,#360);
#359 = CARTESIAN_POINT('',(230.,0.,19.3));
#360 = VECTOR('',#361,1.);
#361 = DIRECTION('',(-0.,-0.,1.));
#362 = PCURVE('',#44,#363);
#363 = DEFINITIONAL_REPRESENTATION('',(#364),#368);
#364 = LINE('',#365,#366);
#365 = CARTESIAN_POINT('',(19.3,68.55));
#366 = VECTOR('',#367,1.);
#367 = DIRECTION('',(1.,0.));
#368 = ( GEOMETRIC_REPRESENTATION_CONTEXT(2) 
PARAMETRIC_REPRESENTATION_CONTEXT() REPRESENTATION_CONTEXT('2D SPACE',''
  ) );
#369 = PCURVE('',#370,#375);
#370 = PLANE('',#371);
#371 = AXIS2_PLACEMENT_3D('',#372,#373,#374);
#372 = CARTESIAN_POINT('',(230.,6.580449034634,21.879310327223));
#373 = DIRECTION('',(1.,-0.,-0.));
#374 = DIRECTION('',(0.,0.,-1.));
#375 = DEFINITIONAL_REPRESENTATION('',(#376),#380);
#376 = LINE('',#377,#378);
#377 = CARTESIAN_POINT('',(2.579310327223,-6.580449034634));
#378 = VECTOR('',#379,1.);
#379 = DIRECTION('',(-1.,0.));
#380 = ( GEOMETRIC_REPRESENTATION_CONTEXT(2) 
PARAMETRIC_REPRESENTATION_CONTEXT() REPRESENTATION_CONTEXT('2D SPACE',''
  ) );
#381 = ORIENTED_EDGE('',*,*,#382,.T.);
#382 = EDGE_CURVE('',#355,#383,#385,.T.);
#383 = VERTEX_POINT('',#384);
#384 = CARTESIAN_POINT('',(233.2,0.,26.8));
#385 = SURFACE_CURVE('',#386,(#390,#397),.PCURVE_S1.);
#386 = LINE('',#387,#388);
#387 = CARTESIAN_POINT('',(230.,0.,26.8));
#388 = VECTOR('',#389,1.);
#389 = DIRECTION('',(1.,-0.,-0.));
#390 = PCURVE('',#44,#391);
#391 = DEFINITIONAL_REPRESENTATION('',(#392),#396);
#392 = LINE('',#393,#394);
#393 = CARTESIAN_POINT('',(26.8,68.55));
#394 = VECTOR('',#395,1.);
#395 = DIRECTION('',(0.,1.));
#396 = ( GEOMETRIC_REPRESENTATION_CONTEXT(2) 
PARAMETRIC_REPRESENTATION_CONTEXT() REPRESENTATION_CONTEXT('2D SPACE',''
  ) );
#397 = PCURVE('',#398,#403);
#398 = PLANE('',#399);
#399 = AXIS2_PLACEMENT_3D('',#400,#401,#402);
#400 = CARTESIAN_POINT('',(230.,0.,26.8));
#401 = DIRECTION('',(-0.,-0.,-1.));
#402 = DIRECTION('',(0.,-1.,0.));
#403 = DEFINITIONAL_REPRESENTATION('',(#404),#408);
#404 = LINE('',#405,#406);
#405 = CARTESIAN_POINT('',(-0.,0.));
#406 = VECTOR('',#407,1.);
#407 = DIRECTION('',(-0.,-1.));
#408 = ( GEOMETRIC_REPRESENTATION_CONTEXT(2) 
PARAMETRIC_REPRESENTATION_CONTEXT() REPRESENTATION_CONTEXT('2D SPACE',''
  ) );
#409 = ORIENTED_EDGE('',*,*,#410,.F.);
#410 = EDGE_CURVE('',#411,#383,#413,.T.);
#411 = VERTEX_POINT('',#412);
#412 = CARTESIAN_POINT('',(233.2,0.,19.8));
#413 = SURFACE_CURVE('',#414,(#418,#425),.PCURVE_S1.);
#414 = LINE('',#415,#416);
#415 = CARTESIAN_POINT('',(233.2,0.,19.3));
#416 = VECTOR('',#417,1.);
#417 = DIRECTION('',(-0.,-0.,1.));
#418 = PCURVE('',#44,#419);
#419 = DEFINITIONAL_REPRESENTATION('',(#420),#424);
#420 = LINE('',#421,#422);
#421 = CARTESIAN_POINT('',(19.3,71.75));
#422 = VECTOR('',#423,1.);
#423 = DIRECTION('',(1.,0.));
#424 = ( GEOMETRIC_REPRESENTATION_CONTEXT(2) 
PARAMETRIC_REPRESENTATION_CONTEXT() REPRESENTATION_CONTEXT('2D SPACE',''
  ) );
#425 = PCURVE('',#426,#431);
#426 = PLANE('',#427);
#427 = AXIS2_PLACEMENT_3D('',#428,#429,#430);
#428 = CARTESIAN_POINT('',(233.2,6.580449034634,21.879310327223));
#429 = DIRECTION('',(1.,-0.,-0.));
#430 = DIRECTION('',(0.,0.,-1.));
#431 = DEFINITIONAL_REPRESENTATION('',(#432),#436);
#432 = LINE('',#433,#434);
#433 = CARTESIAN_POINT('',(2.579310327223,-6.580449034634));
#434 = VECTOR('',#435,1.);
#435 = DIRECTION('',(-1.,0.));
#436 = ( GEOMETRIC_REPRESENTATION_CONTEXT(2) 
PARAMETRIC_REPRESENTATION_CONTEXT() REPRESENTATION_CONTEXT('2D SPACE',''
  ) );
#437 = ORIENTED_EDGE('',*,*,#438,.T.);
#438 = EDGE_CURVE('',#411,#439,#441,.T.);
#439 = VERTEX_POINT('',#440);
#440 = CARTESIAN_POINT('',(250.2,0.,19.8));
#441 = SURFACE_CURVE('',#442,(#446,#453),.PCURVE_S1.);
#442 = LINE('',#443,#444);
#443 = CARTESIAN_POINT('',(161.45,0.,19.8));
#444 = VECTOR('',#445,1.);
#445 = DIRECTION('',(1.,0.,-0.));
#446 = PCURVE('',#44,#447);
#447 = DEFINITIONAL_REPRESENTATION('',(#448),#452);
#448 = LINE('',#449,#450);
#449 = CARTESIAN_POINT('',(19.8,0.));
#450 = VECTOR('',#451,1.);
#451 = DIRECTION('',(0.,1.));
#452 = ( GEOMETRIC_REPRESENTATION_CONTEXT(2) 
PARAMETRIC_REPRESENTATION_CONTEXT() REPRESENTATION_CONTEXT('2D SPACE',''
  ) );
#453 = PCURVE('',#342,#454);
#454 = DEFINITIONAL_REPRESENTATION('',(#455),#459);
#455 = LINE('',#456,#457);
#456 = CARTESIAN_POINT('',(0.,0.));
#457 = VECTOR('',#458,1.);
#458 = DIRECTION('',(1.,0.));
#459 = ( GEOMETRIC_REPRESENTATION_CONTEXT(2) 
PARAMETRIC_REPRESENTATION_CONTEXT() REPRESENTATION_CONTEXT('2D SPACE',''
  ) );
#460 = ORIENTED_EDGE('',*,*,#461,.T.);
#461 = EDGE_CURVE('',#439,#462,#464,.T.);
#462 = VERTEX_POINT('',#463);
#463 = CARTESIAN_POINT('',(250.2,0.,26.8));
#464 = SURFACE_CURVE('',#465,(#469,#476),.PCURVE_S1.);
#465 = LINE('',#466,#467);
#466 = CARTESIAN_POINT('',(250.2,0.,19.3));
#467 = VECTOR('',#468,1.);
#468 = DIRECTION('',(-0.,-0.,1.));
#469 = PCURVE('',#44,#470);
#470 = DEFINITIONAL_REPRESENTATION('',(#471),#475);
#471 = LINE('',#472,#473);
#472 = CARTESIAN_POINT('',(19.3,88.75));
#473 = VECTOR('',#474,1.);
#474 = DIRECTION('',(1.,0.));
#475 = ( GEOMETRIC_REPRESENTATION_CONTEXT(2) 
PARAMETRIC_REPRESENTATION_CONTEXT() REPRESENTATION_CONTEXT('2D SPACE',''
  ) );
#476 = PCURVE('',#477,#482);
#477 = PLANE('',#478);
#478 = AXIS2_PLACEMENT_3D('',#479,#480,#481);
#479 = CARTESIAN_POINT('',(250.2,6.580449034634,21.879310327223));
#480 = DIRECTION('',(1.,-0.,-0.));
#481 = DIRECTION('',(0.,0.,-1.));
#482 = DEFINITIONAL_REPRESENTATION('',(#483),#487);
#483 = LINE('',#484,#485);
#484 = CARTESIAN_POINT('',(2.579310327223,-6.580449034634));
#485 = VECTOR('',#486,1.);
#486 = DIRECTION('',(-1.,0.));
#487 = ( GEOMETRIC_REPRESENTATION_CONTEXT(2) 
PARAMETRIC_REPRESENTATION_CONTEXT() REPRESENTATION_CONTEXT('2D SPACE',''
  ) );
#488 = ORIENTED_EDGE('',*,*,#489,.T.);
#489 = EDGE_CURVE('',#462,#490,#492,.T.);
#490 = VERTEX_POINT('',#491);
#491 = CARTESIAN_POINT('',(253.4,0.,26.8));
#492 = SURFACE_CURVE('',#493,(#497,#504),.PCURVE_S1.);
#493 = LINE('',#494,#495);
#494 = CARTESIAN_POINT('',(250.2,0.,26.8));
#495 = VECTOR('',#496,1.);
#496 = DIRECTION('',(1.,-0.,-0.));
#497 = PCURVE('',#44,#498);
#498 = DEFINITIONAL_REPRESENTATION('',(#499),#503);
#499 = LINE('',#500,#501);
#500 = CARTESIAN_POINT('',(26.8,88.75));
#501 = VECTOR('',#502,1.);
#502 = DIRECTION('',(0.,1.));
#503 = ( GEOMETRIC_REPRESENTATION_CONTEXT(2) 
PARAMETRIC_REPRESENTATION_CONTEXT() REPRESENTATION_CONTEXT('2D SPACE',''
  ) );
#504 = PCURVE('',#505,#510);
#505 = PLANE('',#506);
#506 = AXIS2_PLACEMENT_3D('',#507,#508,#509);
#507 = CARTESIAN_POINT('',(250.2,0.,26.8));
#508 = DIRECTION('',(-0.,-0.,-1.));
#509 = DIRECTION('',(0.,-1.,0.));
#510 = DEFINITIONAL_REPRESENTATION('',(#511),#515);
#511 = LINE('',#512,#513);
#512 = CARTESIAN_POINT('',(-0.,0.));
#513 = VECTOR('',#514,1.);
#514 = DIRECTION('',(-0.,-1.));
#515 = ( GEOMETRIC_REPRESENTATION_CONTEXT(2) 
PARAMETRIC_REPRESENTATION_CONTEXT() REPRESENTATION_CONTEXT('2D SPACE',''
  ) );
#516 = ORIENTED_EDGE('',*,*,#517,.F.);
#517 = EDGE_CURVE('',#518,#490,#520,.T.);
#518 = VERTEX_POINT('',#519);
#519 = CARTESIAN_POINT('',(253.4,0.,19.8));
#520 = SURFACE_CURVE('',#521,(#525,#532),.PCURVE_S1.);
#521 = LINE('',#522,#523);
#522 = CARTESIAN_POINT('',(253.4,0.,19.3));
#523 = VECTOR('',#524,1.);
#524 = DIRECTION('',(-0.,-0.,1.));
#525 = PCURVE('',#44,#526);
#526 = DEFINITIONAL_REPRESENTATION('',(#527),#531);
#527 = LINE('',#528,#529);
#528 = CARTESIAN_POINT('',(19.3,91.95));
#529 = VECTOR('',#530,1.);
#530 = DIRECTION('',(1.,0.));
#531 = ( GEOMETRIC_REPRESENTATION_CONTEXT(2) 
PARAMETRIC_REPRESENTATION_CONTEXT() REPRESENTATION_CONTEXT('2D SPACE',''
  ) );
#532 = PCURVE('',#533,#538);
#533 = PLANE('',#534);
#534 = AXIS2_PLACEMENT_3D('',#535,#536,#537);
#535 = CARTESIAN_POINT('',(253.4,6.580449034634,21.879310327223));
#536 = DIRECTION('',(1.,-0.,-0.));
#537 = DIRECTION('',(0.,0.,-1.));
#538 = DEFINITIONAL_REPRESENTATION('',(#539),#543);
#539 = LINE('',#540,#541);
#540 = CARTESIAN_POINT('',(2.579310327223,-6.580449034634));
#541 = VECTOR('',#542,1.);
#542 = DIRECTION('',(-1.,0.));
#543 = ( GEOMETRIC_REPRESENTATION_CONTEXT(2) 
PARAMETRIC_REPRESENTATION_CONTEXT() REPRESENTATION_CONTEXT('2D SPACE',''
  ) );
#544 = ORIENTED_EDGE('',*,*,#545,.T.);
#545 = EDGE_CURVE('',#518,#546,#548,.T.);
#546 = VERTEX_POINT('',#547);
#547 = CARTESIAN_POINT('',(302.61666666666,0.,19.8));
#548 = SURFACE_CURVE('',#549,(#553,#560),.PCURVE_S1.);
#549 = LINE('',#550,#551);
#550 = CARTESIAN_POINT('',(161.45,0.,19.8));
#551 = VECTOR('',#552,1.);
#552 = DIRECTION('',(1.,0.,-0.));
#553 = PCURVE('',#44,#554);
#554 = DEFINITIONAL_REPRESENTATION('',(#555),#559);
#555 = LINE('',#556,#557);
#556 = CARTESIAN_POINT('',(19.8,0.));
#557 = VECTOR('',#558,1.);
#558 = DIRECTION('',(0.,1.));
#559 = ( GEOMETRIC_REPRESENTATION_CONTEXT(2) 
PARAMETRIC_REPRESENTATION_CONTEXT() REPRESENTATION_CONTEXT('2D SPACE',''
  ) );
#560 = PCURVE('',#342,#561);
#561 = DEFINITIONAL_REPRESENTATION('',(#562),#566);
#562 = LINE('',#563,#564);
#563 = CARTESIAN_POINT('',(0.,0.));
#564 = VECTOR('',#565,1.);
#565 = DIRECTION('',(1.,0.));
#566 = ( GEOMETRIC_REPRESENTATION_CONTEXT(2) 
PARAMETRIC_REPRESENTATION_CONTEXT() REPRESENTATION_CONTEXT('2D SPACE',''
  ) );
#567 = ORIENTED_EDGE('',*,*,#568,.T.);
#568 = EDGE_CURVE('',#546,#569,#571,.T.);
#569 = VERTEX_POINT('',#570);
#570 = CARTESIAN_POINT('',(309.15,0.,26.8));
#571 = SURFACE_CURVE('',#572,(#576,#583),.PCURVE_S1.);
#572 = LINE('',#573,#574);
#573 = CARTESIAN_POINT('',(302.15,0.,19.3));
#574 = VECTOR('',#575,1.);
#575 = DIRECTION('',(0.68231825036,-0.,0.731055268243));
#576 = PCURVE('',#44,#577);
#577 = DEFINITIONAL_REPRESENTATION('',(#578),#582);
#578 = LINE('',#579,#580);
#579 = CARTESIAN_POINT('',(19.3,140.7));
#580 = VECTOR('',#581,1.);
#581 = DIRECTION('',(0.731055268243,0.68231825036));
#582 = ( GEOMETRIC_REPRESENTATION_CONTEXT(2) 
PARAMETRIC_REPRESENTATION_CONTEXT() REPRESENTATION_CONTEXT('2D SPACE',''
  ) );
#583 = PCURVE('',#584,#589);
#584 = PLANE('',#585);
#585 = AXIS2_PLACEMENT_3D('',#586,#587,#588);
#586 = CARTESIAN_POINT('',(302.15,18.,19.3));
#587 = DIRECTION('',(-0.731055268243,-0.,0.68231825036));
#588 = DIRECTION('',(0.68231825036,-0.,0.731055268243));
#589 = DEFINITIONAL_REPRESENTATION('',(#590),#594);
#590 = LINE('',#591,#592);
#591 = CARTESIAN_POINT('',(0.,-18.));
#592 = VECTOR('',#593,1.);
#593 = DIRECTION('',(1.,-0.));
#594 = ( GEOMETRIC_REPRESENTATION_CONTEXT(2) 
PARAMETRIC_REPRESENTATION_CONTEXT() REPRESENTATION_CONTEXT('2D SPACE',''
  ) );
#595 = ORIENTED_EDGE('',*,*,#596,.T.);
#596 = EDGE_CURVE('',#569,#226,#597,.T.);
#597 = SURFACE_CURVE('',#598,(#602,#609),.PCURVE_S1.);
#598 = LINE('',#599,#600);
#599 = CARTESIAN_POINT('',(309.15,0.,26.8));
#600 = VECTOR('',#601,1.);
#601 = DIRECTION('',(1.,-0.,-0.));
#602 = PCURVE('',#44,#603);
#603 = DEFINITIONAL_REPRESENTATION('',(#604),#608);
#604 = LINE('',#605,#606);
#605 = CARTESIAN_POINT('',(26.8,147.7));
#606 = VECTOR('',#607,1.);
#607 = DIRECTION('',(0.,1.));
#608 = ( GEOMETRIC_REPRESENTATION_CONTEXT(2) 
PARAMETRIC_REPRESENTATION_CONTEXT() REPRESENTATION_CONTEXT('2D SPACE',''
  ) );
#609 = PCURVE('',#610,#615);
#610 = PLANE('',#611);
#611 = AXIS2_PLACEMENT_3D('',#612,#613,#614);
#612 = CARTESIAN_POINT('',(309.15,18.,26.8));
#613 = DIRECTION('',(-0.,-0.,1.));
#614 = DIRECTION('',(1.,-0.,-0.));
#615 = DEFINITIONAL_REPRESENTATION('',(#616),#620);
#616 = LINE('',#617,#618);
#617 = CARTESIAN_POINT('',(0.,-18.));
#618 = VECTOR('',#619,1.);
#619 = DIRECTION('',(1.,0.));
#620 = ( GEOMETRIC_REPRESENTATION_CONTEXT(2) 
PARAMETRIC_REPRESENTATION_CONTEXT() REPRESENTATION_CONTEXT('2D SPACE',''
  ) );
#621 = ADVANCED_FACE('',(#622),#208,.T.);
#622 = FACE_BOUND('',#623,.F.);
#623 = EDGE_LOOP('',(#624,#654,#675,#676,#677,#698,#724,#750,#776,#802)
  );
#624 = ORIENTED_EDGE('',*,*,#625,.F.);
#625 = EDGE_CURVE('',#626,#628,#630,.T.);
#626 = VERTEX_POINT('',#627);
#627 = CARTESIAN_POINT('',(173.45,18.,26.8));
#628 = VERTEX_POINT('',#629);
#629 = CARTESIAN_POINT('',(161.45,18.,26.8));
#630 = SURFACE_CURVE('',#631,(#635,#642),.PCURVE_S1.);
#631 = LINE('',#632,#633);
#632 = CARTESIAN_POINT('',(173.45,18.,26.8));
#633 = VECTOR('',#634,1.);
#634 = DIRECTION('',(-1.,-0.,-0.));
#635 = PCURVE('',#208,#636);
#636 = DEFINITIONAL_REPRESENTATION('',(#637),#641);
#637 = LINE('',#638,#639);
#638 = CARTESIAN_POINT('',(0.,-0.));
#639 = VECTOR('',#640,1.);
#640 = DIRECTION('',(-1.,0.));
#641 = ( GEOMETRIC_REPRESENTATION_CONTEXT(2) 
PARAMETRIC_REPRESENTATION_CONTEXT() REPRESENTATION_CONTEXT('2D SPACE',''
  ) );
#642 = PCURVE('',#643,#648);
#643 = PLANE('',#644);
#644 = AXIS2_PLACEMENT_3D('',#645,#646,#647);
#645 = CARTESIAN_POINT('',(169.88978556608,18.,22.511639422251));
#646 = DIRECTION('',(-0.,1.,-0.));
#647 = DIRECTION('',(0.,0.,1.));
#648 = DEFINITIONAL_REPRESENTATION('',(#649),#653);
#649 = LINE('',#650,#651);
#650 = CARTESIAN_POINT('',(4.288360577749,3.560214433915));
#651 = VECTOR('',#652,1.);
#652 = DIRECTION('',(-0.,-1.));
#653 = ( GEOMETRIC_REPRESENTATION_CONTEXT(2) 
PARAMETRIC_REPRESENTATION_CONTEXT() REPRESENTATION_CONTEXT('2D SPACE',''
  ) );
#654 = ORIENTED_EDGE('',*,*,#655,.T.);
#655 = EDGE_CURVE('',#626,#276,#656,.T.);
#656 = SURFACE_CURVE('',#657,(#661,#668),.PCURVE_S1.);
#657 = LINE('',#658,#659);
#658 = CARTESIAN_POINT('',(173.45,18.,26.8));
#659 = VECTOR('',#660,1.);
#660 = DIRECTION('',(-0.,-1.,-0.));
#661 = PCURVE('',#208,#662);
#662 = DEFINITIONAL_REPRESENTATION('',(#663),#667);
#663 = LINE('',#664,#665);
#664 = CARTESIAN_POINT('',(0.,-0.));
#665 = VECTOR('',#666,1.);
#666 = DIRECTION('',(-0.,-1.));
#667 = ( GEOMETRIC_REPRESENTATION_CONTEXT(2) 
PARAMETRIC_REPRESENTATION_CONTEXT() REPRESENTATION_CONTEXT('2D SPACE',''
  ) );
#668 = PCURVE('',#314,#669);
#669 = DEFINITIONAL_REPRESENTATION('',(#670),#674);
#670 = LINE('',#671,#672);
#671 = CARTESIAN_POINT('',(-10.25914226434,0.));
#672 = VECTOR('',#673,1.);
#673 = DIRECTION('',(-0.,-1.));
#674 = ( GEOMETRIC_REPRESENTATION_CONTEXT(2) 
PARAMETRIC_REPRESENTATION_CONTEXT() REPRESENTATION_CONTEXT('2D SPACE',''
  ) );
#675 = ORIENTED_EDGE('',*,*,#275,.T.);
#676 = ORIENTED_EDGE('',*,*,#194,.F.);
#677 = ORIENTED_EDGE('',*,*,#678,.F.);
#678 = EDGE_CURVE('',#679,#167,#681,.T.);
#679 = VERTEX_POINT('',#680);
#680 = CARTESIAN_POINT('',(166.9,4.75,26.8));
#681 = SURFACE_CURVE('',#682,(#686,#692),.PCURVE_S1.);
#682 = LINE('',#683,#684);
#683 = CARTESIAN_POINT('',(168.50349008521,4.367516126463,26.8));
#684 = VECTOR('',#685,1.);
#685 = DIRECTION('',(-0.972710381042,0.232022659698,0.));
#686 = PCURVE('',#208,#687);
#687 = DEFINITIONAL_REPRESENTATION('',(#688),#691);
#688 = B_SPLINE_CURVE_WITH_KNOTS('',1,(#689,#690),.UNSPECIFIED.,.F.,.F.,
  (2,2),(1.648476377413,7.251377411698),.PIECEWISE_BEZIER_KNOTS.);
#689 = CARTESIAN_POINT('',(-6.55,-13.25));
#690 = CARTESIAN_POINT('',(-12.,-11.95));
#691 = ( GEOMETRIC_REPRESENTATION_CONTEXT(2) 
PARAMETRIC_REPRESENTATION_CONTEXT() REPRESENTATION_CONTEXT('2D SPACE',''
  ) );
#692 = PCURVE('',#182,#693);
#693 = DEFINITIONAL_REPRESENTATION('',(#694),#697);
#694 = B_SPLINE_CURVE_WITH_KNOTS('',1,(#695,#696),.UNSPECIFIED.,.F.,.F.,
  (2,2),(1.648476377413,7.251377411698),.PIECEWISE_BEZIER_KNOTS.);
#695 = CARTESIAN_POINT('',(0.,-13.));
#696 = CARTESIAN_POINT('',(-5.602901034286,-13.));
#697 = ( GEOMETRIC_REPRESENTATION_CONTEXT(2) 
PARAMETRIC_REPRESENTATION_CONTEXT() REPRESENTATION_CONTEXT('2D SPACE',''
  ) );
#698 = ORIENTED_EDGE('',*,*,#699,.F.);
#699 = EDGE_CURVE('',#700,#679,#702,.T.);
#700 = VERTEX_POINT('',#701);
#701 = CARTESIAN_POINT('',(167.7,5.55,26.8));
#702 = SURFACE_CURVE('',#703,(#707,#713),.PCURVE_S1.);
#703 = LINE('',#704,#705);
#704 = CARTESIAN_POINT('',(172.25,10.1,26.8));
#705 = VECTOR('',#706,1.);
#706 = DIRECTION('',(-0.707106781187,-0.707106781187,-0.));
#707 = PCURVE('',#208,#708);
#708 = DEFINITIONAL_REPRESENTATION('',(#709),#712);
#709 = B_SPLINE_CURVE_WITH_KNOTS('',1,(#710,#711),.UNSPECIFIED.,.F.,.F.,
  (2,2),(6.434671708798,7.566042558696),.PIECEWISE_BEZIER_KNOTS.);
#710 = CARTESIAN_POINT('',(-5.75,-12.45));
#711 = CARTESIAN_POINT('',(-6.55,-13.25));
#712 = ( GEOMETRIC_REPRESENTATION_CONTEXT(2) 
PARAMETRIC_REPRESENTATION_CONTEXT() REPRESENTATION_CONTEXT('2D SPACE',''
  ) );
#713 = PCURVE('',#714,#719);
#714 = PLANE('',#715);
#715 = AXIS2_PLACEMENT_3D('',#716,#717,#718);
#716 = CARTESIAN_POINT('',(167.7,5.55,13.8));
#717 = DIRECTION('',(-0.707106781187,0.707106781187,0.));
#718 = DIRECTION('',(0.707106781187,0.707106781187,0.));
#719 = DEFINITIONAL_REPRESENTATION('',(#720),#723);
#720 = B_SPLINE_CURVE_WITH_KNOTS('',1,(#721,#722),.UNSPECIFIED.,.F.,.F.,
  (2,2),(6.434671708798,7.566042558696),.PIECEWISE_BEZIER_KNOTS.);
#721 = CARTESIAN_POINT('',(0.,-13.));
#722 = CARTESIAN_POINT('',(-1.131370849898,-13.));
#723 = ( GEOMETRIC_REPRESENTATION_CONTEXT(2) 
PARAMETRIC_REPRESENTATION_CONTEXT() REPRESENTATION_CONTEXT('2D SPACE',''
  ) );
#724 = ORIENTED_EDGE('',*,*,#725,.F.);
#725 = EDGE_CURVE('',#726,#700,#728,.T.);
#726 = VERTEX_POINT('',#727);
#727 = CARTESIAN_POINT('',(167.7,12.45,26.8));
#728 = SURFACE_CURVE('',#729,(#733,#739),.PCURVE_S1.);
#729 = LINE('',#730,#731);
#730 = CARTESIAN_POINT('',(167.7,15.225,26.8));
#731 = VECTOR('',#732,1.);
#732 = DIRECTION('',(0.,-1.,0.));
#733 = PCURVE('',#208,#734);
#734 = DEFINITIONAL_REPRESENTATION('',(#735),#738);
#735 = B_SPLINE_CURVE_WITH_KNOTS('',1,(#736,#737),.UNSPECIFIED.,.F.,.F.,
  (2,2),(2.775,9.675),.PIECEWISE_BEZIER_KNOTS.);
#736 = CARTESIAN_POINT('',(-5.75,-5.55));
#737 = CARTESIAN_POINT('',(-5.75,-12.45));
#738 = ( GEOMETRIC_REPRESENTATION_CONTEXT(2) 
PARAMETRIC_REPRESENTATION_CONTEXT() REPRESENTATION_CONTEXT('2D SPACE',''
  ) );
#739 = PCURVE('',#740,#745);
#740 = PLANE('',#741);
#741 = AXIS2_PLACEMENT_3D('',#742,#743,#744);
#742 = CARTESIAN_POINT('',(167.7,12.45,13.8));
#743 = DIRECTION('',(-1.,-0.,-0.));
#744 = DIRECTION('',(0.,1.,0.));
#745 = DEFINITIONAL_REPRESENTATION('',(#746),#749);
#746 = B_SPLINE_CURVE_WITH_KNOTS('',1,(#747,#748),.UNSPECIFIED.,.F.,.F.,
  (2,2),(2.775,9.675),.PIECEWISE_BEZIER_KNOTS.);
#747 = CARTESIAN_POINT('',(0.,-13.));
#748 = CARTESIAN_POINT('',(-6.9,-13.));
#749 = ( GEOMETRIC_REPRESENTATION_CONTEXT(2) 
PARAMETRIC_REPRESENTATION_CONTEXT() REPRESENTATION_CONTEXT('2D SPACE',''
  ) );
#750 = ORIENTED_EDGE('',*,*,#751,.F.);
#751 = EDGE_CURVE('',#752,#726,#754,.T.);
#752 = VERTEX_POINT('',#753);
#753 = CARTESIAN_POINT('',(166.9,13.25,26.8));
#754 = SURFACE_CURVE('',#755,(#759,#765),.PCURVE_S1.);
#755 = LINE('',#756,#757);
#756 = CARTESIAN_POINT('',(167.35,12.8,26.8));
#757 = VECTOR('',#758,1.);
#758 = DIRECTION('',(0.707106781187,-0.707106781187,0.));
#759 = PCURVE('',#208,#760);
#760 = DEFINITIONAL_REPRESENTATION('',(#761),#764);
#761 = B_SPLINE_CURVE_WITH_KNOTS('',1,(#762,#763),.UNSPECIFIED.,.F.,.F.,
  (2,2),(-0.636396103068,0.494974746831),.PIECEWISE_BEZIER_KNOTS.);
#762 = CARTESIAN_POINT('',(-6.55,-4.75));
#763 = CARTESIAN_POINT('',(-5.75,-5.55));
#764 = ( GEOMETRIC_REPRESENTATION_CONTEXT(2) 
PARAMETRIC_REPRESENTATION_CONTEXT() REPRESENTATION_CONTEXT('2D SPACE',''
  ) );
#765 = PCURVE('',#766,#771);
#766 = PLANE('',#767);
#767 = AXIS2_PLACEMENT_3D('',#768,#769,#770);
#768 = CARTESIAN_POINT('',(166.9,13.25,13.8));
#769 = DIRECTION('',(-0.707106781187,-0.707106781187,-0.));
#770 = DIRECTION('',(-0.707106781187,0.707106781187,0.));
#771 = DEFINITIONAL_REPRESENTATION('',(#772),#775);
#772 = B_SPLINE_CURVE_WITH_KNOTS('',1,(#773,#774),.UNSPECIFIED.,.F.,.F.,
  (2,2),(-0.636396103068,0.494974746831),.PIECEWISE_BEZIER_KNOTS.);
#773 = CARTESIAN_POINT('',(0.,-13.));
#774 = CARTESIAN_POINT('',(-1.131370849898,-13.));
#775 = ( GEOMETRIC_REPRESENTATION_CONTEXT(2) 
PARAMETRIC_REPRESENTATION_CONTEXT() REPRESENTATION_CONTEXT('2D SPACE',''
  ) );
#776 = ORIENTED_EDGE('',*,*,#777,.F.);
#777 = EDGE_CURVE('',#778,#752,#780,.T.);
#778 = VERTEX_POINT('',#779);
#779 = CARTESIAN_POINT('',(161.45,11.95,26.8));
#780 = SURFACE_CURVE('',#781,(#785,#791),.PCURVE_S1.);
#781 = LINE('',#782,#783);
#782 = CARTESIAN_POINT('',(167.80970773273,13.466994505057,26.8));
#783 = VECTOR('',#784,1.);
#784 = DIRECTION('',(0.972710381042,0.232022659698,0.));
#785 = PCURVE('',#208,#786);
#786 = DEFINITIONAL_REPRESENTATION('',(#787),#790);
#787 = B_SPLINE_CURVE_WITH_KNOTS('',1,(#788,#789),.UNSPECIFIED.,.F.,.F.,
  (2,2),(-6.538130831838,-0.935229797552),.PIECEWISE_BEZIER_KNOTS.);
#788 = CARTESIAN_POINT('',(-12.,-6.05));
#789 = CARTESIAN_POINT('',(-6.55,-4.75));
#790 = ( GEOMETRIC_REPRESENTATION_CONTEXT(2) 
PARAMETRIC_REPRESENTATION_CONTEXT() REPRESENTATION_CONTEXT('2D SPACE',''
  ) );
#791 = PCURVE('',#792,#797);
#792 = PLANE('',#793);
#793 = AXIS2_PLACEMENT_3D('',#794,#795,#796);
#794 = CARTESIAN_POINT('',(161.45,11.95,13.8));
#795 = DIRECTION('',(0.232022659698,-0.972710381042,-0.));
#796 = DIRECTION('',(-0.972710381042,-0.232022659698,0.));
#797 = DEFINITIONAL_REPRESENTATION('',(#798),#801);
#798 = B_SPLINE_CURVE_WITH_KNOTS('',1,(#799,#800),.UNSPECIFIED.,.F.,.F.,
  (2,2),(-6.538130831838,-0.935229797552),.PIECEWISE_BEZIER_KNOTS.);
#799 = CARTESIAN_POINT('',(-8.881784197001E-16,-13.));
#800 = CARTESIAN_POINT('',(-5.602901034286,-13.));
#801 = ( GEOMETRIC_REPRESENTATION_CONTEXT(2) 
PARAMETRIC_REPRESENTATION_CONTEXT() REPRESENTATION_CONTEXT('2D SPACE',''
  ) );
#802 = ORIENTED_EDGE('',*,*,#803,.F.);
#803 = EDGE_CURVE('',#628,#778,#804,.T.);
#804 = SURFACE_CURVE('',#805,(#809,#816),.PCURVE_S1.);
#805 = LINE('',#806,#807);
#806 = CARTESIAN_POINT('',(161.45,18.,26.8));
#807 = VECTOR('',#808,1.);
#808 = DIRECTION('',(-0.,-1.,-0.));
#809 = PCURVE('',#208,#810);
#810 = DEFINITIONAL_REPRESENTATION('',(#811),#815);
#811 = LINE('',#812,#813);
#812 = CARTESIAN_POINT('',(-12.,0.));
#813 = VECTOR('',#814,1.);
#814 = DIRECTION('',(-0.,-1.));
#815 = ( GEOMETRIC_REPRESENTATION_CONTEXT(2) 
PARAMETRIC_REPRESENTATION_CONTEXT() REPRESENTATION_CONTEXT('2D SPACE',''
  ) );
#816 = PCURVE('',#817,#822);
#817 = PLANE('',#818);
#818 = AXIS2_PLACEMENT_3D('',#819,#820,#821);
#819 = CARTESIAN_POINT('',(161.45,0.,0.));
#820 = DIRECTION('',(1.,0.,-0.));
#821 = DIRECTION('',(0.,0.,1.));
#822 = DEFINITIONAL_REPRESENTATION('',(#823),#827);
#823 = LINE('',#824,#825);
#824 = CARTESIAN_POINT('',(26.8,-18.));
#825 = VECTOR('',#826,1.);
#826 = DIRECTION('',(0.,1.));
#827 = ( GEOMETRIC_REPRESENTATION_CONTEXT(2) 
PARAMETRIC_REPRESENTATION_CONTEXT() REPRESENTATION_CONTEXT('2D SPACE',''
  ) );
#828 = ADVANCED_FACE('',(#829),#182,.T.);
#829 = FACE_BOUND('',#830,.F.);
#830 = EDGE_LOOP('',(#831,#852,#873,#874));
#831 = ORIENTED_EDGE('',*,*,#832,.T.);
#832 = EDGE_CURVE('',#139,#833,#835,.T.);
#833 = VERTEX_POINT('',#834);
#834 = CARTESIAN_POINT('',(166.9,4.75,14.8));
#835 = SURFACE_CURVE('',#836,(#840,#846),.PCURVE_S1.);
#836 = LINE('',#837,#838);
#837 = CARTESIAN_POINT('',(164.85771482041,5.237150593295,14.8));
#838 = VECTOR('',#839,1.);
#839 = DIRECTION('',(0.972710381042,-0.232022659698,0.));
#840 = PCURVE('',#182,#841);
#841 = DEFINITIONAL_REPRESENTATION('',(#842),#845);
#842 = B_SPLINE_CURVE_WITH_KNOTS('',1,(#843,#844),.UNSPECIFIED.,.F.,.F.,
  (2,2),(-3.503319062729,2.099581971556),.PIECEWISE_BEZIER_KNOTS.);
#843 = CARTESIAN_POINT('',(-5.602901034286,-1.));
#844 = CARTESIAN_POINT('',(0.,-1.));
#845 = ( GEOMETRIC_REPRESENTATION_CONTEXT(2) 
PARAMETRIC_REPRESENTATION_CONTEXT() REPRESENTATION_CONTEXT('2D SPACE',''
  ) );
#846 = PCURVE('',#154,#847);
#847 = DEFINITIONAL_REPRESENTATION('',(#848),#851);
#848 = B_SPLINE_CURVE_WITH_KNOTS('',1,(#849,#850),.UNSPECIFIED.,.F.,.F.,
  (2,2),(-3.503319062729,2.099581971556),.PIECEWISE_BEZIER_KNOTS.);
#849 = CARTESIAN_POINT('',(-7.665754987589E-17,6.05));
#850 = CARTESIAN_POINT('',(5.45,4.75));
#851 = ( GEOMETRIC_REPRESENTATION_CONTEXT(2) 
PARAMETRIC_REPRESENTATION_CONTEXT() REPRESENTATION_CONTEXT('2D SPACE',''
  ) );
#852 = ORIENTED_EDGE('',*,*,#853,.T.);
#853 = EDGE_CURVE('',#833,#679,#854,.T.);
#854 = SURFACE_CURVE('',#855,(#859,#866),.PCURVE_S1.);
#855 = LINE('',#856,#857);
#856 = CARTESIAN_POINT('',(166.9,4.75,13.8));
#857 = VECTOR('',#858,1.);
#858 = DIRECTION('',(-0.,-0.,1.));
#859 = PCURVE('',#182,#860);
#860 = DEFINITIONAL_REPRESENTATION('',(#861),#865);
#861 = LINE('',#862,#863);
#862 = CARTESIAN_POINT('',(-0.,0.));
#863 = VECTOR('',#864,1.);
#864 = DIRECTION('',(-0.,-1.));
#865 = ( GEOMETRIC_REPRESENTATION_CONTEXT(2) 
PARAMETRIC_REPRESENTATION_CONTEXT() REPRESENTATION_CONTEXT('2D SPACE',''
  ) );
#866 = PCURVE('',#714,#867);
#867 = DEFINITIONAL_REPRESENTATION('',(#868),#872);
#868 = LINE('',#869,#870);
#869 = CARTESIAN_POINT('',(-1.131370849898,0.));
#870 = VECTOR('',#871,1.);
#871 = DIRECTION('',(-0.,-1.));
#872 = ( GEOMETRIC_REPRESENTATION_CONTEXT(2) 
PARAMETRIC_REPRESENTATION_CONTEXT() REPRESENTATION_CONTEXT('2D SPACE',''
  ) );
#873 = ORIENTED_EDGE('',*,*,#678,.T.);
#874 = ORIENTED_EDGE('',*,*,#166,.F.);
#875 = ADVANCED_FACE('',(#876,#1974,#2086,#2198,#2420,#2642,#2754,#2866,
    #3088),#154,.F.);
#876 = FACE_BOUND('',#877,.F.);
#877 = EDGE_LOOP('',(#878,#908,#931,#954,#975,#996,#1017,#1036,#1037,
    #1038,#1060,#1083,#1109,#1135,#1161,#1187,#1213,#1241,#1269,#1297,
    #1325,#1353,#1381,#1409,#1437,#1465,#1491,#1517,#1543,#1569,#1595,
    #1623,#1650,#1678,#1704,#1730,#1756,#1782,#1808,#1836,#1864,#1892,
    #1920,#1948));
#878 = ORIENTED_EDGE('',*,*,#879,.F.);
#879 = EDGE_CURVE('',#880,#882,#884,.T.);
#880 = VERTEX_POINT('',#881);
#881 = CARTESIAN_POINT('',(180.45,18.,14.8));
#882 = VERTEX_POINT('',#883);
#883 = CARTESIAN_POINT('',(180.45,16.9,14.8));
#884 = SURFACE_CURVE('',#885,(#889,#896),.PCURVE_S1.);
#885 = LINE('',#886,#887);
#886 = CARTESIAN_POINT('',(180.45,18.,14.8));
#887 = VECTOR('',#888,1.);
#888 = DIRECTION('',(-0.,-1.,-0.));
#889 = PCURVE('',#154,#890);
#890 = DEFINITIONAL_REPRESENTATION('',(#891),#895);
#891 = LINE('',#892,#893);
#892 = CARTESIAN_POINT('',(19.,18.));
#893 = VECTOR('',#894,1.);
#894 = DIRECTION('',(0.,-1.));
#895 = ( GEOMETRIC_REPRESENTATION_CONTEXT(2) 
PARAMETRIC_REPRESENTATION_CONTEXT() REPRESENTATION_CONTEXT('2D SPACE',''
  ) );
#896 = PCURVE('',#897,#902);
#897 = PLANE('',#898);
#898 = AXIS2_PLACEMENT_3D('',#899,#900,#901);
#899 = CARTESIAN_POINT('',(180.45,18.,14.8));
#900 = DIRECTION('',(1.,-0.,-0.));
#901 = DIRECTION('',(0.,0.,-1.));
#902 = DEFINITIONAL_REPRESENTATION('',(#903),#907);
#903 = LINE('',#904,#905);
#904 = CARTESIAN_POINT('',(-0.,0.));
#905 = VECTOR('',#906,1.);
#906 = DIRECTION('',(-0.,-1.));
#907 = ( GEOMETRIC_REPRESENTATION_CONTEXT(2) 
PARAMETRIC_REPRESENTATION_CONTEXT() REPRESENTATION_CONTEXT('2D SPACE',''
  ) );
#908 = ORIENTED_EDGE('',*,*,#909,.F.);
#909 = EDGE_CURVE('',#910,#880,#912,.T.);
#910 = VERTEX_POINT('',#911);
#911 = CARTESIAN_POINT('',(161.45,18.,14.8));
#912 = SURFACE_CURVE('',#913,(#917,#924),.PCURVE_S1.);
#913 = LINE('',#914,#915);
#914 = CARTESIAN_POINT('',(161.45,18.,14.8));
#915 = VECTOR('',#916,1.);
#916 = DIRECTION('',(1.,-0.,-0.));
#917 = PCURVE('',#154,#918);
#918 = DEFINITIONAL_REPRESENTATION('',(#919),#923);
#919 = LINE('',#920,#921);
#920 = CARTESIAN_POINT('',(0.,18.));
#921 = VECTOR('',#922,1.);
#922 = DIRECTION('',(1.,-0.));
#923 = ( GEOMETRIC_REPRESENTATION_CONTEXT(2) 
PARAMETRIC_REPRESENTATION_CONTEXT() REPRESENTATION_CONTEXT('2D SPACE',''
  ) );
#924 = PCURVE('',#643,#925);
#925 = DEFINITIONAL_REPRESENTATION('',(#926),#930);
#926 = LINE('',#927,#928);
#927 = CARTESIAN_POINT('',(-7.711639422251,-8.439785566085));
#928 = VECTOR('',#929,1.);
#929 = DIRECTION('',(-0.,1.));
#930 = ( GEOMETRIC_REPRESENTATION_CONTEXT(2) 
PARAMETRIC_REPRESENTATION_CONTEXT() REPRESENTATION_CONTEXT('2D SPACE',''
  ) );
#931 = ORIENTED_EDGE('',*,*,#932,.T.);
#932 = EDGE_CURVE('',#910,#933,#935,.T.);
#933 = VERTEX_POINT('',#934);
#934 = CARTESIAN_POINT('',(161.45,11.95,14.8));
#935 = SURFACE_CURVE('',#936,(#940,#947),.PCURVE_S1.);
#936 = LINE('',#937,#938);
#937 = CARTESIAN_POINT('',(161.45,18.,14.8));
#938 = VECTOR('',#939,1.);
#939 = DIRECTION('',(0.,-1.,0.));
#940 = PCURVE('',#154,#941);
#941 = DEFINITIONAL_REPRESENTATION('',(#942),#946);
#942 = LINE('',#943,#944);
#943 = CARTESIAN_POINT('',(0.,18.));
#944 = VECTOR('',#945,1.);
#945 = DIRECTION('',(0.,-1.));
#946 = ( GEOMETRIC_REPRESENTATION_CONTEXT(2) 
PARAMETRIC_REPRESENTATION_CONTEXT() REPRESENTATION_CONTEXT('2D SPACE',''
  ) );
#947 = PCURVE('',#817,#948);
#948 = DEFINITIONAL_REPRESENTATION('',(#949),#953);
#949 = LINE('',#950,#951);
#950 = CARTESIAN_POINT('',(14.8,-18.));
#951 = VECTOR('',#952,1.);
#952 = DIRECTION('',(0.,1.));
#953 = ( GEOMETRIC_REPRESENTATION_CONTEXT(2) 
PARAMETRIC_REPRESENTATION_CONTEXT() REPRESENTATION_CONTEXT('2D SPACE',''
  ) );
#954 = ORIENTED_EDGE('',*,*,#955,.F.);
#955 = EDGE_CURVE('',#956,#933,#958,.T.);
#956 = VERTEX_POINT('',#957);
#957 = CARTESIAN_POINT('',(166.9,13.25,14.8));
#958 = SURFACE_CURVE('',#959,(#963,#969),.PCURVE_S1.);
#959 = LINE('',#960,#961);
#960 = CARTESIAN_POINT('',(160.10149717289,11.628338775185,14.8));
#961 = VECTOR('',#962,1.);
#962 = DIRECTION('',(-0.972710381042,-0.232022659698,0.));
#963 = PCURVE('',#154,#964);
#964 = DEFINITIONAL_REPRESENTATION('',(#965),#968);
#965 = B_SPLINE_CURVE_WITH_KNOTS('',1,(#966,#967),.UNSPECIFIED.,.F.,.F.,
  (2,2),(-6.989236425982,-1.386335391696),.PIECEWISE_BEZIER_KNOTS.);
#966 = CARTESIAN_POINT('',(5.45,13.25));
#967 = CARTESIAN_POINT('',(2.186872501139E-16,11.95));
#968 = ( GEOMETRIC_REPRESENTATION_CONTEXT(2) 
PARAMETRIC_REPRESENTATION_CONTEXT() REPRESENTATION_CONTEXT('2D SPACE',''
  ) );
#969 = PCURVE('',#792,#970);
#970 = DEFINITIONAL_REPRESENTATION('',(#971),#974);
#971 = B_SPLINE_CURVE_WITH_KNOTS('',1,(#972,#973),.UNSPECIFIED.,.F.,.F.,
  (2,2),(-6.989236425982,-1.386335391696),.PIECEWISE_BEZIER_KNOTS.);
#972 = CARTESIAN_POINT('',(-5.602901034286,-1.));
#973 = CARTESIAN_POINT('',(0.,-1.));
#974 = ( GEOMETRIC_REPRESENTATION_CONTEXT(2) 
PARAMETRIC_REPRESENTATION_CONTEXT() REPRESENTATION_CONTEXT('2D SPACE',''
  ) );
#975 = ORIENTED_EDGE('',*,*,#976,.F.);
#976 = EDGE_CURVE('',#977,#956,#979,.T.);
#977 = VERTEX_POINT('',#978);
#978 = CARTESIAN_POINT('',(167.7,12.45,14.8));
#979 = SURFACE_CURVE('',#980,(#984,#990),.PCURVE_S1.);
#980 = LINE('',#981,#982);
#981 = CARTESIAN_POINT('',(168.85,11.3,14.8));
#982 = VECTOR('',#983,1.);
#983 = DIRECTION('',(-0.707106781187,0.707106781187,0.));
#984 = PCURVE('',#154,#985);
#985 = DEFINITIONAL_REPRESENTATION('',(#986),#989);
#986 = B_SPLINE_CURVE_WITH_KNOTS('',1,(#987,#988),.UNSPECIFIED.,.F.,.F.,
  (2,2),(1.626345596729,2.757716446627),.PIECEWISE_BEZIER_KNOTS.);
#987 = CARTESIAN_POINT('',(6.25,12.45));
#988 = CARTESIAN_POINT('',(5.45,13.25));
#989 = ( GEOMETRIC_REPRESENTATION_CONTEXT(2) 
PARAMETRIC_REPRESENTATION_CONTEXT() REPRESENTATION_CONTEXT('2D SPACE',''
  ) );
#990 = PCURVE('',#766,#991);
#991 = DEFINITIONAL_REPRESENTATION('',(#992),#995);
#992 = B_SPLINE_CURVE_WITH_KNOTS('',1,(#993,#994),.UNSPECIFIED.,.F.,.F.,
  (2,2),(1.626345596729,2.757716446627),.PIECEWISE_BEZIER_KNOTS.);
#993 = CARTESIAN_POINT('',(-1.131370849898,-1.));
#994 = CARTESIAN_POINT('',(0.,-1.));
#995 = ( GEOMETRIC_REPRESENTATION_CONTEXT(2) 
PARAMETRIC_REPRESENTATION_CONTEXT() REPRESENTATION_CONTEXT('2D SPACE',''
  ) );
#996 = ORIENTED_EDGE('',*,*,#997,.F.);
#997 = EDGE_CURVE('',#998,#977,#1000,.T.);
#998 = VERTEX_POINT('',#999);
#999 = CARTESIAN_POINT('',(167.7,5.55,14.8));
#1000 = SURFACE_CURVE('',#1001,(#1005,#1011),.PCURVE_S1.);
#1001 = LINE('',#1002,#1003);
#1002 = CARTESIAN_POINT('',(167.7,6.225,14.8));
#1003 = VECTOR('',#1004,1.);
#1004 = DIRECTION('',(0.,1.,0.));
#1005 = PCURVE('',#154,#1006);
#1006 = DEFINITIONAL_REPRESENTATION('',(#1007),#1010);
#1007 = B_SPLINE_CURVE_WITH_KNOTS('',1,(#1008,#1009),.UNSPECIFIED.,.F.,
  .F.,(2,2),(-0.675,6.225),.PIECEWISE_BEZIER_KNOTS.);
#1008 = CARTESIAN_POINT('',(6.25,5.55));
#1009 = CARTESIAN_POINT('',(6.25,12.45));
#1010 = ( GEOMETRIC_REPRESENTATION_CONTEXT(2) 
PARAMETRIC_REPRESENTATION_CONTEXT() REPRESENTATION_CONTEXT('2D SPACE',''
  ) );
#1011 = PCURVE('',#740,#1012);
#1012 = DEFINITIONAL_REPRESENTATION('',(#1013),#1016);
#1013 = B_SPLINE_CURVE_WITH_KNOTS('',1,(#1014,#1015),.UNSPECIFIED.,.F.,
  .F.,(2,2),(-0.675,6.225),.PIECEWISE_BEZIER_KNOTS.);
#1014 = CARTESIAN_POINT('',(-6.9,-1.));
#1015 = CARTESIAN_POINT('',(0.,-1.));
#1016 = ( GEOMETRIC_REPRESENTATION_CONTEXT(2) 
PARAMETRIC_REPRESENTATION_CONTEXT() REPRESENTATION_CONTEXT('2D SPACE',''
  ) );
#1017 = ORIENTED_EDGE('',*,*,#1018,.F.);
#1018 = EDGE_CURVE('',#833,#998,#1019,.T.);
#1019 = SURFACE_CURVE('',#1020,(#1024,#1030),.PCURVE_S1.);
#1020 = LINE('',#1021,#1022);
#1021 = CARTESIAN_POINT('',(164.75,2.6,14.8));
#1022 = VECTOR('',#1023,1.);
#1023 = DIRECTION('',(0.707106781187,0.707106781187,-0.));
#1024 = PCURVE('',#154,#1025);
#1025 = DEFINITIONAL_REPRESENTATION('',(#1026),#1029);
#1026 = B_SPLINE_CURVE_WITH_KNOTS('',1,(#1027,#1028),.UNSPECIFIED.,.F.,
  .F.,(2,2),(3.040559159102,4.171930009001),.PIECEWISE_BEZIER_KNOTS.);
#1027 = CARTESIAN_POINT('',(5.45,4.75));
#1028 = CARTESIAN_POINT('',(6.25,5.55));
#1029 = ( GEOMETRIC_REPRESENTATION_CONTEXT(2) 
PARAMETRIC_REPRESENTATION_CONTEXT() REPRESENTATION_CONTEXT('2D SPACE',''
  ) );
#1030 = PCURVE('',#714,#1031);
#1031 = DEFINITIONAL_REPRESENTATION('',(#1032),#1035);
#1032 = B_SPLINE_CURVE_WITH_KNOTS('',1,(#1033,#1034),.UNSPECIFIED.,.F.,
  .F.,(2,2),(3.040559159102,4.171930009001),.PIECEWISE_BEZIER_KNOTS.);
#1033 = CARTESIAN_POINT('',(-1.131370849898,-1.));
#1034 = CARTESIAN_POINT('',(0.,-1.));
#1035 = ( GEOMETRIC_REPRESENTATION_CONTEXT(2) 
PARAMETRIC_REPRESENTATION_CONTEXT() REPRESENTATION_CONTEXT('2D SPACE',''
  ) );
#1036 = ORIENTED_EDGE('',*,*,#832,.F.);
#1037 = ORIENTED_EDGE('',*,*,#138,.T.);
#1038 = ORIENTED_EDGE('',*,*,#1039,.T.);
#1039 = EDGE_CURVE('',#111,#1040,#1042,.T.);
#1040 = VERTEX_POINT('',#1041);
#1041 = CARTESIAN_POINT('',(321.15,4.2,14.8));
#1042 = SURFACE_CURVE('',#1043,(#1047,#1054),.PCURVE_S1.);
#1043 = LINE('',#1044,#1045);
#1044 = CARTESIAN_POINT('',(161.45,4.2,14.8));
#1045 = VECTOR('',#1046,1.);
#1046 = DIRECTION('',(1.,0.,-0.));
#1047 = PCURVE('',#154,#1048);
#1048 = DEFINITIONAL_REPRESENTATION('',(#1049),#1053);
#1049 = LINE('',#1050,#1051);
#1050 = CARTESIAN_POINT('',(0.,4.2));
#1051 = VECTOR('',#1052,1.);
#1052 = DIRECTION('',(1.,0.));
#1053 = ( GEOMETRIC_REPRESENTATION_CONTEXT(2) 
PARAMETRIC_REPRESENTATION_CONTEXT() REPRESENTATION_CONTEXT('2D SPACE',''
  ) );
#1054 = PCURVE('',#126,#1055);
#1055 = DEFINITIONAL_REPRESENTATION('',(#1056),#1059);
#1056 = B_SPLINE_CURVE_WITH_KNOTS('',1,(#1057,#1058),.UNSPECIFIED.,.F.,
  .F.,(2,2),(0.,159.7),.PIECEWISE_BEZIER_KNOTS.);
#1057 = CARTESIAN_POINT('',(14.8,0.));
#1058 = CARTESIAN_POINT('',(14.8,159.7));
#1059 = ( GEOMETRIC_REPRESENTATION_CONTEXT(2) 
PARAMETRIC_REPRESENTATION_CONTEXT() REPRESENTATION_CONTEXT('2D SPACE',''
  ) );
#1060 = ORIENTED_EDGE('',*,*,#1061,.T.);
#1061 = EDGE_CURVE('',#1040,#1062,#1064,.T.);
#1062 = VERTEX_POINT('',#1063);
#1063 = CARTESIAN_POINT('',(321.15,6.05,14.8));
#1064 = SURFACE_CURVE('',#1065,(#1069,#1076),.PCURVE_S1.);
#1065 = LINE('',#1066,#1067);
#1066 = CARTESIAN_POINT('',(321.15,4.2,14.8));
#1067 = VECTOR('',#1068,1.);
#1068 = DIRECTION('',(0.,1.,0.));
#1069 = PCURVE('',#154,#1070);
#1070 = DEFINITIONAL_REPRESENTATION('',(#1071),#1075);
#1071 = LINE('',#1072,#1073);
#1072 = CARTESIAN_POINT('',(159.7,4.2));
#1073 = VECTOR('',#1074,1.);
#1074 = DIRECTION('',(0.,1.));
#1075 = ( GEOMETRIC_REPRESENTATION_CONTEXT(2) 
PARAMETRIC_REPRESENTATION_CONTEXT() REPRESENTATION_CONTEXT('2D SPACE',''
  ) );
#1076 = PCURVE('',#241,#1077);
#1077 = DEFINITIONAL_REPRESENTATION('',(#1078),#1082);
#1078 = LINE('',#1079,#1080);
#1079 = CARTESIAN_POINT('',(14.8,-4.2));
#1080 = VECTOR('',#1081,1.);
#1081 = DIRECTION('',(0.,-1.));
#1082 = ( GEOMETRIC_REPRESENTATION_CONTEXT(2) 
PARAMETRIC_REPRESENTATION_CONTEXT() REPRESENTATION_CONTEXT('2D SPACE',''
  ) );
#1083 = ORIENTED_EDGE('',*,*,#1084,.T.);
#1084 = EDGE_CURVE('',#1062,#1085,#1087,.T.);
#1085 = VERTEX_POINT('',#1086);
#1086 = CARTESIAN_POINT('',(315.7,4.75,14.8));
#1087 = SURFACE_CURVE('',#1088,(#1092,#1098),.PCURVE_S1.);
#1088 = LINE('',#1089,#1090);
#1089 = CARTESIAN_POINT('',(242.19097117145,-12.78426375726,14.8));
#1090 = VECTOR('',#1091,1.);
#1091 = DIRECTION('',(-0.972710381042,-0.232022659698,0.));
#1092 = PCURVE('',#154,#1093);
#1093 = DEFINITIONAL_REPRESENTATION('',(#1094),#1097);
#1094 = B_SPLINE_CURVE_WITH_KNOTS('',1,(#1095,#1096),.UNSPECIFIED.,.F.,
  .F.,(2,2),(-81.17424298892,-75.57134195463),.PIECEWISE_BEZIER_KNOTS.);
#1095 = CARTESIAN_POINT('',(159.7,6.05));
#1096 = CARTESIAN_POINT('',(154.25,4.75));
#1097 = ( GEOMETRIC_REPRESENTATION_CONTEXT(2) 
PARAMETRIC_REPRESENTATION_CONTEXT() REPRESENTATION_CONTEXT('2D SPACE',''
  ) );
#1098 = PCURVE('',#1099,#1104);
#1099 = PLANE('',#1100);
#1100 = AXIS2_PLACEMENT_3D('',#1101,#1102,#1103);
#1101 = CARTESIAN_POINT('',(315.7,4.75,13.8));
#1102 = DIRECTION('',(-0.232022659698,0.972710381042,-0.));
#1103 = DIRECTION('',(0.972710381042,0.232022659698,-0.));
#1104 = DEFINITIONAL_REPRESENTATION('',(#1105),#1108);
#1105 = B_SPLINE_CURVE_WITH_KNOTS('',1,(#1106,#1107),.UNSPECIFIED.,.F.,
  .F.,(2,2),(-81.17424298892,-75.57134195463),.PIECEWISE_BEZIER_KNOTS.);
#1106 = CARTESIAN_POINT('',(5.602901034286,-1.));
#1107 = CARTESIAN_POINT('',(0.,-1.));
#1108 = ( GEOMETRIC_REPRESENTATION_CONTEXT(2) 
PARAMETRIC_REPRESENTATION_CONTEXT() REPRESENTATION_CONTEXT('2D SPACE',''
  ) );
#1109 = ORIENTED_EDGE('',*,*,#1110,.T.);
#1110 = EDGE_CURVE('',#1085,#1111,#1113,.T.);
#1111 = VERTEX_POINT('',#1112);
#1112 = CARTESIAN_POINT('',(314.9,5.55,14.8));
#1113 = SURFACE_CURVE('',#1114,(#1118,#1124),.PCURVE_S1.);
#1114 = LINE('',#1115,#1116);
#1115 = CARTESIAN_POINT('',(277.92499999999,42.525,14.8));
#1116 = VECTOR('',#1117,1.);
#1117 = DIRECTION('',(-0.707106781187,0.707106781187,0.));
#1118 = PCURVE('',#154,#1119);
#1119 = DEFINITIONAL_REPRESENTATION('',(#1120),#1123);
#1120 = B_SPLINE_CURVE_WITH_KNOTS('',1,(#1121,#1122),.UNSPECIFIED.,.F.,
  .F.,(2,2),(-53.42191731864,-52.29054646874),.PIECEWISE_BEZIER_KNOTS.);
#1121 = CARTESIAN_POINT('',(154.25,4.75));
#1122 = CARTESIAN_POINT('',(153.45,5.55));
#1123 = ( GEOMETRIC_REPRESENTATION_CONTEXT(2) 
PARAMETRIC_REPRESENTATION_CONTEXT() REPRESENTATION_CONTEXT('2D SPACE',''
  ) );
#1124 = PCURVE('',#1125,#1130);
#1125 = PLANE('',#1126);
#1126 = AXIS2_PLACEMENT_3D('',#1127,#1128,#1129);
#1127 = CARTESIAN_POINT('',(314.9,5.55,13.8));
#1128 = DIRECTION('',(0.707106781187,0.707106781187,-0.));
#1129 = DIRECTION('',(0.707106781187,-0.707106781187,-0.));
#1130 = DEFINITIONAL_REPRESENTATION('',(#1131),#1134);
#1131 = B_SPLINE_CURVE_WITH_KNOTS('',1,(#1132,#1133),.UNSPECIFIED.,.F.,
  .F.,(2,2),(-53.42191731864,-52.29054646874),.PIECEWISE_BEZIER_KNOTS.);
#1132 = CARTESIAN_POINT('',(1.131370849899,-1.));
#1133 = CARTESIAN_POINT('',(0.,-1.));
#1134 = ( GEOMETRIC_REPRESENTATION_CONTEXT(2) 
PARAMETRIC_REPRESENTATION_CONTEXT() REPRESENTATION_CONTEXT('2D SPACE',''
  ) );
#1135 = ORIENTED_EDGE('',*,*,#1136,.T.);
#1136 = EDGE_CURVE('',#1111,#1137,#1139,.T.);
#1137 = VERTEX_POINT('',#1138);
#1138 = CARTESIAN_POINT('',(314.9,12.45,14.8));
#1139 = SURFACE_CURVE('',#1140,(#1144,#1150),.PCURVE_S1.);
#1140 = LINE('',#1141,#1142);
#1141 = CARTESIAN_POINT('',(314.9,6.225,14.8));
#1142 = VECTOR('',#1143,1.);
#1143 = DIRECTION('',(0.,1.,-0.));
#1144 = PCURVE('',#154,#1145);
#1145 = DEFINITIONAL_REPRESENTATION('',(#1146),#1149);
#1146 = B_SPLINE_CURVE_WITH_KNOTS('',1,(#1147,#1148),.UNSPECIFIED.,.F.,
  .F.,(2,2),(-0.675,6.225),.PIECEWISE_BEZIER_KNOTS.);
#1147 = CARTESIAN_POINT('',(153.45,5.55));
#1148 = CARTESIAN_POINT('',(153.45,12.45));
#1149 = ( GEOMETRIC_REPRESENTATION_CONTEXT(2) 
PARAMETRIC_REPRESENTATION_CONTEXT() REPRESENTATION_CONTEXT('2D SPACE',''
  ) );
#1150 = PCURVE('',#1151,#1156);
#1151 = PLANE('',#1152);
#1152 = AXIS2_PLACEMENT_3D('',#1153,#1154,#1155);
#1153 = CARTESIAN_POINT('',(314.9,12.45,13.8));
#1154 = DIRECTION('',(1.,-0.,-0.));
#1155 = DIRECTION('',(0.,-1.,-0.));
#1156 = DEFINITIONAL_REPRESENTATION('',(#1157),#1160);
#1157 = B_SPLINE_CURVE_WITH_KNOTS('',1,(#1158,#1159),.UNSPECIFIED.,.F.,
  .F.,(2,2),(-0.675,6.225),.PIECEWISE_BEZIER_KNOTS.);
#1158 = CARTESIAN_POINT('',(6.9,-1.));
#1159 = CARTESIAN_POINT('',(0.,-1.));
#1160 = ( GEOMETRIC_REPRESENTATION_CONTEXT(2) 
PARAMETRIC_REPRESENTATION_CONTEXT() REPRESENTATION_CONTEXT('2D SPACE',''
  ) );
#1161 = ORIENTED_EDGE('',*,*,#1162,.T.);
#1162 = EDGE_CURVE('',#1137,#1163,#1165,.T.);
#1163 = VERTEX_POINT('',#1164);
#1164 = CARTESIAN_POINT('',(315.7,13.25,14.8));
#1165 = SURFACE_CURVE('',#1166,(#1170,#1176),.PCURVE_S1.);
#1166 = LINE('',#1167,#1168);
#1167 = CARTESIAN_POINT('',(273.82499999999,-28.625,14.8));
#1168 = VECTOR('',#1169,1.);
#1169 = DIRECTION('',(0.707106781187,0.707106781187,-0.));
#1170 = PCURVE('',#154,#1171);
#1171 = DEFINITIONAL_REPRESENTATION('',(#1172),#1175);
#1172 = B_SPLINE_CURVE_WITH_KNOTS('',1,(#1173,#1174),.UNSPECIFIED.,.F.,
  .F.,(2,2),(58.088822074475,59.220192924374),.PIECEWISE_BEZIER_KNOTS.);
#1173 = CARTESIAN_POINT('',(153.45,12.45));
#1174 = CARTESIAN_POINT('',(154.25,13.25));
#1175 = ( GEOMETRIC_REPRESENTATION_CONTEXT(2) 
PARAMETRIC_REPRESENTATION_CONTEXT() REPRESENTATION_CONTEXT('2D SPACE',''
  ) );
#1176 = PCURVE('',#1177,#1182);
#1177 = PLANE('',#1178);
#1178 = AXIS2_PLACEMENT_3D('',#1179,#1180,#1181);
#1179 = CARTESIAN_POINT('',(315.7,13.25,13.8));
#1180 = DIRECTION('',(0.707106781187,-0.707106781187,-0.));
#1181 = DIRECTION('',(-0.707106781187,-0.707106781187,-0.));
#1182 = DEFINITIONAL_REPRESENTATION('',(#1183),#1186);
#1183 = B_SPLINE_CURVE_WITH_KNOTS('',1,(#1184,#1185),.UNSPECIFIED.,.F.,
  .F.,(2,2),(58.088822074475,59.220192924374),.PIECEWISE_BEZIER_KNOTS.);
#1184 = CARTESIAN_POINT('',(1.131370849899,-1.));
#1185 = CARTESIAN_POINT('',(0.,-1.));
#1186 = ( GEOMETRIC_REPRESENTATION_CONTEXT(2) 
PARAMETRIC_REPRESENTATION_CONTEXT() REPRESENTATION_CONTEXT('2D SPACE',''
  ) );
#1187 = ORIENTED_EDGE('',*,*,#1188,.T.);
#1188 = EDGE_CURVE('',#1163,#1189,#1191,.T.);
#1189 = VERTEX_POINT('',#1190);
#1190 = CARTESIAN_POINT('',(321.15,11.95,14.8));
#1191 = SURFACE_CURVE('',#1192,(#1196,#1202),.PCURVE_S1.);
#1192 = LINE('',#1193,#1194);
#1193 = CARTESIAN_POINT('',(246.94718881898,29.649753125747,14.8));
#1194 = VECTOR('',#1195,1.);
#1195 = DIRECTION('',(0.972710381042,-0.232022659698,0.));
#1196 = PCURVE('',#154,#1197);
#1197 = DEFINITIONAL_REPRESENTATION('',(#1198),#1201);
#1198 = B_SPLINE_CURVE_WITH_KNOTS('',1,(#1199,#1200),.UNSPECIFIED.,.F.,
  .F.,(2,2),(70.681687500212,76.284588534498),.PIECEWISE_BEZIER_KNOTS.);
#1199 = CARTESIAN_POINT('',(154.25,13.25));
#1200 = CARTESIAN_POINT('',(159.7,11.95));
#1201 = ( GEOMETRIC_REPRESENTATION_CONTEXT(2) 
PARAMETRIC_REPRESENTATION_CONTEXT() REPRESENTATION_CONTEXT('2D SPACE',''
  ) );
#1202 = PCURVE('',#1203,#1208);
#1203 = PLANE('',#1204);
#1204 = AXIS2_PLACEMENT_3D('',#1205,#1206,#1207);
#1205 = CARTESIAN_POINT('',(321.15,11.95,13.8));
#1206 = DIRECTION('',(-0.232022659698,-0.972710381042,-0.));
#1207 = DIRECTION('',(-0.972710381042,0.232022659698,-0.));
#1208 = DEFINITIONAL_REPRESENTATION('',(#1209),#1212);
#1209 = B_SPLINE_CURVE_WITH_KNOTS('',1,(#1210,#1211),.UNSPECIFIED.,.F.,
  .F.,(2,2),(70.681687500212,76.284588534498),.PIECEWISE_BEZIER_KNOTS.);
#1210 = CARTESIAN_POINT('',(5.602901034286,-1.));
#1211 = CARTESIAN_POINT('',(0.,-1.));
#1212 = ( GEOMETRIC_REPRESENTATION_CONTEXT(2) 
PARAMETRIC_REPRESENTATION_CONTEXT() REPRESENTATION_CONTEXT('2D SPACE',''
  ) );
#1213 = ORIENTED_EDGE('',*,*,#1214,.T.);
#1214 = EDGE_CURVE('',#1189,#1215,#1217,.T.);
#1215 = VERTEX_POINT('',#1216);
#1216 = CARTESIAN_POINT('',(321.15,18.,14.8));
#1217 = SURFACE_CURVE('',#1218,(#1222,#1229),.PCURVE_S1.);
#1218 = LINE('',#1219,#1220);
#1219 = CARTESIAN_POINT('',(321.15,4.2,14.8));
#1220 = VECTOR('',#1221,1.);
#1221 = DIRECTION('',(0.,1.,0.));
#1222 = PCURVE('',#154,#1223);
#1223 = DEFINITIONAL_REPRESENTATION('',(#1224),#1228);
#1224 = LINE('',#1225,#1226);
#1225 = CARTESIAN_POINT('',(159.7,4.2));
#1226 = VECTOR('',#1227,1.);
#1227 = DIRECTION('',(0.,1.));
#1228 = ( GEOMETRIC_REPRESENTATION_CONTEXT(2) 
PARAMETRIC_REPRESENTATION_CONTEXT() REPRESENTATION_CONTEXT('2D SPACE',''
  ) );
#1229 = PCURVE('',#1230,#1235);
#1230 = PLANE('',#1231);
#1231 = AXIS2_PLACEMENT_3D('',#1232,#1233,#1234);
#1232 = CARTESIAN_POINT('',(321.15,0.,0.));
#1233 = DIRECTION('',(1.,0.,-0.));
#1234 = DIRECTION('',(0.,0.,1.));
#1235 = DEFINITIONAL_REPRESENTATION('',(#1236),#1240);
#1236 = LINE('',#1237,#1238);
#1237 = CARTESIAN_POINT('',(14.8,-4.2));
#1238 = VECTOR('',#1239,1.);
#1239 = DIRECTION('',(0.,-1.));
#1240 = ( GEOMETRIC_REPRESENTATION_CONTEXT(2) 
PARAMETRIC_REPRESENTATION_CONTEXT() REPRESENTATION_CONTEXT('2D SPACE',''
  ) );
#1241 = ORIENTED_EDGE('',*,*,#1242,.T.);
#1242 = EDGE_CURVE('',#1215,#1243,#1245,.T.);
#1243 = VERTEX_POINT('',#1244);
#1244 = CARTESIAN_POINT('',(302.15,18.,14.8));
#1245 = SURFACE_CURVE('',#1246,(#1250,#1257),.PCURVE_S1.);
#1246 = LINE('',#1247,#1248);
#1247 = CARTESIAN_POINT('',(321.15,18.,14.8));
#1248 = VECTOR('',#1249,1.);
#1249 = DIRECTION('',(-1.,-0.,-0.));
#1250 = PCURVE('',#154,#1251);
#1251 = DEFINITIONAL_REPRESENTATION('',(#1252),#1256);
#1252 = LINE('',#1253,#1254);
#1253 = CARTESIAN_POINT('',(159.7,18.));
#1254 = VECTOR('',#1255,1.);
#1255 = DIRECTION('',(-1.,0.));
#1256 = ( GEOMETRIC_REPRESENTATION_CONTEXT(2) 
PARAMETRIC_REPRESENTATION_CONTEXT() REPRESENTATION_CONTEXT('2D SPACE',''
  ) );
#1257 = PCURVE('',#1258,#1263);
#1258 = PLANE('',#1259);
#1259 = AXIS2_PLACEMENT_3D('',#1260,#1261,#1262);
#1260 = CARTESIAN_POINT('',(321.15,18.,14.8));
#1261 = DIRECTION('',(0.,-1.,-0.));
#1262 = DIRECTION('',(-0.,-0.,1.));
#1263 = DEFINITIONAL_REPRESENTATION('',(#1264),#1268);
#1264 = LINE('',#1265,#1266);
#1265 = CARTESIAN_POINT('',(0.,-0.));
#1266 = VECTOR('',#1267,1.);
#1267 = DIRECTION('',(0.,1.));
#1268 = ( GEOMETRIC_REPRESENTATION_CONTEXT(2) 
PARAMETRIC_REPRESENTATION_CONTEXT() REPRESENTATION_CONTEXT('2D SPACE',''
  ) );
#1269 = ORIENTED_EDGE('',*,*,#1270,.T.);
#1270 = EDGE_CURVE('',#1243,#1271,#1273,.T.);
#1271 = VERTEX_POINT('',#1272);
#1272 = CARTESIAN_POINT('',(302.15,16.9,14.8));
#1273 = SURFACE_CURVE('',#1274,(#1278,#1285),.PCURVE_S1.);
#1274 = LINE('',#1275,#1276);
#1275 = CARTESIAN_POINT('',(302.15,18.,14.8));
#1276 = VECTOR('',#1277,1.);
#1277 = DIRECTION('',(0.,-1.,-0.));
#1278 = PCURVE('',#154,#1279);
#1279 = DEFINITIONAL_REPRESENTATION('',(#1280),#1284);
#1280 = LINE('',#1281,#1282);
#1281 = CARTESIAN_POINT('',(140.7,18.));
#1282 = VECTOR('',#1283,1.);
#1283 = DIRECTION('',(0.,-1.));
#1284 = ( GEOMETRIC_REPRESENTATION_CONTEXT(2) 
PARAMETRIC_REPRESENTATION_CONTEXT() REPRESENTATION_CONTEXT('2D SPACE',''
  ) );
#1285 = PCURVE('',#1286,#1291);
#1286 = PLANE('',#1287);
#1287 = AXIS2_PLACEMENT_3D('',#1288,#1289,#1290);
#1288 = CARTESIAN_POINT('',(302.15,18.,14.8));
#1289 = DIRECTION('',(-1.,-0.,-0.));
#1290 = DIRECTION('',(-0.,-0.,1.));
#1291 = DEFINITIONAL_REPRESENTATION('',(#1292),#1296);
#1292 = LINE('',#1293,#1294);
#1293 = CARTESIAN_POINT('',(0.,0.));
#1294 = VECTOR('',#1295,1.);
#1295 = DIRECTION('',(0.,-1.));
#1296 = ( GEOMETRIC_REPRESENTATION_CONTEXT(2) 
PARAMETRIC_REPRESENTATION_CONTEXT() REPRESENTATION_CONTEXT('2D SPACE',''
  ) );
#1297 = ORIENTED_EDGE('',*,*,#1298,.F.);
#1298 = EDGE_CURVE('',#1299,#1271,#1301,.T.);
#1299 = VERTEX_POINT('',#1300);
#1300 = CARTESIAN_POINT('',(244.3,16.9,14.8));
#1301 = SURFACE_CURVE('',#1302,(#1306,#1313),.PCURVE_S1.);
#1302 = LINE('',#1303,#1304);
#1303 = CARTESIAN_POINT('',(161.45,16.9,14.8));
#1304 = VECTOR('',#1305,1.);
#1305 = DIRECTION('',(1.,0.,-0.));
#1306 = PCURVE('',#154,#1307);
#1307 = DEFINITIONAL_REPRESENTATION('',(#1308),#1312);
#1308 = LINE('',#1309,#1310);
#1309 = CARTESIAN_POINT('',(0.,16.9));
#1310 = VECTOR('',#1311,1.);
#1311 = DIRECTION('',(1.,0.));
#1312 = ( GEOMETRIC_REPRESENTATION_CONTEXT(2) 
PARAMETRIC_REPRESENTATION_CONTEXT() REPRESENTATION_CONTEXT('2D SPACE',''
  ) );
#1313 = PCURVE('',#1314,#1319);
#1314 = PLANE('',#1315);
#1315 = AXIS2_PLACEMENT_3D('',#1316,#1317,#1318);
#1316 = CARTESIAN_POINT('',(161.45,16.9,14.8));
#1317 = DIRECTION('',(-0.,1.,0.));
#1318 = DIRECTION('',(0.,0.,1.));
#1319 = DEFINITIONAL_REPRESENTATION('',(#1320),#1324);
#1320 = LINE('',#1321,#1322);
#1321 = CARTESIAN_POINT('',(0.,0.));
#1322 = VECTOR('',#1323,1.);
#1323 = DIRECTION('',(0.,1.));
#1324 = ( GEOMETRIC_REPRESENTATION_CONTEXT(2) 
PARAMETRIC_REPRESENTATION_CONTEXT() REPRESENTATION_CONTEXT('2D SPACE',''
  ) );
#1325 = ORIENTED_EDGE('',*,*,#1326,.T.);
#1326 = EDGE_CURVE('',#1299,#1327,#1329,.T.);
#1327 = VERTEX_POINT('',#1328);
#1328 = CARTESIAN_POINT('',(244.3,72.,14.8));
#1329 = SURFACE_CURVE('',#1330,(#1334,#1341),.PCURVE_S1.);
#1330 = LINE('',#1331,#1332);
#1331 = CARTESIAN_POINT('',(244.3,12.5,14.8));
#1332 = VECTOR('',#1333,1.);
#1333 = DIRECTION('',(-0.,1.,0.));
#1334 = PCURVE('',#154,#1335);
#1335 = DEFINITIONAL_REPRESENTATION('',(#1336),#1340);
#1336 = LINE('',#1337,#1338);
#1337 = CARTESIAN_POINT('',(82.85,12.5));
#1338 = VECTOR('',#1339,1.);
#1339 = DIRECTION('',(0.,1.));
#1340 = ( GEOMETRIC_REPRESENTATION_CONTEXT(2) 
PARAMETRIC_REPRESENTATION_CONTEXT() REPRESENTATION_CONTEXT('2D SPACE',''
  ) );
#1341 = PCURVE('',#1342,#1347);
#1342 = PLANE('',#1343);
#1343 = AXIS2_PLACEMENT_3D('',#1344,#1345,#1346);
#1344 = CARTESIAN_POINT('',(244.3,12.5,14.8));
#1345 = DIRECTION('',(1.,0.,-0.));
#1346 = DIRECTION('',(0.,0.,1.));
#1347 = DEFINITIONAL_REPRESENTATION('',(#1348),#1352);
#1348 = LINE('',#1349,#1350);
#1349 = CARTESIAN_POINT('',(0.,0.));
#1350 = VECTOR('',#1351,1.);
#1351 = DIRECTION('',(0.,-1.));
#1352 = ( GEOMETRIC_REPRESENTATION_CONTEXT(2) 
PARAMETRIC_REPRESENTATION_CONTEXT() REPRESENTATION_CONTEXT('2D SPACE',''
  ) );
#1353 = ORIENTED_EDGE('',*,*,#1354,.T.);
#1354 = EDGE_CURVE('',#1327,#1355,#1357,.T.);
#1355 = VERTEX_POINT('',#1356);
#1356 = CARTESIAN_POINT('',(302.15,72.,14.8));
#1357 = SURFACE_CURVE('',#1358,(#1362,#1369),.PCURVE_S1.);
#1358 = LINE('',#1359,#1360);
#1359 = CARTESIAN_POINT('',(161.45,72.,14.8));
#1360 = VECTOR('',#1361,1.);
#1361 = DIRECTION('',(1.,0.,-0.));
#1362 = PCURVE('',#154,#1363);
#1363 = DEFINITIONAL_REPRESENTATION('',(#1364),#1368);
#1364 = LINE('',#1365,#1366);
#1365 = CARTESIAN_POINT('',(0.,72.));
#1366 = VECTOR('',#1367,1.);
#1367 = DIRECTION('',(1.,0.));
#1368 = ( GEOMETRIC_REPRESENTATION_CONTEXT(2) 
PARAMETRIC_REPRESENTATION_CONTEXT() REPRESENTATION_CONTEXT('2D SPACE',''
  ) );
#1369 = PCURVE('',#1370,#1375);
#1370 = PLANE('',#1371);
#1371 = AXIS2_PLACEMENT_3D('',#1372,#1373,#1374);
#1372 = CARTESIAN_POINT('',(161.45,72.,14.8));
#1373 = DIRECTION('',(-0.,1.,0.));
#1374 = DIRECTION('',(0.,0.,1.));
#1375 = DEFINITIONAL_REPRESENTATION('',(#1376),#1380);
#1376 = LINE('',#1377,#1378);
#1377 = CARTESIAN_POINT('',(0.,0.));
#1378 = VECTOR('',#1379,1.);
#1379 = DIRECTION('',(0.,1.));
#1380 = ( GEOMETRIC_REPRESENTATION_CONTEXT(2) 
PARAMETRIC_REPRESENTATION_CONTEXT() REPRESENTATION_CONTEXT('2D SPACE',''
  ) );
#1381 = ORIENTED_EDGE('',*,*,#1382,.F.);
#1382 = EDGE_CURVE('',#1383,#1355,#1385,.T.);
#1383 = VERTEX_POINT('',#1384);
#1384 = CARTESIAN_POINT('',(302.15,70.9,14.8));
#1385 = SURFACE_CURVE('',#1386,(#1390,#1397),.PCURVE_S1.);
#1386 = LINE('',#1387,#1388);
#1387 = CARTESIAN_POINT('',(302.15,70.9,14.8));
#1388 = VECTOR('',#1389,1.);
#1389 = DIRECTION('',(-0.,1.,-0.));
#1390 = PCURVE('',#154,#1391);
#1391 = DEFINITIONAL_REPRESENTATION('',(#1392),#1396);
#1392 = LINE('',#1393,#1394);
#1393 = CARTESIAN_POINT('',(140.7,70.9));
#1394 = VECTOR('',#1395,1.);
#1395 = DIRECTION('',(0.,1.));
#1396 = ( GEOMETRIC_REPRESENTATION_CONTEXT(2) 
PARAMETRIC_REPRESENTATION_CONTEXT() REPRESENTATION_CONTEXT('2D SPACE',''
  ) );
#1397 = PCURVE('',#1398,#1403);
#1398 = PLANE('',#1399);
#1399 = AXIS2_PLACEMENT_3D('',#1400,#1401,#1402);
#1400 = CARTESIAN_POINT('',(302.15,70.9,14.8));
#1401 = DIRECTION('',(-1.,-0.,-0.));
#1402 = DIRECTION('',(0.,0.,-1.));
#1403 = DEFINITIONAL_REPRESENTATION('',(#1404),#1408);
#1404 = LINE('',#1405,#1406);
#1405 = CARTESIAN_POINT('',(-0.,-0.));
#1406 = VECTOR('',#1407,1.);
#1407 = DIRECTION('',(-0.,-1.));
#1408 = ( GEOMETRIC_REPRESENTATION_CONTEXT(2) 
PARAMETRIC_REPRESENTATION_CONTEXT() REPRESENTATION_CONTEXT('2D SPACE',''
  ) );
#1409 = ORIENTED_EDGE('',*,*,#1410,.F.);
#1410 = EDGE_CURVE('',#1411,#1383,#1413,.T.);
#1411 = VERTEX_POINT('',#1412);
#1412 = CARTESIAN_POINT('',(321.15,70.9,14.8));
#1413 = SURFACE_CURVE('',#1414,(#1418,#1425),.PCURVE_S1.);
#1414 = LINE('',#1415,#1416);
#1415 = CARTESIAN_POINT('',(321.15,70.9,14.8));
#1416 = VECTOR('',#1417,1.);
#1417 = DIRECTION('',(-1.,-0.,-0.));
#1418 = PCURVE('',#154,#1419);
#1419 = DEFINITIONAL_REPRESENTATION('',(#1420),#1424);
#1420 = LINE('',#1421,#1422);
#1421 = CARTESIAN_POINT('',(159.7,70.9));
#1422 = VECTOR('',#1423,1.);
#1423 = DIRECTION('',(-1.,0.));
#1424 = ( GEOMETRIC_REPRESENTATION_CONTEXT(2) 
PARAMETRIC_REPRESENTATION_CONTEXT() REPRESENTATION_CONTEXT('2D SPACE',''
  ) );
#1425 = PCURVE('',#1426,#1431);
#1426 = PLANE('',#1427);
#1427 = AXIS2_PLACEMENT_3D('',#1428,#1429,#1430);
#1428 = CARTESIAN_POINT('',(321.15,70.9,14.8));
#1429 = DIRECTION('',(-0.,1.,-0.));
#1430 = DIRECTION('',(0.,0.,-1.));
#1431 = DEFINITIONAL_REPRESENTATION('',(#1432),#1436);
#1432 = LINE('',#1433,#1434);
#1433 = CARTESIAN_POINT('',(-0.,-0.));
#1434 = VECTOR('',#1435,1.);
#1435 = DIRECTION('',(-0.,1.));
#1436 = ( GEOMETRIC_REPRESENTATION_CONTEXT(2) 
PARAMETRIC_REPRESENTATION_CONTEXT() REPRESENTATION_CONTEXT('2D SPACE',''
  ) );
#1437 = ORIENTED_EDGE('',*,*,#1438,.F.);
#1438 = EDGE_CURVE('',#1439,#1411,#1441,.T.);
#1439 = VERTEX_POINT('',#1440);
#1440 = CARTESIAN_POINT('',(321.15,76.95,14.8));
#1441 = SURFACE_CURVE('',#1442,(#1446,#1453),.PCURVE_S1.);
#1442 = LINE('',#1443,#1444);
#1443 = CARTESIAN_POINT('',(321.15,84.7,14.8));
#1444 = VECTOR('',#1445,1.);
#1445 = DIRECTION('',(0.,-1.,0.));
#1446 = PCURVE('',#154,#1447);
#1447 = DEFINITIONAL_REPRESENTATION('',(#1448),#1452);
#1448 = LINE('',#1449,#1450);
#1449 = CARTESIAN_POINT('',(159.7,84.7));
#1450 = VECTOR('',#1451,1.);
#1451 = DIRECTION('',(0.,-1.));
#1452 = ( GEOMETRIC_REPRESENTATION_CONTEXT(2) 
PARAMETRIC_REPRESENTATION_CONTEXT() REPRESENTATION_CONTEXT('2D SPACE',''
  ) );
#1453 = PCURVE('',#1454,#1459);
#1454 = PLANE('',#1455);
#1455 = AXIS2_PLACEMENT_3D('',#1456,#1457,#1458);
#1456 = CARTESIAN_POINT('',(321.15,72.,14.8));
#1457 = DIRECTION('',(1.,0.,-0.));
#1458 = DIRECTION('',(0.,0.,1.));
#1459 = DEFINITIONAL_REPRESENTATION('',(#1460),#1464);
#1460 = LINE('',#1461,#1462);
#1461 = CARTESIAN_POINT('',(0.,-12.7));
#1462 = VECTOR('',#1463,1.);
#1463 = DIRECTION('',(0.,1.));
#1464 = ( GEOMETRIC_REPRESENTATION_CONTEXT(2) 
PARAMETRIC_REPRESENTATION_CONTEXT() REPRESENTATION_CONTEXT('2D SPACE',''
  ) );
#1465 = ORIENTED_EDGE('',*,*,#1466,.F.);
#1466 = EDGE_CURVE('',#1467,#1439,#1469,.T.);
#1467 = VERTEX_POINT('',#1468);
#1468 = CARTESIAN_POINT('',(315.7,75.65,14.8));
#1469 = SURFACE_CURVE('',#1470,(#1474,#1480),.PCURVE_S1.);
#1470 = LINE('',#1471,#1472);
#1471 = CARTESIAN_POINT('',(236.91523054869,56.857302699689,14.8));
#1472 = VECTOR('',#1473,1.);
#1473 = DIRECTION('',(0.972710381042,0.232022659698,-0.));
#1474 = PCURVE('',#154,#1475);
#1475 = DEFINITIONAL_REPRESENTATION('',(#1476),#1479);
#1476 = B_SPLINE_CURVE_WITH_KNOTS('',1,(#1477,#1478),.UNSPECIFIED.,.F.,
  .F.,(2,2),(80.995094723791,86.597995758077),.PIECEWISE_BEZIER_KNOTS.);
#1477 = CARTESIAN_POINT('',(154.25,75.65));
#1478 = CARTESIAN_POINT('',(159.7,76.95));
#1479 = ( GEOMETRIC_REPRESENTATION_CONTEXT(2) 
PARAMETRIC_REPRESENTATION_CONTEXT() REPRESENTATION_CONTEXT('2D SPACE',''
  ) );
#1480 = PCURVE('',#1481,#1486);
#1481 = PLANE('',#1482);
#1482 = AXIS2_PLACEMENT_3D('',#1483,#1484,#1485);
#1483 = CARTESIAN_POINT('',(321.15,76.95,13.8));
#1484 = DIRECTION('',(-0.232022659698,0.972710381042,-0.));
#1485 = DIRECTION('',(0.972710381042,0.232022659698,0.));
#1486 = DEFINITIONAL_REPRESENTATION('',(#1487),#1490);
#1487 = B_SPLINE_CURVE_WITH_KNOTS('',1,(#1488,#1489),.UNSPECIFIED.,.F.,
  .F.,(2,2),(80.995094723791,86.597995758077),.PIECEWISE_BEZIER_KNOTS.);
#1488 = CARTESIAN_POINT('',(-5.602901034286,-1.));
#1489 = CARTESIAN_POINT('',(0.,-1.));
#1490 = ( GEOMETRIC_REPRESENTATION_CONTEXT(2) 
PARAMETRIC_REPRESENTATION_CONTEXT() REPRESENTATION_CONTEXT('2D SPACE',''
  ) );
#1491 = ORIENTED_EDGE('',*,*,#1492,.F.);
#1492 = EDGE_CURVE('',#1493,#1467,#1495,.T.);
#1493 = VERTEX_POINT('',#1494);
#1494 = CARTESIAN_POINT('',(314.9,76.45,14.8));
#1495 = SURFACE_CURVE('',#1496,(#1500,#1506),.PCURVE_S1.);
#1496 = LINE('',#1497,#1498);
#1497 = CARTESIAN_POINT('',(296.04999999999,95.3,14.8));
#1498 = VECTOR('',#1499,1.);
#1499 = DIRECTION('',(0.707106781187,-0.707106781187,0.));
#1500 = PCURVE('',#154,#1501);
#1501 = DEFINITIONAL_REPRESENTATION('',(#1502),#1505);
#1502 = B_SPLINE_CURVE_WITH_KNOTS('',1,(#1503,#1504),.UNSPECIFIED.,.F.,
  .F.,(2,2),(26.657925650734,27.789296500632),.PIECEWISE_BEZIER_KNOTS.);
#1503 = CARTESIAN_POINT('',(153.45,76.45));
#1504 = CARTESIAN_POINT('',(154.25,75.65));
#1505 = ( GEOMETRIC_REPRESENTATION_CONTEXT(2) 
PARAMETRIC_REPRESENTATION_CONTEXT() REPRESENTATION_CONTEXT('2D SPACE',''
  ) );
#1506 = PCURVE('',#1507,#1512);
#1507 = PLANE('',#1508);
#1508 = AXIS2_PLACEMENT_3D('',#1509,#1510,#1511);
#1509 = CARTESIAN_POINT('',(315.7,75.65,13.8));
#1510 = DIRECTION('',(0.707106781187,0.707106781187,-0.));
#1511 = DIRECTION('',(0.707106781187,-0.707106781187,0.));
#1512 = DEFINITIONAL_REPRESENTATION('',(#1513),#1516);
#1513 = B_SPLINE_CURVE_WITH_KNOTS('',1,(#1514,#1515),.UNSPECIFIED.,.F.,
  .F.,(2,2),(26.657925650734,27.789296500632),.PIECEWISE_BEZIER_KNOTS.);
#1514 = CARTESIAN_POINT('',(-1.131370849899,-1.));
#1515 = CARTESIAN_POINT('',(0.,-1.));
#1516 = ( GEOMETRIC_REPRESENTATION_CONTEXT(2) 
PARAMETRIC_REPRESENTATION_CONTEXT() REPRESENTATION_CONTEXT('2D SPACE',''
  ) );
#1517 = ORIENTED_EDGE('',*,*,#1518,.F.);
#1518 = EDGE_CURVE('',#1519,#1493,#1521,.T.);
#1519 = VERTEX_POINT('',#1520);
#1520 = CARTESIAN_POINT('',(314.9,83.35,14.8));
#1521 = SURFACE_CURVE('',#1522,(#1526,#1532),.PCURVE_S1.);
#1522 = LINE('',#1523,#1524);
#1523 = CARTESIAN_POINT('',(314.9,38.225,14.8));
#1524 = VECTOR('',#1525,1.);
#1525 = DIRECTION('',(0.,-1.,0.));
#1526 = PCURVE('',#154,#1527);
#1527 = DEFINITIONAL_REPRESENTATION('',(#1528),#1531);
#1528 = B_SPLINE_CURVE_WITH_KNOTS('',1,(#1529,#1530),.UNSPECIFIED.,.F.,
  .F.,(2,2),(-45.125,-38.225),.PIECEWISE_BEZIER_KNOTS.);
#1529 = CARTESIAN_POINT('',(153.45,83.35));
#1530 = CARTESIAN_POINT('',(153.45,76.45));
#1531 = ( GEOMETRIC_REPRESENTATION_CONTEXT(2) 
PARAMETRIC_REPRESENTATION_CONTEXT() REPRESENTATION_CONTEXT('2D SPACE',''
  ) );
#1532 = PCURVE('',#1533,#1538);
#1533 = PLANE('',#1534);
#1534 = AXIS2_PLACEMENT_3D('',#1535,#1536,#1537);
#1535 = CARTESIAN_POINT('',(314.9,76.45,13.8));
#1536 = DIRECTION('',(1.,-0.,-0.));
#1537 = DIRECTION('',(0.,-1.,0.));
#1538 = DEFINITIONAL_REPRESENTATION('',(#1539),#1542);
#1539 = B_SPLINE_CURVE_WITH_KNOTS('',1,(#1540,#1541),.UNSPECIFIED.,.F.,
  .F.,(2,2),(-45.125,-38.225),.PIECEWISE_BEZIER_KNOTS.);
#1540 = CARTESIAN_POINT('',(-6.9,-1.));
#1541 = CARTESIAN_POINT('',(0.,-1.));
#1542 = ( GEOMETRIC_REPRESENTATION_CONTEXT(2) 
PARAMETRIC_REPRESENTATION_CONTEXT() REPRESENTATION_CONTEXT('2D SPACE',''
  ) );
#1543 = ORIENTED_EDGE('',*,*,#1544,.F.);
#1544 = EDGE_CURVE('',#1545,#1519,#1547,.T.);
#1545 = VERTEX_POINT('',#1546);
#1546 = CARTESIAN_POINT('',(315.7,84.15,14.8));
#1547 = SURFACE_CURVE('',#1548,(#1552,#1558),.PCURVE_S1.);
#1548 = LINE('',#1549,#1550);
#1549 = CARTESIAN_POINT('',(255.69999999999,24.15,14.8));
#1550 = VECTOR('',#1551,1.);
#1551 = DIRECTION('',(-0.707106781187,-0.707106781187,0.));
#1552 = PCURVE('',#154,#1553);
#1553 = DEFINITIONAL_REPRESENTATION('',(#1554),#1557);
#1554 = B_SPLINE_CURVE_WITH_KNOTS('',1,(#1555,#1556),.UNSPECIFIED.,.F.,
  .F.,(2,2),(-84.85281374238,-83.72144289248),.PIECEWISE_BEZIER_KNOTS.);
#1555 = CARTESIAN_POINT('',(154.25,84.15));
#1556 = CARTESIAN_POINT('',(153.45,83.35));
#1557 = ( GEOMETRIC_REPRESENTATION_CONTEXT(2) 
PARAMETRIC_REPRESENTATION_CONTEXT() REPRESENTATION_CONTEXT('2D SPACE',''
  ) );
#1558 = PCURVE('',#1559,#1564);
#1559 = PLANE('',#1560);
#1560 = AXIS2_PLACEMENT_3D('',#1561,#1562,#1563);
#1561 = CARTESIAN_POINT('',(314.9,83.35,13.8));
#1562 = DIRECTION('',(0.707106781187,-0.707106781187,0.));
#1563 = DIRECTION('',(-0.707106781187,-0.707106781187,0.));
#1564 = DEFINITIONAL_REPRESENTATION('',(#1565),#1568);
#1565 = B_SPLINE_CURVE_WITH_KNOTS('',1,(#1566,#1567),.UNSPECIFIED.,.F.,
  .F.,(2,2),(-84.85281374238,-83.72144289248),.PIECEWISE_BEZIER_KNOTS.);
#1566 = CARTESIAN_POINT('',(-1.131370849899,-1.));
#1567 = CARTESIAN_POINT('',(0.,-1.));
#1568 = ( GEOMETRIC_REPRESENTATION_CONTEXT(2) 
PARAMETRIC_REPRESENTATION_CONTEXT() REPRESENTATION_CONTEXT('2D SPACE',''
  ) );
#1569 = ORIENTED_EDGE('',*,*,#1570,.F.);
#1570 = EDGE_CURVE('',#1571,#1545,#1573,.T.);
#1571 = VERTEX_POINT('',#1572);
#1572 = CARTESIAN_POINT('',(321.15,82.85,14.8));
#1573 = SURFACE_CURVE('',#1574,(#1578,#1584),.PCURVE_S1.);
#1574 = LINE('',#1575,#1576);
#1575 = CARTESIAN_POINT('',(252.22292944174,99.291319582703,14.8));
#1576 = VECTOR('',#1577,1.);
#1577 = DIRECTION('',(-0.972710381042,0.232022659698,0.));
#1578 = PCURVE('',#154,#1579);
#1579 = DEFINITIONAL_REPRESENTATION('',(#1580),#1583);
#1580 = B_SPLINE_CURVE_WITH_KNOTS('',1,(#1581,#1582),.UNSPECIFIED.,.F.,
  .F.,(2,2),(-70.86083576534,-65.25793473105),.PIECEWISE_BEZIER_KNOTS.);
#1581 = CARTESIAN_POINT('',(159.7,82.85));
#1582 = CARTESIAN_POINT('',(154.25,84.15));
#1583 = ( GEOMETRIC_REPRESENTATION_CONTEXT(2) 
PARAMETRIC_REPRESENTATION_CONTEXT() REPRESENTATION_CONTEXT('2D SPACE',''
  ) );
#1584 = PCURVE('',#1585,#1590);
#1585 = PLANE('',#1586);
#1586 = AXIS2_PLACEMENT_3D('',#1587,#1588,#1589);
#1587 = CARTESIAN_POINT('',(315.7,84.15,13.8));
#1588 = DIRECTION('',(-0.232022659698,-0.972710381042,-0.));
#1589 = DIRECTION('',(-0.972710381042,0.232022659698,-0.));
#1590 = DEFINITIONAL_REPRESENTATION('',(#1591),#1594);
#1591 = B_SPLINE_CURVE_WITH_KNOTS('',1,(#1592,#1593),.UNSPECIFIED.,.F.,
  .F.,(2,2),(-70.86083576534,-65.25793473105),.PIECEWISE_BEZIER_KNOTS.);
#1592 = CARTESIAN_POINT('',(-5.602901034286,-1.));
#1593 = CARTESIAN_POINT('',(0.,-1.));
#1594 = ( GEOMETRIC_REPRESENTATION_CONTEXT(2) 
PARAMETRIC_REPRESENTATION_CONTEXT() REPRESENTATION_CONTEXT('2D SPACE',''
  ) );
#1595 = ORIENTED_EDGE('',*,*,#1596,.F.);
#1596 = EDGE_CURVE('',#1597,#1571,#1599,.T.);
#1597 = VERTEX_POINT('',#1598);
#1598 = CARTESIAN_POINT('',(321.15,84.7,14.8));
#1599 = SURFACE_CURVE('',#1600,(#1604,#1611),.PCURVE_S1.);
#1600 = LINE('',#1601,#1602);
#1601 = CARTESIAN_POINT('',(321.15,84.7,14.8));
#1602 = VECTOR('',#1603,1.);
#1603 = DIRECTION('',(0.,-1.,0.));
#1604 = PCURVE('',#154,#1605);
#1605 = DEFINITIONAL_REPRESENTATION('',(#1606),#1610);
#1606 = LINE('',#1607,#1608);
#1607 = CARTESIAN_POINT('',(159.7,84.7));
#1608 = VECTOR('',#1609,1.);
#1609 = DIRECTION('',(0.,-1.));
#1610 = ( GEOMETRIC_REPRESENTATION_CONTEXT(2) 
PARAMETRIC_REPRESENTATION_CONTEXT() REPRESENTATION_CONTEXT('2D SPACE',''
  ) );
#1611 = PCURVE('',#1612,#1617);
#1612 = PLANE('',#1613);
#1613 = AXIS2_PLACEMENT_3D('',#1614,#1615,#1616);
#1614 = CARTESIAN_POINT('',(321.15,72.,14.8));
#1615 = DIRECTION('',(1.,0.,-0.));
#1616 = DIRECTION('',(0.,0.,1.));
#1617 = DEFINITIONAL_REPRESENTATION('',(#1618),#1622);
#1618 = LINE('',#1619,#1620);
#1619 = CARTESIAN_POINT('',(0.,-12.7));
#1620 = VECTOR('',#1621,1.);
#1621 = DIRECTION('',(0.,1.));
#1622 = ( GEOMETRIC_REPRESENTATION_CONTEXT(2) 
PARAMETRIC_REPRESENTATION_CONTEXT() REPRESENTATION_CONTEXT('2D SPACE',''
  ) );
#1623 = ORIENTED_EDGE('',*,*,#1624,.F.);
#1624 = EDGE_CURVE('',#1625,#1597,#1627,.T.);
#1625 = VERTEX_POINT('',#1626);
#1626 = CARTESIAN_POINT('',(161.45,84.7,14.8));
#1627 = SURFACE_CURVE('',#1628,(#1632,#1639),.PCURVE_S1.);
#1628 = LINE('',#1629,#1630);
#1629 = CARTESIAN_POINT('',(161.45,84.7,14.8));
#1630 = VECTOR('',#1631,1.);
#1631 = DIRECTION('',(1.,0.,-0.));
#1632 = PCURVE('',#154,#1633);
#1633 = DEFINITIONAL_REPRESENTATION('',(#1634),#1638);
#1634 = LINE('',#1635,#1636);
#1635 = CARTESIAN_POINT('',(0.,84.7));
#1636 = VECTOR('',#1637,1.);
#1637 = DIRECTION('',(1.,0.));
#1638 = ( GEOMETRIC_REPRESENTATION_CONTEXT(2) 
PARAMETRIC_REPRESENTATION_CONTEXT() REPRESENTATION_CONTEXT('2D SPACE',''
  ) );
#1639 = PCURVE('',#1640,#1645);
#1640 = PLANE('',#1641);
#1641 = AXIS2_PLACEMENT_3D('',#1642,#1643,#1644);
#1642 = CARTESIAN_POINT('',(161.45,84.7,0.));
#1643 = DIRECTION('',(-0.,1.,0.));
#1644 = DIRECTION('',(0.,0.,1.));
#1645 = DEFINITIONAL_REPRESENTATION('',(#1646),#1649);
#1646 = B_SPLINE_CURVE_WITH_KNOTS('',1,(#1647,#1648),.UNSPECIFIED.,.F.,
  .F.,(2,2),(0.,159.7),.PIECEWISE_BEZIER_KNOTS.);
#1647 = CARTESIAN_POINT('',(14.8,0.));
#1648 = CARTESIAN_POINT('',(14.8,159.7));
#1649 = ( GEOMETRIC_REPRESENTATION_CONTEXT(2) 
PARAMETRIC_REPRESENTATION_CONTEXT() REPRESENTATION_CONTEXT('2D SPACE',''
  ) );
#1650 = ORIENTED_EDGE('',*,*,#1651,.F.);
#1651 = EDGE_CURVE('',#1652,#1625,#1654,.T.);
#1652 = VERTEX_POINT('',#1653);
#1653 = CARTESIAN_POINT('',(161.45,82.85,14.8));
#1654 = SURFACE_CURVE('',#1655,(#1659,#1666),.PCURVE_S1.);
#1655 = LINE('',#1656,#1657);
#1656 = CARTESIAN_POINT('',(161.45,70.9,14.8));
#1657 = VECTOR('',#1658,1.);
#1658 = DIRECTION('',(0.,1.,0.));
#1659 = PCURVE('',#154,#1660);
#1660 = DEFINITIONAL_REPRESENTATION('',(#1661),#1665);
#1661 = LINE('',#1662,#1663);
#1662 = CARTESIAN_POINT('',(0.,70.9));
#1663 = VECTOR('',#1664,1.);
#1664 = DIRECTION('',(0.,1.));
#1665 = ( GEOMETRIC_REPRESENTATION_CONTEXT(2) 
PARAMETRIC_REPRESENTATION_CONTEXT() REPRESENTATION_CONTEXT('2D SPACE',''
  ) );
#1666 = PCURVE('',#1667,#1672);
#1667 = PLANE('',#1668);
#1668 = AXIS2_PLACEMENT_3D('',#1669,#1670,#1671);
#1669 = CARTESIAN_POINT('',(161.45,72.,14.8));
#1670 = DIRECTION('',(1.,0.,-0.));
#1671 = DIRECTION('',(0.,0.,1.));
#1672 = DEFINITIONAL_REPRESENTATION('',(#1673),#1677);
#1673 = LINE('',#1674,#1675);
#1674 = CARTESIAN_POINT('',(0.,1.1));
#1675 = VECTOR('',#1676,1.);
#1676 = DIRECTION('',(0.,-1.));
#1677 = ( GEOMETRIC_REPRESENTATION_CONTEXT(2) 
PARAMETRIC_REPRESENTATION_CONTEXT() REPRESENTATION_CONTEXT('2D SPACE',''
  ) );
#1678 = ORIENTED_EDGE('',*,*,#1679,.T.);
#1679 = EDGE_CURVE('',#1652,#1680,#1682,.T.);
#1680 = VERTEX_POINT('',#1681);
#1681 = CARTESIAN_POINT('',(166.9,84.15,14.8));
#1682 = SURFACE_CURVE('',#1683,(#1687,#1693),.PCURVE_S1.);
#1683 = LINE('',#1684,#1685);
#1684 = CARTESIAN_POINT('',(154.82575655013,81.269905232141,14.8));
#1685 = VECTOR('',#1686,1.);
#1686 = DIRECTION('',(0.972710381042,0.232022659698,-0.));
#1687 = PCURVE('',#154,#1688);
#1688 = DEFINITIONAL_REPRESENTATION('',(#1689),#1692);
#1689 = B_SPLINE_CURVE_WITH_KNOTS('',1,(#1690,#1691),.UNSPECIFIED.,.F.,
  .F.,(2,2),(6.810088160849,12.412989195135),.PIECEWISE_BEZIER_KNOTS.);
#1690 = CARTESIAN_POINT('',(1.256209860341E-15,82.85));
#1691 = CARTESIAN_POINT('',(5.45,84.15));
#1692 = ( GEOMETRIC_REPRESENTATION_CONTEXT(2) 
PARAMETRIC_REPRESENTATION_CONTEXT() REPRESENTATION_CONTEXT('2D SPACE',''
  ) );
#1693 = PCURVE('',#1694,#1699);
#1694 = PLANE('',#1695);
#1695 = AXIS2_PLACEMENT_3D('',#1696,#1697,#1698);
#1696 = CARTESIAN_POINT('',(166.9,84.15,13.8));
#1697 = DIRECTION('',(0.232022659698,-0.972710381042,0.));
#1698 = DIRECTION('',(-0.972710381042,-0.232022659698,0.));
#1699 = DEFINITIONAL_REPRESENTATION('',(#1700),#1703);
#1700 = B_SPLINE_CURVE_WITH_KNOTS('',1,(#1701,#1702),.UNSPECIFIED.,.F.,
  .F.,(2,2),(6.810088160849,12.412989195135),.PIECEWISE_BEZIER_KNOTS.);
#1701 = CARTESIAN_POINT('',(5.602901034286,-1.));
#1702 = CARTESIAN_POINT('',(0.,-1.));
#1703 = ( GEOMETRIC_REPRESENTATION_CONTEXT(2) 
PARAMETRIC_REPRESENTATION_CONTEXT() REPRESENTATION_CONTEXT('2D SPACE',''
  ) );
#1704 = ORIENTED_EDGE('',*,*,#1705,.T.);
#1705 = EDGE_CURVE('',#1680,#1706,#1708,.T.);
#1706 = VERTEX_POINT('',#1707);
#1707 = CARTESIAN_POINT('',(167.7,83.35,14.8));
#1708 = SURFACE_CURVE('',#1709,(#1713,#1719),.PCURVE_S1.);
#1709 = LINE('',#1710,#1711);
#1710 = CARTESIAN_POINT('',(186.975,64.075,14.8));
#1711 = VECTOR('',#1712,1.);
#1712 = DIRECTION('',(0.707106781187,-0.707106781187,0.));
#1713 = PCURVE('',#154,#1714);
#1714 = DEFINITIONAL_REPRESENTATION('',(#1715),#1718);
#1715 = B_SPLINE_CURVE_WITH_KNOTS('',1,(#1716,#1717),.UNSPECIFIED.,.F.,
  .F.,(2,2),(-28.39033726464,-27.25896641474),.PIECEWISE_BEZIER_KNOTS.);
#1716 = CARTESIAN_POINT('',(5.45,84.15));
#1717 = CARTESIAN_POINT('',(6.25,83.35));
#1718 = ( GEOMETRIC_REPRESENTATION_CONTEXT(2) 
PARAMETRIC_REPRESENTATION_CONTEXT() REPRESENTATION_CONTEXT('2D SPACE',''
  ) );
#1719 = PCURVE('',#1720,#1725);
#1720 = PLANE('',#1721);
#1721 = AXIS2_PLACEMENT_3D('',#1722,#1723,#1724);
#1722 = CARTESIAN_POINT('',(167.7,83.35,13.8));
#1723 = DIRECTION('',(-0.707106781187,-0.707106781187,0.));
#1724 = DIRECTION('',(-0.707106781187,0.707106781187,0.));
#1725 = DEFINITIONAL_REPRESENTATION('',(#1726),#1729);
#1726 = B_SPLINE_CURVE_WITH_KNOTS('',1,(#1727,#1728),.UNSPECIFIED.,.F.,
  .F.,(2,2),(-28.39033726464,-27.25896641474),.PIECEWISE_BEZIER_KNOTS.);
#1727 = CARTESIAN_POINT('',(1.131370849898,-1.));
#1728 = CARTESIAN_POINT('',(0.,-1.));
#1729 = ( GEOMETRIC_REPRESENTATION_CONTEXT(2) 
PARAMETRIC_REPRESENTATION_CONTEXT() REPRESENTATION_CONTEXT('2D SPACE',''
  ) );
#1730 = ORIENTED_EDGE('',*,*,#1731,.T.);
#1731 = EDGE_CURVE('',#1706,#1732,#1734,.T.);
#1732 = VERTEX_POINT('',#1733);
#1733 = CARTESIAN_POINT('',(167.7,76.45,14.8));
#1734 = SURFACE_CURVE('',#1735,(#1739,#1745),.PCURVE_S1.);
#1735 = LINE('',#1736,#1737);
#1736 = CARTESIAN_POINT('',(167.7,38.225,14.8));
#1737 = VECTOR('',#1738,1.);
#1738 = DIRECTION('',(0.,-1.,0.));
#1739 = PCURVE('',#154,#1740);
#1740 = DEFINITIONAL_REPRESENTATION('',(#1741),#1744);
#1741 = B_SPLINE_CURVE_WITH_KNOTS('',1,(#1742,#1743),.UNSPECIFIED.,.F.,
  .F.,(2,2),(-45.125,-38.225),.PIECEWISE_BEZIER_KNOTS.);
#1742 = CARTESIAN_POINT('',(6.25,83.35));
#1743 = CARTESIAN_POINT('',(6.25,76.45));
#1744 = ( GEOMETRIC_REPRESENTATION_CONTEXT(2) 
PARAMETRIC_REPRESENTATION_CONTEXT() REPRESENTATION_CONTEXT('2D SPACE',''
  ) );
#1745 = PCURVE('',#1746,#1751);
#1746 = PLANE('',#1747);
#1747 = AXIS2_PLACEMENT_3D('',#1748,#1749,#1750);
#1748 = CARTESIAN_POINT('',(167.7,76.45,13.8));
#1749 = DIRECTION('',(-1.,0.,0.));
#1750 = DIRECTION('',(0.,1.,0.));
#1751 = DEFINITIONAL_REPRESENTATION('',(#1752),#1755);
#1752 = B_SPLINE_CURVE_WITH_KNOTS('',1,(#1753,#1754),.UNSPECIFIED.,.F.,
  .F.,(2,2),(-45.125,-38.225),.PIECEWISE_BEZIER_KNOTS.);
#1753 = CARTESIAN_POINT('',(6.9,-1.));
#1754 = CARTESIAN_POINT('',(0.,-1.));
#1755 = ( GEOMETRIC_REPRESENTATION_CONTEXT(2) 
PARAMETRIC_REPRESENTATION_CONTEXT() REPRESENTATION_CONTEXT('2D SPACE',''
  ) );
#1756 = ORIENTED_EDGE('',*,*,#1757,.T.);
#1757 = EDGE_CURVE('',#1732,#1758,#1760,.T.);
#1758 = VERTEX_POINT('',#1759);
#1759 = CARTESIAN_POINT('',(166.9,75.65,14.8));
#1760 = SURFACE_CURVE('',#1761,(#1765,#1771),.PCURVE_S1.);
#1761 = LINE('',#1762,#1763);
#1762 = CARTESIAN_POINT('',(146.625,55.375,14.8));
#1763 = VECTOR('',#1764,1.);
#1764 = DIRECTION('',(-0.707106781187,-0.707106781187,0.));
#1765 = PCURVE('',#154,#1766);
#1766 = DEFINITIONAL_REPRESENTATION('',(#1767),#1770);
#1767 = B_SPLINE_CURVE_WITH_KNOTS('',1,(#1768,#1769),.UNSPECIFIED.,.F.,
  .F.,(2,2),(-29.80455082701,-28.67317997711),.PIECEWISE_BEZIER_KNOTS.);
#1768 = CARTESIAN_POINT('',(6.25,76.45));
#1769 = CARTESIAN_POINT('',(5.45,75.65));
#1770 = ( GEOMETRIC_REPRESENTATION_CONTEXT(2) 
PARAMETRIC_REPRESENTATION_CONTEXT() REPRESENTATION_CONTEXT('2D SPACE',''
  ) );
#1771 = PCURVE('',#1772,#1777);
#1772 = PLANE('',#1773);
#1773 = AXIS2_PLACEMENT_3D('',#1774,#1775,#1776);
#1774 = CARTESIAN_POINT('',(166.9,75.65,13.8));
#1775 = DIRECTION('',(-0.707106781187,0.707106781187,0.));
#1776 = DIRECTION('',(0.707106781187,0.707106781187,0.));
#1777 = DEFINITIONAL_REPRESENTATION('',(#1778),#1781);
#1778 = B_SPLINE_CURVE_WITH_KNOTS('',1,(#1779,#1780),.UNSPECIFIED.,.F.,
  .F.,(2,2),(-29.80455082701,-28.67317997711),.PIECEWISE_BEZIER_KNOTS.);
#1779 = CARTESIAN_POINT('',(1.131370849898,-1.));
#1780 = CARTESIAN_POINT('',(0.,-1.));
#1781 = ( GEOMETRIC_REPRESENTATION_CONTEXT(2) 
PARAMETRIC_REPRESENTATION_CONTEXT() REPRESENTATION_CONTEXT('2D SPACE',''
  ) );
#1782 = ORIENTED_EDGE('',*,*,#1783,.T.);
#1783 = EDGE_CURVE('',#1758,#1784,#1786,.T.);
#1784 = VERTEX_POINT('',#1785);
#1785 = CARTESIAN_POINT('',(161.45,76.95,14.8));
#1786 = SURFACE_CURVE('',#1787,(#1791,#1797),.PCURVE_S1.);
#1787 = LINE('',#1788,#1789);
#1788 = CARTESIAN_POINT('',(170.13345544317,74.878717050251,14.8));
#1789 = VECTOR('',#1790,1.);
#1790 = DIRECTION('',(-0.972710381042,0.232022659698,0.));
#1791 = PCURVE('',#154,#1792);
#1792 = DEFINITIONAL_REPRESENTATION('',(#1793),#1796);
#1793 = B_SPLINE_CURVE_WITH_KNOTS('',1,(#1794,#1795),.UNSPECIFIED.,.F.,
  .F.,(2,2),(3.324170797597,8.927071831883),.PIECEWISE_BEZIER_KNOTS.);
#1794 = CARTESIAN_POINT('',(5.45,75.65));
#1795 = CARTESIAN_POINT('',(1.693626039341E-15,76.95));
#1796 = ( GEOMETRIC_REPRESENTATION_CONTEXT(2) 
PARAMETRIC_REPRESENTATION_CONTEXT() REPRESENTATION_CONTEXT('2D SPACE',''
  ) );
#1797 = PCURVE('',#1798,#1803);
#1798 = PLANE('',#1799);
#1799 = AXIS2_PLACEMENT_3D('',#1800,#1801,#1802);
#1800 = CARTESIAN_POINT('',(161.45,76.95,13.8));
#1801 = DIRECTION('',(0.232022659698,0.972710381042,-0.));
#1802 = DIRECTION('',(0.972710381042,-0.232022659698,0.));
#1803 = DEFINITIONAL_REPRESENTATION('',(#1804),#1807);
#1804 = B_SPLINE_CURVE_WITH_KNOTS('',1,(#1805,#1806),.UNSPECIFIED.,.F.,
  .F.,(2,2),(3.324170797597,8.927071831883),.PIECEWISE_BEZIER_KNOTS.);
#1805 = CARTESIAN_POINT('',(5.602901034286,-1.));
#1806 = CARTESIAN_POINT('',(3.552713678801E-15,-1.));
#1807 = ( GEOMETRIC_REPRESENTATION_CONTEXT(2) 
PARAMETRIC_REPRESENTATION_CONTEXT() REPRESENTATION_CONTEXT('2D SPACE',''
  ) );
#1808 = ORIENTED_EDGE('',*,*,#1809,.F.);
#1809 = EDGE_CURVE('',#1810,#1784,#1812,.T.);
#1810 = VERTEX_POINT('',#1811);
#1811 = CARTESIAN_POINT('',(161.45,70.9,14.8));
#1812 = SURFACE_CURVE('',#1813,(#1817,#1824),.PCURVE_S1.);
#1813 = LINE('',#1814,#1815);
#1814 = CARTESIAN_POINT('',(161.45,70.9,14.8));
#1815 = VECTOR('',#1816,1.);
#1816 = DIRECTION('',(0.,1.,0.));
#1817 = PCURVE('',#154,#1818);
#1818 = DEFINITIONAL_REPRESENTATION('',(#1819),#1823);
#1819 = LINE('',#1820,#1821);
#1820 = CARTESIAN_POINT('',(0.,70.9));
#1821 = VECTOR('',#1822,1.);
#1822 = DIRECTION('',(0.,1.));
#1823 = ( GEOMETRIC_REPRESENTATION_CONTEXT(2) 
PARAMETRIC_REPRESENTATION_CONTEXT() REPRESENTATION_CONTEXT('2D SPACE',''
  ) );
#1824 = PCURVE('',#1825,#1830);
#1825 = PLANE('',#1826);
#1826 = AXIS2_PLACEMENT_3D('',#1827,#1828,#1829);
#1827 = CARTESIAN_POINT('',(161.45,72.,14.8));
#1828 = DIRECTION('',(1.,0.,-0.));
#1829 = DIRECTION('',(0.,0.,1.));
#1830 = DEFINITIONAL_REPRESENTATION('',(#1831),#1835);
#1831 = LINE('',#1832,#1833);
#1832 = CARTESIAN_POINT('',(0.,1.1));
#1833 = VECTOR('',#1834,1.);
#1834 = DIRECTION('',(0.,-1.));
#1835 = ( GEOMETRIC_REPRESENTATION_CONTEXT(2) 
PARAMETRIC_REPRESENTATION_CONTEXT() REPRESENTATION_CONTEXT('2D SPACE',''
  ) );
#1836 = ORIENTED_EDGE('',*,*,#1837,.T.);
#1837 = EDGE_CURVE('',#1810,#1838,#1840,.T.);
#1838 = VERTEX_POINT('',#1839);
#1839 = CARTESIAN_POINT('',(180.45,70.9,14.8));
#1840 = SURFACE_CURVE('',#1841,(#1845,#1852),.PCURVE_S1.);
#1841 = LINE('',#1842,#1843);
#1842 = CARTESIAN_POINT('',(161.45,70.9,14.8));
#1843 = VECTOR('',#1844,1.);
#1844 = DIRECTION('',(1.,0.,-0.));
#1845 = PCURVE('',#154,#1846);
#1846 = DEFINITIONAL_REPRESENTATION('',(#1847),#1851);
#1847 = LINE('',#1848,#1849);
#1848 = CARTESIAN_POINT('',(0.,70.9));
#1849 = VECTOR('',#1850,1.);
#1850 = DIRECTION('',(1.,0.));
#1851 = ( GEOMETRIC_REPRESENTATION_CONTEXT(2) 
PARAMETRIC_REPRESENTATION_CONTEXT() REPRESENTATION_CONTEXT('2D SPACE',''
  ) );
#1852 = PCURVE('',#1853,#1858);
#1853 = PLANE('',#1854);
#1854 = AXIS2_PLACEMENT_3D('',#1855,#1856,#1857);
#1855 = CARTESIAN_POINT('',(161.45,70.9,14.8));
#1856 = DIRECTION('',(-0.,1.,0.));
#1857 = DIRECTION('',(0.,0.,1.));
#1858 = DEFINITIONAL_REPRESENTATION('',(#1859),#1863);
#1859 = LINE('',#1860,#1861);
#1860 = CARTESIAN_POINT('',(0.,0.));
#1861 = VECTOR('',#1862,1.);
#1862 = DIRECTION('',(0.,1.));
#1863 = ( GEOMETRIC_REPRESENTATION_CONTEXT(2) 
PARAMETRIC_REPRESENTATION_CONTEXT() REPRESENTATION_CONTEXT('2D SPACE',''
  ) );
#1864 = ORIENTED_EDGE('',*,*,#1865,.T.);
#1865 = EDGE_CURVE('',#1838,#1866,#1868,.T.);
#1866 = VERTEX_POINT('',#1867);
#1867 = CARTESIAN_POINT('',(180.45,72.,14.8));
#1868 = SURFACE_CURVE('',#1869,(#1873,#1880),.PCURVE_S1.);
#1869 = LINE('',#1870,#1871);
#1870 = CARTESIAN_POINT('',(180.45,70.9,14.8));
#1871 = VECTOR('',#1872,1.);
#1872 = DIRECTION('',(-0.,1.,0.));
#1873 = PCURVE('',#154,#1874);
#1874 = DEFINITIONAL_REPRESENTATION('',(#1875),#1879);
#1875 = LINE('',#1876,#1877);
#1876 = CARTESIAN_POINT('',(19.,70.9));
#1877 = VECTOR('',#1878,1.);
#1878 = DIRECTION('',(0.,1.));
#1879 = ( GEOMETRIC_REPRESENTATION_CONTEXT(2) 
PARAMETRIC_REPRESENTATION_CONTEXT() REPRESENTATION_CONTEXT('2D SPACE',''
  ) );
#1880 = PCURVE('',#1881,#1886);
#1881 = PLANE('',#1882);
#1882 = AXIS2_PLACEMENT_3D('',#1883,#1884,#1885);
#1883 = CARTESIAN_POINT('',(180.45,70.9,14.8));
#1884 = DIRECTION('',(1.,0.,-0.));
#1885 = DIRECTION('',(0.,0.,1.));
#1886 = DEFINITIONAL_REPRESENTATION('',(#1887),#1891);
#1887 = LINE('',#1888,#1889);
#1888 = CARTESIAN_POINT('',(0.,0.));
#1889 = VECTOR('',#1890,1.);
#1890 = DIRECTION('',(0.,-1.));
#1891 = ( GEOMETRIC_REPRESENTATION_CONTEXT(2) 
PARAMETRIC_REPRESENTATION_CONTEXT() REPRESENTATION_CONTEXT('2D SPACE',''
  ) );
#1892 = ORIENTED_EDGE('',*,*,#1893,.T.);
#1893 = EDGE_CURVE('',#1866,#1894,#1896,.T.);
#1894 = VERTEX_POINT('',#1895);
#1895 = CARTESIAN_POINT('',(238.3,72.,14.8));
#1896 = SURFACE_CURVE('',#1897,(#1901,#1908),.PCURVE_S1.);
#1897 = LINE('',#1898,#1899);
#1898 = CARTESIAN_POINT('',(161.45,72.,14.8));
#1899 = VECTOR('',#1900,1.);
#1900 = DIRECTION('',(1.,0.,-0.));
#1901 = PCURVE('',#154,#1902);
#1902 = DEFINITIONAL_REPRESENTATION('',(#1903),#1907);
#1903 = LINE('',#1904,#1905);
#1904 = CARTESIAN_POINT('',(0.,72.));
#1905 = VECTOR('',#1906,1.);
#1906 = DIRECTION('',(1.,0.));
#1907 = ( GEOMETRIC_REPRESENTATION_CONTEXT(2) 
PARAMETRIC_REPRESENTATION_CONTEXT() REPRESENTATION_CONTEXT('2D SPACE',''
  ) );
#1908 = PCURVE('',#1909,#1914);
#1909 = PLANE('',#1910);
#1910 = AXIS2_PLACEMENT_3D('',#1911,#1912,#1913);
#1911 = CARTESIAN_POINT('',(161.45,72.,14.8));
#1912 = DIRECTION('',(-0.,1.,0.));
#1913 = DIRECTION('',(0.,0.,1.));
#1914 = DEFINITIONAL_REPRESENTATION('',(#1915),#1919);
#1915 = LINE('',#1916,#1917);
#1916 = CARTESIAN_POINT('',(0.,0.));
#1917 = VECTOR('',#1918,1.);
#1918 = DIRECTION('',(0.,1.));
#1919 = ( GEOMETRIC_REPRESENTATION_CONTEXT(2) 
PARAMETRIC_REPRESENTATION_CONTEXT() REPRESENTATION_CONTEXT('2D SPACE',''
  ) );
#1920 = ORIENTED_EDGE('',*,*,#1921,.F.);
#1921 = EDGE_CURVE('',#1922,#1894,#1924,.T.);
#1922 = VERTEX_POINT('',#1923);
#1923 = CARTESIAN_POINT('',(238.3,16.9,14.8));
#1924 = SURFACE_CURVE('',#1925,(#1929,#1936),.PCURVE_S1.);
#1925 = LINE('',#1926,#1927);
#1926 = CARTESIAN_POINT('',(238.3,12.5,14.8));
#1927 = VECTOR('',#1928,1.);
#1928 = DIRECTION('',(-0.,1.,0.));
#1929 = PCURVE('',#154,#1930);
#1930 = DEFINITIONAL_REPRESENTATION('',(#1931),#1935);
#1931 = LINE('',#1932,#1933);
#1932 = CARTESIAN_POINT('',(76.85,12.5));
#1933 = VECTOR('',#1934,1.);
#1934 = DIRECTION('',(0.,1.));
#1935 = ( GEOMETRIC_REPRESENTATION_CONTEXT(2) 
PARAMETRIC_REPRESENTATION_CONTEXT() REPRESENTATION_CONTEXT('2D SPACE',''
  ) );
#1936 = PCURVE('',#1937,#1942);
#1937 = PLANE('',#1938);
#1938 = AXIS2_PLACEMENT_3D('',#1939,#1940,#1941);
#1939 = CARTESIAN_POINT('',(238.3,12.5,14.8));
#1940 = DIRECTION('',(1.,0.,-0.));
#1941 = DIRECTION('',(0.,0.,1.));
#1942 = DEFINITIONAL_REPRESENTATION('',(#1943),#1947);
#1943 = LINE('',#1944,#1945);
#1944 = CARTESIAN_POINT('',(0.,0.));
#1945 = VECTOR('',#1946,1.);
#1946 = DIRECTION('',(0.,-1.));
#1947 = ( GEOMETRIC_REPRESENTATION_CONTEXT(2) 
PARAMETRIC_REPRESENTATION_CONTEXT() REPRESENTATION_CONTEXT('2D SPACE',''
  ) );
#1948 = ORIENTED_EDGE('',*,*,#1949,.F.);
#1949 = EDGE_CURVE('',#882,#1922,#1950,.T.);
#1950 = SURFACE_CURVE('',#1951,(#1955,#1962),.PCURVE_S1.);
#1951 = LINE('',#1952,#1953);
#1952 = CARTESIAN_POINT('',(161.45,16.9,14.8));
#1953 = VECTOR('',#1954,1.);
#1954 = DIRECTION('',(1.,0.,-0.));
#1955 = PCURVE('',#154,#1956);
#1956 = DEFINITIONAL_REPRESENTATION('',(#1957),#1961);
#1957 = LINE('',#1958,#1959);
#1958 = CARTESIAN_POINT('',(0.,16.9));
#1959 = VECTOR('',#1960,1.);
#1960 = DIRECTION('',(1.,0.));
#1961 = ( GEOMETRIC_REPRESENTATION_CONTEXT(2) 
PARAMETRIC_REPRESENTATION_CONTEXT() REPRESENTATION_CONTEXT('2D SPACE',''
  ) );
#1962 = PCURVE('',#1963,#1968);
#1963 = PLANE('',#1964);
#1964 = AXIS2_PLACEMENT_3D('',#1965,#1966,#1967);
#1965 = CARTESIAN_POINT('',(161.45,16.9,14.8));
#1966 = DIRECTION('',(-0.,1.,0.));
#1967 = DIRECTION('',(0.,0.,1.));
#1968 = DEFINITIONAL_REPRESENTATION('',(#1969),#1973);
#1969 = LINE('',#1970,#1971);
#1970 = CARTESIAN_POINT('',(0.,0.));
#1971 = VECTOR('',#1972,1.);
#1972 = DIRECTION('',(0.,1.));
#1973 = ( GEOMETRIC_REPRESENTATION_CONTEXT(2) 
PARAMETRIC_REPRESENTATION_CONTEXT() REPRESENTATION_CONTEXT('2D SPACE',''
  ) );
#1974 = FACE_BOUND('',#1975,.F.);
#1975 = EDGE_LOOP('',(#1976,#2007,#2033,#2062));
#1976 = ORIENTED_EDGE('',*,*,#1977,.F.);
#1977 = EDGE_CURVE('',#1978,#1980,#1982,.T.);
#1978 = VERTEX_POINT('',#1979);
#1979 = CARTESIAN_POINT('',(224.8,10.3,14.8));
#1980 = VERTEX_POINT('',#1981);
#1981 = CARTESIAN_POINT('',(224.8,13.6,14.8));
#1982 = SURFACE_CURVE('',#1983,(#1988,#1995),.PCURVE_S1.);
#1983 = CIRCLE('',#1984,1.65);
#1984 = AXIS2_PLACEMENT_3D('',#1985,#1986,#1987);
#1985 = CARTESIAN_POINT('',(224.8,11.95,14.8));
#1986 = DIRECTION('',(0.,0.,1.));
#1987 = DIRECTION('',(1.,0.,-0.));
#1988 = PCURVE('',#154,#1989);
#1989 = DEFINITIONAL_REPRESENTATION('',(#1990),#1994);
#1990 = CIRCLE('',#1991,1.65);
#1991 = AXIS2_PLACEMENT_2D('',#1992,#1993);
#1992 = CARTESIAN_POINT('',(63.35,11.95));
#1993 = DIRECTION('',(1.,0.));
#1994 = ( GEOMETRIC_REPRESENTATION_CONTEXT(2) 
PARAMETRIC_REPRESENTATION_CONTEXT() REPRESENTATION_CONTEXT('2D SPACE',''
  ) );
#1995 = PCURVE('',#1996,#2001);
#1996 = CYLINDRICAL_SURFACE('',#1997,1.65);
#1997 = AXIS2_PLACEMENT_3D('',#1998,#1999,#2000);
#1998 = CARTESIAN_POINT('',(224.8,11.95,13.8));
#1999 = DIRECTION('',(0.,0.,1.));
#2000 = DIRECTION('',(1.,0.,-0.));
#2001 = DEFINITIONAL_REPRESENTATION('',(#2002),#2006);
#2002 = LINE('',#2003,#2004);
#2003 = CARTESIAN_POINT('',(0.,1.));
#2004 = VECTOR('',#2005,1.);
#2005 = DIRECTION('',(1.,0.));
#2006 = ( GEOMETRIC_REPRESENTATION_CONTEXT(2) 
PARAMETRIC_REPRESENTATION_CONTEXT() REPRESENTATION_CONTEXT('2D SPACE',''
  ) );
#2007 = ORIENTED_EDGE('',*,*,#2008,.T.);
#2008 = EDGE_CURVE('',#1978,#2009,#2011,.T.);
#2009 = VERTEX_POINT('',#2010);
#2010 = CARTESIAN_POINT('',(223.1,10.3,14.8));
#2011 = SURFACE_CURVE('',#2012,(#2016,#2022),.PCURVE_S1.);
#2012 = LINE('',#2013,#2014);
#2013 = CARTESIAN_POINT('',(192.275,10.3,14.8));
#2014 = VECTOR('',#2015,1.);
#2015 = DIRECTION('',(-1.,-0.,0.));
#2016 = PCURVE('',#154,#2017);
#2017 = DEFINITIONAL_REPRESENTATION('',(#2018),#2021);
#2018 = B_SPLINE_CURVE_WITH_KNOTS('',1,(#2019,#2020),.UNSPECIFIED.,.F.,
  .F.,(2,2),(-32.525,-30.825),.PIECEWISE_BEZIER_KNOTS.);
#2019 = CARTESIAN_POINT('',(63.35,10.3));
#2020 = CARTESIAN_POINT('',(61.65,10.3));
#2021 = ( GEOMETRIC_REPRESENTATION_CONTEXT(2) 
PARAMETRIC_REPRESENTATION_CONTEXT() REPRESENTATION_CONTEXT('2D SPACE',''
  ) );
#2022 = PCURVE('',#2023,#2028);
#2023 = PLANE('',#2024);
#2024 = AXIS2_PLACEMENT_3D('',#2025,#2026,#2027);
#2025 = CARTESIAN_POINT('',(223.1,10.3,13.8));
#2026 = DIRECTION('',(-0.,1.,0.));
#2027 = DIRECTION('',(0.,0.,1.));
#2028 = DEFINITIONAL_REPRESENTATION('',(#2029),#2032);
#2029 = B_SPLINE_CURVE_WITH_KNOTS('',1,(#2030,#2031),.UNSPECIFIED.,.F.,
  .F.,(2,2),(-32.525,-30.825),.PIECEWISE_BEZIER_KNOTS.);
#2030 = CARTESIAN_POINT('',(1.,1.7));
#2031 = CARTESIAN_POINT('',(1.,0.));
#2032 = ( GEOMETRIC_REPRESENTATION_CONTEXT(2) 
PARAMETRIC_REPRESENTATION_CONTEXT() REPRESENTATION_CONTEXT('2D SPACE',''
  ) );
#2033 = ORIENTED_EDGE('',*,*,#2034,.F.);
#2034 = EDGE_CURVE('',#2035,#2009,#2037,.T.);
#2035 = VERTEX_POINT('',#2036);
#2036 = CARTESIAN_POINT('',(223.1,13.6,14.8));
#2037 = SURFACE_CURVE('',#2038,(#2043,#2050),.PCURVE_S1.);
#2038 = CIRCLE('',#2039,1.65);
#2039 = AXIS2_PLACEMENT_3D('',#2040,#2041,#2042);
#2040 = CARTESIAN_POINT('',(223.1,11.95,14.8));
#2041 = DIRECTION('',(0.,0.,1.));
#2042 = DIRECTION('',(1.,0.,-0.));
#2043 = PCURVE('',#154,#2044);
#2044 = DEFINITIONAL_REPRESENTATION('',(#2045),#2049);
#2045 = CIRCLE('',#2046,1.65);
#2046 = AXIS2_PLACEMENT_2D('',#2047,#2048);
#2047 = CARTESIAN_POINT('',(61.65,11.95));
#2048 = DIRECTION('',(1.,0.));
#2049 = ( GEOMETRIC_REPRESENTATION_CONTEXT(2) 
PARAMETRIC_REPRESENTATION_CONTEXT() REPRESENTATION_CONTEXT('2D SPACE',''
  ) );
#2050 = PCURVE('',#2051,#2056);
#2051 = CYLINDRICAL_SURFACE('',#2052,1.65);
#2052 = AXIS2_PLACEMENT_3D('',#2053,#2054,#2055);
#2053 = CARTESIAN_POINT('',(223.1,11.95,13.8));
#2054 = DIRECTION('',(0.,0.,1.));
#2055 = DIRECTION('',(1.,0.,-0.));
#2056 = DEFINITIONAL_REPRESENTATION('',(#2057),#2061);
#2057 = LINE('',#2058,#2059);
#2058 = CARTESIAN_POINT('',(0.,1.));
#2059 = VECTOR('',#2060,1.);
#2060 = DIRECTION('',(1.,0.));
#2061 = ( GEOMETRIC_REPRESENTATION_CONTEXT(2) 
PARAMETRIC_REPRESENTATION_CONTEXT() REPRESENTATION_CONTEXT('2D SPACE',''
  ) );
#2062 = ORIENTED_EDGE('',*,*,#2063,.F.);
#2063 = EDGE_CURVE('',#1980,#2035,#2064,.T.);
#2064 = SURFACE_CURVE('',#2065,(#2069,#2075),.PCURVE_S1.);
#2065 = LINE('',#2066,#2067);
#2066 = CARTESIAN_POINT('',(192.275,13.6,14.8));
#2067 = VECTOR('',#2068,1.);
#2068 = DIRECTION('',(-1.,-0.,0.));
#2069 = PCURVE('',#154,#2070);
#2070 = DEFINITIONAL_REPRESENTATION('',(#2071),#2074);
#2071 = B_SPLINE_CURVE_WITH_KNOTS('',1,(#2072,#2073),.UNSPECIFIED.,.F.,
  .F.,(2,2),(-32.525,-30.825),.PIECEWISE_BEZIER_KNOTS.);
#2072 = CARTESIAN_POINT('',(63.35,13.6));
#2073 = CARTESIAN_POINT('',(61.65,13.6));
#2074 = ( GEOMETRIC_REPRESENTATION_CONTEXT(2) 
PARAMETRIC_REPRESENTATION_CONTEXT() REPRESENTATION_CONTEXT('2D SPACE',''
  ) );
#2075 = PCURVE('',#2076,#2081);
#2076 = PLANE('',#2077);
#2077 = AXIS2_PLACEMENT_3D('',#2078,#2079,#2080);
#2078 = CARTESIAN_POINT('',(223.1,13.6,13.8));
#2079 = DIRECTION('',(-0.,1.,0.));
#2080 = DIRECTION('',(0.,0.,1.));
#2081 = DEFINITIONAL_REPRESENTATION('',(#2082),#2085);
#2082 = B_SPLINE_CURVE_WITH_KNOTS('',1,(#2083,#2084),.UNSPECIFIED.,.F.,
  .F.,(2,2),(-32.525,-30.825),.PIECEWISE_BEZIER_KNOTS.);
#2083 = CARTESIAN_POINT('',(1.,1.7));
#2084 = CARTESIAN_POINT('',(1.,0.));
#2085 = ( GEOMETRIC_REPRESENTATION_CONTEXT(2) 
PARAMETRIC_REPRESENTATION_CONTEXT() REPRESENTATION_CONTEXT('2D SPACE',''
  ) );
#2086 = FACE_BOUND('',#2087,.F.);
#2087 = EDGE_LOOP('',(#2088,#2119,#2145,#2174));
#2088 = ORIENTED_EDGE('',*,*,#2089,.F.);
#2089 = EDGE_CURVE('',#2090,#2092,#2094,.T.);
#2090 = VERTEX_POINT('',#2091);
#2091 = CARTESIAN_POINT('',(259.5,10.3,14.8));
#2092 = VERTEX_POINT('',#2093);
#2093 = CARTESIAN_POINT('',(259.5,13.6,14.8));
#2094 = SURFACE_CURVE('',#2095,(#2100,#2107),.PCURVE_S1.);
#2095 = CIRCLE('',#2096,1.65);
#2096 = AXIS2_PLACEMENT_3D('',#2097,#2098,#2099);
#2097 = CARTESIAN_POINT('',(259.5,11.95,14.8));
#2098 = DIRECTION('',(0.,0.,1.));
#2099 = DIRECTION('',(1.,0.,-0.));
#2100 = PCURVE('',#154,#2101);
#2101 = DEFINITIONAL_REPRESENTATION('',(#2102),#2106);
#2102 = CIRCLE('',#2103,1.65);
#2103 = AXIS2_PLACEMENT_2D('',#2104,#2105);
#2104 = CARTESIAN_POINT('',(98.05,11.95));
#2105 = DIRECTION('',(1.,0.));
#2106 = ( GEOMETRIC_REPRESENTATION_CONTEXT(2) 
PARAMETRIC_REPRESENTATION_CONTEXT() REPRESENTATION_CONTEXT('2D SPACE',''
  ) );
#2107 = PCURVE('',#2108,#2113);
#2108 = CYLINDRICAL_SURFACE('',#2109,1.65);
#2109 = AXIS2_PLACEMENT_3D('',#2110,#2111,#2112);
#2110 = CARTESIAN_POINT('',(259.5,11.95,13.8));
#2111 = DIRECTION('',(0.,0.,1.));
#2112 = DIRECTION('',(1.,0.,-0.));
#2113 = DEFINITIONAL_REPRESENTATION('',(#2114),#2118);
#2114 = LINE('',#2115,#2116);
#2115 = CARTESIAN_POINT('',(0.,1.));
#2116 = VECTOR('',#2117,1.);
#2117 = DIRECTION('',(1.,0.));
#2118 = ( GEOMETRIC_REPRESENTATION_CONTEXT(2) 
PARAMETRIC_REPRESENTATION_CONTEXT() REPRESENTATION_CONTEXT('2D SPACE',''
  ) );
#2119 = ORIENTED_EDGE('',*,*,#2120,.T.);
#2120 = EDGE_CURVE('',#2090,#2121,#2123,.T.);
#2121 = VERTEX_POINT('',#2122);
#2122 = CARTESIAN_POINT('',(257.8,10.3,14.8));
#2123 = SURFACE_CURVE('',#2124,(#2128,#2134),.PCURVE_S1.);
#2124 = LINE('',#2125,#2126);
#2125 = CARTESIAN_POINT('',(209.625,10.3,14.8));
#2126 = VECTOR('',#2127,1.);
#2127 = DIRECTION('',(-1.,-0.,0.));
#2128 = PCURVE('',#154,#2129);
#2129 = DEFINITIONAL_REPRESENTATION('',(#2130),#2133);
#2130 = B_SPLINE_CURVE_WITH_KNOTS('',1,(#2131,#2132),.UNSPECIFIED.,.F.,
  .F.,(2,2),(-49.875,-48.175),.PIECEWISE_BEZIER_KNOTS.);
#2131 = CARTESIAN_POINT('',(98.05,10.3));
#2132 = CARTESIAN_POINT('',(96.35,10.3));
#2133 = ( GEOMETRIC_REPRESENTATION_CONTEXT(2) 
PARAMETRIC_REPRESENTATION_CONTEXT() REPRESENTATION_CONTEXT('2D SPACE',''
  ) );
#2134 = PCURVE('',#2135,#2140);
#2135 = PLANE('',#2136);
#2136 = AXIS2_PLACEMENT_3D('',#2137,#2138,#2139);
#2137 = CARTESIAN_POINT('',(257.8,10.3,13.8));
#2138 = DIRECTION('',(-0.,1.,0.));
#2139 = DIRECTION('',(0.,0.,1.));
#2140 = DEFINITIONAL_REPRESENTATION('',(#2141),#2144);
#2141 = B_SPLINE_CURVE_WITH_KNOTS('',1,(#2142,#2143),.UNSPECIFIED.,.F.,
  .F.,(2,2),(-49.875,-48.175),.PIECEWISE_BEZIER_KNOTS.);
#2142 = CARTESIAN_POINT('',(1.,1.7));
#2143 = CARTESIAN_POINT('',(1.,0.));
#2144 = ( GEOMETRIC_REPRESENTATION_CONTEXT(2) 
PARAMETRIC_REPRESENTATION_CONTEXT() REPRESENTATION_CONTEXT('2D SPACE',''
  ) );
#2145 = ORIENTED_EDGE('',*,*,#2146,.F.);
#2146 = EDGE_CURVE('',#2147,#2121,#2149,.T.);
#2147 = VERTEX_POINT('',#2148);
#2148 = CARTESIAN_POINT('',(257.8,13.6,14.8));
#2149 = SURFACE_CURVE('',#2150,(#2155,#2162),.PCURVE_S1.);
#2150 = CIRCLE('',#2151,1.65);
#2151 = AXIS2_PLACEMENT_3D('',#2152,#2153,#2154);
#2152 = CARTESIAN_POINT('',(257.8,11.95,14.8));
#2153 = DIRECTION('',(0.,0.,1.));
#2154 = DIRECTION('',(1.,0.,-0.));
#2155 = PCURVE('',#154,#2156);
#2156 = DEFINITIONAL_REPRESENTATION('',(#2157),#2161);
#2157 = CIRCLE('',#2158,1.65);
#2158 = AXIS2_PLACEMENT_2D('',#2159,#2160);
#2159 = CARTESIAN_POINT('',(96.35,11.95));
#2160 = DIRECTION('',(1.,0.));
#2161 = ( GEOMETRIC_REPRESENTATION_CONTEXT(2) 
PARAMETRIC_REPRESENTATION_CONTEXT() REPRESENTATION_CONTEXT('2D SPACE',''
  ) );
#2162 = PCURVE('',#2163,#2168);
#2163 = CYLINDRICAL_SURFACE('',#2164,1.65);
#2164 = AXIS2_PLACEMENT_3D('',#2165,#2166,#2167);
#2165 = CARTESIAN_POINT('',(257.8,11.95,13.8));
#2166 = DIRECTION('',(0.,0.,1.));
#2167 = DIRECTION('',(1.,0.,-0.));
#2168 = DEFINITIONAL_REPRESENTATION('',(#2169),#2173);
#2169 = LINE('',#2170,#2171);
#2170 = CARTESIAN_POINT('',(0.,1.));
#2171 = VECTOR('',#2172,1.);
#2172 = DIRECTION('',(1.,0.));
#2173 = ( GEOMETRIC_REPRESENTATION_CONTEXT(2) 
PARAMETRIC_REPRESENTATION_CONTEXT() REPRESENTATION_CONTEXT('2D SPACE',''
  ) );
#2174 = ORIENTED_EDGE('',*,*,#2175,.F.);
#2175 = EDGE_CURVE('',#2092,#2147,#2176,.T.);
#2176 = SURFACE_CURVE('',#2177,(#2181,#2187),.PCURVE_S1.);
#2177 = LINE('',#2178,#2179);
#2178 = CARTESIAN_POINT('',(209.625,13.6,14.8));
#2179 = VECTOR('',#2180,1.);
#2180 = DIRECTION('',(-1.,-0.,0.));
#2181 = PCURVE('',#154,#2182);
#2182 = DEFINITIONAL_REPRESENTATION('',(#2183),#2186);
#2183 = B_SPLINE_CURVE_WITH_KNOTS('',1,(#2184,#2185),.UNSPECIFIED.,.F.,
  .F.,(2,2),(-49.875,-48.175),.PIECEWISE_BEZIER_KNOTS.);
#2184 = CARTESIAN_POINT('',(98.05,13.6));
#2185 = CARTESIAN_POINT('',(96.35,13.6));
#2186 = ( GEOMETRIC_REPRESENTATION_CONTEXT(2) 
PARAMETRIC_REPRESENTATION_CONTEXT() REPRESENTATION_CONTEXT('2D SPACE',''
  ) );
#2187 = PCURVE('',#2188,#2193);
#2188 = PLANE('',#2189);
#2189 = AXIS2_PLACEMENT_3D('',#2190,#2191,#2192);
#2190 = CARTESIAN_POINT('',(257.8,13.6,13.8));
#2191 = DIRECTION('',(-0.,1.,0.));
#2192 = DIRECTION('',(0.,0.,1.));
#2193 = DEFINITIONAL_REPRESENTATION('',(#2194),#2197);
#2194 = B_SPLINE_CURVE_WITH_KNOTS('',1,(#2195,#2196),.UNSPECIFIED.,.F.,
  .F.,(2,2),(-49.875,-48.175),.PIECEWISE_BEZIER_KNOTS.);
#2195 = CARTESIAN_POINT('',(1.,1.7));
#2196 = CARTESIAN_POINT('',(1.,0.));
#2197 = ( GEOMETRIC_REPRESENTATION_CONTEXT(2) 
PARAMETRIC_REPRESENTATION_CONTEXT() REPRESENTATION_CONTEXT('2D SPACE',''
  ) );
#2198 = FACE_BOUND('',#2199,.F.);
#2199 = EDGE_LOOP('',(#2200,#2231,#2257,#2286,#2312,#2341,#2367,#2396));
#2200 = ORIENTED_EDGE('',*,*,#2201,.F.);
#2201 = EDGE_CURVE('',#2202,#2204,#2206,.T.);
#2202 = VERTEX_POINT('',#2203);
#2203 = CARTESIAN_POINT('',(182.,78.5,14.8));
#2204 = VERTEX_POINT('',#2205);
#2205 = CARTESIAN_POINT('',(185.,75.5,14.8));
#2206 = SURFACE_CURVE('',#2207,(#2212,#2219),.PCURVE_S1.);
#2207 = CIRCLE('',#2208,3.);
#2208 = AXIS2_PLACEMENT_3D('',#2209,#2210,#2211);
#2209 = CARTESIAN_POINT('',(185.,78.5,14.8));
#2210 = DIRECTION('',(0.,0.,1.));
#2211 = DIRECTION('',(-1.,-0.,0.));
#2212 = PCURVE('',#154,#2213);
#2213 = DEFINITIONAL_REPRESENTATION('',(#2214),#2218);
#2214 = CIRCLE('',#2215,3.);
#2215 = AXIS2_PLACEMENT_2D('',#2216,#2217);
#2216 = CARTESIAN_POINT('',(23.55,78.5));
#2217 = DIRECTION('',(-1.,0.));
#2218 = ( GEOMETRIC_REPRESENTATION_CONTEXT(2) 
PARAMETRIC_REPRESENTATION_CONTEXT() REPRESENTATION_CONTEXT('2D SPACE',''
  ) );
#2219 = PCURVE('',#2220,#2225);
#2220 = CYLINDRICAL_SURFACE('',#2221,3.);
#2221 = AXIS2_PLACEMENT_3D('',#2222,#2223,#2224);
#2222 = CARTESIAN_POINT('',(185.,78.5,13.8));
#2223 = DIRECTION('',(0.,0.,1.));
#2224 = DIRECTION('',(-1.,-0.,0.));
#2225 = DEFINITIONAL_REPRESENTATION('',(#2226),#2230);
#2226 = LINE('',#2227,#2228);
#2227 = CARTESIAN_POINT('',(0.,1.));
#2228 = VECTOR('',#2229,1.);
#2229 = DIRECTION('',(1.,0.));
#2230 = ( GEOMETRIC_REPRESENTATION_CONTEXT(2) 
PARAMETRIC_REPRESENTATION_CONTEXT() REPRESENTATION_CONTEXT('2D SPACE',''
  ) );
#2231 = ORIENTED_EDGE('',*,*,#2232,.T.);
#2232 = EDGE_CURVE('',#2202,#2233,#2235,.T.);
#2233 = VERTEX_POINT('',#2234);
#2234 = CARTESIAN_POINT('',(182.,81.,14.8));
#2235 = SURFACE_CURVE('',#2236,(#2240,#2246),.PCURVE_S1.);
#2236 = LINE('',#2237,#2238);
#2237 = CARTESIAN_POINT('',(182.,37.75,14.8));
#2238 = VECTOR('',#2239,1.);
#2239 = DIRECTION('',(0.,1.,0.));
#2240 = PCURVE('',#154,#2241);
#2241 = DEFINITIONAL_REPRESENTATION('',(#2242),#2245);
#2242 = B_SPLINE_CURVE_WITH_KNOTS('',1,(#2243,#2244),.UNSPECIFIED.,.F.,
  .F.,(2,2),(40.75,43.25),.PIECEWISE_BEZIER_KNOTS.);
#2243 = CARTESIAN_POINT('',(20.55,78.5));
#2244 = CARTESIAN_POINT('',(20.55,81.));
#2245 = ( GEOMETRIC_REPRESENTATION_CONTEXT(2) 
PARAMETRIC_REPRESENTATION_CONTEXT() REPRESENTATION_CONTEXT('2D SPACE',''
  ) );
#2246 = PCURVE('',#2247,#2252);
#2247 = PLANE('',#2248);
#2248 = AXIS2_PLACEMENT_3D('',#2249,#2250,#2251);
#2249 = CARTESIAN_POINT('',(182.,75.5,13.8));
#2250 = DIRECTION('',(1.,0.,0.));
#2251 = DIRECTION('',(0.,0.,1.));
#2252 = DEFINITIONAL_REPRESENTATION('',(#2253),#2256);
#2253 = B_SPLINE_CURVE_WITH_KNOTS('',1,(#2254,#2255),.UNSPECIFIED.,.F.,
  .F.,(2,2),(40.75,43.25),.PIECEWISE_BEZIER_KNOTS.);
#2254 = CARTESIAN_POINT('',(1.,-3.));
#2255 = CARTESIAN_POINT('',(1.,-5.5));
#2256 = ( GEOMETRIC_REPRESENTATION_CONTEXT(2) 
PARAMETRIC_REPRESENTATION_CONTEXT() REPRESENTATION_CONTEXT('2D SPACE',''
  ) );
#2257 = ORIENTED_EDGE('',*,*,#2258,.F.);
#2258 = EDGE_CURVE('',#2259,#2233,#2261,.T.);
#2259 = VERTEX_POINT('',#2260);
#2260 = CARTESIAN_POINT('',(185.,84.,14.8));
#2261 = SURFACE_CURVE('',#2262,(#2267,#2274),.PCURVE_S1.);
#2262 = CIRCLE('',#2263,3.);
#2263 = AXIS2_PLACEMENT_3D('',#2264,#2265,#2266);
#2264 = CARTESIAN_POINT('',(185.,81.,14.8));
#2265 = DIRECTION('',(0.,0.,1.));
#2266 = DIRECTION('',(-1.,-0.,0.));
#2267 = PCURVE('',#154,#2268);
#2268 = DEFINITIONAL_REPRESENTATION('',(#2269),#2273);
#2269 = CIRCLE('',#2270,3.);
#2270 = AXIS2_PLACEMENT_2D('',#2271,#2272);
#2271 = CARTESIAN_POINT('',(23.55,81.));
#2272 = DIRECTION('',(-1.,0.));
#2273 = ( GEOMETRIC_REPRESENTATION_CONTEXT(2) 
PARAMETRIC_REPRESENTATION_CONTEXT() REPRESENTATION_CONTEXT('2D SPACE',''
  ) );
#2274 = PCURVE('',#2275,#2280);
#2275 = CYLINDRICAL_SURFACE('',#2276,3.);
#2276 = AXIS2_PLACEMENT_3D('',#2277,#2278,#2279);
#2277 = CARTESIAN_POINT('',(185.,81.,13.8));
#2278 = DIRECTION('',(0.,0.,1.));
#2279 = DIRECTION('',(-1.,-0.,0.));
#2280 = DEFINITIONAL_REPRESENTATION('',(#2281),#2285);
#2281 = LINE('',#2282,#2283);
#2282 = CARTESIAN_POINT('',(-6.28318530718,1.));
#2283 = VECTOR('',#2284,1.);
#2284 = DIRECTION('',(1.,-0.));
#2285 = ( GEOMETRIC_REPRESENTATION_CONTEXT(2) 
PARAMETRIC_REPRESENTATION_CONTEXT() REPRESENTATION_CONTEXT('2D SPACE',''
  ) );
#2286 = ORIENTED_EDGE('',*,*,#2287,.F.);
#2287 = EDGE_CURVE('',#2288,#2259,#2290,.T.);
#2288 = VERTEX_POINT('',#2289);
#2289 = CARTESIAN_POINT('',(187.,84.,14.8));
#2290 = SURFACE_CURVE('',#2291,(#2295,#2301),.PCURVE_S1.);
#2291 = LINE('',#2292,#2293);
#2292 = CARTESIAN_POINT('',(171.725,84.,14.8));
#2293 = VECTOR('',#2294,1.);
#2294 = DIRECTION('',(-1.,0.,0.));
#2295 = PCURVE('',#154,#2296);
#2296 = DEFINITIONAL_REPRESENTATION('',(#2297),#2300);
#2297 = B_SPLINE_CURVE_WITH_KNOTS('',1,(#2298,#2299),.UNSPECIFIED.,.F.,
  .F.,(2,2),(-15.275,-13.275),.PIECEWISE_BEZIER_KNOTS.);
#2298 = CARTESIAN_POINT('',(25.55,84.));
#2299 = CARTESIAN_POINT('',(23.55,84.));
#2300 = ( GEOMETRIC_REPRESENTATION_CONTEXT(2) 
PARAMETRIC_REPRESENTATION_CONTEXT() REPRESENTATION_CONTEXT('2D SPACE',''
  ) );
#2301 = PCURVE('',#2302,#2307);
#2302 = PLANE('',#2303);
#2303 = AXIS2_PLACEMENT_3D('',#2304,#2305,#2306);
#2304 = CARTESIAN_POINT('',(182.,84.,13.8));
#2305 = DIRECTION('',(0.,1.,0.));
#2306 = DIRECTION('',(0.,0.,1.));
#2307 = DEFINITIONAL_REPRESENTATION('',(#2308),#2311);
#2308 = B_SPLINE_CURVE_WITH_KNOTS('',1,(#2309,#2310),.UNSPECIFIED.,.F.,
  .F.,(2,2),(-15.275,-13.275),.PIECEWISE_BEZIER_KNOTS.);
#2309 = CARTESIAN_POINT('',(1.,5.));
#2310 = CARTESIAN_POINT('',(1.,3.));
#2311 = ( GEOMETRIC_REPRESENTATION_CONTEXT(2) 
PARAMETRIC_REPRESENTATION_CONTEXT() REPRESENTATION_CONTEXT('2D SPACE',''
  ) );
#2312 = ORIENTED_EDGE('',*,*,#2313,.F.);
#2313 = EDGE_CURVE('',#2314,#2288,#2316,.T.);
#2314 = VERTEX_POINT('',#2315);
#2315 = CARTESIAN_POINT('',(190.,81.,14.8));
#2316 = SURFACE_CURVE('',#2317,(#2322,#2329),.PCURVE_S1.);
#2317 = CIRCLE('',#2318,3.);
#2318 = AXIS2_PLACEMENT_3D('',#2319,#2320,#2321);
#2319 = CARTESIAN_POINT('',(187.,81.,14.8));
#2320 = DIRECTION('',(0.,0.,1.));
#2321 = DIRECTION('',(1.,0.,-0.));
#2322 = PCURVE('',#154,#2323);
#2323 = DEFINITIONAL_REPRESENTATION('',(#2324),#2328);
#2324 = CIRCLE('',#2325,3.);
#2325 = AXIS2_PLACEMENT_2D('',#2326,#2327);
#2326 = CARTESIAN_POINT('',(25.55,81.));
#2327 = DIRECTION('',(1.,0.));
#2328 = ( GEOMETRIC_REPRESENTATION_CONTEXT(2) 
PARAMETRIC_REPRESENTATION_CONTEXT() REPRESENTATION_CONTEXT('2D SPACE',''
  ) );
#2329 = PCURVE('',#2330,#2335);
#2330 = CYLINDRICAL_SURFACE('',#2331,3.);
#2331 = AXIS2_PLACEMENT_3D('',#2332,#2333,#2334);
#2332 = CARTESIAN_POINT('',(187.,81.,13.8));
#2333 = DIRECTION('',(0.,0.,1.));
#2334 = DIRECTION('',(1.,0.,-0.));
#2335 = DEFINITIONAL_REPRESENTATION('',(#2336),#2340);
#2336 = LINE('',#2337,#2338);
#2337 = CARTESIAN_POINT('',(0.,1.));
#2338 = VECTOR('',#2339,1.);
#2339 = DIRECTION('',(1.,0.));
#2340 = ( GEOMETRIC_REPRESENTATION_CONTEXT(2) 
PARAMETRIC_REPRESENTATION_CONTEXT() REPRESENTATION_CONTEXT('2D SPACE',''
  ) );
#2341 = ORIENTED_EDGE('',*,*,#2342,.F.);
#2342 = EDGE_CURVE('',#2343,#2314,#2345,.T.);
#2343 = VERTEX_POINT('',#2344);
#2344 = CARTESIAN_POINT('',(190.,78.5,14.8));
#2345 = SURFACE_CURVE('',#2346,(#2350,#2356),.PCURVE_S1.);
#2346 = LINE('',#2347,#2348);
#2347 = CARTESIAN_POINT('',(190.,37.75,14.8));
#2348 = VECTOR('',#2349,1.);
#2349 = DIRECTION('',(0.,1.,0.));
#2350 = PCURVE('',#154,#2351);
#2351 = DEFINITIONAL_REPRESENTATION('',(#2352),#2355);
#2352 = B_SPLINE_CURVE_WITH_KNOTS('',1,(#2353,#2354),.UNSPECIFIED.,.F.,
  .F.,(2,2),(40.75,43.25),.PIECEWISE_BEZIER_KNOTS.);
#2353 = CARTESIAN_POINT('',(28.55,78.5));
#2354 = CARTESIAN_POINT('',(28.55,81.));
#2355 = ( GEOMETRIC_REPRESENTATION_CONTEXT(2) 
PARAMETRIC_REPRESENTATION_CONTEXT() REPRESENTATION_CONTEXT('2D SPACE',''
  ) );
#2356 = PCURVE('',#2357,#2362);
#2357 = PLANE('',#2358);
#2358 = AXIS2_PLACEMENT_3D('',#2359,#2360,#2361);
#2359 = CARTESIAN_POINT('',(190.,75.5,13.8));
#2360 = DIRECTION('',(1.,0.,0.));
#2361 = DIRECTION('',(0.,0.,1.));
#2362 = DEFINITIONAL_REPRESENTATION('',(#2363),#2366);
#2363 = B_SPLINE_CURVE_WITH_KNOTS('',1,(#2364,#2365),.UNSPECIFIED.,.F.,
  .F.,(2,2),(40.75,43.25),.PIECEWISE_BEZIER_KNOTS.);
#2364 = CARTESIAN_POINT('',(1.,-3.));
#2365 = CARTESIAN_POINT('',(1.,-5.5));
#2366 = ( GEOMETRIC_REPRESENTATION_CONTEXT(2) 
PARAMETRIC_REPRESENTATION_CONTEXT() REPRESENTATION_CONTEXT('2D SPACE',''
  ) );
#2367 = ORIENTED_EDGE('',*,*,#2368,.F.);
#2368 = EDGE_CURVE('',#2369,#2343,#2371,.T.);
#2369 = VERTEX_POINT('',#2370);
#2370 = CARTESIAN_POINT('',(187.,75.5,14.8));
#2371 = SURFACE_CURVE('',#2372,(#2377,#2384),.PCURVE_S1.);
#2372 = CIRCLE('',#2373,3.);
#2373 = AXIS2_PLACEMENT_3D('',#2374,#2375,#2376);
#2374 = CARTESIAN_POINT('',(187.,78.5,14.8));
#2375 = DIRECTION('',(0.,0.,1.));
#2376 = DIRECTION('',(1.,0.,-0.));
#2377 = PCURVE('',#154,#2378);
#2378 = DEFINITIONAL_REPRESENTATION('',(#2379),#2383);
#2379 = CIRCLE('',#2380,3.);
#2380 = AXIS2_PLACEMENT_2D('',#2381,#2382);
#2381 = CARTESIAN_POINT('',(25.55,78.5));
#2382 = DIRECTION('',(1.,0.));
#2383 = ( GEOMETRIC_REPRESENTATION_CONTEXT(2) 
PARAMETRIC_REPRESENTATION_CONTEXT() REPRESENTATION_CONTEXT('2D SPACE',''
  ) );
#2384 = PCURVE('',#2385,#2390);
#2385 = CYLINDRICAL_SURFACE('',#2386,3.);
#2386 = AXIS2_PLACEMENT_3D('',#2387,#2388,#2389);
#2387 = CARTESIAN_POINT('',(187.,78.5,13.8));
#2388 = DIRECTION('',(0.,0.,1.));
#2389 = DIRECTION('',(1.,0.,-0.));
#2390 = DEFINITIONAL_REPRESENTATION('',(#2391),#2395);
#2391 = LINE('',#2392,#2393);
#2392 = CARTESIAN_POINT('',(-6.28318530718,1.));
#2393 = VECTOR('',#2394,1.);
#2394 = DIRECTION('',(1.,-0.));
#2395 = ( GEOMETRIC_REPRESENTATION_CONTEXT(2) 
PARAMETRIC_REPRESENTATION_CONTEXT() REPRESENTATION_CONTEXT('2D SPACE',''
  ) );
#2396 = ORIENTED_EDGE('',*,*,#2397,.T.);
#2397 = EDGE_CURVE('',#2369,#2204,#2398,.T.);
#2398 = SURFACE_CURVE('',#2399,(#2403,#2409),.PCURVE_S1.);
#2399 = LINE('',#2400,#2401);
#2400 = CARTESIAN_POINT('',(171.725,75.5,14.8));
#2401 = VECTOR('',#2402,1.);
#2402 = DIRECTION('',(-1.,0.,0.));
#2403 = PCURVE('',#154,#2404);
#2404 = DEFINITIONAL_REPRESENTATION('',(#2405),#2408);
#2405 = B_SPLINE_CURVE_WITH_KNOTS('',1,(#2406,#2407),.UNSPECIFIED.,.F.,
  .F.,(2,2),(-15.275,-13.275),.PIECEWISE_BEZIER_KNOTS.);
#2406 = CARTESIAN_POINT('',(25.55,75.5));
#2407 = CARTESIAN_POINT('',(23.55,75.5));
#2408 = ( GEOMETRIC_REPRESENTATION_CONTEXT(2) 
PARAMETRIC_REPRESENTATION_CONTEXT() REPRESENTATION_CONTEXT('2D SPACE',''
  ) );
#2409 = PCURVE('',#2410,#2415);
#2410 = PLANE('',#2411);
#2411 = AXIS2_PLACEMENT_3D('',#2412,#2413,#2414);
#2412 = CARTESIAN_POINT('',(182.,75.5,13.8));
#2413 = DIRECTION('',(0.,1.,0.));
#2414 = DIRECTION('',(0.,0.,1.));
#2415 = DEFINITIONAL_REPRESENTATION('',(#2416),#2419);
#2416 = B_SPLINE_CURVE_WITH_KNOTS('',1,(#2417,#2418),.UNSPECIFIED.,.F.,
  .F.,(2,2),(-15.275,-13.275),.PIECEWISE_BEZIER_KNOTS.);
#2417 = CARTESIAN_POINT('',(1.,5.));
#2418 = CARTESIAN_POINT('',(1.,3.));
#2419 = ( GEOMETRIC_REPRESENTATION_CONTEXT(2) 
PARAMETRIC_REPRESENTATION_CONTEXT() REPRESENTATION_CONTEXT('2D SPACE',''
  ) );
#2420 = FACE_BOUND('',#2421,.F.);
#2421 = EDGE_LOOP('',(#2422,#2453,#2479,#2508,#2534,#2563,#2589,#2618));
#2422 = ORIENTED_EDGE('',*,*,#2423,.F.);
#2423 = EDGE_CURVE('',#2424,#2426,#2428,.T.);
#2424 = VERTEX_POINT('',#2425);
#2425 = CARTESIAN_POINT('',(196.,78.5,14.8));
#2426 = VERTEX_POINT('',#2427);
#2427 = CARTESIAN_POINT('',(199.,75.5,14.8));
#2428 = SURFACE_CURVE('',#2429,(#2434,#2441),.PCURVE_S1.);
#2429 = CIRCLE('',#2430,3.);
#2430 = AXIS2_PLACEMENT_3D('',#2431,#2432,#2433);
#2431 = CARTESIAN_POINT('',(199.,78.5,14.8));
#2432 = DIRECTION('',(0.,0.,1.));
#2433 = DIRECTION('',(-1.,-0.,0.));
#2434 = PCURVE('',#154,#2435);
#2435 = DEFINITIONAL_REPRESENTATION('',(#2436),#2440);
#2436 = CIRCLE('',#2437,3.);
#2437 = AXIS2_PLACEMENT_2D('',#2438,#2439);
#2438 = CARTESIAN_POINT('',(37.55,78.5));
#2439 = DIRECTION('',(-1.,0.));
#2440 = ( GEOMETRIC_REPRESENTATION_CONTEXT(2) 
PARAMETRIC_REPRESENTATION_CONTEXT() REPRESENTATION_CONTEXT('2D SPACE',''
  ) );
#2441 = PCURVE('',#2442,#2447);
#2442 = CYLINDRICAL_SURFACE('',#2443,3.);
#2443 = AXIS2_PLACEMENT_3D('',#2444,#2445,#2446);
#2444 = CARTESIAN_POINT('',(199.,78.5,13.8));
#2445 = DIRECTION('',(0.,0.,1.));
#2446 = DIRECTION('',(-1.,-0.,0.));
#2447 = DEFINITIONAL_REPRESENTATION('',(#2448),#2452);
#2448 = LINE('',#2449,#2450);
#2449 = CARTESIAN_POINT('',(0.,1.));
#2450 = VECTOR('',#2451,1.);
#2451 = DIRECTION('',(1.,0.));
#2452 = ( GEOMETRIC_REPRESENTATION_CONTEXT(2) 
PARAMETRIC_REPRESENTATION_CONTEXT() REPRESENTATION_CONTEXT('2D SPACE',''
  ) );
#2453 = ORIENTED_EDGE('',*,*,#2454,.T.);
#2454 = EDGE_CURVE('',#2424,#2455,#2457,.T.);
#2455 = VERTEX_POINT('',#2456);
#2456 = CARTESIAN_POINT('',(196.,81.,14.8));
#2457 = SURFACE_CURVE('',#2458,(#2462,#2468),.PCURVE_S1.);
#2458 = LINE('',#2459,#2460);
#2459 = CARTESIAN_POINT('',(196.,37.75,14.8));
#2460 = VECTOR('',#2461,1.);
#2461 = DIRECTION('',(0.,1.,0.));
#2462 = PCURVE('',#154,#2463);
#2463 = DEFINITIONAL_REPRESENTATION('',(#2464),#2467);
#2464 = B_SPLINE_CURVE_WITH_KNOTS('',1,(#2465,#2466),.UNSPECIFIED.,.F.,
  .F.,(2,2),(40.75,43.25),.PIECEWISE_BEZIER_KNOTS.);
#2465 = CARTESIAN_POINT('',(34.55,78.5));
#2466 = CARTESIAN_POINT('',(34.55,81.));
#2467 = ( GEOMETRIC_REPRESENTATION_CONTEXT(2) 
PARAMETRIC_REPRESENTATION_CONTEXT() REPRESENTATION_CONTEXT('2D SPACE',''
  ) );
#2468 = PCURVE('',#2469,#2474);
#2469 = PLANE('',#2470);
#2470 = AXIS2_PLACEMENT_3D('',#2471,#2472,#2473);
#2471 = CARTESIAN_POINT('',(196.,75.5,13.8));
#2472 = DIRECTION('',(1.,0.,0.));
#2473 = DIRECTION('',(0.,0.,1.));
#2474 = DEFINITIONAL_REPRESENTATION('',(#2475),#2478);
#2475 = B_SPLINE_CURVE_WITH_KNOTS('',1,(#2476,#2477),.UNSPECIFIED.,.F.,
  .F.,(2,2),(40.75,43.25),.PIECEWISE_BEZIER_KNOTS.);
#2476 = CARTESIAN_POINT('',(1.,-3.));
#2477 = CARTESIAN_POINT('',(1.,-5.5));
#2478 = ( GEOMETRIC_REPRESENTATION_CONTEXT(2) 
PARAMETRIC_REPRESENTATION_CONTEXT() REPRESENTATION_CONTEXT('2D SPACE',''
  ) );
#2479 = ORIENTED_EDGE('',*,*,#2480,.F.);
#2480 = EDGE_CURVE('',#2481,#2455,#2483,.T.);
#2481 = VERTEX_POINT('',#2482);
#2482 = CARTESIAN_POINT('',(199.,84.,14.8));
#2483 = SURFACE_CURVE('',#2484,(#2489,#2496),.PCURVE_S1.);
#2484 = CIRCLE('',#2485,3.);
#2485 = AXIS2_PLACEMENT_3D('',#2486,#2487,#2488);
#2486 = CARTESIAN_POINT('',(199.,81.,14.8));
#2487 = DIRECTION('',(0.,0.,1.));
#2488 = DIRECTION('',(-1.,-0.,0.));
#2489 = PCURVE('',#154,#2490);
#2490 = DEFINITIONAL_REPRESENTATION('',(#2491),#2495);
#2491 = CIRCLE('',#2492,3.);
#2492 = AXIS2_PLACEMENT_2D('',#2493,#2494);
#2493 = CARTESIAN_POINT('',(37.55,81.));
#2494 = DIRECTION('',(-1.,0.));
#2495 = ( GEOMETRIC_REPRESENTATION_CONTEXT(2) 
PARAMETRIC_REPRESENTATION_CONTEXT() REPRESENTATION_CONTEXT('2D SPACE',''
  ) );
#2496 = PCURVE('',#2497,#2502);
#2497 = CYLINDRICAL_SURFACE('',#2498,3.);
#2498 = AXIS2_PLACEMENT_3D('',#2499,#2500,#2501);
#2499 = CARTESIAN_POINT('',(199.,81.,13.8));
#2500 = DIRECTION('',(0.,0.,1.));
#2501 = DIRECTION('',(-1.,-0.,0.));
#2502 = DEFINITIONAL_REPRESENTATION('',(#2503),#2507);
#2503 = LINE('',#2504,#2505);
#2504 = CARTESIAN_POINT('',(-6.28318530718,1.));
#2505 = VECTOR('',#2506,1.);
#2506 = DIRECTION('',(1.,-0.));
#2507 = ( GEOMETRIC_REPRESENTATION_CONTEXT(2) 
PARAMETRIC_REPRESENTATION_CONTEXT() REPRESENTATION_CONTEXT('2D SPACE',''
  ) );
#2508 = ORIENTED_EDGE('',*,*,#2509,.F.);
#2509 = EDGE_CURVE('',#2510,#2481,#2512,.T.);
#2510 = VERTEX_POINT('',#2511);
#2511 = CARTESIAN_POINT('',(209.,84.,14.8));
#2512 = SURFACE_CURVE('',#2513,(#2517,#2523),.PCURVE_S1.);
#2513 = LINE('',#2514,#2515);
#2514 = CARTESIAN_POINT('',(178.725,84.,14.8));
#2515 = VECTOR('',#2516,1.);
#2516 = DIRECTION('',(-1.,0.,0.));
#2517 = PCURVE('',#154,#2518);
#2518 = DEFINITIONAL_REPRESENTATION('',(#2519),#2522);
#2519 = B_SPLINE_CURVE_WITH_KNOTS('',1,(#2520,#2521),.UNSPECIFIED.,.F.,
  .F.,(2,2),(-30.275,-20.275),.PIECEWISE_BEZIER_KNOTS.);
#2520 = CARTESIAN_POINT('',(47.55,84.));
#2521 = CARTESIAN_POINT('',(37.55,84.));
#2522 = ( GEOMETRIC_REPRESENTATION_CONTEXT(2) 
PARAMETRIC_REPRESENTATION_CONTEXT() REPRESENTATION_CONTEXT('2D SPACE',''
  ) );
#2523 = PCURVE('',#2524,#2529);
#2524 = PLANE('',#2525);
#2525 = AXIS2_PLACEMENT_3D('',#2526,#2527,#2528);
#2526 = CARTESIAN_POINT('',(196.,84.,13.8));
#2527 = DIRECTION('',(0.,1.,0.));
#2528 = DIRECTION('',(0.,0.,1.));
#2529 = DEFINITIONAL_REPRESENTATION('',(#2530),#2533);
#2530 = B_SPLINE_CURVE_WITH_KNOTS('',1,(#2531,#2532),.UNSPECIFIED.,.F.,
  .F.,(2,2),(-30.275,-20.275),.PIECEWISE_BEZIER_KNOTS.);
#2531 = CARTESIAN_POINT('',(1.,13.));
#2532 = CARTESIAN_POINT('',(1.,3.));
#2533 = ( GEOMETRIC_REPRESENTATION_CONTEXT(2) 
PARAMETRIC_REPRESENTATION_CONTEXT() REPRESENTATION_CONTEXT('2D SPACE',''
  ) );
#2534 = ORIENTED_EDGE('',*,*,#2535,.F.);
#2535 = EDGE_CURVE('',#2536,#2510,#2538,.T.);
#2536 = VERTEX_POINT('',#2537);
#2537 = CARTESIAN_POINT('',(212.,81.,14.8));
#2538 = SURFACE_CURVE('',#2539,(#2544,#2551),.PCURVE_S1.);
#2539 = CIRCLE('',#2540,3.);
#2540 = AXIS2_PLACEMENT_3D('',#2541,#2542,#2543);
#2541 = CARTESIAN_POINT('',(209.,81.,14.8));
#2542 = DIRECTION('',(0.,0.,1.));
#2543 = DIRECTION('',(1.,0.,-0.));
#2544 = PCURVE('',#154,#2545);
#2545 = DEFINITIONAL_REPRESENTATION('',(#2546),#2550);
#2546 = CIRCLE('',#2547,3.);
#2547 = AXIS2_PLACEMENT_2D('',#2548,#2549);
#2548 = CARTESIAN_POINT('',(47.55,81.));
#2549 = DIRECTION('',(1.,0.));
#2550 = ( GEOMETRIC_REPRESENTATION_CONTEXT(2) 
PARAMETRIC_REPRESENTATION_CONTEXT() REPRESENTATION_CONTEXT('2D SPACE',''
  ) );
#2551 = PCURVE('',#2552,#2557);
#2552 = CYLINDRICAL_SURFACE('',#2553,3.);
#2553 = AXIS2_PLACEMENT_3D('',#2554,#2555,#2556);
#2554 = CARTESIAN_POINT('',(209.,81.,13.8));
#2555 = DIRECTION('',(0.,0.,1.));
#2556 = DIRECTION('',(1.,0.,-0.));
#2557 = DEFINITIONAL_REPRESENTATION('',(#2558),#2562);
#2558 = LINE('',#2559,#2560);
#2559 = CARTESIAN_POINT('',(0.,1.));
#2560 = VECTOR('',#2561,1.);
#2561 = DIRECTION('',(1.,0.));
#2562 = ( GEOMETRIC_REPRESENTATION_CONTEXT(2) 
PARAMETRIC_REPRESENTATION_CONTEXT() REPRESENTATION_CONTEXT('2D SPACE',''
  ) );
#2563 = ORIENTED_EDGE('',*,*,#2564,.F.);
#2564 = EDGE_CURVE('',#2565,#2536,#2567,.T.);
#2565 = VERTEX_POINT('',#2566);
#2566 = CARTESIAN_POINT('',(212.,78.5,14.8));
#2567 = SURFACE_CURVE('',#2568,(#2572,#2578),.PCURVE_S1.);
#2568 = LINE('',#2569,#2570);
#2569 = CARTESIAN_POINT('',(212.,37.75,14.8));
#2570 = VECTOR('',#2571,1.);
#2571 = DIRECTION('',(0.,1.,0.));
#2572 = PCURVE('',#154,#2573);
#2573 = DEFINITIONAL_REPRESENTATION('',(#2574),#2577);
#2574 = B_SPLINE_CURVE_WITH_KNOTS('',1,(#2575,#2576),.UNSPECIFIED.,.F.,
  .F.,(2,2),(40.75,43.25),.PIECEWISE_BEZIER_KNOTS.);
#2575 = CARTESIAN_POINT('',(50.55,78.5));
#2576 = CARTESIAN_POINT('',(50.55,81.));
#2577 = ( GEOMETRIC_REPRESENTATION_CONTEXT(2) 
PARAMETRIC_REPRESENTATION_CONTEXT() REPRESENTATION_CONTEXT('2D SPACE',''
  ) );
#2578 = PCURVE('',#2579,#2584);
#2579 = PLANE('',#2580);
#2580 = AXIS2_PLACEMENT_3D('',#2581,#2582,#2583);
#2581 = CARTESIAN_POINT('',(212.,75.5,13.8));
#2582 = DIRECTION('',(1.,0.,0.));
#2583 = DIRECTION('',(0.,0.,1.));
#2584 = DEFINITIONAL_REPRESENTATION('',(#2585),#2588);
#2585 = B_SPLINE_CURVE_WITH_KNOTS('',1,(#2586,#2587),.UNSPECIFIED.,.F.,
  .F.,(2,2),(40.75,43.25),.PIECEWISE_BEZIER_KNOTS.);
#2586 = CARTESIAN_POINT('',(1.,-3.));
#2587 = CARTESIAN_POINT('',(1.,-5.5));
#2588 = ( GEOMETRIC_REPRESENTATION_CONTEXT(2) 
PARAMETRIC_REPRESENTATION_CONTEXT() REPRESENTATION_CONTEXT('2D SPACE',''
  ) );
#2589 = ORIENTED_EDGE('',*,*,#2590,.F.);
#2590 = EDGE_CURVE('',#2591,#2565,#2593,.T.);
#2591 = VERTEX_POINT('',#2592);
#2592 = CARTESIAN_POINT('',(209.,75.5,14.8));
#2593 = SURFACE_CURVE('',#2594,(#2599,#2606),.PCURVE_S1.);
#2594 = CIRCLE('',#2595,3.);
#2595 = AXIS2_PLACEMENT_3D('',#2596,#2597,#2598);
#2596 = CARTESIAN_POINT('',(209.,78.5,14.8));
#2597 = DIRECTION('',(0.,0.,1.));
#2598 = DIRECTION('',(1.,0.,-0.));
#2599 = PCURVE('',#154,#2600);
#2600 = DEFINITIONAL_REPRESENTATION('',(#2601),#2605);
#2601 = CIRCLE('',#2602,3.);
#2602 = AXIS2_PLACEMENT_2D('',#2603,#2604);
#2603 = CARTESIAN_POINT('',(47.55,78.5));
#2604 = DIRECTION('',(1.,0.));
#2605 = ( GEOMETRIC_REPRESENTATION_CONTEXT(2) 
PARAMETRIC_REPRESENTATION_CONTEXT() REPRESENTATION_CONTEXT('2D SPACE',''
  ) );
#2606 = PCURVE('',#2607,#2612);
#2607 = CYLINDRICAL_SURFACE('',#2608,3.);
#2608 = AXIS2_PLACEMENT_3D('',#2609,#2610,#2611);
#2609 = CARTESIAN_POINT('',(209.,78.5,13.8));
#2610 = DIRECTION('',(0.,0.,1.));
#2611 = DIRECTION('',(1.,0.,-0.));
#2612 = DEFINITIONAL_REPRESENTATION('',(#2613),#2617);
#2613 = LINE('',#2614,#2615);
#2614 = CARTESIAN_POINT('',(-6.28318530718,1.));
#2615 = VECTOR('',#2616,1.);
#2616 = DIRECTION('',(1.,-0.));
#2617 = ( GEOMETRIC_REPRESENTATION_CONTEXT(2) 
PARAMETRIC_REPRESENTATION_CONTEXT() REPRESENTATION_CONTEXT('2D SPACE',''
  ) );
#2618 = ORIENTED_EDGE('',*,*,#2619,.T.);
#2619 = EDGE_CURVE('',#2591,#2426,#2620,.T.);
#2620 = SURFACE_CURVE('',#2621,(#2625,#2631),.PCURVE_S1.);
#2621 = LINE('',#2622,#2623);
#2622 = CARTESIAN_POINT('',(178.725,75.5,14.8));
#2623 = VECTOR('',#2624,1.);
#2624 = DIRECTION('',(-1.,0.,0.));
#2625 = PCURVE('',#154,#2626);
#2626 = DEFINITIONAL_REPRESENTATION('',(#2627),#2630);
#2627 = B_SPLINE_CURVE_WITH_KNOTS('',1,(#2628,#2629),.UNSPECIFIED.,.F.,
  .F.,(2,2),(-30.275,-20.275),.PIECEWISE_BEZIER_KNOTS.);
#2628 = CARTESIAN_POINT('',(47.55,75.5));
#2629 = CARTESIAN_POINT('',(37.55,75.5));
#2630 = ( GEOMETRIC_REPRESENTATION_CONTEXT(2) 
PARAMETRIC_REPRESENTATION_CONTEXT() REPRESENTATION_CONTEXT('2D SPACE',''
  ) );
#2631 = PCURVE('',#2632,#2637);
#2632 = PLANE('',#2633);
#2633 = AXIS2_PLACEMENT_3D('',#2634,#2635,#2636);
#2634 = CARTESIAN_POINT('',(196.,75.5,13.8));
#2635 = DIRECTION('',(0.,1.,0.));
#2636 = DIRECTION('',(0.,0.,1.));
#2637 = DEFINITIONAL_REPRESENTATION('',(#2638),#2641);
#2638 = B_SPLINE_CURVE_WITH_KNOTS('',1,(#2639,#2640),.UNSPECIFIED.,.F.,
  .F.,(2,2),(-30.275,-20.275),.PIECEWISE_BEZIER_KNOTS.);
#2639 = CARTESIAN_POINT('',(1.,13.));
#2640 = CARTESIAN_POINT('',(1.,3.));
#2641 = ( GEOMETRIC_REPRESENTATION_CONTEXT(2) 
PARAMETRIC_REPRESENTATION_CONTEXT() REPRESENTATION_CONTEXT('2D SPACE',''
  ) );
#2642 = FACE_BOUND('',#2643,.F.);
#2643 = EDGE_LOOP('',(#2644,#2675,#2701,#2730));
#2644 = ORIENTED_EDGE('',*,*,#2645,.F.);
#2645 = EDGE_CURVE('',#2646,#2648,#2650,.T.);
#2646 = VERTEX_POINT('',#2647);
#2647 = CARTESIAN_POINT('',(224.8,75.3,14.8));
#2648 = VERTEX_POINT('',#2649);
#2649 = CARTESIAN_POINT('',(224.8,78.6,14.8));
#2650 = SURFACE_CURVE('',#2651,(#2656,#2663),.PCURVE_S1.);
#2651 = CIRCLE('',#2652,1.65);
#2652 = AXIS2_PLACEMENT_3D('',#2653,#2654,#2655);
#2653 = CARTESIAN_POINT('',(224.8,76.95,14.8));
#2654 = DIRECTION('',(0.,0.,1.));
#2655 = DIRECTION('',(1.,0.,-0.));
#2656 = PCURVE('',#154,#2657);
#2657 = DEFINITIONAL_REPRESENTATION('',(#2658),#2662);
#2658 = CIRCLE('',#2659,1.65);
#2659 = AXIS2_PLACEMENT_2D('',#2660,#2661);
#2660 = CARTESIAN_POINT('',(63.35,76.95));
#2661 = DIRECTION('',(1.,0.));
#2662 = ( GEOMETRIC_REPRESENTATION_CONTEXT(2) 
PARAMETRIC_REPRESENTATION_CONTEXT() REPRESENTATION_CONTEXT('2D SPACE',''
  ) );
#2663 = PCURVE('',#2664,#2669);
#2664 = CYLINDRICAL_SURFACE('',#2665,1.65);
#2665 = AXIS2_PLACEMENT_3D('',#2666,#2667,#2668);
#2666 = CARTESIAN_POINT('',(224.8,76.95,13.8));
#2667 = DIRECTION('',(0.,0.,1.));
#2668 = DIRECTION('',(1.,0.,-0.));
#2669 = DEFINITIONAL_REPRESENTATION('',(#2670),#2674);
#2670 = LINE('',#2671,#2672);
#2671 = CARTESIAN_POINT('',(0.,1.));
#2672 = VECTOR('',#2673,1.);
#2673 = DIRECTION('',(1.,0.));
#2674 = ( GEOMETRIC_REPRESENTATION_CONTEXT(2) 
PARAMETRIC_REPRESENTATION_CONTEXT() REPRESENTATION_CONTEXT('2D SPACE',''
  ) );
#2675 = ORIENTED_EDGE('',*,*,#2676,.T.);
#2676 = EDGE_CURVE('',#2646,#2677,#2679,.T.);
#2677 = VERTEX_POINT('',#2678);
#2678 = CARTESIAN_POINT('',(223.1,75.3,14.8));
#2679 = SURFACE_CURVE('',#2680,(#2684,#2690),.PCURVE_S1.);
#2680 = LINE('',#2681,#2682);
#2681 = CARTESIAN_POINT('',(192.275,75.3,14.8));
#2682 = VECTOR('',#2683,1.);
#2683 = DIRECTION('',(-1.,-0.,0.));
#2684 = PCURVE('',#154,#2685);
#2685 = DEFINITIONAL_REPRESENTATION('',(#2686),#2689);
#2686 = B_SPLINE_CURVE_WITH_KNOTS('',1,(#2687,#2688),.UNSPECIFIED.,.F.,
  .F.,(2,2),(-32.525,-30.825),.PIECEWISE_BEZIER_KNOTS.);
#2687 = CARTESIAN_POINT('',(63.35,75.3));
#2688 = CARTESIAN_POINT('',(61.65,75.3));
#2689 = ( GEOMETRIC_REPRESENTATION_CONTEXT(2) 
PARAMETRIC_REPRESENTATION_CONTEXT() REPRESENTATION_CONTEXT('2D SPACE',''
  ) );
#2690 = PCURVE('',#2691,#2696);
#2691 = PLANE('',#2692);
#2692 = AXIS2_PLACEMENT_3D('',#2693,#2694,#2695);
#2693 = CARTESIAN_POINT('',(223.1,75.3,13.8));
#2694 = DIRECTION('',(-0.,1.,0.));
#2695 = DIRECTION('',(0.,0.,1.));
#2696 = DEFINITIONAL_REPRESENTATION('',(#2697),#2700);
#2697 = B_SPLINE_CURVE_WITH_KNOTS('',1,(#2698,#2699),.UNSPECIFIED.,.F.,
  .F.,(2,2),(-32.525,-30.825),.PIECEWISE_BEZIER_KNOTS.);
#2698 = CARTESIAN_POINT('',(1.,1.7));
#2699 = CARTESIAN_POINT('',(1.,0.));
#2700 = ( GEOMETRIC_REPRESENTATION_CONTEXT(2) 
PARAMETRIC_REPRESENTATION_CONTEXT() REPRESENTATION_CONTEXT('2D SPACE',''
  ) );
#2701 = ORIENTED_EDGE('',*,*,#2702,.F.);
#2702 = EDGE_CURVE('',#2703,#2677,#2705,.T.);
#2703 = VERTEX_POINT('',#2704);
#2704 = CARTESIAN_POINT('',(223.1,78.6,14.8));
#2705 = SURFACE_CURVE('',#2706,(#2711,#2718),.PCURVE_S1.);
#2706 = CIRCLE('',#2707,1.65);
#2707 = AXIS2_PLACEMENT_3D('',#2708,#2709,#2710);
#2708 = CARTESIAN_POINT('',(223.1,76.95,14.8));
#2709 = DIRECTION('',(0.,0.,1.));
#2710 = DIRECTION('',(1.,0.,-0.));
#2711 = PCURVE('',#154,#2712);
#2712 = DEFINITIONAL_REPRESENTATION('',(#2713),#2717);
#2713 = CIRCLE('',#2714,1.65);
#2714 = AXIS2_PLACEMENT_2D('',#2715,#2716);
#2715 = CARTESIAN_POINT('',(61.65,76.95));
#2716 = DIRECTION('',(1.,0.));
#2717 = ( GEOMETRIC_REPRESENTATION_CONTEXT(2) 
PARAMETRIC_REPRESENTATION_CONTEXT() REPRESENTATION_CONTEXT('2D SPACE',''
  ) );
#2718 = PCURVE('',#2719,#2724);
#2719 = CYLINDRICAL_SURFACE('',#2720,1.65);
#2720 = AXIS2_PLACEMENT_3D('',#2721,#2722,#2723);
#2721 = CARTESIAN_POINT('',(223.1,76.95,13.8));
#2722 = DIRECTION('',(0.,0.,1.));
#2723 = DIRECTION('',(1.,0.,-0.));
#2724 = DEFINITIONAL_REPRESENTATION('',(#2725),#2729);
#2725 = LINE('',#2726,#2727);
#2726 = CARTESIAN_POINT('',(0.,1.));
#2727 = VECTOR('',#2728,1.);
#2728 = DIRECTION('',(1.,0.));
#2729 = ( GEOMETRIC_REPRESENTATION_CONTEXT(2) 
PARAMETRIC_REPRESENTATION_CONTEXT() REPRESENTATION_CONTEXT('2D SPACE',''
  ) );
#2730 = ORIENTED_EDGE('',*,*,#2731,.F.);
#2731 = EDGE_CURVE('',#2648,#2703,#2732,.T.);
#2732 = SURFACE_CURVE('',#2733,(#2737,#2743),.PCURVE_S1.);
#2733 = LINE('',#2734,#2735);
#2734 = CARTESIAN_POINT('',(192.275,78.6,14.8));
#2735 = VECTOR('',#2736,1.);
#2736 = DIRECTION('',(-1.,-0.,0.));
#2737 = PCURVE('',#154,#2738);
#2738 = DEFINITIONAL_REPRESENTATION('',(#2739),#2742);
#2739 = B_SPLINE_CURVE_WITH_KNOTS('',1,(#2740,#2741),.UNSPECIFIED.,.F.,
  .F.,(2,2),(-32.525,-30.825),.PIECEWISE_BEZIER_KNOTS.);
#2740 = CARTESIAN_POINT('',(63.35,78.6));
#2741 = CARTESIAN_POINT('',(61.65,78.6));
#2742 = ( GEOMETRIC_REPRESENTATION_CONTEXT(2) 
PARAMETRIC_REPRESENTATION_CONTEXT() REPRESENTATION_CONTEXT('2D SPACE',''
  ) );
#2743 = PCURVE('',#2744,#2749);
#2744 = PLANE('',#2745);
#2745 = AXIS2_PLACEMENT_3D('',#2746,#2747,#2748);
#2746 = CARTESIAN_POINT('',(223.1,78.6,13.8));
#2747 = DIRECTION('',(-0.,1.,0.));
#2748 = DIRECTION('',(0.,0.,1.));
#2749 = DEFINITIONAL_REPRESENTATION('',(#2750),#2753);
#2750 = B_SPLINE_CURVE_WITH_KNOTS('',1,(#2751,#2752),.UNSPECIFIED.,.F.,
  .F.,(2,2),(-32.525,-30.825),.PIECEWISE_BEZIER_KNOTS.);
#2751 = CARTESIAN_POINT('',(1.,1.7));
#2752 = CARTESIAN_POINT('',(1.,0.));
#2753 = ( GEOMETRIC_REPRESENTATION_CONTEXT(2) 
PARAMETRIC_REPRESENTATION_CONTEXT() REPRESENTATION_CONTEXT('2D SPACE',''
  ) );
#2754 = FACE_BOUND('',#2755,.F.);
#2755 = EDGE_LOOP('',(#2756,#2787,#2813,#2842));
#2756 = ORIENTED_EDGE('',*,*,#2757,.F.);
#2757 = EDGE_CURVE('',#2758,#2760,#2762,.T.);
#2758 = VERTEX_POINT('',#2759);
#2759 = CARTESIAN_POINT('',(259.5,75.3,14.8));
#2760 = VERTEX_POINT('',#2761);
#2761 = CARTESIAN_POINT('',(259.5,78.6,14.8));
#2762 = SURFACE_CURVE('',#2763,(#2768,#2775),.PCURVE_S1.);
#2763 = CIRCLE('',#2764,1.65);
#2764 = AXIS2_PLACEMENT_3D('',#2765,#2766,#2767);
#2765 = CARTESIAN_POINT('',(259.5,76.95,14.8));
#2766 = DIRECTION('',(0.,0.,1.));
#2767 = DIRECTION('',(1.,0.,-0.));
#2768 = PCURVE('',#154,#2769);
#2769 = DEFINITIONAL_REPRESENTATION('',(#2770),#2774);
#2770 = CIRCLE('',#2771,1.65);
#2771 = AXIS2_PLACEMENT_2D('',#2772,#2773);
#2772 = CARTESIAN_POINT('',(98.05,76.95));
#2773 = DIRECTION('',(1.,0.));
#2774 = ( GEOMETRIC_REPRESENTATION_CONTEXT(2) 
PARAMETRIC_REPRESENTATION_CONTEXT() REPRESENTATION_CONTEXT('2D SPACE',''
  ) );
#2775 = PCURVE('',#2776,#2781);
#2776 = CYLINDRICAL_SURFACE('',#2777,1.65);
#2777 = AXIS2_PLACEMENT_3D('',#2778,#2779,#2780);
#2778 = CARTESIAN_POINT('',(259.5,76.95,13.8));
#2779 = DIRECTION('',(0.,0.,1.));
#2780 = DIRECTION('',(1.,0.,-0.));
#2781 = DEFINITIONAL_REPRESENTATION('',(#2782),#2786);
#2782 = LINE('',#2783,#2784);
#2783 = CARTESIAN_POINT('',(0.,1.));
#2784 = VECTOR('',#2785,1.);
#2785 = DIRECTION('',(1.,0.));
#2786 = ( GEOMETRIC_REPRESENTATION_CONTEXT(2) 
PARAMETRIC_REPRESENTATION_CONTEXT() REPRESENTATION_CONTEXT('2D SPACE',''
  ) );
#2787 = ORIENTED_EDGE('',*,*,#2788,.T.);
#2788 = EDGE_CURVE('',#2758,#2789,#2791,.T.);
#2789 = VERTEX_POINT('',#2790);
#2790 = CARTESIAN_POINT('',(257.8,75.3,14.8));
#2791 = SURFACE_CURVE('',#2792,(#2796,#2802),.PCURVE_S1.);
#2792 = LINE('',#2793,#2794);
#2793 = CARTESIAN_POINT('',(209.625,75.3,14.8));
#2794 = VECTOR('',#2795,1.);
#2795 = DIRECTION('',(-1.,-0.,0.));
#2796 = PCURVE('',#154,#2797);
#2797 = DEFINITIONAL_REPRESENTATION('',(#2798),#2801);
#2798 = B_SPLINE_CURVE_WITH_KNOTS('',1,(#2799,#2800),.UNSPECIFIED.,.F.,
  .F.,(2,2),(-49.875,-48.175),.PIECEWISE_BEZIER_KNOTS.);
#2799 = CARTESIAN_POINT('',(98.05,75.3));
#2800 = CARTESIAN_POINT('',(96.35,75.3));
#2801 = ( GEOMETRIC_REPRESENTATION_CONTEXT(2) 
PARAMETRIC_REPRESENTATION_CONTEXT() REPRESENTATION_CONTEXT('2D SPACE',''
  ) );
#2802 = PCURVE('',#2803,#2808);
#2803 = PLANE('',#2804);
#2804 = AXIS2_PLACEMENT_3D('',#2805,#2806,#2807);
#2805 = CARTESIAN_POINT('',(257.8,75.3,13.8));
#2806 = DIRECTION('',(-0.,1.,0.));
#2807 = DIRECTION('',(0.,0.,1.));
#2808 = DEFINITIONAL_REPRESENTATION('',(#2809),#2812);
#2809 = B_SPLINE_CURVE_WITH_KNOTS('',1,(#2810,#2811),.UNSPECIFIED.,.F.,
  .F.,(2,2),(-49.875,-48.175),.PIECEWISE_BEZIER_KNOTS.);
#2810 = CARTESIAN_POINT('',(1.,1.7));
#2811 = CARTESIAN_POINT('',(1.,0.));
#2812 = ( GEOMETRIC_REPRESENTATION_CONTEXT(2) 
PARAMETRIC_REPRESENTATION_CONTEXT() REPRESENTATION_CONTEXT('2D SPACE',''
  ) );
#2813 = ORIENTED_EDGE('',*,*,#2814,.F.);
#2814 = EDGE_CURVE('',#2815,#2789,#2817,.T.);
#2815 = VERTEX_POINT('',#2816);
#2816 = CARTESIAN_POINT('',(257.8,78.6,14.8));
#2817 = SURFACE_CURVE('',#2818,(#2823,#2830),.PCURVE_S1.);
#2818 = CIRCLE('',#2819,1.65);
#2819 = AXIS2_PLACEMENT_3D('',#2820,#2821,#2822);
#2820 = CARTESIAN_POINT('',(257.8,76.95,14.8));
#2821 = DIRECTION('',(0.,0.,1.));
#2822 = DIRECTION('',(1.,0.,-0.));
#2823 = PCURVE('',#154,#2824);
#2824 = DEFINITIONAL_REPRESENTATION('',(#2825),#2829);
#2825 = CIRCLE('',#2826,1.65);
#2826 = AXIS2_PLACEMENT_2D('',#2827,#2828);
#2827 = CARTESIAN_POINT('',(96.35,76.95));
#2828 = DIRECTION('',(1.,0.));
#2829 = ( GEOMETRIC_REPRESENTATION_CONTEXT(2) 
PARAMETRIC_REPRESENTATION_CONTEXT() REPRESENTATION_CONTEXT('2D SPACE',''
  ) );
#2830 = PCURVE('',#2831,#2836);
#2831 = CYLINDRICAL_SURFACE('',#2832,1.65);
#2832 = AXIS2_PLACEMENT_3D('',#2833,#2834,#2835);
#2833 = CARTESIAN_POINT('',(257.8,76.95,13.8));
#2834 = DIRECTION('',(0.,0.,1.));
#2835 = DIRECTION('',(1.,0.,-0.));
#2836 = DEFINITIONAL_REPRESENTATION('',(#2837),#2841);
#2837 = LINE('',#2838,#2839);
#2838 = CARTESIAN_POINT('',(0.,1.));
#2839 = VECTOR('',#2840,1.);
#2840 = DIRECTION('',(1.,0.));
#2841 = ( GEOMETRIC_REPRESENTATION_CONTEXT(2) 
PARAMETRIC_REPRESENTATION_CONTEXT() REPRESENTATION_CONTEXT('2D SPACE',''
  ) );
#2842 = ORIENTED_EDGE('',*,*,#2843,.F.);
#2843 = EDGE_CURVE('',#2760,#2815,#2844,.T.);
#2844 = SURFACE_CURVE('',#2845,(#2849,#2855),.PCURVE_S1.);
#2845 = LINE('',#2846,#2847);
#2846 = CARTESIAN_POINT('',(209.625,78.6,14.8));
#2847 = VECTOR('',#2848,1.);
#2848 = DIRECTION('',(-1.,-0.,0.));
#2849 = PCURVE('',#154,#2850);
#2850 = DEFINITIONAL_REPRESENTATION('',(#2851),#2854);
#2851 = B_SPLINE_CURVE_WITH_KNOTS('',1,(#2852,#2853),.UNSPECIFIED.,.F.,
  .F.,(2,2),(-49.875,-48.175),.PIECEWISE_BEZIER_KNOTS.);
#2852 = CARTESIAN_POINT('',(98.05,78.6));
#2853 = CARTESIAN_POINT('',(96.35,78.6));
#2854 = ( GEOMETRIC_REPRESENTATION_CONTEXT(2) 
PARAMETRIC_REPRESENTATION_CONTEXT() REPRESENTATION_CONTEXT('2D SPACE',''
  ) );
#2855 = PCURVE('',#2856,#2861);
#2856 = PLANE('',#2857);
#2857 = AXIS2_PLACEMENT_3D('',#2858,#2859,#2860);
#2858 = CARTESIAN_POINT('',(257.8,78.6,13.8));
#2859 = DIRECTION('',(-0.,1.,0.));
#2860 = DIRECTION('',(0.,0.,1.));
#2861 = DEFINITIONAL_REPRESENTATION('',(#2862),#2865);
#2862 = B_SPLINE_CURVE_WITH_KNOTS('',1,(#2863,#2864),.UNSPECIFIED.,.F.,
  .F.,(2,2),(-49.875,-48.175),.PIECEWISE_BEZIER_KNOTS.);
#2863 = CARTESIAN_POINT('',(1.,1.7));
#2864 = CARTESIAN_POINT('',(1.,0.));
#2865 = ( GEOMETRIC_REPRESENTATION_CONTEXT(2) 
PARAMETRIC_REPRESENTATION_CONTEXT() REPRESENTATION_CONTEXT('2D SPACE',''
  ) );
#2866 = FACE_BOUND('',#2867,.F.);
#2867 = EDGE_LOOP('',(#2868,#2899,#2925,#2954,#2980,#3009,#3035,#3064));
#2868 = ORIENTED_EDGE('',*,*,#2869,.F.);
#2869 = EDGE_CURVE('',#2870,#2872,#2874,.T.);
#2870 = VERTEX_POINT('',#2871);
#2871 = CARTESIAN_POINT('',(271.,78.5,14.8));
#2872 = VERTEX_POINT('',#2873);
#2873 = CARTESIAN_POINT('',(274.,75.5,14.8));
#2874 = SURFACE_CURVE('',#2875,(#2880,#2887),.PCURVE_S1.);
#2875 = CIRCLE('',#2876,3.);
#2876 = AXIS2_PLACEMENT_3D('',#2877,#2878,#2879);
#2877 = CARTESIAN_POINT('',(274.,78.5,14.8));
#2878 = DIRECTION('',(0.,0.,1.));
#2879 = DIRECTION('',(-1.,-0.,0.));
#2880 = PCURVE('',#154,#2881);
#2881 = DEFINITIONAL_REPRESENTATION('',(#2882),#2886);
#2882 = CIRCLE('',#2883,3.);
#2883 = AXIS2_PLACEMENT_2D('',#2884,#2885);
#2884 = CARTESIAN_POINT('',(112.55,78.5));
#2885 = DIRECTION('',(-1.,0.));
#2886 = ( GEOMETRIC_REPRESENTATION_CONTEXT(2) 
PARAMETRIC_REPRESENTATION_CONTEXT() REPRESENTATION_CONTEXT('2D SPACE',''
  ) );
#2887 = PCURVE('',#2888,#2893);
#2888 = CYLINDRICAL_SURFACE('',#2889,3.);
#2889 = AXIS2_PLACEMENT_3D('',#2890,#2891,#2892);
#2890 = CARTESIAN_POINT('',(274.,78.5,13.8));
#2891 = DIRECTION('',(0.,0.,1.));
#2892 = DIRECTION('',(-1.,-0.,0.));
#2893 = DEFINITIONAL_REPRESENTATION('',(#2894),#2898);
#2894 = LINE('',#2895,#2896);
#2895 = CARTESIAN_POINT('',(0.,1.));
#2896 = VECTOR('',#2897,1.);
#2897 = DIRECTION('',(1.,0.));
#2898 = ( GEOMETRIC_REPRESENTATION_CONTEXT(2) 
PARAMETRIC_REPRESENTATION_CONTEXT() REPRESENTATION_CONTEXT('2D SPACE',''
  ) );
#2899 = ORIENTED_EDGE('',*,*,#2900,.T.);
#2900 = EDGE_CURVE('',#2870,#2901,#2903,.T.);
#2901 = VERTEX_POINT('',#2902);
#2902 = CARTESIAN_POINT('',(271.,81.,14.8));
#2903 = SURFACE_CURVE('',#2904,(#2908,#2914),.PCURVE_S1.);
#2904 = LINE('',#2905,#2906);
#2905 = CARTESIAN_POINT('',(271.,37.75,14.8));
#2906 = VECTOR('',#2907,1.);
#2907 = DIRECTION('',(0.,1.,0.));
#2908 = PCURVE('',#154,#2909);
#2909 = DEFINITIONAL_REPRESENTATION('',(#2910),#2913);
#2910 = B_SPLINE_CURVE_WITH_KNOTS('',1,(#2911,#2912),.UNSPECIFIED.,.F.,
  .F.,(2,2),(40.75,43.25),.PIECEWISE_BEZIER_KNOTS.);
#2911 = CARTESIAN_POINT('',(109.55,78.5));
#2912 = CARTESIAN_POINT('',(109.55,81.));
#2913 = ( GEOMETRIC_REPRESENTATION_CONTEXT(2) 
PARAMETRIC_REPRESENTATION_CONTEXT() REPRESENTATION_CONTEXT('2D SPACE',''
  ) );
#2914 = PCURVE('',#2915,#2920);
#2915 = PLANE('',#2916);
#2916 = AXIS2_PLACEMENT_3D('',#2917,#2918,#2919);
#2917 = CARTESIAN_POINT('',(271.,75.5,13.8));
#2918 = DIRECTION('',(1.,0.,0.));
#2919 = DIRECTION('',(0.,0.,1.));
#2920 = DEFINITIONAL_REPRESENTATION('',(#2921),#2924);
#2921 = B_SPLINE_CURVE_WITH_KNOTS('',1,(#2922,#2923),.UNSPECIFIED.,.F.,
  .F.,(2,2),(40.75,43.25),.PIECEWISE_BEZIER_KNOTS.);
#2922 = CARTESIAN_POINT('',(1.,-3.));
#2923 = CARTESIAN_POINT('',(1.,-5.5));
#2924 = ( GEOMETRIC_REPRESENTATION_CONTEXT(2) 
PARAMETRIC_REPRESENTATION_CONTEXT() REPRESENTATION_CONTEXT('2D SPACE',''
  ) );
#2925 = ORIENTED_EDGE('',*,*,#2926,.F.);
#2926 = EDGE_CURVE('',#2927,#2901,#2929,.T.);
#2927 = VERTEX_POINT('',#2928);
#2928 = CARTESIAN_POINT('',(274.,84.,14.8));
#2929 = SURFACE_CURVE('',#2930,(#2935,#2942),.PCURVE_S1.);
#2930 = CIRCLE('',#2931,3.);
#2931 = AXIS2_PLACEMENT_3D('',#2932,#2933,#2934);
#2932 = CARTESIAN_POINT('',(274.,81.,14.8));
#2933 = DIRECTION('',(0.,0.,1.));
#2934 = DIRECTION('',(-1.,-0.,0.));
#2935 = PCURVE('',#154,#2936);
#2936 = DEFINITIONAL_REPRESENTATION('',(#2937),#2941);
#2937 = CIRCLE('',#2938,3.);
#2938 = AXIS2_PLACEMENT_2D('',#2939,#2940);
#2939 = CARTESIAN_POINT('',(112.55,81.));
#2940 = DIRECTION('',(-1.,0.));
#2941 = ( GEOMETRIC_REPRESENTATION_CONTEXT(2) 
PARAMETRIC_REPRESENTATION_CONTEXT() REPRESENTATION_CONTEXT('2D SPACE',''
  ) );
#2942 = PCURVE('',#2943,#2948);
#2943 = CYLINDRICAL_SURFACE('',#2944,3.);
#2944 = AXIS2_PLACEMENT_3D('',#2945,#2946,#2947);
#2945 = CARTESIAN_POINT('',(274.,81.,13.8));
#2946 = DIRECTION('',(0.,0.,1.));
#2947 = DIRECTION('',(-1.,-0.,0.));
#2948 = DEFINITIONAL_REPRESENTATION('',(#2949),#2953);
#2949 = LINE('',#2950,#2951);
#2950 = CARTESIAN_POINT('',(-6.28318530718,1.));
#2951 = VECTOR('',#2952,1.);
#2952 = DIRECTION('',(1.,-0.));
#2953 = ( GEOMETRIC_REPRESENTATION_CONTEXT(2) 
PARAMETRIC_REPRESENTATION_CONTEXT() REPRESENTATION_CONTEXT('2D SPACE',''
  ) );
#2954 = ORIENTED_EDGE('',*,*,#2955,.F.);
#2955 = EDGE_CURVE('',#2956,#2927,#2958,.T.);
#2956 = VERTEX_POINT('',#2957);
#2957 = CARTESIAN_POINT('',(284.,84.,14.8));
#2958 = SURFACE_CURVE('',#2959,(#2963,#2969),.PCURVE_S1.);
#2959 = LINE('',#2960,#2961);
#2960 = CARTESIAN_POINT('',(216.225,84.,14.8));
#2961 = VECTOR('',#2962,1.);
#2962 = DIRECTION('',(-1.,0.,0.));
#2963 = PCURVE('',#154,#2964);
#2964 = DEFINITIONAL_REPRESENTATION('',(#2965),#2968);
#2965 = B_SPLINE_CURVE_WITH_KNOTS('',1,(#2966,#2967),.UNSPECIFIED.,.F.,
  .F.,(2,2),(-67.775,-57.775),.PIECEWISE_BEZIER_KNOTS.);
#2966 = CARTESIAN_POINT('',(122.55,84.));
#2967 = CARTESIAN_POINT('',(112.55,84.));
#2968 = ( GEOMETRIC_REPRESENTATION_CONTEXT(2) 
PARAMETRIC_REPRESENTATION_CONTEXT() REPRESENTATION_CONTEXT('2D SPACE',''
  ) );
#2969 = PCURVE('',#2970,#2975);
#2970 = PLANE('',#2971);
#2971 = AXIS2_PLACEMENT_3D('',#2972,#2973,#2974);
#2972 = CARTESIAN_POINT('',(271.,84.,13.8));
#2973 = DIRECTION('',(0.,1.,0.));
#2974 = DIRECTION('',(0.,0.,1.));
#2975 = DEFINITIONAL_REPRESENTATION('',(#2976),#2979);
#2976 = B_SPLINE_CURVE_WITH_KNOTS('',1,(#2977,#2978),.UNSPECIFIED.,.F.,
  .F.,(2,2),(-67.775,-57.775),.PIECEWISE_BEZIER_KNOTS.);
#2977 = CARTESIAN_POINT('',(1.,13.));
#2978 = CARTESIAN_POINT('',(1.,3.));
#2979 = ( GEOMETRIC_REPRESENTATION_CONTEXT(2) 
PARAMETRIC_REPRESENTATION_CONTEXT() REPRESENTATION_CONTEXT('2D SPACE',''
  ) );
#2980 = ORIENTED_EDGE('',*,*,#2981,.F.);
#2981 = EDGE_CURVE('',#2982,#2956,#2984,.T.);
#2982 = VERTEX_POINT('',#2983);
#2983 = CARTESIAN_POINT('',(287.,81.,14.8));
#2984 = SURFACE_CURVE('',#2985,(#2990,#2997),.PCURVE_S1.);
#2985 = CIRCLE('',#2986,3.);
#2986 = AXIS2_PLACEMENT_3D('',#2987,#2988,#2989);
#2987 = CARTESIAN_POINT('',(284.,81.,14.8));
#2988 = DIRECTION('',(0.,0.,1.));
#2989 = DIRECTION('',(1.,0.,-0.));
#2990 = PCURVE('',#154,#2991);
#2991 = DEFINITIONAL_REPRESENTATION('',(#2992),#2996);
#2992 = CIRCLE('',#2993,3.);
#2993 = AXIS2_PLACEMENT_2D('',#2994,#2995);
#2994 = CARTESIAN_POINT('',(122.55,81.));
#2995 = DIRECTION('',(1.,0.));
#2996 = ( GEOMETRIC_REPRESENTATION_CONTEXT(2) 
PARAMETRIC_REPRESENTATION_CONTEXT() REPRESENTATION_CONTEXT('2D SPACE',''
  ) );
#2997 = PCURVE('',#2998,#3003);
#2998 = CYLINDRICAL_SURFACE('',#2999,3.);
#2999 = AXIS2_PLACEMENT_3D('',#3000,#3001,#3002);
#3000 = CARTESIAN_POINT('',(284.,81.,13.8));
#3001 = DIRECTION('',(0.,0.,1.));
#3002 = DIRECTION('',(1.,0.,-0.));
#3003 = DEFINITIONAL_REPRESENTATION('',(#3004),#3008);
#3004 = LINE('',#3005,#3006);
#3005 = CARTESIAN_POINT('',(0.,1.));
#3006 = VECTOR('',#3007,1.);
#3007 = DIRECTION('',(1.,0.));
#3008 = ( GEOMETRIC_REPRESENTATION_CONTEXT(2) 
PARAMETRIC_REPRESENTATION_CONTEXT() REPRESENTATION_CONTEXT('2D SPACE',''
  ) );
#3009 = ORIENTED_EDGE('',*,*,#3010,.F.);
#3010 = EDGE_CURVE('',#3011,#2982,#3013,.T.);
#3011 = VERTEX_POINT('',#3012);
#3012 = CARTESIAN_POINT('',(287.,78.5,14.8));
#3013 = SURFACE_CURVE('',#3014,(#3018,#3024),.PCURVE_S1.);
#3014 = LINE('',#3015,#3016);
#3015 = CARTESIAN_POINT('',(287.,37.75,14.8));
#3016 = VECTOR('',#3017,1.);
#3017 = DIRECTION('',(0.,1.,0.));
#3018 = PCURVE('',#154,#3019);
#3019 = DEFINITIONAL_REPRESENTATION('',(#3020),#3023);
#3020 = B_SPLINE_CURVE_WITH_KNOTS('',1,(#3021,#3022),.UNSPECIFIED.,.F.,
  .F.,(2,2),(40.75,43.25),.PIECEWISE_BEZIER_KNOTS.);
#3021 = CARTESIAN_POINT('',(125.55,78.5));
#3022 = CARTESIAN_POINT('',(125.55,81.));
#3023 = ( GEOMETRIC_REPRESENTATION_CONTEXT(2) 
PARAMETRIC_REPRESENTATION_CONTEXT() REPRESENTATION_CONTEXT('2D SPACE',''
  ) );
#3024 = PCURVE('',#3025,#3030);
#3025 = PLANE('',#3026);
#3026 = AXIS2_PLACEMENT_3D('',#3027,#3028,#3029);
#3027 = CARTESIAN_POINT('',(287.,75.5,13.8));
#3028 = DIRECTION('',(1.,0.,0.));
#3029 = DIRECTION('',(0.,0.,1.));
#3030 = DEFINITIONAL_REPRESENTATION('',(#3031),#3034);
#3031 = B_SPLINE_CURVE_WITH_KNOTS('',1,(#3032,#3033),.UNSPECIFIED.,.F.,
  .F.,(2,2),(40.75,43.25),.PIECEWISE_BEZIER_KNOTS.);
#3032 = CARTESIAN_POINT('',(1.,-3.));
#3033 = CARTESIAN_POINT('',(1.,-5.5));
#3034 = ( GEOMETRIC_REPRESENTATION_CONTEXT(2) 
PARAMETRIC_REPRESENTATION_CONTEXT() REPRESENTATION_CONTEXT('2D SPACE',''
  ) );
#3035 = ORIENTED_EDGE('',*,*,#3036,.F.);
#3036 = EDGE_CURVE('',#3037,#3011,#3039,.T.);
#3037 = VERTEX_POINT('',#3038);
#3038 = CARTESIAN_POINT('',(284.,75.5,14.8));
#3039 = SURFACE_CURVE('',#3040,(#3045,#3052),.PCURVE_S1.);
#3040 = CIRCLE('',#3041,3.);
#3041 = AXIS2_PLACEMENT_3D('',#3042,#3043,#3044);
#3042 = CARTESIAN_POINT('',(284.,78.5,14.8));
#3043 = DIRECTION('',(0.,0.,1.));
#3044 = DIRECTION('',(1.,0.,-0.));
#3045 = PCURVE('',#154,#3046);
#3046 = DEFINITIONAL_REPRESENTATION('',(#3047),#3051);
#3047 = CIRCLE('',#3048,3.);
#3048 = AXIS2_PLACEMENT_2D('',#3049,#3050);
#3049 = CARTESIAN_POINT('',(122.55,78.5));
#3050 = DIRECTION('',(1.,0.));
#3051 = ( GEOMETRIC_REPRESENTATION_CONTEXT(2) 
PARAMETRIC_REPRESENTATION_CONTEXT() REPRESENTATION_CONTEXT('2D SPACE',''
  ) );
#3052 = PCURVE('',#3053,#3058);
#3053 = CYLINDRICAL_SURFACE('',#3054,3.);
#3054 = AXIS2_PLACEMENT_3D('',#3055,#3056,#3057);
#3055 = CARTESIAN_POINT('',(284.,78.5,13.8));
#3056 = DIRECTION('',(0.,0.,1.));
#3057 = DIRECTION('',(1.,0.,-0.));
#3058 = DEFINITIONAL_REPRESENTATION('',(#3059),#3063);
#3059 = LINE('',#3060,#3061);
#3060 = CARTESIAN_POINT('',(-6.28318530718,1.));
#3061 = VECTOR('',#3062,1.);
#3062 = DIRECTION('',(1.,-0.));
#3063 = ( GEOMETRIC_REPRESENTATION_CONTEXT(2) 
PARAMETRIC_REPRESENTATION_CONTEXT() REPRESENTATION_CONTEXT('2D SPACE',''
  ) );
#3064 = ORIENTED_EDGE('',*,*,#3065,.T.);
#3065 = EDGE_CURVE('',#3037,#2872,#3066,.T.);
#3066 = SURFACE_CURVE('',#3067,(#3071,#3077),.PCURVE_S1.);
#3067 = LINE('',#3068,#3069);
#3068 = CARTESIAN_POINT('',(216.225,75.5,14.8));
#3069 = VECTOR('',#3070,1.);
#3070 = DIRECTION('',(-1.,0.,0.));
#3071 = PCURVE('',#154,#3072);
#3072 = DEFINITIONAL_REPRESENTATION('',(#3073),#3076);
#3073 = B_SPLINE_CURVE_WITH_KNOTS('',1,(#3074,#3075),.UNSPECIFIED.,.F.,
  .F.,(2,2),(-67.775,-57.775),.PIECEWISE_BEZIER_KNOTS.);
#3074 = CARTESIAN_POINT('',(122.55,75.5));
#3075 = CARTESIAN_POINT('',(112.55,75.5));
#3076 = ( GEOMETRIC_REPRESENTATION_CONTEXT(2) 
PARAMETRIC_REPRESENTATION_CONTEXT() REPRESENTATION_CONTEXT('2D SPACE',''
  ) );
#3077 = PCURVE('',#3078,#3083);
#3078 = PLANE('',#3079);
#3079 = AXIS2_PLACEMENT_3D('',#3080,#3081,#3082);
#3080 = CARTESIAN_POINT('',(271.,75.5,13.8));
#3081 = DIRECTION('',(0.,1.,0.));
#3082 = DIRECTION('',(0.,0.,1.));
#3083 = DEFINITIONAL_REPRESENTATION('',(#3084),#3087);
#3084 = B_SPLINE_CURVE_WITH_KNOTS('',1,(#3085,#3086),.UNSPECIFIED.,.F.,
  .F.,(2,2),(-67.775,-57.775),.PIECEWISE_BEZIER_KNOTS.);
#3085 = CARTESIAN_POINT('',(1.,13.));
#3086 = CARTESIAN_POINT('',(1.,3.));
#3087 = ( GEOMETRIC_REPRESENTATION_CONTEXT(2) 
PARAMETRIC_REPRESENTATION_CONTEXT() REPRESENTATION_CONTEXT('2D SPACE',''
  ) );
#3088 = FACE_BOUND('',#3089,.F.);
#3089 = EDGE_LOOP('',(#3090,#3121,#3147,#3176,#3202,#3231,#3257,#3286));
#3090 = ORIENTED_EDGE('',*,*,#3091,.F.);
#3091 = EDGE_CURVE('',#3092,#3094,#3096,.T.);
#3092 = VERTEX_POINT('',#3093);
#3093 = CARTESIAN_POINT('',(292.6,78.5,14.8));
#3094 = VERTEX_POINT('',#3095);
#3095 = CARTESIAN_POINT('',(295.6,75.5,14.8));
#3096 = SURFACE_CURVE('',#3097,(#3102,#3109),.PCURVE_S1.);
#3097 = CIRCLE('',#3098,3.);
#3098 = AXIS2_PLACEMENT_3D('',#3099,#3100,#3101);
#3099 = CARTESIAN_POINT('',(295.6,78.5,14.8));
#3100 = DIRECTION('',(0.,0.,1.));
#3101 = DIRECTION('',(-1.,-0.,0.));
#3102 = PCURVE('',#154,#3103);
#3103 = DEFINITIONAL_REPRESENTATION('',(#3104),#3108);
#3104 = CIRCLE('',#3105,3.);
#3105 = AXIS2_PLACEMENT_2D('',#3106,#3107);
#3106 = CARTESIAN_POINT('',(134.15,78.5));
#3107 = DIRECTION('',(-1.,0.));
#3108 = ( GEOMETRIC_REPRESENTATION_CONTEXT(2) 
PARAMETRIC_REPRESENTATION_CONTEXT() REPRESENTATION_CONTEXT('2D SPACE',''
  ) );
#3109 = PCURVE('',#3110,#3115);
#3110 = CYLINDRICAL_SURFACE('',#3111,3.);
#3111 = AXIS2_PLACEMENT_3D('',#3112,#3113,#3114);
#3112 = CARTESIAN_POINT('',(295.6,78.5,13.8));
#3113 = DIRECTION('',(0.,0.,1.));
#3114 = DIRECTION('',(-1.,-0.,0.));
#3115 = DEFINITIONAL_REPRESENTATION('',(#3116),#3120);
#3116 = LINE('',#3117,#3118);
#3117 = CARTESIAN_POINT('',(0.,1.));
#3118 = VECTOR('',#3119,1.);
#3119 = DIRECTION('',(1.,0.));
#3120 = ( GEOMETRIC_REPRESENTATION_CONTEXT(2) 
PARAMETRIC_REPRESENTATION_CONTEXT() REPRESENTATION_CONTEXT('2D SPACE',''
  ) );
#3121 = ORIENTED_EDGE('',*,*,#3122,.T.);
#3122 = EDGE_CURVE('',#3092,#3123,#3125,.T.);
#3123 = VERTEX_POINT('',#3124);
#3124 = CARTESIAN_POINT('',(292.6,81.,14.8));
#3125 = SURFACE_CURVE('',#3126,(#3130,#3136),.PCURVE_S1.);
#3126 = LINE('',#3127,#3128);
#3127 = CARTESIAN_POINT('',(292.6,37.75,14.8));
#3128 = VECTOR('',#3129,1.);
#3129 = DIRECTION('',(0.,1.,0.));
#3130 = PCURVE('',#154,#3131);
#3131 = DEFINITIONAL_REPRESENTATION('',(#3132),#3135);
#3132 = B_SPLINE_CURVE_WITH_KNOTS('',1,(#3133,#3134),.UNSPECIFIED.,.F.,
  .F.,(2,2),(40.75,43.25),.PIECEWISE_BEZIER_KNOTS.);
#3133 = CARTESIAN_POINT('',(131.15,78.5));
#3134 = CARTESIAN_POINT('',(131.15,81.));
#3135 = ( GEOMETRIC_REPRESENTATION_CONTEXT(2) 
PARAMETRIC_REPRESENTATION_CONTEXT() REPRESENTATION_CONTEXT('2D SPACE',''
  ) );
#3136 = PCURVE('',#3137,#3142);
#3137 = PLANE('',#3138);
#3138 = AXIS2_PLACEMENT_3D('',#3139,#3140,#3141);
#3139 = CARTESIAN_POINT('',(292.6,75.5,13.8));
#3140 = DIRECTION('',(1.,0.,0.));
#3141 = DIRECTION('',(0.,0.,1.));
#3142 = DEFINITIONAL_REPRESENTATION('',(#3143),#3146);
#3143 = B_SPLINE_CURVE_WITH_KNOTS('',1,(#3144,#3145),.UNSPECIFIED.,.F.,
  .F.,(2,2),(40.75,43.25),.PIECEWISE_BEZIER_KNOTS.);
#3144 = CARTESIAN_POINT('',(1.,-3.));
#3145 = CARTESIAN_POINT('',(1.,-5.5));
#3146 = ( GEOMETRIC_REPRESENTATION_CONTEXT(2) 
PARAMETRIC_REPRESENTATION_CONTEXT() REPRESENTATION_CONTEXT('2D SPACE',''
  ) );
#3147 = ORIENTED_EDGE('',*,*,#3148,.F.);
#3148 = EDGE_CURVE('',#3149,#3123,#3151,.T.);
#3149 = VERTEX_POINT('',#3150);
#3150 = CARTESIAN_POINT('',(295.6,84.,14.8));
#3151 = SURFACE_CURVE('',#3152,(#3157,#3164),.PCURVE_S1.);
#3152 = CIRCLE('',#3153,3.);
#3153 = AXIS2_PLACEMENT_3D('',#3154,#3155,#3156);
#3154 = CARTESIAN_POINT('',(295.6,81.,14.8));
#3155 = DIRECTION('',(0.,0.,1.));
#3156 = DIRECTION('',(-1.,-0.,0.));
#3157 = PCURVE('',#154,#3158);
#3158 = DEFINITIONAL_REPRESENTATION('',(#3159),#3163);
#3159 = CIRCLE('',#3160,3.);
#3160 = AXIS2_PLACEMENT_2D('',#3161,#3162);
#3161 = CARTESIAN_POINT('',(134.15,81.));
#3162 = DIRECTION('',(-1.,0.));
#3163 = ( GEOMETRIC_REPRESENTATION_CONTEXT(2) 
PARAMETRIC_REPRESENTATION_CONTEXT() REPRESENTATION_CONTEXT('2D SPACE',''
  ) );
#3164 = PCURVE('',#3165,#3170);
#3165 = CYLINDRICAL_SURFACE('',#3166,3.);
#3166 = AXIS2_PLACEMENT_3D('',#3167,#3168,#3169);
#3167 = CARTESIAN_POINT('',(295.6,81.,13.8));
#3168 = DIRECTION('',(0.,0.,1.));
#3169 = DIRECTION('',(-1.,-0.,0.));
#3170 = DEFINITIONAL_REPRESENTATION('',(#3171),#3175);
#3171 = LINE('',#3172,#3173);
#3172 = CARTESIAN_POINT('',(-6.28318530718,1.));
#3173 = VECTOR('',#3174,1.);
#3174 = DIRECTION('',(1.,-0.));
#3175 = ( GEOMETRIC_REPRESENTATION_CONTEXT(2) 
PARAMETRIC_REPRESENTATION_CONTEXT() REPRESENTATION_CONTEXT('2D SPACE',''
  ) );
#3176 = ORIENTED_EDGE('',*,*,#3177,.F.);
#3177 = EDGE_CURVE('',#3178,#3149,#3180,.T.);
#3178 = VERTEX_POINT('',#3179);
#3179 = CARTESIAN_POINT('',(297.,84.,14.8));
#3180 = SURFACE_CURVE('',#3181,(#3185,#3191),.PCURVE_S1.);
#3181 = LINE('',#3182,#3183);
#3182 = CARTESIAN_POINT('',(227.025,84.,14.8));
#3183 = VECTOR('',#3184,1.);
#3184 = DIRECTION('',(-1.,0.,0.));
#3185 = PCURVE('',#154,#3186);
#3186 = DEFINITIONAL_REPRESENTATION('',(#3187),#3190);
#3187 = B_SPLINE_CURVE_WITH_KNOTS('',1,(#3188,#3189),.UNSPECIFIED.,.F.,
  .F.,(2,2),(-69.975,-68.575),.PIECEWISE_BEZIER_KNOTS.);
#3188 = CARTESIAN_POINT('',(135.55,84.));
#3189 = CARTESIAN_POINT('',(134.15,84.));
#3190 = ( GEOMETRIC_REPRESENTATION_CONTEXT(2) 
PARAMETRIC_REPRESENTATION_CONTEXT() REPRESENTATION_CONTEXT('2D SPACE',''
  ) );
#3191 = PCURVE('',#3192,#3197);
#3192 = PLANE('',#3193);
#3193 = AXIS2_PLACEMENT_3D('',#3194,#3195,#3196);
#3194 = CARTESIAN_POINT('',(292.6,84.,13.8));
#3195 = DIRECTION('',(0.,1.,0.));
#3196 = DIRECTION('',(0.,0.,1.));
#3197 = DEFINITIONAL_REPRESENTATION('',(#3198),#3201);
#3198 = B_SPLINE_CURVE_WITH_KNOTS('',1,(#3199,#3200),.UNSPECIFIED.,.F.,
  .F.,(2,2),(-69.975,-68.575),.PIECEWISE_BEZIER_KNOTS.);
#3199 = CARTESIAN_POINT('',(1.,4.4));
#3200 = CARTESIAN_POINT('',(1.,3.));
#3201 = ( GEOMETRIC_REPRESENTATION_CONTEXT(2) 
PARAMETRIC_REPRESENTATION_CONTEXT() REPRESENTATION_CONTEXT('2D SPACE',''
  ) );
#3202 = ORIENTED_EDGE('',*,*,#3203,.F.);
#3203 = EDGE_CURVE('',#3204,#3178,#3206,.T.);
#3204 = VERTEX_POINT('',#3205);
#3205 = CARTESIAN_POINT('',(300.,81.,14.8));
#3206 = SURFACE_CURVE('',#3207,(#3212,#3219),.PCURVE_S1.);
#3207 = CIRCLE('',#3208,3.);
#3208 = AXIS2_PLACEMENT_3D('',#3209,#3210,#3211);
#3209 = CARTESIAN_POINT('',(297.,81.,14.8));
#3210 = DIRECTION('',(0.,0.,1.));
#3211 = DIRECTION('',(1.,0.,-0.));
#3212 = PCURVE('',#154,#3213);
#3213 = DEFINITIONAL_REPRESENTATION('',(#3214),#3218);
#3214 = CIRCLE('',#3215,3.);
#3215 = AXIS2_PLACEMENT_2D('',#3216,#3217);
#3216 = CARTESIAN_POINT('',(135.55,81.));
#3217 = DIRECTION('',(1.,0.));
#3218 = ( GEOMETRIC_REPRESENTATION_CONTEXT(2) 
PARAMETRIC_REPRESENTATION_CONTEXT() REPRESENTATION_CONTEXT('2D SPACE',''
  ) );
#3219 = PCURVE('',#3220,#3225);
#3220 = CYLINDRICAL_SURFACE('',#3221,3.);
#3221 = AXIS2_PLACEMENT_3D('',#3222,#3223,#3224);
#3222 = CARTESIAN_POINT('',(297.,81.,13.8));
#3223 = DIRECTION('',(0.,0.,1.));
#3224 = DIRECTION('',(1.,0.,-0.));
#3225 = DEFINITIONAL_REPRESENTATION('',(#3226),#3230);
#3226 = LINE('',#3227,#3228);
#3227 = CARTESIAN_POINT('',(0.,1.));
#3228 = VECTOR('',#3229,1.);
#3229 = DIRECTION('',(1.,0.));
#3230 = ( GEOMETRIC_REPRESENTATION_CONTEXT(2) 
PARAMETRIC_REPRESENTATION_CONTEXT() REPRESENTATION_CONTEXT('2D SPACE',''
  ) );
#3231 = ORIENTED_EDGE('',*,*,#3232,.F.);
#3232 = EDGE_CURVE('',#3233,#3204,#3235,.T.);
#3233 = VERTEX_POINT('',#3234);
#3234 = CARTESIAN_POINT('',(300.,78.5,14.8));
#3235 = SURFACE_CURVE('',#3236,(#3240,#3246),.PCURVE_S1.);
#3236 = LINE('',#3237,#3238);
#3237 = CARTESIAN_POINT('',(300.,37.75,14.8));
#3238 = VECTOR('',#3239,1.);
#3239 = DIRECTION('',(0.,1.,0.));
#3240 = PCURVE('',#154,#3241);
#3241 = DEFINITIONAL_REPRESENTATION('',(#3242),#3245);
#3242 = B_SPLINE_CURVE_WITH_KNOTS('',1,(#3243,#3244),.UNSPECIFIED.,.F.,
  .F.,(2,2),(40.75,43.25),.PIECEWISE_BEZIER_KNOTS.);
#3243 = CARTESIAN_POINT('',(138.55,78.5));
#3244 = CARTESIAN_POINT('',(138.55,81.));
#3245 = ( GEOMETRIC_REPRESENTATION_CONTEXT(2) 
PARAMETRIC_REPRESENTATION_CONTEXT() REPRESENTATION_CONTEXT('2D SPACE',''
  ) );
#3246 = PCURVE('',#3247,#3252);
#3247 = PLANE('',#3248);
#3248 = AXIS2_PLACEMENT_3D('',#3249,#3250,#3251);
#3249 = CARTESIAN_POINT('',(300.,75.5,13.8));
#3250 = DIRECTION('',(1.,0.,0.));
#3251 = DIRECTION('',(0.,0.,1.));
#3252 = DEFINITIONAL_REPRESENTATION('',(#3253),#3256);
#3253 = B_SPLINE_CURVE_WITH_KNOTS('',1,(#3254,#3255),.UNSPECIFIED.,.F.,
  .F.,(2,2),(40.75,43.25),.PIECEWISE_BEZIER_KNOTS.);
#3254 = CARTESIAN_POINT('',(1.,-3.));
#3255 = CARTESIAN_POINT('',(1.,-5.5));
#3256 = ( GEOMETRIC_REPRESENTATION_CONTEXT(2) 
PARAMETRIC_REPRESENTATION_CONTEXT() REPRESENTATION_CONTEXT('2D SPACE',''
  ) );
#3257 = ORIENTED_EDGE('',*,*,#3258,.F.);
#3258 = EDGE_CURVE('',#3259,#3233,#3261,.T.);
#3259 = VERTEX_POINT('',#3260);
#3260 = CARTESIAN_POINT('',(297.,75.5,14.8));
#3261 = SURFACE_CURVE('',#3262,(#3267,#3274),.PCURVE_S1.);
#3262 = CIRCLE('',#3263,3.);
#3263 = AXIS2_PLACEMENT_3D('',#3264,#3265,#3266);
#3264 = CARTESIAN_POINT('',(297.,78.5,14.8));
#3265 = DIRECTION('',(0.,0.,1.));
#3266 = DIRECTION('',(1.,0.,-0.));
#3267 = PCURVE('',#154,#3268);
#3268 = DEFINITIONAL_REPRESENTATION('',(#3269),#3273);
#3269 = CIRCLE('',#3270,3.);
#3270 = AXIS2_PLACEMENT_2D('',#3271,#3272);
#3271 = CARTESIAN_POINT('',(135.55,78.5));
#3272 = DIRECTION('',(1.,0.));
#3273 = ( GEOMETRIC_REPRESENTATION_CONTEXT(2) 
PARAMETRIC_REPRESENTATION_CONTEXT() REPRESENTATION_CONTEXT('2D SPACE',''
  ) );
#3274 = PCURVE('',#3275,#3280);
#3275 = CYLINDRICAL_SURFACE('',#3276,3.);
#3276 = AXIS2_PLACEMENT_3D('',#3277,#3278,#3279);
#3277 = CARTESIAN_POINT('',(297.,78.5,13.8));
#3278 = DIRECTION('',(0.,0.,1.));
#3279 = DIRECTION('',(1.,0.,-0.));
#3280 = DEFINITIONAL_REPRESENTATION('',(#3281),#3285);
#3281 = LINE('',#3282,#3283);
#3282 = CARTESIAN_POINT('',(-6.28318530718,1.));
#3283 = VECTOR('',#3284,1.);
#3284 = DIRECTION('',(1.,-0.));
#3285 = ( GEOMETRIC_REPRESENTATION_CONTEXT(2) 
PARAMETRIC_REPRESENTATION_CONTEXT() REPRESENTATION_CONTEXT('2D SPACE',''
  ) );
#3286 = ORIENTED_EDGE('',*,*,#3287,.T.);
#3287 = EDGE_CURVE('',#3259,#3094,#3288,.T.);
#3288 = SURFACE_CURVE('',#3289,(#3293,#3299),.PCURVE_S1.);
#3289 = LINE('',#3290,#3291);
#3290 = CARTESIAN_POINT('',(227.025,75.5,14.8));
#3291 = VECTOR('',#3292,1.);
#3292 = DIRECTION('',(-1.,0.,0.));
#3293 = PCURVE('',#154,#3294);
#3294 = DEFINITIONAL_REPRESENTATION('',(#3295),#3298);
#3295 = B_SPLINE_CURVE_WITH_KNOTS('',1,(#3296,#3297),.UNSPECIFIED.,.F.,
  .F.,(2,2),(-69.975,-68.575),.PIECEWISE_BEZIER_KNOTS.);
#3296 = CARTESIAN_POINT('',(135.55,75.5));
#3297 = CARTESIAN_POINT('',(134.15,75.5));
#3298 = ( GEOMETRIC_REPRESENTATION_CONTEXT(2) 
PARAMETRIC_REPRESENTATION_CONTEXT() REPRESENTATION_CONTEXT('2D SPACE',''
  ) );
#3299 = PCURVE('',#3300,#3305);
#3300 = PLANE('',#3301);
#3301 = AXIS2_PLACEMENT_3D('',#3302,#3303,#3304);
#3302 = CARTESIAN_POINT('',(292.6,75.5,13.8));
#3303 = DIRECTION('',(0.,1.,0.));
#3304 = DIRECTION('',(0.,0.,1.));
#3305 = DEFINITIONAL_REPRESENTATION('',(#3306),#3309);
#3306 = B_SPLINE_CURVE_WITH_KNOTS('',1,(#3307,#3308),.UNSPECIFIED.,.F.,
  .F.,(2,2),(-69.975,-68.575),.PIECEWISE_BEZIER_KNOTS.);
#3307 = CARTESIAN_POINT('',(1.,4.4));
#3308 = CARTESIAN_POINT('',(1.,3.));
#3309 = ( GEOMETRIC_REPRESENTATION_CONTEXT(2) 
PARAMETRIC_REPRESENTATION_CONTEXT() REPRESENTATION_CONTEXT('2D SPACE',''
  ) );
#3310 = ADVANCED_FACE('',(#3311),#126,.T.);
#3311 = FACE_BOUND('',#3312,.T.);
#3312 = EDGE_LOOP('',(#3313,#3336,#3362,#3390,#3409,#3410));
#3313 = ORIENTED_EDGE('',*,*,#3314,.F.);
#3314 = EDGE_CURVE('',#3315,#1040,#3317,.T.);
#3315 = VERTEX_POINT('',#3316);
#3316 = CARTESIAN_POINT('',(321.15,4.2,0.5));
#3317 = SURFACE_CURVE('',#3318,(#3322,#3329),.PCURVE_S1.);
#3318 = LINE('',#3319,#3320);
#3319 = CARTESIAN_POINT('',(321.15,4.2,0.));
#3320 = VECTOR('',#3321,1.);
#3321 = DIRECTION('',(0.,0.,1.));
#3322 = PCURVE('',#126,#3323);
#3323 = DEFINITIONAL_REPRESENTATION('',(#3324),#3328);
#3324 = LINE('',#3325,#3326);
#3325 = CARTESIAN_POINT('',(0.,159.7));
#3326 = VECTOR('',#3327,1.);
#3327 = DIRECTION('',(1.,0.));
#3328 = ( GEOMETRIC_REPRESENTATION_CONTEXT(2) 
PARAMETRIC_REPRESENTATION_CONTEXT() REPRESENTATION_CONTEXT('2D SPACE',''
  ) );
#3329 = PCURVE('',#241,#3330);
#3330 = DEFINITIONAL_REPRESENTATION('',(#3331),#3335);
#3331 = LINE('',#3332,#3333);
#3332 = CARTESIAN_POINT('',(0.,-4.2));
#3333 = VECTOR('',#3334,1.);
#3334 = DIRECTION('',(1.,0.));
#3335 = ( GEOMETRIC_REPRESENTATION_CONTEXT(2) 
PARAMETRIC_REPRESENTATION_CONTEXT() REPRESENTATION_CONTEXT('2D SPACE',''
  ) );
#3336 = ORIENTED_EDGE('',*,*,#3337,.T.);
#3337 = EDGE_CURVE('',#3315,#3338,#3340,.T.);
#3338 = VERTEX_POINT('',#3339);
#3339 = CARTESIAN_POINT('',(320.65980392156,4.2,0.));
#3340 = SURFACE_CURVE('',#3341,(#3345,#3351),.PCURVE_S1.);
#3341 = LINE('',#3342,#3343);
#3342 = CARTESIAN_POINT('',(281.64054107037,4.2,-39.79964810821));
#3343 = VECTOR('',#3344,1.);
#3344 = DIRECTION('',(-0.700071410926,0.,-0.714072839145));
#3345 = PCURVE('',#126,#3346);
#3346 = DEFINITIONAL_REPRESENTATION('',(#3347),#3350);
#3347 = B_SPLINE_CURVE_WITH_KNOTS('',1,(#3348,#3349),.UNSPECIFIED.,.F.,
  .F.,(2,2),(-56.43632679894,-55.73611811911),.PIECEWISE_BEZIER_KNOTS.);
#3348 = CARTESIAN_POINT('',(0.5,159.7));
#3349 = CARTESIAN_POINT('',(2.809803512145E-15,159.20980392156));
#3350 = ( GEOMETRIC_REPRESENTATION_CONTEXT(2) 
PARAMETRIC_REPRESENTATION_CONTEXT() REPRESENTATION_CONTEXT('2D SPACE',''
  ) );
#3351 = PCURVE('',#3352,#3357);
#3352 = PLANE('',#3353);
#3353 = AXIS2_PLACEMENT_3D('',#3354,#3355,#3356);
#3354 = CARTESIAN_POINT('',(320.65,-1.,-1.E-02));
#3355 = DIRECTION('',(0.714072839145,0.,-0.700071410926));
#3356 = DIRECTION('',(0.700071410926,0.,0.714072839145));
#3357 = DEFINITIONAL_REPRESENTATION('',(#3358),#3361);
#3358 = B_SPLINE_CURVE_WITH_KNOTS('',1,(#3359,#3360),.UNSPECIFIED.,.F.,
  .F.,(2,2),(-56.43632679894,-55.73611811911),.PIECEWISE_BEZIER_KNOTS.);
#3359 = CARTESIAN_POINT('',(0.714212853427,-5.2));
#3360 = CARTESIAN_POINT('',(1.40041735966E-02,-5.2));
#3361 = ( GEOMETRIC_REPRESENTATION_CONTEXT(2) 
PARAMETRIC_REPRESENTATION_CONTEXT() REPRESENTATION_CONTEXT('2D SPACE',''
  ) );
#3362 = ORIENTED_EDGE('',*,*,#3363,.F.);
#3363 = EDGE_CURVE('',#3364,#3338,#3366,.T.);
#3364 = VERTEX_POINT('',#3365);
#3365 = CARTESIAN_POINT('',(161.94019607843,4.2,0.));
#3366 = SURFACE_CURVE('',#3367,(#3371,#3378),.PCURVE_S1.);
#3367 = LINE('',#3368,#3369);
#3368 = CARTESIAN_POINT('',(161.45,4.2,0.));
#3369 = VECTOR('',#3370,1.);
#3370 = DIRECTION('',(1.,0.,-0.));
#3371 = PCURVE('',#126,#3372);
#3372 = DEFINITIONAL_REPRESENTATION('',(#3373),#3377);
#3373 = LINE('',#3374,#3375);
#3374 = CARTESIAN_POINT('',(0.,0.));
#3375 = VECTOR('',#3376,1.);
#3376 = DIRECTION('',(0.,1.));
#3377 = ( GEOMETRIC_REPRESENTATION_CONTEXT(2) 
PARAMETRIC_REPRESENTATION_CONTEXT() REPRESENTATION_CONTEXT('2D SPACE',''
  ) );
#3378 = PCURVE('',#3379,#3384);
#3379 = PLANE('',#3380);
#3380 = AXIS2_PLACEMENT_3D('',#3381,#3382,#3383);
#3381 = CARTESIAN_POINT('',(161.45,0.,0.));
#3382 = DIRECTION('',(0.,0.,1.));
#3383 = DIRECTION('',(1.,0.,-0.));
#3384 = DEFINITIONAL_REPRESENTATION('',(#3385),#3389);
#3385 = LINE('',#3386,#3387);
#3386 = CARTESIAN_POINT('',(0.,4.2));
#3387 = VECTOR('',#3388,1.);
#3388 = DIRECTION('',(1.,0.));
#3389 = ( GEOMETRIC_REPRESENTATION_CONTEXT(2) 
PARAMETRIC_REPRESENTATION_CONTEXT() REPRESENTATION_CONTEXT('2D SPACE',''
  ) );
#3390 = ORIENTED_EDGE('',*,*,#3391,.F.);
#3391 = EDGE_CURVE('',#83,#3364,#3392,.T.);
#3392 = SURFACE_CURVE('',#3393,(#3397,#3403),.PCURVE_S1.);
#3393 = LINE('',#3394,#3395);
#3394 = CARTESIAN_POINT('',(161.824975495,4.2,0.117524995099));
#3395 = VECTOR('',#3396,1.);
#3396 = DIRECTION('',(0.700071410926,0.,-0.714072839145));
#3397 = PCURVE('',#126,#3398);
#3398 = DEFINITIONAL_REPRESENTATION('',(#3399),#3402);
#3399 = B_SPLINE_CURVE_WITH_KNOTS('',1,(#3400,#3401),.UNSPECIFIED.,.F.,
  .F.,(2,2),(-0.5356246365,0.164584043331),.PIECEWISE_BEZIER_KNOTS.);
#3400 = CARTESIAN_POINT('',(0.5,5.333794562017E-15));
#3401 = CARTESIAN_POINT('',(-1.655913294187E-17,0.490196078431));
#3402 = ( GEOMETRIC_REPRESENTATION_CONTEXT(2) 
PARAMETRIC_REPRESENTATION_CONTEXT() REPRESENTATION_CONTEXT('2D SPACE',''
  ) );
#3403 = PCURVE('',#98,#3404);
#3404 = DEFINITIONAL_REPRESENTATION('',(#3405),#3408);
#3405 = B_SPLINE_CURVE_WITH_KNOTS('',1,(#3406,#3407),.UNSPECIFIED.,.F.,
  .F.,(2,2),(-0.5356246365,0.164584043331),.PIECEWISE_BEZIER_KNOTS.);
#3406 = CARTESIAN_POINT('',(0.714212853427,-5.2));
#3407 = CARTESIAN_POINT('',(1.40041735966E-02,-5.2));
#3408 = ( GEOMETRIC_REPRESENTATION_CONTEXT(2) 
PARAMETRIC_REPRESENTATION_CONTEXT() REPRESENTATION_CONTEXT('2D SPACE',''
  ) );
#3409 = ORIENTED_EDGE('',*,*,#110,.T.);
#3410 = ORIENTED_EDGE('',*,*,#1039,.T.);
#3411 = ADVANCED_FACE('',(#3412),#98,.F.);
#3412 = FACE_BOUND('',#3413,.F.);
#3413 = EDGE_LOOP('',(#3414,#3415,#3436,#3455));
#3414 = ORIENTED_EDGE('',*,*,#82,.F.);
#3415 = ORIENTED_EDGE('',*,*,#3416,.F.);
#3416 = EDGE_CURVE('',#3417,#57,#3419,.T.);
#3417 = VERTEX_POINT('',#3418);
#3418 = CARTESIAN_POINT('',(161.94019607843,0.590163934426,
    1.046371454122E-18));
#3419 = SURFACE_CURVE('',#3420,(#3424,#3430),.PCURVE_S1.);
#3420 = LINE('',#3421,#3422);
#3421 = CARTESIAN_POINT('',(161.44043676002,8.876606087667E-02,
    0.509754504775));
#3422 = VECTOR('',#3423,1.);
#3423 = DIRECTION('',(-0.572883144295,-0.574761449686,0.584340807181));
#3424 = PCURVE('',#98,#3425);
#3425 = DEFINITIONAL_REPRESENTATION('',(#3426),#3429);
#3426 = B_SPLINE_CURVE_WITH_KNOTS('',1,(#3427,#3428),.UNSPECIFIED.,.F.,
  .F.,(2,2),(-0.872358217176,-1.669317743259E-02),
  .PIECEWISE_BEZIER_KNOTS.);
#3427 = CARTESIAN_POINT('',(1.400417359659E-02,-1.590163934426));
#3428 = CARTESIAN_POINT('',(0.714212853427,-1.098360655738));
#3429 = ( GEOMETRIC_REPRESENTATION_CONTEXT(2) 
PARAMETRIC_REPRESENTATION_CONTEXT() REPRESENTATION_CONTEXT('2D SPACE',''
  ) );
#3430 = PCURVE('',#71,#3431);
#3431 = DEFINITIONAL_REPRESENTATION('',(#3432),#3435);
#3432 = B_SPLINE_CURVE_WITH_KNOTS('',1,(#3433,#3434),.UNSPECIFIED.,.F.,
  .F.,(2,2),(-0.872358217176,-1.669317743259E-02),
  .PIECEWISE_BEZIER_KNOTS.);
#3433 = CARTESIAN_POINT('',(1.402669547582E-02,-1.490196078431));
#3434 = CARTESIAN_POINT('',(0.715361469267,-1.));
#3435 = ( GEOMETRIC_REPRESENTATION_CONTEXT(2) 
PARAMETRIC_REPRESENTATION_CONTEXT() REPRESENTATION_CONTEXT('2D SPACE',''
  ) );
#3436 = ORIENTED_EDGE('',*,*,#3437,.T.);
#3437 = EDGE_CURVE('',#3417,#3364,#3438,.T.);
#3438 = SURFACE_CURVE('',#3439,(#3443,#3449),.PCURVE_S1.);
#3439 = LINE('',#3440,#3441);
#3440 = CARTESIAN_POINT('',(161.94019607843,-0.5,1.832432952646E-18));
#3441 = VECTOR('',#3442,1.);
#3442 = DIRECTION('',(0.,1.,-0.));
#3443 = PCURVE('',#98,#3444);
#3444 = DEFINITIONAL_REPRESENTATION('',(#3445),#3448);
#3445 = B_SPLINE_CURVE_WITH_KNOTS('',1,(#3446,#3447),.UNSPECIFIED.,.F.,
  .F.,(2,2),(1.090163934426,4.7),.PIECEWISE_BEZIER_KNOTS.);
#3446 = CARTESIAN_POINT('',(1.400417359662E-02,-1.590163934426));
#3447 = CARTESIAN_POINT('',(1.400417359662E-02,-5.2));
#3448 = ( GEOMETRIC_REPRESENTATION_CONTEXT(2) 
PARAMETRIC_REPRESENTATION_CONTEXT() REPRESENTATION_CONTEXT('2D SPACE',''
  ) );
#3449 = PCURVE('',#3379,#3450);
#3450 = DEFINITIONAL_REPRESENTATION('',(#3451),#3454);
#3451 = B_SPLINE_CURVE_WITH_KNOTS('',1,(#3452,#3453),.UNSPECIFIED.,.F.,
  .F.,(2,2),(1.090163934426,4.7),.PIECEWISE_BEZIER_KNOTS.);
#3452 = CARTESIAN_POINT('',(0.490196078431,0.590163934426));
#3453 = CARTESIAN_POINT('',(0.490196078431,4.2));
#3454 = ( GEOMETRIC_REPRESENTATION_CONTEXT(2) 
PARAMETRIC_REPRESENTATION_CONTEXT() REPRESENTATION_CONTEXT('2D SPACE',''
  ) );
#3455 = ORIENTED_EDGE('',*,*,#3391,.F.);
#3456 = ADVANCED_FACE('',(#3457),#71,.T.);
#3457 = FACE_BOUND('',#3458,.T.);
#3458 = EDGE_LOOP('',(#3459,#3460,#3461,#3462,#3483,#3504));
#3459 = ORIENTED_EDGE('',*,*,#253,.F.);
#3460 = ORIENTED_EDGE('',*,*,#56,.T.);
#3461 = ORIENTED_EDGE('',*,*,#3416,.F.);
#3462 = ORIENTED_EDGE('',*,*,#3463,.T.);
#3463 = EDGE_CURVE('',#3417,#3464,#3466,.T.);
#3464 = VERTEX_POINT('',#3465);
#3465 = CARTESIAN_POINT('',(320.65980392156,0.590163934426,
    1.046371454122E-18));
#3466 = SURFACE_CURVE('',#3467,(#3471,#3477),.PCURVE_S1.);
#3467 = LINE('',#3468,#3469);
#3468 = CARTESIAN_POINT('',(160.95,0.590163934426,1.046371454122E-18));
#3469 = VECTOR('',#3470,1.);
#3470 = DIRECTION('',(1.,0.,-0.));
#3471 = PCURVE('',#71,#3472);
#3472 = DEFINITIONAL_REPRESENTATION('',(#3473),#3476);
#3473 = B_SPLINE_CURVE_WITH_KNOTS('',1,(#3474,#3475),.UNSPECIFIED.,.F.,
  .F.,(2,2),(0.5,160.2),.PIECEWISE_BEZIER_KNOTS.);
#3474 = CARTESIAN_POINT('',(1.402669547582E-02,-1.));
#3475 = CARTESIAN_POINT('',(1.402669547582E-02,-160.7));
#3476 = ( GEOMETRIC_REPRESENTATION_CONTEXT(2) 
PARAMETRIC_REPRESENTATION_CONTEXT() REPRESENTATION_CONTEXT('2D SPACE',''
  ) );
#3477 = PCURVE('',#3379,#3478);
#3478 = DEFINITIONAL_REPRESENTATION('',(#3479),#3482);
#3479 = B_SPLINE_CURVE_WITH_KNOTS('',1,(#3480,#3481),.UNSPECIFIED.,.F.,
  .F.,(2,2),(0.5,160.2),.PIECEWISE_BEZIER_KNOTS.);
#3480 = CARTESIAN_POINT('',(0.,0.590163934426));
#3481 = CARTESIAN_POINT('',(159.7,0.590163934426));
#3482 = ( GEOMETRIC_REPRESENTATION_CONTEXT(2) 
PARAMETRIC_REPRESENTATION_CONTEXT() REPRESENTATION_CONTEXT('2D SPACE',''
  ) );
#3483 = ORIENTED_EDGE('',*,*,#3484,.T.);
#3484 = EDGE_CURVE('',#3464,#3485,#3487,.T.);
#3485 = VERTEX_POINT('',#3486);
#3486 = CARTESIAN_POINT('',(321.15,9.83606557377E-02,0.5));
#3487 = SURFACE_CURVE('',#3488,(#3492,#3498),.PCURVE_S1.);
#3488 = LINE('',#3489,#3490);
#3489 = CARTESIAN_POINT('',(294.62498964611,26.710338256689,
    -26.55551056096));
#3490 = VECTOR('',#3491,1.);
#3491 = DIRECTION('',(0.572883144295,-0.574761449686,0.584340807181));
#3492 = PCURVE('',#71,#3493);
#3493 = DEFINITIONAL_REPRESENTATION('',(#3494),#3497);
#3494 = B_SPLINE_CURVE_WITH_KNOTS('',1,(#3495,#3496),.UNSPECIFIED.,.F.,
  .F.,(2,2),(45.445243999088,46.300909038831),.PIECEWISE_BEZIER_KNOTS.);
#3495 = CARTESIAN_POINT('',(1.402669547584E-02,-160.2098039215));
#3496 = CARTESIAN_POINT('',(0.715361469267,-160.7));
#3497 = ( GEOMETRIC_REPRESENTATION_CONTEXT(2) 
PARAMETRIC_REPRESENTATION_CONTEXT() REPRESENTATION_CONTEXT('2D SPACE',''
  ) );
#3498 = PCURVE('',#3352,#3499);
#3499 = DEFINITIONAL_REPRESENTATION('',(#3500),#3503);
#3500 = B_SPLINE_CURVE_WITH_KNOTS('',1,(#3501,#3502),.UNSPECIFIED.,.F.,
  .F.,(2,2),(45.445243999088,46.300909038831),.PIECEWISE_BEZIER_KNOTS.);
#3501 = CARTESIAN_POINT('',(1.400417359666E-02,-1.590163934426));
#3502 = CARTESIAN_POINT('',(0.714212853427,-1.098360655738));
#3503 = ( GEOMETRIC_REPRESENTATION_CONTEXT(2) 
PARAMETRIC_REPRESENTATION_CONTEXT() REPRESENTATION_CONTEXT('2D SPACE',''
  ) );
#3504 = ORIENTED_EDGE('',*,*,#3505,.F.);
#3505 = EDGE_CURVE('',#224,#3485,#3506,.T.);
#3506 = SURFACE_CURVE('',#3507,(#3511,#3517),.PCURVE_S1.);
#3507 = LINE('',#3508,#3509);
#3508 = CARTESIAN_POINT('',(321.15,0.449979510996,0.142520830488));
#3509 = VECTOR('',#3510,1.);
#3510 = DIRECTION('',(-0.,0.701238976117,-0.712926292386));
#3511 = PCURVE('',#71,#3512);
#3512 = DEFINITIONAL_REPRESENTATION('',(#3513),#3516);
#3513 = B_SPLINE_CURVE_WITH_KNOTS('',1,(#3514,#3515),.UNSPECIFIED.,.F.,
  .F.,(2,2),(-0.641692099728,0.199909628821),.PIECEWISE_BEZIER_KNOTS.);
#3514 = CARTESIAN_POINT('',(0.855628424025,-160.7));
#3515 = CARTESIAN_POINT('',(1.402669547582E-02,-160.7));
#3516 = ( GEOMETRIC_REPRESENTATION_CONTEXT(2) 
PARAMETRIC_REPRESENTATION_CONTEXT() REPRESENTATION_CONTEXT('2D SPACE',''
  ) );
#3517 = PCURVE('',#241,#3518);
#3518 = DEFINITIONAL_REPRESENTATION('',(#3519),#3522);
#3519 = B_SPLINE_CURVE_WITH_KNOTS('',1,(#3520,#3521),.UNSPECIFIED.,.F.,
  .F.,(2,2),(-0.641692099728,0.199909628821),.PIECEWISE_BEZIER_KNOTS.);
#3520 = CARTESIAN_POINT('',(0.6,5.856273128948E-17));
#3521 = CARTESIAN_POINT('',(2.049264650992E-18,-0.590163934426));
#3522 = ( GEOMETRIC_REPRESENTATION_CONTEXT(2) 
PARAMETRIC_REPRESENTATION_CONTEXT() REPRESENTATION_CONTEXT('2D SPACE',''
  ) );
#3523 = ADVANCED_FACE('',(#3524),#241,.T.);
#3524 = FACE_BOUND('',#3525,.T.);
#3525 = EDGE_LOOP('',(#3526,#3527,#3528,#3549,#3550,#3551,#3574));
#3526 = ORIENTED_EDGE('',*,*,#223,.F.);
#3527 = ORIENTED_EDGE('',*,*,#3505,.T.);
#3528 = ORIENTED_EDGE('',*,*,#3529,.T.);
#3529 = EDGE_CURVE('',#3485,#3315,#3530,.T.);
#3530 = SURFACE_CURVE('',#3531,(#3535,#3542),.PCURVE_S1.);
#3531 = LINE('',#3532,#3533);
#3532 = CARTESIAN_POINT('',(321.15,-1.,0.5));
#3533 = VECTOR('',#3534,1.);
#3534 = DIRECTION('',(0.,1.,0.));
#3535 = PCURVE('',#241,#3536);
#3536 = DEFINITIONAL_REPRESENTATION('',(#3537),#3541);
#3537 = LINE('',#3538,#3539);
#3538 = CARTESIAN_POINT('',(0.5,1.));
#3539 = VECTOR('',#3540,1.);
#3540 = DIRECTION('',(0.,-1.));
#3541 = ( GEOMETRIC_REPRESENTATION_CONTEXT(2) 
PARAMETRIC_REPRESENTATION_CONTEXT() REPRESENTATION_CONTEXT('2D SPACE',''
  ) );
#3542 = PCURVE('',#3352,#3543);
#3543 = DEFINITIONAL_REPRESENTATION('',(#3544),#3548);
#3544 = LINE('',#3545,#3546);
#3545 = CARTESIAN_POINT('',(0.714212853427,0.));
#3546 = VECTOR('',#3547,1.);
#3547 = DIRECTION('',(0.,-1.));
#3548 = ( GEOMETRIC_REPRESENTATION_CONTEXT(2) 
PARAMETRIC_REPRESENTATION_CONTEXT() REPRESENTATION_CONTEXT('2D SPACE',''
  ) );
#3549 = ORIENTED_EDGE('',*,*,#3314,.T.);
#3550 = ORIENTED_EDGE('',*,*,#1061,.T.);
#3551 = ORIENTED_EDGE('',*,*,#3552,.T.);
#3552 = EDGE_CURVE('',#1062,#3553,#3555,.T.);
#3553 = VERTEX_POINT('',#3554);
#3554 = CARTESIAN_POINT('',(321.15,6.05,26.8));
#3555 = SURFACE_CURVE('',#3556,(#3560,#3567),.PCURVE_S1.);
#3556 = LINE('',#3557,#3558);
#3557 = CARTESIAN_POINT('',(321.15,6.05,13.8));
#3558 = VECTOR('',#3559,1.);
#3559 = DIRECTION('',(-0.,-0.,1.));
#3560 = PCURVE('',#241,#3561);
#3561 = DEFINITIONAL_REPRESENTATION('',(#3562),#3566);
#3562 = LINE('',#3563,#3564);
#3563 = CARTESIAN_POINT('',(13.8,-6.05));
#3564 = VECTOR('',#3565,1.);
#3565 = DIRECTION('',(1.,0.));
#3566 = ( GEOMETRIC_REPRESENTATION_CONTEXT(2) 
PARAMETRIC_REPRESENTATION_CONTEXT() REPRESENTATION_CONTEXT('2D SPACE',''
  ) );
#3567 = PCURVE('',#1099,#3568);
#3568 = DEFINITIONAL_REPRESENTATION('',(#3569),#3573);
#3569 = LINE('',#3570,#3571);
#3570 = CARTESIAN_POINT('',(5.602901034286,-0.));
#3571 = VECTOR('',#3572,1.);
#3572 = DIRECTION('',(0.,-1.));
#3573 = ( GEOMETRIC_REPRESENTATION_CONTEXT(2) 
PARAMETRIC_REPRESENTATION_CONTEXT() REPRESENTATION_CONTEXT('2D SPACE',''
  ) );
#3574 = ORIENTED_EDGE('',*,*,#3575,.T.);
#3575 = EDGE_CURVE('',#3553,#226,#3576,.T.);
#3576 = SURFACE_CURVE('',#3577,(#3581,#3588),.PCURVE_S1.);
#3577 = LINE('',#3578,#3579);
#3578 = CARTESIAN_POINT('',(321.15,18.,26.8));
#3579 = VECTOR('',#3580,1.);
#3580 = DIRECTION('',(0.,-1.,-0.));
#3581 = PCURVE('',#241,#3582);
#3582 = DEFINITIONAL_REPRESENTATION('',(#3583),#3587);
#3583 = LINE('',#3584,#3585);
#3584 = CARTESIAN_POINT('',(26.8,-18.));
#3585 = VECTOR('',#3586,1.);
#3586 = DIRECTION('',(0.,1.));
#3587 = ( GEOMETRIC_REPRESENTATION_CONTEXT(2) 
PARAMETRIC_REPRESENTATION_CONTEXT() REPRESENTATION_CONTEXT('2D SPACE',''
  ) );
#3588 = PCURVE('',#610,#3589);
#3589 = DEFINITIONAL_REPRESENTATION('',(#3590),#3594);
#3590 = LINE('',#3591,#3592);
#3591 = CARTESIAN_POINT('',(12.,0.));
#3592 = VECTOR('',#3593,1.);
#3593 = DIRECTION('',(0.,-1.));
#3594 = ( GEOMETRIC_REPRESENTATION_CONTEXT(2) 
PARAMETRIC_REPRESENTATION_CONTEXT() REPRESENTATION_CONTEXT('2D SPACE',''
  ) );
#3595 = ADVANCED_FACE('',(#3596),#610,.T.);
#3596 = FACE_BOUND('',#3597,.T.);
#3597 = EDGE_LOOP('',(#3598,#3623,#3644,#3645,#3646,#3667,#3688,#3709,
    #3730,#3751));
#3598 = ORIENTED_EDGE('',*,*,#3599,.F.);
#3599 = EDGE_CURVE('',#3600,#3602,#3604,.T.);
#3600 = VERTEX_POINT('',#3601);
#3601 = CARTESIAN_POINT('',(309.15,18.,26.8));
#3602 = VERTEX_POINT('',#3603);
#3603 = CARTESIAN_POINT('',(321.15,18.,26.8));
#3604 = SURFACE_CURVE('',#3605,(#3609,#3616),.PCURVE_S1.);
#3605 = LINE('',#3606,#3607);
#3606 = CARTESIAN_POINT('',(309.15,18.,26.8));
#3607 = VECTOR('',#3608,1.);
#3608 = DIRECTION('',(1.,-0.,-0.));
#3609 = PCURVE('',#610,#3610);
#3610 = DEFINITIONAL_REPRESENTATION('',(#3611),#3615);
#3611 = LINE('',#3612,#3613);
#3612 = CARTESIAN_POINT('',(0.,0.));
#3613 = VECTOR('',#3614,1.);
#3614 = DIRECTION('',(1.,0.));
#3615 = ( GEOMETRIC_REPRESENTATION_CONTEXT(2) 
PARAMETRIC_REPRESENTATION_CONTEXT() REPRESENTATION_CONTEXT('2D SPACE',''
  ) );
#3616 = PCURVE('',#1258,#3617);
#3617 = DEFINITIONAL_REPRESENTATION('',(#3618),#3622);
#3618 = LINE('',#3619,#3620);
#3619 = CARTESIAN_POINT('',(12.,12.));
#3620 = VECTOR('',#3621,1.);
#3621 = DIRECTION('',(0.,-1.));
#3622 = ( GEOMETRIC_REPRESENTATION_CONTEXT(2) 
PARAMETRIC_REPRESENTATION_CONTEXT() REPRESENTATION_CONTEXT('2D SPACE',''
  ) );
#3623 = ORIENTED_EDGE('',*,*,#3624,.T.);
#3624 = EDGE_CURVE('',#3600,#569,#3625,.T.);
#3625 = SURFACE_CURVE('',#3626,(#3630,#3637),.PCURVE_S1.);
#3626 = LINE('',#3627,#3628);
#3627 = CARTESIAN_POINT('',(309.15,18.,26.8));
#3628 = VECTOR('',#3629,1.);
#3629 = DIRECTION('',(0.,-1.,-0.));
#3630 = PCURVE('',#610,#3631);
#3631 = DEFINITIONAL_REPRESENTATION('',(#3632),#3636);
#3632 = LINE('',#3633,#3634);
#3633 = CARTESIAN_POINT('',(0.,0.));
#3634 = VECTOR('',#3635,1.);
#3635 = DIRECTION('',(0.,-1.));
#3636 = ( GEOMETRIC_REPRESENTATION_CONTEXT(2) 
PARAMETRIC_REPRESENTATION_CONTEXT() REPRESENTATION_CONTEXT('2D SPACE',''
  ) );
#3637 = PCURVE('',#584,#3638);
#3638 = DEFINITIONAL_REPRESENTATION('',(#3639),#3643);
#3639 = LINE('',#3640,#3641);
#3640 = CARTESIAN_POINT('',(10.259142264342,0.));
#3641 = VECTOR('',#3642,1.);
#3642 = DIRECTION('',(0.,-1.));
#3643 = ( GEOMETRIC_REPRESENTATION_CONTEXT(2) 
PARAMETRIC_REPRESENTATION_CONTEXT() REPRESENTATION_CONTEXT('2D SPACE',''
  ) );
#3644 = ORIENTED_EDGE('',*,*,#596,.T.);
#3645 = ORIENTED_EDGE('',*,*,#3575,.F.);
#3646 = ORIENTED_EDGE('',*,*,#3647,.T.);
#3647 = EDGE_CURVE('',#3553,#3648,#3650,.T.);
#3648 = VERTEX_POINT('',#3649);
#3649 = CARTESIAN_POINT('',(315.7,4.75,26.8));
#3650 = SURFACE_CURVE('',#3651,(#3655,#3661),.PCURVE_S1.);
#3651 = LINE('',#3652,#3653);
#3652 = CARTESIAN_POINT('',(314.09650991478,4.367516126463,26.8));
#3653 = VECTOR('',#3654,1.);
#3654 = DIRECTION('',(-0.972710381042,-0.232022659698,-0.));
#3655 = PCURVE('',#610,#3656);
#3656 = DEFINITIONAL_REPRESENTATION('',(#3657),#3660);
#3657 = B_SPLINE_CURVE_WITH_KNOTS('',1,(#3658,#3659),.UNSPECIFIED.,.F.,
  .F.,(2,2),(-7.251377411698,-1.648476377412),.PIECEWISE_BEZIER_KNOTS.);
#3658 = CARTESIAN_POINT('',(12.,-11.95));
#3659 = CARTESIAN_POINT('',(6.55,-13.25));
#3660 = ( GEOMETRIC_REPRESENTATION_CONTEXT(2) 
PARAMETRIC_REPRESENTATION_CONTEXT() REPRESENTATION_CONTEXT('2D SPACE',''
  ) );
#3661 = PCURVE('',#1099,#3662);
#3662 = DEFINITIONAL_REPRESENTATION('',(#3663),#3666);
#3663 = B_SPLINE_CURVE_WITH_KNOTS('',1,(#3664,#3665),.UNSPECIFIED.,.F.,
  .F.,(2,2),(-7.251377411698,-1.648476377412),.PIECEWISE_BEZIER_KNOTS.);
#3664 = CARTESIAN_POINT('',(5.602901034286,-13.));
#3665 = CARTESIAN_POINT('',(0.,-13.));
#3666 = ( GEOMETRIC_REPRESENTATION_CONTEXT(2) 
PARAMETRIC_REPRESENTATION_CONTEXT() REPRESENTATION_CONTEXT('2D SPACE',''
  ) );
#3667 = ORIENTED_EDGE('',*,*,#3668,.T.);
#3668 = EDGE_CURVE('',#3648,#3669,#3671,.T.);
#3669 = VERTEX_POINT('',#3670);
#3670 = CARTESIAN_POINT('',(314.9,5.55,26.8));
#3671 = SURFACE_CURVE('',#3672,(#3676,#3682),.PCURVE_S1.);
#3672 = LINE('',#3673,#3674);
#3673 = CARTESIAN_POINT('',(310.35,10.1,26.8));
#3674 = VECTOR('',#3675,1.);
#3675 = DIRECTION('',(-0.707106781187,0.707106781187,0.));
#3676 = PCURVE('',#610,#3677);
#3677 = DEFINITIONAL_REPRESENTATION('',(#3678),#3681);
#3678 = B_SPLINE_CURVE_WITH_KNOTS('',1,(#3679,#3680),.UNSPECIFIED.,.F.,
  .F.,(2,2),(-7.566042558696,-6.434671708798),.PIECEWISE_BEZIER_KNOTS.);
#3679 = CARTESIAN_POINT('',(6.55,-13.25));
#3680 = CARTESIAN_POINT('',(5.75,-12.45));
#3681 = ( GEOMETRIC_REPRESENTATION_CONTEXT(2) 
PARAMETRIC_REPRESENTATION_CONTEXT() REPRESENTATION_CONTEXT('2D SPACE',''
  ) );
#3682 = PCURVE('',#1125,#3683);
#3683 = DEFINITIONAL_REPRESENTATION('',(#3684),#3687);
#3684 = B_SPLINE_CURVE_WITH_KNOTS('',1,(#3685,#3686),.UNSPECIFIED.,.F.,
  .F.,(2,2),(-7.566042558696,-6.434671708798),.PIECEWISE_BEZIER_KNOTS.);
#3685 = CARTESIAN_POINT('',(1.131370849899,-13.));
#3686 = CARTESIAN_POINT('',(0.,-13.));
#3687 = ( GEOMETRIC_REPRESENTATION_CONTEXT(2) 
PARAMETRIC_REPRESENTATION_CONTEXT() REPRESENTATION_CONTEXT('2D SPACE',''
  ) );
#3688 = ORIENTED_EDGE('',*,*,#3689,.T.);
#3689 = EDGE_CURVE('',#3669,#3690,#3692,.T.);
#3690 = VERTEX_POINT('',#3691);
#3691 = CARTESIAN_POINT('',(314.9,12.45,26.8));
#3692 = SURFACE_CURVE('',#3693,(#3697,#3703),.PCURVE_S1.);
#3693 = LINE('',#3694,#3695);
#3694 = CARTESIAN_POINT('',(314.9,15.225,26.8));
#3695 = VECTOR('',#3696,1.);
#3696 = DIRECTION('',(0.,1.,0.));
#3697 = PCURVE('',#610,#3698);
#3698 = DEFINITIONAL_REPRESENTATION('',(#3699),#3702);
#3699 = B_SPLINE_CURVE_WITH_KNOTS('',1,(#3700,#3701),.UNSPECIFIED.,.F.,
  .F.,(2,2),(-9.675,-2.775),.PIECEWISE_BEZIER_KNOTS.);
#3700 = CARTESIAN_POINT('',(5.75,-12.45));
#3701 = CARTESIAN_POINT('',(5.75,-5.55));
#3702 = ( GEOMETRIC_REPRESENTATION_CONTEXT(2) 
PARAMETRIC_REPRESENTATION_CONTEXT() REPRESENTATION_CONTEXT('2D SPACE',''
  ) );
#3703 = PCURVE('',#1151,#3704);
#3704 = DEFINITIONAL_REPRESENTATION('',(#3705),#3708);
#3705 = B_SPLINE_CURVE_WITH_KNOTS('',1,(#3706,#3707),.UNSPECIFIED.,.F.,
  .F.,(2,2),(-9.675,-2.775),.PIECEWISE_BEZIER_KNOTS.);
#3706 = CARTESIAN_POINT('',(6.9,-13.));
#3707 = CARTESIAN_POINT('',(0.,-13.));
#3708 = ( GEOMETRIC_REPRESENTATION_CONTEXT(2) 
PARAMETRIC_REPRESENTATION_CONTEXT() REPRESENTATION_CONTEXT('2D SPACE',''
  ) );
#3709 = ORIENTED_EDGE('',*,*,#3710,.T.);
#3710 = EDGE_CURVE('',#3690,#3711,#3713,.T.);
#3711 = VERTEX_POINT('',#3712);
#3712 = CARTESIAN_POINT('',(315.7,13.25,26.8));
#3713 = SURFACE_CURVE('',#3714,(#3718,#3724),.PCURVE_S1.);
#3714 = LINE('',#3715,#3716);
#3715 = CARTESIAN_POINT('',(315.25,12.8,26.8));
#3716 = VECTOR('',#3717,1.);
#3717 = DIRECTION('',(0.707106781187,0.707106781187,0.));
#3718 = PCURVE('',#610,#3719);
#3719 = DEFINITIONAL_REPRESENTATION('',(#3720),#3723);
#3720 = B_SPLINE_CURVE_WITH_KNOTS('',1,(#3721,#3722),.UNSPECIFIED.,.F.,
  .F.,(2,2),(-0.494974746831,0.636396103068),.PIECEWISE_BEZIER_KNOTS.);
#3721 = CARTESIAN_POINT('',(5.75,-5.55));
#3722 = CARTESIAN_POINT('',(6.55,-4.75));
#3723 = ( GEOMETRIC_REPRESENTATION_CONTEXT(2) 
PARAMETRIC_REPRESENTATION_CONTEXT() REPRESENTATION_CONTEXT('2D SPACE',''
  ) );
#3724 = PCURVE('',#1177,#3725);
#3725 = DEFINITIONAL_REPRESENTATION('',(#3726),#3729);
#3726 = B_SPLINE_CURVE_WITH_KNOTS('',1,(#3727,#3728),.UNSPECIFIED.,.F.,
  .F.,(2,2),(-0.494974746831,0.636396103068),.PIECEWISE_BEZIER_KNOTS.);
#3727 = CARTESIAN_POINT('',(1.131370849899,-13.));
#3728 = CARTESIAN_POINT('',(0.,-13.));
#3729 = ( GEOMETRIC_REPRESENTATION_CONTEXT(2) 
PARAMETRIC_REPRESENTATION_CONTEXT() REPRESENTATION_CONTEXT('2D SPACE',''
  ) );
#3730 = ORIENTED_EDGE('',*,*,#3731,.T.);
#3731 = EDGE_CURVE('',#3711,#3732,#3734,.T.);
#3732 = VERTEX_POINT('',#3733);
#3733 = CARTESIAN_POINT('',(321.15,11.95,26.8));
#3734 = SURFACE_CURVE('',#3735,(#3739,#3745),.PCURVE_S1.);
#3735 = LINE('',#3736,#3737);
#3736 = CARTESIAN_POINT('',(314.79029226726,13.466994505057,26.8));
#3737 = VECTOR('',#3738,1.);
#3738 = DIRECTION('',(0.972710381042,-0.232022659698,0.));
#3739 = PCURVE('',#610,#3740);
#3740 = DEFINITIONAL_REPRESENTATION('',(#3741),#3744);
#3741 = B_SPLINE_CURVE_WITH_KNOTS('',1,(#3742,#3743),.UNSPECIFIED.,.F.,
  .F.,(2,2),(0.935229797552,6.538130831838),.PIECEWISE_BEZIER_KNOTS.);
#3742 = CARTESIAN_POINT('',(6.55,-4.75));
#3743 = CARTESIAN_POINT('',(12.,-6.05));
#3744 = ( GEOMETRIC_REPRESENTATION_CONTEXT(2) 
PARAMETRIC_REPRESENTATION_CONTEXT() REPRESENTATION_CONTEXT('2D SPACE',''
  ) );
#3745 = PCURVE('',#1203,#3746);
#3746 = DEFINITIONAL_REPRESENTATION('',(#3747),#3750);
#3747 = B_SPLINE_CURVE_WITH_KNOTS('',1,(#3748,#3749),.UNSPECIFIED.,.F.,
  .F.,(2,2),(0.935229797552,6.538130831838),.PIECEWISE_BEZIER_KNOTS.);
#3748 = CARTESIAN_POINT('',(5.602901034286,-13.));
#3749 = CARTESIAN_POINT('',(8.881784197001E-16,-13.));
#3750 = ( GEOMETRIC_REPRESENTATION_CONTEXT(2) 
PARAMETRIC_REPRESENTATION_CONTEXT() REPRESENTATION_CONTEXT('2D SPACE',''
  ) );
#3751 = ORIENTED_EDGE('',*,*,#3752,.F.);
#3752 = EDGE_CURVE('',#3602,#3732,#3753,.T.);
#3753 = SURFACE_CURVE('',#3754,(#3758,#3765),.PCURVE_S1.);
#3754 = LINE('',#3755,#3756);
#3755 = CARTESIAN_POINT('',(321.15,18.,26.8));
#3756 = VECTOR('',#3757,1.);
#3757 = DIRECTION('',(0.,-1.,-0.));
#3758 = PCURVE('',#610,#3759);
#3759 = DEFINITIONAL_REPRESENTATION('',(#3760),#3764);
#3760 = LINE('',#3761,#3762);
#3761 = CARTESIAN_POINT('',(12.,0.));
#3762 = VECTOR('',#3763,1.);
#3763 = DIRECTION('',(0.,-1.));
#3764 = ( GEOMETRIC_REPRESENTATION_CONTEXT(2) 
PARAMETRIC_REPRESENTATION_CONTEXT() REPRESENTATION_CONTEXT('2D SPACE',''
  ) );
#3765 = PCURVE('',#1230,#3766);
#3766 = DEFINITIONAL_REPRESENTATION('',(#3767),#3771);
#3767 = LINE('',#3768,#3769);
#3768 = CARTESIAN_POINT('',(26.8,-18.));
#3769 = VECTOR('',#3770,1.);
#3770 = DIRECTION('',(0.,1.));
#3771 = ( GEOMETRIC_REPRESENTATION_CONTEXT(2) 
PARAMETRIC_REPRESENTATION_CONTEXT() REPRESENTATION_CONTEXT('2D SPACE',''
  ) );
#3772 = ADVANCED_FACE('',(#3773),#584,.T.);
#3773 = FACE_BOUND('',#3774,.T.);
#3774 = EDGE_LOOP('',(#3775,#3798,#3819,#3820));
#3775 = ORIENTED_EDGE('',*,*,#3776,.F.);
#3776 = EDGE_CURVE('',#3777,#3600,#3779,.T.);
#3777 = VERTEX_POINT('',#3778);
#3778 = CARTESIAN_POINT('',(302.61666666666,18.,19.8));
#3779 = SURFACE_CURVE('',#3780,(#3784,#3791),.PCURVE_S1.);
#3780 = LINE('',#3781,#3782);
#3781 = CARTESIAN_POINT('',(302.15,18.,19.3));
#3782 = VECTOR('',#3783,1.);
#3783 = DIRECTION('',(0.68231825036,-0.,0.731055268243));
#3784 = PCURVE('',#584,#3785);
#3785 = DEFINITIONAL_REPRESENTATION('',(#3786),#3790);
#3786 = LINE('',#3787,#3788);
#3787 = CARTESIAN_POINT('',(0.,0.));
#3788 = VECTOR('',#3789,1.);
#3789 = DIRECTION('',(1.,-0.));
#3790 = ( GEOMETRIC_REPRESENTATION_CONTEXT(2) 
PARAMETRIC_REPRESENTATION_CONTEXT() REPRESENTATION_CONTEXT('2D SPACE',''
  ) );
#3791 = PCURVE('',#1258,#3792);
#3792 = DEFINITIONAL_REPRESENTATION('',(#3793),#3797);
#3793 = LINE('',#3794,#3795);
#3794 = CARTESIAN_POINT('',(4.5,19.));
#3795 = VECTOR('',#3796,1.);
#3796 = DIRECTION('',(0.731055268243,-0.68231825036));
#3797 = ( GEOMETRIC_REPRESENTATION_CONTEXT(2) 
PARAMETRIC_REPRESENTATION_CONTEXT() REPRESENTATION_CONTEXT('2D SPACE',''
  ) );
#3798 = ORIENTED_EDGE('',*,*,#3799,.F.);
#3799 = EDGE_CURVE('',#546,#3777,#3800,.T.);
#3800 = SURFACE_CURVE('',#3801,(#3805,#3812),.PCURVE_S1.);
#3801 = LINE('',#3802,#3803);
#3802 = CARTESIAN_POINT('',(302.61666666666,0.,19.8));
#3803 = VECTOR('',#3804,1.);
#3804 = DIRECTION('',(3.157967714489E-15,1.,3.947459643112E-16));
#3805 = PCURVE('',#584,#3806);
#3806 = DEFINITIONAL_REPRESENTATION('',(#3807),#3811);
#3807 = LINE('',#3808,#3809);
#3808 = CARTESIAN_POINT('',(0.683942817623,-18.));
#3809 = VECTOR('',#3810,1.);
#3810 = DIRECTION('',(2.443320122471E-15,1.));
#3811 = ( GEOMETRIC_REPRESENTATION_CONTEXT(2) 
PARAMETRIC_REPRESENTATION_CONTEXT() REPRESENTATION_CONTEXT('2D SPACE',''
  ) );
#3812 = PCURVE('',#342,#3813);
#3813 = DEFINITIONAL_REPRESENTATION('',(#3814),#3818);
#3814 = LINE('',#3815,#3816);
#3815 = CARTESIAN_POINT('',(141.16666666666,0.));
#3816 = VECTOR('',#3817,1.);
#3817 = DIRECTION('',(3.157967714489E-15,1.));
#3818 = ( GEOMETRIC_REPRESENTATION_CONTEXT(2) 
PARAMETRIC_REPRESENTATION_CONTEXT() REPRESENTATION_CONTEXT('2D SPACE',''
  ) );
#3819 = ORIENTED_EDGE('',*,*,#568,.T.);
#3820 = ORIENTED_EDGE('',*,*,#3624,.F.);
#3821 = ADVANCED_FACE('',(#3822,#4314,#4424,#4516,#4608),#342,.T.);
#3822 = FACE_BOUND('',#3823,.T.);
#3823 = EDGE_LOOP('',(#3824,#3849,#3872,#3895,#3916,#3917,#3939,#3966,
    #3986,#3987,#4009,#4036,#4056,#4057,#4058,#4081,#4104,#4127,#4154,
    #4181,#4208,#4235,#4262,#4289));
#3824 = ORIENTED_EDGE('',*,*,#3825,.F.);
#3825 = EDGE_CURVE('',#3826,#3828,#3830,.T.);
#3826 = VERTEX_POINT('',#3827);
#3827 = CARTESIAN_POINT('',(180.45,16.9,19.8));
#3828 = VERTEX_POINT('',#3829);
#3829 = CARTESIAN_POINT('',(233.3,16.9,19.8));
#3830 = SURFACE_CURVE('',#3831,(#3835,#3842),.PCURVE_S1.);
#3831 = LINE('',#3832,#3833);
#3832 = CARTESIAN_POINT('',(161.45,16.9,19.8));
#3833 = VECTOR('',#3834,1.);
#3834 = DIRECTION('',(1.,0.,-0.));
#3835 = PCURVE('',#342,#3836);
#3836 = DEFINITIONAL_REPRESENTATION('',(#3837),#3841);
#3837 = LINE('',#3838,#3839);
#3838 = CARTESIAN_POINT('',(0.,16.9));
#3839 = VECTOR('',#3840,1.);
#3840 = DIRECTION('',(1.,0.));
#3841 = ( GEOMETRIC_REPRESENTATION_CONTEXT(2) 
PARAMETRIC_REPRESENTATION_CONTEXT() REPRESENTATION_CONTEXT('2D SPACE',''
  ) );
#3842 = PCURVE('',#1963,#3843);
#3843 = DEFINITIONAL_REPRESENTATION('',(#3844),#3848);
#3844 = LINE('',#3845,#3846);
#3845 = CARTESIAN_POINT('',(5.,0.));
#3846 = VECTOR('',#3847,1.);
#3847 = DIRECTION('',(0.,1.));
#3848 = ( GEOMETRIC_REPRESENTATION_CONTEXT(2) 
PARAMETRIC_REPRESENTATION_CONTEXT() REPRESENTATION_CONTEXT('2D SPACE',''
  ) );
#3849 = ORIENTED_EDGE('',*,*,#3850,.F.);
#3850 = EDGE_CURVE('',#3851,#3826,#3853,.T.);
#3851 = VERTEX_POINT('',#3852);
#3852 = CARTESIAN_POINT('',(180.45,18.,19.8));
#3853 = SURFACE_CURVE('',#3854,(#3858,#3865),.PCURVE_S1.);
#3854 = LINE('',#3855,#3856);
#3855 = CARTESIAN_POINT('',(180.45,18.,19.8));
#3856 = VECTOR('',#3857,1.);
#3857 = DIRECTION('',(-0.,-1.,-0.));
#3858 = PCURVE('',#342,#3859);
#3859 = DEFINITIONAL_REPRESENTATION('',(#3860),#3864);
#3860 = LINE('',#3861,#3862);
#3861 = CARTESIAN_POINT('',(19.,18.));
#3862 = VECTOR('',#3863,1.);
#3863 = DIRECTION('',(0.,-1.));
#3864 = ( GEOMETRIC_REPRESENTATION_CONTEXT(2) 
PARAMETRIC_REPRESENTATION_CONTEXT() REPRESENTATION_CONTEXT('2D SPACE',''
  ) );
#3865 = PCURVE('',#897,#3866);
#3866 = DEFINITIONAL_REPRESENTATION('',(#3867),#3871);
#3867 = LINE('',#3868,#3869);
#3868 = CARTESIAN_POINT('',(-5.,0.));
#3869 = VECTOR('',#3870,1.);
#3870 = DIRECTION('',(-0.,-1.));
#3871 = ( GEOMETRIC_REPRESENTATION_CONTEXT(2) 
PARAMETRIC_REPRESENTATION_CONTEXT() REPRESENTATION_CONTEXT('2D SPACE',''
  ) );
#3872 = ORIENTED_EDGE('',*,*,#3873,.F.);
#3873 = EDGE_CURVE('',#3874,#3851,#3876,.T.);
#3874 = VERTEX_POINT('',#3875);
#3875 = CARTESIAN_POINT('',(179.98333333333,18.,19.8));
#3876 = SURFACE_CURVE('',#3877,(#3881,#3888),.PCURVE_S1.);
#3877 = LINE('',#3878,#3879);
#3878 = CARTESIAN_POINT('',(161.45,18.,19.8));
#3879 = VECTOR('',#3880,1.);
#3880 = DIRECTION('',(1.,-0.,-0.));
#3881 = PCURVE('',#342,#3882);
#3882 = DEFINITIONAL_REPRESENTATION('',(#3883),#3887);
#3883 = LINE('',#3884,#3885);
#3884 = CARTESIAN_POINT('',(0.,18.));
#3885 = VECTOR('',#3886,1.);
#3886 = DIRECTION('',(1.,-0.));
#3887 = ( GEOMETRIC_REPRESENTATION_CONTEXT(2) 
PARAMETRIC_REPRESENTATION_CONTEXT() REPRESENTATION_CONTEXT('2D SPACE',''
  ) );
#3888 = PCURVE('',#643,#3889);
#3889 = DEFINITIONAL_REPRESENTATION('',(#3890),#3894);
#3890 = LINE('',#3891,#3892);
#3891 = CARTESIAN_POINT('',(-2.711639422251,-8.439785566085));
#3892 = VECTOR('',#3893,1.);
#3893 = DIRECTION('',(-0.,1.));
#3894 = ( GEOMETRIC_REPRESENTATION_CONTEXT(2) 
PARAMETRIC_REPRESENTATION_CONTEXT() REPRESENTATION_CONTEXT('2D SPACE',''
  ) );
#3895 = ORIENTED_EDGE('',*,*,#3896,.T.);
#3896 = EDGE_CURVE('',#3874,#299,#3897,.T.);
#3897 = SURFACE_CURVE('',#3898,(#3902,#3909),.PCURVE_S1.);
#3898 = LINE('',#3899,#3900);
#3899 = CARTESIAN_POINT('',(179.98333333333,18.,19.8));
#3900 = VECTOR('',#3901,1.);
#3901 = DIRECTION('',(0.,-1.,0.));
#3902 = PCURVE('',#342,#3903);
#3903 = DEFINITIONAL_REPRESENTATION('',(#3904),#3908);
#3904 = LINE('',#3905,#3906);
#3905 = CARTESIAN_POINT('',(18.533333333333,18.));
#3906 = VECTOR('',#3907,1.);
#3907 = DIRECTION('',(0.,-1.));
#3908 = ( GEOMETRIC_REPRESENTATION_CONTEXT(2) 
PARAMETRIC_REPRESENTATION_CONTEXT() REPRESENTATION_CONTEXT('2D SPACE',''
  ) );
#3909 = PCURVE('',#314,#3910);
#3910 = DEFINITIONAL_REPRESENTATION('',(#3911),#3915);
#3911 = LINE('',#3912,#3913);
#3912 = CARTESIAN_POINT('',(-0.683942817623,0.));
#3913 = VECTOR('',#3914,1.);
#3914 = DIRECTION('',(-0.,-1.));
#3915 = ( GEOMETRIC_REPRESENTATION_CONTEXT(2) 
PARAMETRIC_REPRESENTATION_CONTEXT() REPRESENTATION_CONTEXT('2D SPACE',''
  ) );
#3916 = ORIENTED_EDGE('',*,*,#326,.T.);
#3917 = ORIENTED_EDGE('',*,*,#3918,.F.);
#3918 = EDGE_CURVE('',#3919,#327,#3921,.T.);
#3919 = VERTEX_POINT('',#3920);
#3920 = CARTESIAN_POINT('',(230.,15.04,19.8));
#3921 = SURFACE_CURVE('',#3922,(#3926,#3933),.PCURVE_S1.);
#3922 = LINE('',#3923,#3924);
#3923 = CARTESIAN_POINT('',(230.,3.290224517317,19.8));
#3924 = VECTOR('',#3925,1.);
#3925 = DIRECTION('',(0.,-1.,0.));
#3926 = PCURVE('',#342,#3927);
#3927 = DEFINITIONAL_REPRESENTATION('',(#3928),#3932);
#3928 = LINE('',#3929,#3930);
#3929 = CARTESIAN_POINT('',(68.55,3.290224517317));
#3930 = VECTOR('',#3931,1.);
#3931 = DIRECTION('',(0.,-1.));
#3932 = ( GEOMETRIC_REPRESENTATION_CONTEXT(2) 
PARAMETRIC_REPRESENTATION_CONTEXT() REPRESENTATION_CONTEXT('2D SPACE',''
  ) );
#3933 = PCURVE('',#370,#3934);
#3934 = DEFINITIONAL_REPRESENTATION('',(#3935),#3938);
#3935 = B_SPLINE_CURVE_WITH_KNOTS('',1,(#3936,#3937),.UNSPECIFIED.,.F.,
  .F.,(2,2),(-12.60977548268,3.290224517317),.PIECEWISE_BEZIER_KNOTS.);
#3936 = CARTESIAN_POINT('',(2.079310327223,9.319550965366));
#3937 = CARTESIAN_POINT('',(2.079310327223,-6.580449034634));
#3938 = ( GEOMETRIC_REPRESENTATION_CONTEXT(2) 
PARAMETRIC_REPRESENTATION_CONTEXT() REPRESENTATION_CONTEXT('2D SPACE',''
  ) );
#3939 = ORIENTED_EDGE('',*,*,#3940,.F.);
#3940 = EDGE_CURVE('',#3941,#3919,#3943,.T.);
#3941 = VERTEX_POINT('',#3942);
#3942 = CARTESIAN_POINT('',(233.2,15.04,19.8));
#3943 = SURFACE_CURVE('',#3944,(#3948,#3955),.PCURVE_S1.);
#3944 = LINE('',#3945,#3946);
#3945 = CARTESIAN_POINT('',(195.725,15.04,19.8));
#3946 = VECTOR('',#3947,1.);
#3947 = DIRECTION('',(-1.,0.,0.));
#3948 = PCURVE('',#342,#3949);
#3949 = DEFINITIONAL_REPRESENTATION('',(#3950),#3954);
#3950 = LINE('',#3951,#3952);
#3951 = CARTESIAN_POINT('',(34.275,15.04));
#3952 = VECTOR('',#3953,1.);
#3953 = DIRECTION('',(-1.,0.));
#3954 = ( GEOMETRIC_REPRESENTATION_CONTEXT(2) 
PARAMETRIC_REPRESENTATION_CONTEXT() REPRESENTATION_CONTEXT('2D SPACE',''
  ) );
#3955 = PCURVE('',#3956,#3961);
#3956 = PLANE('',#3957);
#3957 = AXIS2_PLACEMENT_3D('',#3958,#3959,#3960);
#3958 = CARTESIAN_POINT('',(230.,3.,26.8));
#3959 = DIRECTION('',(-0.,-0.502620457375,-0.864507186684));
#3960 = DIRECTION('',(-0.,-0.864507186684,0.502620457375));
#3961 = DEFINITIONAL_REPRESENTATION('',(#3962),#3965);
#3962 = B_SPLINE_CURVE_WITH_KNOTS('',1,(#3963,#3964),.UNSPECIFIED.,.F.,
  .F.,(2,2),(-37.475,-34.275),.PIECEWISE_BEZIER_KNOTS.);
#3963 = CARTESIAN_POINT('',(-13.92700972929,-3.2));
#3964 = CARTESIAN_POINT('',(-13.92700972929,0.));
#3965 = ( GEOMETRIC_REPRESENTATION_CONTEXT(2) 
PARAMETRIC_REPRESENTATION_CONTEXT() REPRESENTATION_CONTEXT('2D SPACE',''
  ) );
#3966 = ORIENTED_EDGE('',*,*,#3967,.T.);
#3967 = EDGE_CURVE('',#3941,#411,#3968,.T.);
#3968 = SURFACE_CURVE('',#3969,(#3973,#3980),.PCURVE_S1.);
#3969 = LINE('',#3970,#3971);
#3970 = CARTESIAN_POINT('',(233.2,3.290224517317,19.8));
#3971 = VECTOR('',#3972,1.);
#3972 = DIRECTION('',(0.,-1.,0.));
#3973 = PCURVE('',#342,#3974);
#3974 = DEFINITIONAL_REPRESENTATION('',(#3975),#3979);
#3975 = LINE('',#3976,#3977);
#3976 = CARTESIAN_POINT('',(71.75,3.290224517317));
#3977 = VECTOR('',#3978,1.);
#3978 = DIRECTION('',(0.,-1.));
#3979 = ( GEOMETRIC_REPRESENTATION_CONTEXT(2) 
PARAMETRIC_REPRESENTATION_CONTEXT() REPRESENTATION_CONTEXT('2D SPACE',''
  ) );
#3980 = PCURVE('',#426,#3981);
#3981 = DEFINITIONAL_REPRESENTATION('',(#3982),#3985);
#3982 = B_SPLINE_CURVE_WITH_KNOTS('',1,(#3983,#3984),.UNSPECIFIED.,.F.,
  .F.,(2,2),(-12.60977548268,3.290224517317),.PIECEWISE_BEZIER_KNOTS.);
#3983 = CARTESIAN_POINT('',(2.079310327223,9.319550965366));
#3984 = CARTESIAN_POINT('',(2.079310327223,-6.580449034634));
#3985 = ( GEOMETRIC_REPRESENTATION_CONTEXT(2) 
PARAMETRIC_REPRESENTATION_CONTEXT() REPRESENTATION_CONTEXT('2D SPACE',''
  ) );
#3986 = ORIENTED_EDGE('',*,*,#438,.T.);
#3987 = ORIENTED_EDGE('',*,*,#3988,.F.);
#3988 = EDGE_CURVE('',#3989,#439,#3991,.T.);
#3989 = VERTEX_POINT('',#3990);
#3990 = CARTESIAN_POINT('',(250.2,15.04,19.8));
#3991 = SURFACE_CURVE('',#3992,(#3996,#4003),.PCURVE_S1.);
#3992 = LINE('',#3993,#3994);
#3993 = CARTESIAN_POINT('',(250.2,3.290224517317,19.8));
#3994 = VECTOR('',#3995,1.);
#3995 = DIRECTION('',(0.,-1.,0.));
#3996 = PCURVE('',#342,#3997);
#3997 = DEFINITIONAL_REPRESENTATION('',(#3998),#4002);
#3998 = LINE('',#3999,#4000);
#3999 = CARTESIAN_POINT('',(88.75,3.290224517317));
#4000 = VECTOR('',#4001,1.);
#4001 = DIRECTION('',(0.,-1.));
#4002 = ( GEOMETRIC_REPRESENTATION_CONTEXT(2) 
PARAMETRIC_REPRESENTATION_CONTEXT() REPRESENTATION_CONTEXT('2D SPACE',''
  ) );
#4003 = PCURVE('',#477,#4004);
#4004 = DEFINITIONAL_REPRESENTATION('',(#4005),#4008);
#4005 = B_SPLINE_CURVE_WITH_KNOTS('',1,(#4006,#4007),.UNSPECIFIED.,.F.,
  .F.,(2,2),(-12.60977548268,3.290224517317),.PIECEWISE_BEZIER_KNOTS.);
#4006 = CARTESIAN_POINT('',(2.079310327223,9.319550965366));
#4007 = CARTESIAN_POINT('',(2.079310327223,-6.580449034634));
#4008 = ( GEOMETRIC_REPRESENTATION_CONTEXT(2) 
PARAMETRIC_REPRESENTATION_CONTEXT() REPRESENTATION_CONTEXT('2D SPACE',''
  ) );
#4009 = ORIENTED_EDGE('',*,*,#4010,.F.);
#4010 = EDGE_CURVE('',#4011,#3989,#4013,.T.);
#4011 = VERTEX_POINT('',#4012);
#4012 = CARTESIAN_POINT('',(253.4,15.04,19.8));
#4013 = SURFACE_CURVE('',#4014,(#4018,#4025),.PCURVE_S1.);
#4014 = LINE('',#4015,#4016);
#4015 = CARTESIAN_POINT('',(205.825,15.04,19.8));
#4016 = VECTOR('',#4017,1.);
#4017 = DIRECTION('',(-1.,0.,0.));
#4018 = PCURVE('',#342,#4019);
#4019 = DEFINITIONAL_REPRESENTATION('',(#4020),#4024);
#4020 = LINE('',#4021,#4022);
#4021 = CARTESIAN_POINT('',(44.375,15.04));
#4022 = VECTOR('',#4023,1.);
#4023 = DIRECTION('',(-1.,0.));
#4024 = ( GEOMETRIC_REPRESENTATION_CONTEXT(2) 
PARAMETRIC_REPRESENTATION_CONTEXT() REPRESENTATION_CONTEXT('2D SPACE',''
  ) );
#4025 = PCURVE('',#4026,#4031);
#4026 = PLANE('',#4027);
#4027 = AXIS2_PLACEMENT_3D('',#4028,#4029,#4030);
#4028 = CARTESIAN_POINT('',(250.2,3.,26.8));
#4029 = DIRECTION('',(-0.,-0.502620457375,-0.864507186684));
#4030 = DIRECTION('',(-0.,-0.864507186684,0.502620457375));
#4031 = DEFINITIONAL_REPRESENTATION('',(#4032),#4035);
#4032 = B_SPLINE_CURVE_WITH_KNOTS('',1,(#4033,#4034),.UNSPECIFIED.,.F.,
  .F.,(2,2),(-47.575,-44.375),.PIECEWISE_BEZIER_KNOTS.);
#4033 = CARTESIAN_POINT('',(-13.92700972929,-3.2));
#4034 = CARTESIAN_POINT('',(-13.92700972929,0.));
#4035 = ( GEOMETRIC_REPRESENTATION_CONTEXT(2) 
PARAMETRIC_REPRESENTATION_CONTEXT() REPRESENTATION_CONTEXT('2D SPACE',''
  ) );
#4036 = ORIENTED_EDGE('',*,*,#4037,.T.);
#4037 = EDGE_CURVE('',#4011,#518,#4038,.T.);
#4038 = SURFACE_CURVE('',#4039,(#4043,#4050),.PCURVE_S1.);
#4039 = LINE('',#4040,#4041);
#4040 = CARTESIAN_POINT('',(253.4,3.290224517317,19.8));
#4041 = VECTOR('',#4042,1.);
#4042 = DIRECTION('',(0.,-1.,0.));
#4043 = PCURVE('',#342,#4044);
#4044 = DEFINITIONAL_REPRESENTATION('',(#4045),#4049);
#4045 = LINE('',#4046,#4047);
#4046 = CARTESIAN_POINT('',(91.95,3.290224517317));
#4047 = VECTOR('',#4048,1.);
#4048 = DIRECTION('',(0.,-1.));
#4049 = ( GEOMETRIC_REPRESENTATION_CONTEXT(2) 
PARAMETRIC_REPRESENTATION_CONTEXT() REPRESENTATION_CONTEXT('2D SPACE',''
  ) );
#4050 = PCURVE('',#533,#4051);
#4051 = DEFINITIONAL_REPRESENTATION('',(#4052),#4055);
#4052 = B_SPLINE_CURVE_WITH_KNOTS('',1,(#4053,#4054),.UNSPECIFIED.,.F.,
  .F.,(2,2),(-12.60977548268,3.290224517317),.PIECEWISE_BEZIER_KNOTS.);
#4053 = CARTESIAN_POINT('',(2.079310327223,9.319550965366));
#4054 = CARTESIAN_POINT('',(2.079310327223,-6.580449034634));
#4055 = ( GEOMETRIC_REPRESENTATION_CONTEXT(2) 
PARAMETRIC_REPRESENTATION_CONTEXT() REPRESENTATION_CONTEXT('2D SPACE',''
  ) );
#4056 = ORIENTED_EDGE('',*,*,#545,.T.);
#4057 = ORIENTED_EDGE('',*,*,#3799,.T.);
#4058 = ORIENTED_EDGE('',*,*,#4059,.T.);
#4059 = EDGE_CURVE('',#3777,#4060,#4062,.T.);
#4060 = VERTEX_POINT('',#4061);
#4061 = CARTESIAN_POINT('',(302.15,18.,19.8));
#4062 = SURFACE_CURVE('',#4063,(#4067,#4074),.PCURVE_S1.);
#4063 = LINE('',#4064,#4065);
#4064 = CARTESIAN_POINT('',(321.15,18.,19.8));
#4065 = VECTOR('',#4066,1.);
#4066 = DIRECTION('',(-1.,-0.,-0.));
#4067 = PCURVE('',#342,#4068);
#4068 = DEFINITIONAL_REPRESENTATION('',(#4069),#4073);
#4069 = LINE('',#4070,#4071);
#4070 = CARTESIAN_POINT('',(159.7,18.));
#4071 = VECTOR('',#4072,1.);
#4072 = DIRECTION('',(-1.,0.));
#4073 = ( GEOMETRIC_REPRESENTATION_CONTEXT(2) 
PARAMETRIC_REPRESENTATION_CONTEXT() REPRESENTATION_CONTEXT('2D SPACE',''
  ) );
#4074 = PCURVE('',#1258,#4075);
#4075 = DEFINITIONAL_REPRESENTATION('',(#4076),#4080);
#4076 = LINE('',#4077,#4078);
#4077 = CARTESIAN_POINT('',(5.,-0.));
#4078 = VECTOR('',#4079,1.);
#4079 = DIRECTION('',(0.,1.));
#4080 = ( GEOMETRIC_REPRESENTATION_CONTEXT(2) 
PARAMETRIC_REPRESENTATION_CONTEXT() REPRESENTATION_CONTEXT('2D SPACE',''
  ) );
#4081 = ORIENTED_EDGE('',*,*,#4082,.T.);
#4082 = EDGE_CURVE('',#4060,#4083,#4085,.T.);
#4083 = VERTEX_POINT('',#4084);
#4084 = CARTESIAN_POINT('',(302.15,16.9,19.8));
#4085 = SURFACE_CURVE('',#4086,(#4090,#4097),.PCURVE_S1.);
#4086 = LINE('',#4087,#4088);
#4087 = CARTESIAN_POINT('',(302.15,18.,19.8));
#4088 = VECTOR('',#4089,1.);
#4089 = DIRECTION('',(0.,-1.,-0.));
#4090 = PCURVE('',#342,#4091);
#4091 = DEFINITIONAL_REPRESENTATION('',(#4092),#4096);
#4092 = LINE('',#4093,#4094);
#4093 = CARTESIAN_POINT('',(140.7,18.));
#4094 = VECTOR('',#4095,1.);
#4095 = DIRECTION('',(0.,-1.));
#4096 = ( GEOMETRIC_REPRESENTATION_CONTEXT(2) 
PARAMETRIC_REPRESENTATION_CONTEXT() REPRESENTATION_CONTEXT('2D SPACE',''
  ) );
#4097 = PCURVE('',#1286,#4098);
#4098 = DEFINITIONAL_REPRESENTATION('',(#4099),#4103);
#4099 = LINE('',#4100,#4101);
#4100 = CARTESIAN_POINT('',(5.,0.));
#4101 = VECTOR('',#4102,1.);
#4102 = DIRECTION('',(0.,-1.));
#4103 = ( GEOMETRIC_REPRESENTATION_CONTEXT(2) 
PARAMETRIC_REPRESENTATION_CONTEXT() REPRESENTATION_CONTEXT('2D SPACE',''
  ) );
#4104 = ORIENTED_EDGE('',*,*,#4105,.F.);
#4105 = EDGE_CURVE('',#4106,#4083,#4108,.T.);
#4106 = VERTEX_POINT('',#4107);
#4107 = CARTESIAN_POINT('',(249.3,16.9,19.8));
#4108 = SURFACE_CURVE('',#4109,(#4113,#4120),.PCURVE_S1.);
#4109 = LINE('',#4110,#4111);
#4110 = CARTESIAN_POINT('',(161.45,16.9,19.8));
#4111 = VECTOR('',#4112,1.);
#4112 = DIRECTION('',(1.,0.,-0.));
#4113 = PCURVE('',#342,#4114);
#4114 = DEFINITIONAL_REPRESENTATION('',(#4115),#4119);
#4115 = LINE('',#4116,#4117);
#4116 = CARTESIAN_POINT('',(0.,16.9));
#4117 = VECTOR('',#4118,1.);
#4118 = DIRECTION('',(1.,0.));
#4119 = ( GEOMETRIC_REPRESENTATION_CONTEXT(2) 
PARAMETRIC_REPRESENTATION_CONTEXT() REPRESENTATION_CONTEXT('2D SPACE',''
  ) );
#4120 = PCURVE('',#1314,#4121);
#4121 = DEFINITIONAL_REPRESENTATION('',(#4122),#4126);
#4122 = LINE('',#4123,#4124);
#4123 = CARTESIAN_POINT('',(5.,0.));
#4124 = VECTOR('',#4125,1.);
#4125 = DIRECTION('',(0.,1.));
#4126 = ( GEOMETRIC_REPRESENTATION_CONTEXT(2) 
PARAMETRIC_REPRESENTATION_CONTEXT() REPRESENTATION_CONTEXT('2D SPACE',''
  ) );
#4127 = ORIENTED_EDGE('',*,*,#4128,.T.);
#4128 = EDGE_CURVE('',#4106,#4129,#4131,.T.);
#4129 = VERTEX_POINT('',#4130);
#4130 = CARTESIAN_POINT('',(249.3,12.9,19.8));
#4131 = SURFACE_CURVE('',#4132,(#4136,#4143),.PCURVE_S1.);
#4132 = LINE('',#4133,#4134);
#4133 = CARTESIAN_POINT('',(249.3,6.45,19.8));
#4134 = VECTOR('',#4135,1.);
#4135 = DIRECTION('',(0.,-1.,0.));
#4136 = PCURVE('',#342,#4137);
#4137 = DEFINITIONAL_REPRESENTATION('',(#4138),#4142);
#4138 = LINE('',#4139,#4140);
#4139 = CARTESIAN_POINT('',(87.85,6.45));
#4140 = VECTOR('',#4141,1.);
#4141 = DIRECTION('',(0.,-1.));
#4142 = ( GEOMETRIC_REPRESENTATION_CONTEXT(2) 
PARAMETRIC_REPRESENTATION_CONTEXT() REPRESENTATION_CONTEXT('2D SPACE',''
  ) );
#4143 = PCURVE('',#4144,#4149);
#4144 = PLANE('',#4145);
#4145 = AXIS2_PLACEMENT_3D('',#4146,#4147,#4148);
#4146 = CARTESIAN_POINT('',(249.3,12.9,19.3));
#4147 = DIRECTION('',(-1.,0.,0.));
#4148 = DIRECTION('',(0.,1.,0.));
#4149 = DEFINITIONAL_REPRESENTATION('',(#4150),#4153);
#4150 = B_SPLINE_CURVE_WITH_KNOTS('',1,(#4151,#4152),.UNSPECIFIED.,.F.,
  .F.,(2,2),(-10.45,-6.45),.PIECEWISE_BEZIER_KNOTS.);
#4151 = CARTESIAN_POINT('',(4.,-0.5));
#4152 = CARTESIAN_POINT('',(0.,-0.5));
#4153 = ( GEOMETRIC_REPRESENTATION_CONTEXT(2) 
PARAMETRIC_REPRESENTATION_CONTEXT() REPRESENTATION_CONTEXT('2D SPACE',''
  ) );
#4154 = ORIENTED_EDGE('',*,*,#4155,.T.);
#4155 = EDGE_CURVE('',#4129,#4156,#4158,.T.);
#4156 = VERTEX_POINT('',#4157);
#4157 = CARTESIAN_POINT('',(244.3,12.9,19.8));
#4158 = SURFACE_CURVE('',#4159,(#4163,#4170),.PCURVE_S1.);
#4159 = LINE('',#4160,#4161);
#4160 = CARTESIAN_POINT('',(197.375,12.9,19.8));
#4161 = VECTOR('',#4162,1.);
#4162 = DIRECTION('',(-1.,0.,0.));
#4163 = PCURVE('',#342,#4164);
#4164 = DEFINITIONAL_REPRESENTATION('',(#4165),#4169);
#4165 = LINE('',#4166,#4167);
#4166 = CARTESIAN_POINT('',(35.925,12.9));
#4167 = VECTOR('',#4168,1.);
#4168 = DIRECTION('',(-1.,0.));
#4169 = ( GEOMETRIC_REPRESENTATION_CONTEXT(2) 
PARAMETRIC_REPRESENTATION_CONTEXT() REPRESENTATION_CONTEXT('2D SPACE',''
  ) );
#4170 = PCURVE('',#4171,#4176);
#4171 = PLANE('',#4172);
#4172 = AXIS2_PLACEMENT_3D('',#4173,#4174,#4175);
#4173 = CARTESIAN_POINT('',(233.3,12.9,19.3));
#4174 = DIRECTION('',(0.,1.,0.));
#4175 = DIRECTION('',(1.,0.,0.));
#4176 = DEFINITIONAL_REPRESENTATION('',(#4177),#4180);
#4177 = B_SPLINE_CURVE_WITH_KNOTS('',1,(#4178,#4179),.UNSPECIFIED.,.F.,
  .F.,(2,2),(-51.925,-35.925),.PIECEWISE_BEZIER_KNOTS.);
#4178 = CARTESIAN_POINT('',(16.,-0.5));
#4179 = CARTESIAN_POINT('',(0.,-0.5));
#4180 = ( GEOMETRIC_REPRESENTATION_CONTEXT(2) 
PARAMETRIC_REPRESENTATION_CONTEXT() REPRESENTATION_CONTEXT('2D SPACE',''
  ) );
#4181 = ORIENTED_EDGE('',*,*,#4182,.F.);
#4182 = EDGE_CURVE('',#4183,#4156,#4185,.T.);
#4183 = VERTEX_POINT('',#4184);
#4184 = CARTESIAN_POINT('',(244.3,12.5,19.8));
#4185 = SURFACE_CURVE('',#4186,(#4190,#4197),.PCURVE_S1.);
#4186 = LINE('',#4187,#4188);
#4187 = CARTESIAN_POINT('',(244.3,6.25,19.8));
#4188 = VECTOR('',#4189,1.);
#4189 = DIRECTION('',(-0.,1.,0.));
#4190 = PCURVE('',#342,#4191);
#4191 = DEFINITIONAL_REPRESENTATION('',(#4192),#4196);
#4192 = LINE('',#4193,#4194);
#4193 = CARTESIAN_POINT('',(82.85,6.25));
#4194 = VECTOR('',#4195,1.);
#4195 = DIRECTION('',(0.,1.));
#4196 = ( GEOMETRIC_REPRESENTATION_CONTEXT(2) 
PARAMETRIC_REPRESENTATION_CONTEXT() REPRESENTATION_CONTEXT('2D SPACE',''
  ) );
#4197 = PCURVE('',#4198,#4203);
#4198 = PLANE('',#4199);
#4199 = AXIS2_PLACEMENT_3D('',#4200,#4201,#4202);
#4200 = CARTESIAN_POINT('',(244.3,12.5,14.8));
#4201 = DIRECTION('',(1.,0.,-0.));
#4202 = DIRECTION('',(0.,0.,1.));
#4203 = DEFINITIONAL_REPRESENTATION('',(#4204),#4207);
#4204 = B_SPLINE_CURVE_WITH_KNOTS('',1,(#4205,#4206),.UNSPECIFIED.,.F.,
  .F.,(2,2),(6.25,10.65),.PIECEWISE_BEZIER_KNOTS.);
#4205 = CARTESIAN_POINT('',(5.,0.));
#4206 = CARTESIAN_POINT('',(5.,-4.4));
#4207 = ( GEOMETRIC_REPRESENTATION_CONTEXT(2) 
PARAMETRIC_REPRESENTATION_CONTEXT() REPRESENTATION_CONTEXT('2D SPACE',''
  ) );
#4208 = ORIENTED_EDGE('',*,*,#4209,.T.);
#4209 = EDGE_CURVE('',#4183,#4210,#4212,.T.);
#4210 = VERTEX_POINT('',#4211);
#4211 = CARTESIAN_POINT('',(238.3,12.5,19.8));
#4212 = SURFACE_CURVE('',#4213,(#4217,#4224),.PCURVE_S1.);
#4213 = LINE('',#4214,#4215);
#4214 = CARTESIAN_POINT('',(199.875,12.5,19.8));
#4215 = VECTOR('',#4216,1.);
#4216 = DIRECTION('',(-1.,-0.,0.));
#4217 = PCURVE('',#342,#4218);
#4218 = DEFINITIONAL_REPRESENTATION('',(#4219),#4223);
#4219 = LINE('',#4220,#4221);
#4220 = CARTESIAN_POINT('',(38.425,12.5));
#4221 = VECTOR('',#4222,1.);
#4222 = DIRECTION('',(-1.,0.));
#4223 = ( GEOMETRIC_REPRESENTATION_CONTEXT(2) 
PARAMETRIC_REPRESENTATION_CONTEXT() REPRESENTATION_CONTEXT('2D SPACE',''
  ) );
#4224 = PCURVE('',#4225,#4230);
#4225 = PLANE('',#4226);
#4226 = AXIS2_PLACEMENT_3D('',#4227,#4228,#4229);
#4227 = CARTESIAN_POINT('',(238.3,12.5,14.8));
#4228 = DIRECTION('',(-0.,1.,0.));
#4229 = DIRECTION('',(0.,0.,1.));
#4230 = DEFINITIONAL_REPRESENTATION('',(#4231),#4234);
#4231 = B_SPLINE_CURVE_WITH_KNOTS('',1,(#4232,#4233),.UNSPECIFIED.,.F.,
  .F.,(2,2),(-44.425,-38.425),.PIECEWISE_BEZIER_KNOTS.);
#4232 = CARTESIAN_POINT('',(5.,6.));
#4233 = CARTESIAN_POINT('',(5.,0.));
#4234 = ( GEOMETRIC_REPRESENTATION_CONTEXT(2) 
PARAMETRIC_REPRESENTATION_CONTEXT() REPRESENTATION_CONTEXT('2D SPACE',''
  ) );
#4235 = ORIENTED_EDGE('',*,*,#4236,.T.);
#4236 = EDGE_CURVE('',#4210,#4237,#4239,.T.);
#4237 = VERTEX_POINT('',#4238);
#4238 = CARTESIAN_POINT('',(238.3,12.9,19.8));
#4239 = SURFACE_CURVE('',#4240,(#4244,#4251),.PCURVE_S1.);
#4240 = LINE('',#4241,#4242);
#4241 = CARTESIAN_POINT('',(238.3,6.25,19.8));
#4242 = VECTOR('',#4243,1.);
#4243 = DIRECTION('',(-0.,1.,0.));
#4244 = PCURVE('',#342,#4245);
#4245 = DEFINITIONAL_REPRESENTATION('',(#4246),#4250);
#4246 = LINE('',#4247,#4248);
#4247 = CARTESIAN_POINT('',(76.85,6.25));
#4248 = VECTOR('',#4249,1.);
#4249 = DIRECTION('',(0.,1.));
#4250 = ( GEOMETRIC_REPRESENTATION_CONTEXT(2) 
PARAMETRIC_REPRESENTATION_CONTEXT() REPRESENTATION_CONTEXT('2D SPACE',''
  ) );
#4251 = PCURVE('',#4252,#4257);
#4252 = PLANE('',#4253);
#4253 = AXIS2_PLACEMENT_3D('',#4254,#4255,#4256);
#4254 = CARTESIAN_POINT('',(238.3,12.5,14.8));
#4255 = DIRECTION('',(1.,0.,-0.));
#4256 = DIRECTION('',(0.,0.,1.));
#4257 = DEFINITIONAL_REPRESENTATION('',(#4258),#4261);
#4258 = B_SPLINE_CURVE_WITH_KNOTS('',1,(#4259,#4260),.UNSPECIFIED.,.F.,
  .F.,(2,2),(6.25,10.65),.PIECEWISE_BEZIER_KNOTS.);
#4259 = CARTESIAN_POINT('',(5.,0.));
#4260 = CARTESIAN_POINT('',(5.,-4.4));
#4261 = ( GEOMETRIC_REPRESENTATION_CONTEXT(2) 
PARAMETRIC_REPRESENTATION_CONTEXT() REPRESENTATION_CONTEXT('2D SPACE',''
  ) );
#4262 = ORIENTED_EDGE('',*,*,#4263,.T.);
#4263 = EDGE_CURVE('',#4237,#4264,#4266,.T.);
#4264 = VERTEX_POINT('',#4265);
#4265 = CARTESIAN_POINT('',(233.3,12.9,19.8));
#4266 = SURFACE_CURVE('',#4267,(#4271,#4278),.PCURVE_S1.);
#4267 = LINE('',#4268,#4269);
#4268 = CARTESIAN_POINT('',(197.375,12.9,19.8));
#4269 = VECTOR('',#4270,1.);
#4270 = DIRECTION('',(-1.,0.,0.));
#4271 = PCURVE('',#342,#4272);
#4272 = DEFINITIONAL_REPRESENTATION('',(#4273),#4277);
#4273 = LINE('',#4274,#4275);
#4274 = CARTESIAN_POINT('',(35.925,12.9));
#4275 = VECTOR('',#4276,1.);
#4276 = DIRECTION('',(-1.,0.));
#4277 = ( GEOMETRIC_REPRESENTATION_CONTEXT(2) 
PARAMETRIC_REPRESENTATION_CONTEXT() REPRESENTATION_CONTEXT('2D SPACE',''
  ) );
#4278 = PCURVE('',#4279,#4284);
#4279 = PLANE('',#4280);
#4280 = AXIS2_PLACEMENT_3D('',#4281,#4282,#4283);
#4281 = CARTESIAN_POINT('',(233.3,12.9,19.3));
#4282 = DIRECTION('',(0.,1.,0.));
#4283 = DIRECTION('',(1.,0.,0.));
#4284 = DEFINITIONAL_REPRESENTATION('',(#4285),#4288);
#4285 = B_SPLINE_CURVE_WITH_KNOTS('',1,(#4286,#4287),.UNSPECIFIED.,.F.,
  .F.,(2,2),(-51.925,-35.925),.PIECEWISE_BEZIER_KNOTS.);
#4286 = CARTESIAN_POINT('',(16.,-0.5));
#4287 = CARTESIAN_POINT('',(0.,-0.5));
#4288 = ( GEOMETRIC_REPRESENTATION_CONTEXT(2) 
PARAMETRIC_REPRESENTATION_CONTEXT() REPRESENTATION_CONTEXT('2D SPACE',''
  ) );
#4289 = ORIENTED_EDGE('',*,*,#4290,.T.);
#4290 = EDGE_CURVE('',#4264,#3828,#4291,.T.);
#4291 = SURFACE_CURVE('',#4292,(#4296,#4303),.PCURVE_S1.);
#4292 = LINE('',#4293,#4294);
#4293 = CARTESIAN_POINT('',(233.3,8.45,19.8));
#4294 = VECTOR('',#4295,1.);
#4295 = DIRECTION('',(-0.,1.,0.));
#4296 = PCURVE('',#342,#4297);
#4297 = DEFINITIONAL_REPRESENTATION('',(#4298),#4302);
#4298 = LINE('',#4299,#4300);
#4299 = CARTESIAN_POINT('',(71.85,8.45));
#4300 = VECTOR('',#4301,1.);
#4301 = DIRECTION('',(0.,1.));
#4302 = ( GEOMETRIC_REPRESENTATION_CONTEXT(2) 
PARAMETRIC_REPRESENTATION_CONTEXT() REPRESENTATION_CONTEXT('2D SPACE',''
  ) );
#4303 = PCURVE('',#4304,#4309);
#4304 = PLANE('',#4305);
#4305 = AXIS2_PLACEMENT_3D('',#4306,#4307,#4308);
#4306 = CARTESIAN_POINT('',(233.3,16.9,19.3));
#4307 = DIRECTION('',(1.,0.,-0.));
#4308 = DIRECTION('',(0.,-1.,0.));
#4309 = DEFINITIONAL_REPRESENTATION('',(#4310),#4313);
#4310 = B_SPLINE_CURVE_WITH_KNOTS('',1,(#4311,#4312),.UNSPECIFIED.,.F.,
  .F.,(2,2),(4.45,8.45),.PIECEWISE_BEZIER_KNOTS.);
#4311 = CARTESIAN_POINT('',(4.,-0.5));
#4312 = CARTESIAN_POINT('',(0.,-0.5));
#4313 = ( GEOMETRIC_REPRESENTATION_CONTEXT(2) 
PARAMETRIC_REPRESENTATION_CONTEXT() REPRESENTATION_CONTEXT('2D SPACE',''
  ) );
#4314 = FACE_BOUND('',#4315,.T.);
#4315 = EDGE_LOOP('',(#4316,#4345,#4372,#4399));
#4316 = ORIENTED_EDGE('',*,*,#4317,.F.);
#4317 = EDGE_CURVE('',#4318,#4320,#4322,.T.);
#4318 = VERTEX_POINT('',#4319);
#4319 = CARTESIAN_POINT('',(208.2,1.5,19.8));
#4320 = VERTEX_POINT('',#4321);
#4321 = CARTESIAN_POINT('',(208.2,15.5,19.8));
#4322 = SURFACE_CURVE('',#4323,(#4327,#4334),.PCURVE_S1.);
#4323 = LINE('',#4324,#4325);
#4324 = CARTESIAN_POINT('',(208.2,0.75,19.8));
#4325 = VECTOR('',#4326,1.);
#4326 = DIRECTION('',(-0.,1.,0.));
#4327 = PCURVE('',#342,#4328);
#4328 = DEFINITIONAL_REPRESENTATION('',(#4329),#4333);
#4329 = LINE('',#4330,#4331);
#4330 = CARTESIAN_POINT('',(46.75,0.75));
#4331 = VECTOR('',#4332,1.);
#4332 = DIRECTION('',(0.,1.));
#4333 = ( GEOMETRIC_REPRESENTATION_CONTEXT(2) 
PARAMETRIC_REPRESENTATION_CONTEXT() REPRESENTATION_CONTEXT('2D SPACE',''
  ) );
#4334 = PCURVE('',#4335,#4340);
#4335 = PLANE('',#4336);
#4336 = AXIS2_PLACEMENT_3D('',#4337,#4338,#4339);
#4337 = CARTESIAN_POINT('',(208.,1.5,19.3));
#4338 = DIRECTION('',(0.928476690885,0.,-0.371390676354));
#4339 = DIRECTION('',(0.371390676354,0.,0.928476690885));
#4340 = DEFINITIONAL_REPRESENTATION('',(#4341),#4344);
#4341 = B_SPLINE_CURVE_WITH_KNOTS('',1,(#4342,#4343),.UNSPECIFIED.,.F.,
  .F.,(2,2),(0.75,14.75),.PIECEWISE_BEZIER_KNOTS.);
#4342 = CARTESIAN_POINT('',(0.538516480713,0.));
#4343 = CARTESIAN_POINT('',(0.538516480713,-14.));
#4344 = ( GEOMETRIC_REPRESENTATION_CONTEXT(2) 
PARAMETRIC_REPRESENTATION_CONTEXT() REPRESENTATION_CONTEXT('2D SPACE',''
  ) );
#4345 = ORIENTED_EDGE('',*,*,#4346,.F.);
#4346 = EDGE_CURVE('',#4347,#4318,#4349,.T.);
#4347 = VERTEX_POINT('',#4348);
#4348 = CARTESIAN_POINT('',(191.8,1.5,19.8));
#4349 = SURFACE_CURVE('',#4350,(#4354,#4361),.PCURVE_S1.);
#4350 = LINE('',#4351,#4352);
#4351 = CARTESIAN_POINT('',(180.725,1.5,19.8));
#4352 = VECTOR('',#4353,1.);
#4353 = DIRECTION('',(1.,0.,0.));
#4354 = PCURVE('',#342,#4355);
#4355 = DEFINITIONAL_REPRESENTATION('',(#4356),#4360);
#4356 = LINE('',#4357,#4358);
#4357 = CARTESIAN_POINT('',(19.275,1.5));
#4358 = VECTOR('',#4359,1.);
#4359 = DIRECTION('',(1.,0.));
#4360 = ( GEOMETRIC_REPRESENTATION_CONTEXT(2) 
PARAMETRIC_REPRESENTATION_CONTEXT() REPRESENTATION_CONTEXT('2D SPACE',''
  ) );
#4361 = PCURVE('',#4362,#4367);
#4362 = PLANE('',#4363);
#4363 = AXIS2_PLACEMENT_3D('',#4364,#4365,#4366);
#4364 = CARTESIAN_POINT('',(200.,1.5,23.465470308976));
#4365 = DIRECTION('',(-0.,-1.,-0.));
#4366 = DIRECTION('',(0.,0.,-1.));
#4367 = DEFINITIONAL_REPRESENTATION('',(#4368),#4371);
#4368 = B_SPLINE_CURVE_WITH_KNOTS('',1,(#4369,#4370),.UNSPECIFIED.,.F.,
  .F.,(2,2),(8.275,30.275),.PIECEWISE_BEZIER_KNOTS.);
#4369 = CARTESIAN_POINT('',(3.665470308976,-11.));
#4370 = CARTESIAN_POINT('',(3.665470308976,11.));
#4371 = ( GEOMETRIC_REPRESENTATION_CONTEXT(2) 
PARAMETRIC_REPRESENTATION_CONTEXT() REPRESENTATION_CONTEXT('2D SPACE',''
  ) );
#4372 = ORIENTED_EDGE('',*,*,#4373,.F.);
#4373 = EDGE_CURVE('',#4374,#4347,#4376,.T.);
#4374 = VERTEX_POINT('',#4375);
#4375 = CARTESIAN_POINT('',(191.8,15.5,19.8));
#4376 = SURFACE_CURVE('',#4377,(#4381,#4388),.PCURVE_S1.);
#4377 = LINE('',#4378,#4379);
#4378 = CARTESIAN_POINT('',(191.8,0.75,19.8));
#4379 = VECTOR('',#4380,1.);
#4380 = DIRECTION('',(-0.,-1.,0.));
#4381 = PCURVE('',#342,#4382);
#4382 = DEFINITIONAL_REPRESENTATION('',(#4383),#4387);
#4383 = LINE('',#4384,#4385);
#4384 = CARTESIAN_POINT('',(30.35,0.75));
#4385 = VECTOR('',#4386,1.);
#4386 = DIRECTION('',(-0.,-1.));
#4387 = ( GEOMETRIC_REPRESENTATION_CONTEXT(2) 
PARAMETRIC_REPRESENTATION_CONTEXT() REPRESENTATION_CONTEXT('2D SPACE',''
  ) );
#4388 = PCURVE('',#4389,#4394);
#4389 = PLANE('',#4390);
#4390 = AXIS2_PLACEMENT_3D('',#4391,#4392,#4393);
#4391 = CARTESIAN_POINT('',(189.,1.5,26.8));
#4392 = DIRECTION('',(-0.928476690885,0.,-0.371390676354));
#4393 = DIRECTION('',(0.371390676354,0.,-0.928476690885));
#4394 = DEFINITIONAL_REPRESENTATION('',(#4395),#4398);
#4395 = B_SPLINE_CURVE_WITH_KNOTS('',1,(#4396,#4397),.UNSPECIFIED.,.F.,
  .F.,(2,2),(-14.75,-0.75),.PIECEWISE_BEZIER_KNOTS.);
#4396 = CARTESIAN_POINT('',(7.539230729988,-14.));
#4397 = CARTESIAN_POINT('',(7.539230729988,0.));
#4398 = ( GEOMETRIC_REPRESENTATION_CONTEXT(2) 
PARAMETRIC_REPRESENTATION_CONTEXT() REPRESENTATION_CONTEXT('2D SPACE',''
  ) );
#4399 = ORIENTED_EDGE('',*,*,#4400,.T.);
#4400 = EDGE_CURVE('',#4374,#4320,#4401,.T.);
#4401 = SURFACE_CURVE('',#4402,(#4406,#4413),.PCURVE_S1.);
#4402 = LINE('',#4403,#4404);
#4403 = CARTESIAN_POINT('',(180.725,15.5,19.8));
#4404 = VECTOR('',#4405,1.);
#4405 = DIRECTION('',(1.,0.,0.));
#4406 = PCURVE('',#342,#4407);
#4407 = DEFINITIONAL_REPRESENTATION('',(#4408),#4412);
#4408 = LINE('',#4409,#4410);
#4409 = CARTESIAN_POINT('',(19.275,15.5));
#4410 = VECTOR('',#4411,1.);
#4411 = DIRECTION('',(1.,0.));
#4412 = ( GEOMETRIC_REPRESENTATION_CONTEXT(2) 
PARAMETRIC_REPRESENTATION_CONTEXT() REPRESENTATION_CONTEXT('2D SPACE',''
  ) );
#4413 = PCURVE('',#4414,#4419);
#4414 = PLANE('',#4415);
#4415 = AXIS2_PLACEMENT_3D('',#4416,#4417,#4418);
#4416 = CARTESIAN_POINT('',(200.,15.5,23.465470308976));
#4417 = DIRECTION('',(-0.,-1.,-0.));
#4418 = DIRECTION('',(0.,0.,-1.));
#4419 = DEFINITIONAL_REPRESENTATION('',(#4420),#4423);
#4420 = B_SPLINE_CURVE_WITH_KNOTS('',1,(#4421,#4422),.UNSPECIFIED.,.F.,
  .F.,(2,2),(8.275,30.275),.PIECEWISE_BEZIER_KNOTS.);
#4421 = CARTESIAN_POINT('',(3.665470308976,-11.));
#4422 = CARTESIAN_POINT('',(3.665470308976,11.));
#4423 = ( GEOMETRIC_REPRESENTATION_CONTEXT(2) 
PARAMETRIC_REPRESENTATION_CONTEXT() REPRESENTATION_CONTEXT('2D SPACE',''
  ) );
#4424 = FACE_BOUND('',#4425,.T.);
#4425 = EDGE_LOOP('',(#4426,#4452,#4473,#4497));
#4426 = ORIENTED_EDGE('',*,*,#4427,.F.);
#4427 = EDGE_CURVE('',#4428,#4430,#4432,.T.);
#4428 = VERTEX_POINT('',#4429);
#4429 = CARTESIAN_POINT('',(224.8,10.3,19.8));
#4430 = VERTEX_POINT('',#4431);
#4431 = CARTESIAN_POINT('',(224.8,13.6,19.8));
#4432 = SURFACE_CURVE('',#4433,(#4438,#4445),.PCURVE_S1.);
#4433 = CIRCLE('',#4434,1.65);
#4434 = AXIS2_PLACEMENT_3D('',#4435,#4436,#4437);
#4435 = CARTESIAN_POINT('',(224.8,11.95,19.8));
#4436 = DIRECTION('',(0.,0.,1.));
#4437 = DIRECTION('',(1.,0.,-0.));
#4438 = PCURVE('',#342,#4439);
#4439 = DEFINITIONAL_REPRESENTATION('',(#4440),#4444);
#4440 = CIRCLE('',#4441,1.65);
#4441 = AXIS2_PLACEMENT_2D('',#4442,#4443);
#4442 = CARTESIAN_POINT('',(63.35,11.95));
#4443 = DIRECTION('',(1.,0.));
#4444 = ( GEOMETRIC_REPRESENTATION_CONTEXT(2) 
PARAMETRIC_REPRESENTATION_CONTEXT() REPRESENTATION_CONTEXT('2D SPACE',''
  ) );
#4445 = PCURVE('',#1996,#4446);
#4446 = DEFINITIONAL_REPRESENTATION('',(#4447),#4451);
#4447 = LINE('',#4448,#4449);
#4448 = CARTESIAN_POINT('',(0.,6.));
#4449 = VECTOR('',#4450,1.);
#4450 = DIRECTION('',(1.,0.));
#4451 = ( GEOMETRIC_REPRESENTATION_CONTEXT(2) 
PARAMETRIC_REPRESENTATION_CONTEXT() REPRESENTATION_CONTEXT('2D SPACE',''
  ) );
#4452 = ORIENTED_EDGE('',*,*,#4453,.T.);
#4453 = EDGE_CURVE('',#4428,#4454,#4456,.T.);
#4454 = VERTEX_POINT('',#4455);
#4455 = CARTESIAN_POINT('',(223.1,10.3,19.8));
#4456 = SURFACE_CURVE('',#4457,(#4461,#4467),.PCURVE_S1.);
#4457 = LINE('',#4458,#4459);
#4458 = CARTESIAN_POINT('',(192.275,10.3,19.8));
#4459 = VECTOR('',#4460,1.);
#4460 = DIRECTION('',(-1.,-0.,0.));
#4461 = PCURVE('',#342,#4462);
#4462 = DEFINITIONAL_REPRESENTATION('',(#4463),#4466);
#4463 = B_SPLINE_CURVE_WITH_KNOTS('',1,(#4464,#4465),.UNSPECIFIED.,.F.,
  .F.,(2,2),(-32.525,-30.825),.PIECEWISE_BEZIER_KNOTS.);
#4464 = CARTESIAN_POINT('',(63.35,10.3));
#4465 = CARTESIAN_POINT('',(61.65,10.3));
#4466 = ( GEOMETRIC_REPRESENTATION_CONTEXT(2) 
PARAMETRIC_REPRESENTATION_CONTEXT() REPRESENTATION_CONTEXT('2D SPACE',''
  ) );
#4467 = PCURVE('',#2023,#4468);
#4468 = DEFINITIONAL_REPRESENTATION('',(#4469),#4472);
#4469 = B_SPLINE_CURVE_WITH_KNOTS('',1,(#4470,#4471),.UNSPECIFIED.,.F.,
  .F.,(2,2),(-32.525,-30.825),.PIECEWISE_BEZIER_KNOTS.);
#4470 = CARTESIAN_POINT('',(6.,1.7));
#4471 = CARTESIAN_POINT('',(6.,0.));
#4472 = ( GEOMETRIC_REPRESENTATION_CONTEXT(2) 
PARAMETRIC_REPRESENTATION_CONTEXT() REPRESENTATION_CONTEXT('2D SPACE',''
  ) );
#4473 = ORIENTED_EDGE('',*,*,#4474,.F.);
#4474 = EDGE_CURVE('',#4475,#4454,#4477,.T.);
#4475 = VERTEX_POINT('',#4476);
#4476 = CARTESIAN_POINT('',(223.1,13.6,19.8));
#4477 = SURFACE_CURVE('',#4478,(#4483,#4490),.PCURVE_S1.);
#4478 = CIRCLE('',#4479,1.65);
#4479 = AXIS2_PLACEMENT_3D('',#4480,#4481,#4482);
#4480 = CARTESIAN_POINT('',(223.1,11.95,19.8));
#4481 = DIRECTION('',(0.,0.,1.));
#4482 = DIRECTION('',(1.,0.,-0.));
#4483 = PCURVE('',#342,#4484);
#4484 = DEFINITIONAL_REPRESENTATION('',(#4485),#4489);
#4485 = CIRCLE('',#4486,1.65);
#4486 = AXIS2_PLACEMENT_2D('',#4487,#4488);
#4487 = CARTESIAN_POINT('',(61.65,11.95));
#4488 = DIRECTION('',(1.,0.));
#4489 = ( GEOMETRIC_REPRESENTATION_CONTEXT(2) 
PARAMETRIC_REPRESENTATION_CONTEXT() REPRESENTATION_CONTEXT('2D SPACE',''
  ) );
#4490 = PCURVE('',#2051,#4491);
#4491 = DEFINITIONAL_REPRESENTATION('',(#4492),#4496);
#4492 = LINE('',#4493,#4494);
#4493 = CARTESIAN_POINT('',(0.,6.));
#4494 = VECTOR('',#4495,1.);
#4495 = DIRECTION('',(1.,0.));
#4496 = ( GEOMETRIC_REPRESENTATION_CONTEXT(2) 
PARAMETRIC_REPRESENTATION_CONTEXT() REPRESENTATION_CONTEXT('2D SPACE',''
  ) );
#4497 = ORIENTED_EDGE('',*,*,#4498,.F.);
#4498 = EDGE_CURVE('',#4430,#4475,#4499,.T.);
#4499 = SURFACE_CURVE('',#4500,(#4504,#4510),.PCURVE_S1.);
#4500 = LINE('',#4501,#4502);
#4501 = CARTESIAN_POINT('',(192.275,13.6,19.8));
#4502 = VECTOR('',#4503,1.);
#4503 = DIRECTION('',(-1.,-0.,0.));
#4504 = PCURVE('',#342,#4505);
#4505 = DEFINITIONAL_REPRESENTATION('',(#4506),#4509);
#4506 = B_SPLINE_CURVE_WITH_KNOTS('',1,(#4507,#4508),.UNSPECIFIED.,.F.,
  .F.,(2,2),(-32.525,-30.825),.PIECEWISE_BEZIER_KNOTS.);
#4507 = CARTESIAN_POINT('',(63.35,13.6));
#4508 = CARTESIAN_POINT('',(61.65,13.6));
#4509 = ( GEOMETRIC_REPRESENTATION_CONTEXT(2) 
PARAMETRIC_REPRESENTATION_CONTEXT() REPRESENTATION_CONTEXT('2D SPACE',''
  ) );
#4510 = PCURVE('',#2076,#4511);
#4511 = DEFINITIONAL_REPRESENTATION('',(#4512),#4515);
#4512 = B_SPLINE_CURVE_WITH_KNOTS('',1,(#4513,#4514),.UNSPECIFIED.,.F.,
  .F.,(2,2),(-32.525,-30.825),.PIECEWISE_BEZIER_KNOTS.);
#4513 = CARTESIAN_POINT('',(6.,1.7));
#4514 = CARTESIAN_POINT('',(6.,0.));
#4515 = ( GEOMETRIC_REPRESENTATION_CONTEXT(2) 
PARAMETRIC_REPRESENTATION_CONTEXT() REPRESENTATION_CONTEXT('2D SPACE',''
  ) );
#4516 = FACE_BOUND('',#4517,.T.);
#4517 = EDGE_LOOP('',(#4518,#4544,#4565,#4589));
#4518 = ORIENTED_EDGE('',*,*,#4519,.F.);
#4519 = EDGE_CURVE('',#4520,#4522,#4524,.T.);
#4520 = VERTEX_POINT('',#4521);
#4521 = CARTESIAN_POINT('',(259.5,10.3,19.8));
#4522 = VERTEX_POINT('',#4523);
#4523 = CARTESIAN_POINT('',(259.5,13.6,19.8));
#4524 = SURFACE_CURVE('',#4525,(#4530,#4537),.PCURVE_S1.);
#4525 = CIRCLE('',#4526,1.65);
#4526 = AXIS2_PLACEMENT_3D('',#4527,#4528,#4529);
#4527 = CARTESIAN_POINT('',(259.5,11.95,19.8));
#4528 = DIRECTION('',(0.,0.,1.));
#4529 = DIRECTION('',(1.,0.,-0.));
#4530 = PCURVE('',#342,#4531);
#4531 = DEFINITIONAL_REPRESENTATION('',(#4532),#4536);
#4532 = CIRCLE('',#4533,1.65);
#4533 = AXIS2_PLACEMENT_2D('',#4534,#4535);
#4534 = CARTESIAN_POINT('',(98.05,11.95));
#4535 = DIRECTION('',(1.,0.));
#4536 = ( GEOMETRIC_REPRESENTATION_CONTEXT(2) 
PARAMETRIC_REPRESENTATION_CONTEXT() REPRESENTATION_CONTEXT('2D SPACE',''
  ) );
#4537 = PCURVE('',#2108,#4538);
#4538 = DEFINITIONAL_REPRESENTATION('',(#4539),#4543);
#4539 = LINE('',#4540,#4541);
#4540 = CARTESIAN_POINT('',(0.,6.));
#4541 = VECTOR('',#4542,1.);
#4542 = DIRECTION('',(1.,0.));
#4543 = ( GEOMETRIC_REPRESENTATION_CONTEXT(2) 
PARAMETRIC_REPRESENTATION_CONTEXT() REPRESENTATION_CONTEXT('2D SPACE',''
  ) );
#4544 = ORIENTED_EDGE('',*,*,#4545,.T.);
#4545 = EDGE_CURVE('',#4520,#4546,#4548,.T.);
#4546 = VERTEX_POINT('',#4547);
#4547 = CARTESIAN_POINT('',(257.8,10.3,19.8));
#4548 = SURFACE_CURVE('',#4549,(#4553,#4559),.PCURVE_S1.);
#4549 = LINE('',#4550,#4551);
#4550 = CARTESIAN_POINT('',(209.625,10.3,19.8));
#4551 = VECTOR('',#4552,1.);
#4552 = DIRECTION('',(-1.,-0.,0.));
#4553 = PCURVE('',#342,#4554);
#4554 = DEFINITIONAL_REPRESENTATION('',(#4555),#4558);
#4555 = B_SPLINE_CURVE_WITH_KNOTS('',1,(#4556,#4557),.UNSPECIFIED.,.F.,
  .F.,(2,2),(-49.875,-48.175),.PIECEWISE_BEZIER_KNOTS.);
#4556 = CARTESIAN_POINT('',(98.05,10.3));
#4557 = CARTESIAN_POINT('',(96.35,10.3));
#4558 = ( GEOMETRIC_REPRESENTATION_CONTEXT(2) 
PARAMETRIC_REPRESENTATION_CONTEXT() REPRESENTATION_CONTEXT('2D SPACE',''
  ) );
#4559 = PCURVE('',#2135,#4560);
#4560 = DEFINITIONAL_REPRESENTATION('',(#4561),#4564);
#4561 = B_SPLINE_CURVE_WITH_KNOTS('',1,(#4562,#4563),.UNSPECIFIED.,.F.,
  .F.,(2,2),(-49.875,-48.175),.PIECEWISE_BEZIER_KNOTS.);
#4562 = CARTESIAN_POINT('',(6.,1.7));
#4563 = CARTESIAN_POINT('',(6.,0.));
#4564 = ( GEOMETRIC_REPRESENTATION_CONTEXT(2) 
PARAMETRIC_REPRESENTATION_CONTEXT() REPRESENTATION_CONTEXT('2D SPACE',''
  ) );
#4565 = ORIENTED_EDGE('',*,*,#4566,.F.);
#4566 = EDGE_CURVE('',#4567,#4546,#4569,.T.);
#4567 = VERTEX_POINT('',#4568);
#4568 = CARTESIAN_POINT('',(257.8,13.6,19.8));
#4569 = SURFACE_CURVE('',#4570,(#4575,#4582),.PCURVE_S1.);
#4570 = CIRCLE('',#4571,1.65);
#4571 = AXIS2_PLACEMENT_3D('',#4572,#4573,#4574);
#4572 = CARTESIAN_POINT('',(257.8,11.95,19.8));
#4573 = DIRECTION('',(0.,0.,1.));
#4574 = DIRECTION('',(1.,0.,-0.));
#4575 = PCURVE('',#342,#4576);
#4576 = DEFINITIONAL_REPRESENTATION('',(#4577),#4581);
#4577 = CIRCLE('',#4578,1.65);
#4578 = AXIS2_PLACEMENT_2D('',#4579,#4580);
#4579 = CARTESIAN_POINT('',(96.35,11.95));
#4580 = DIRECTION('',(1.,0.));
#4581 = ( GEOMETRIC_REPRESENTATION_CONTEXT(2) 
PARAMETRIC_REPRESENTATION_CONTEXT() REPRESENTATION_CONTEXT('2D SPACE',''
  ) );
#4582 = PCURVE('',#2163,#4583);
#4583 = DEFINITIONAL_REPRESENTATION('',(#4584),#4588);
#4584 = LINE('',#4585,#4586);
#4585 = CARTESIAN_POINT('',(0.,6.));
#4586 = VECTOR('',#4587,1.);
#4587 = DIRECTION('',(1.,0.));
#4588 = ( GEOMETRIC_REPRESENTATION_CONTEXT(2) 
PARAMETRIC_REPRESENTATION_CONTEXT() REPRESENTATION_CONTEXT('2D SPACE',''
  ) );
#4589 = ORIENTED_EDGE('',*,*,#4590,.F.);
#4590 = EDGE_CURVE('',#4522,#4567,#4591,.T.);
#4591 = SURFACE_CURVE('',#4592,(#4596,#4602),.PCURVE_S1.);
#4592 = LINE('',#4593,#4594);
#4593 = CARTESIAN_POINT('',(209.625,13.6,19.8));
#4594 = VECTOR('',#4595,1.);
#4595 = DIRECTION('',(-1.,-0.,0.));
#4596 = PCURVE('',#342,#4597);
#4597 = DEFINITIONAL_REPRESENTATION('',(#4598),#4601);
#4598 = B_SPLINE_CURVE_WITH_KNOTS('',1,(#4599,#4600),.UNSPECIFIED.,.F.,
  .F.,(2,2),(-49.875,-48.175),.PIECEWISE_BEZIER_KNOTS.);
#4599 = CARTESIAN_POINT('',(98.05,13.6));
#4600 = CARTESIAN_POINT('',(96.35,13.6));
#4601 = ( GEOMETRIC_REPRESENTATION_CONTEXT(2) 
PARAMETRIC_REPRESENTATION_CONTEXT() REPRESENTATION_CONTEXT('2D SPACE',''
  ) );
#4602 = PCURVE('',#2188,#4603);
#4603 = DEFINITIONAL_REPRESENTATION('',(#4604),#4607);
#4604 = B_SPLINE_CURVE_WITH_KNOTS('',1,(#4605,#4606),.UNSPECIFIED.,.F.,
  .F.,(2,2),(-49.875,-48.175),.PIECEWISE_BEZIER_KNOTS.);
#4605 = CARTESIAN_POINT('',(6.,1.7));
#4606 = CARTESIAN_POINT('',(6.,0.));
#4607 = ( GEOMETRIC_REPRESENTATION_CONTEXT(2) 
PARAMETRIC_REPRESENTATION_CONTEXT() REPRESENTATION_CONTEXT('2D SPACE',''
  ) );
#4608 = FACE_BOUND('',#4609,.T.);
#4609 = EDGE_LOOP('',(#4610,#4639,#4666,#4693));
#4610 = ORIENTED_EDGE('',*,*,#4611,.F.);
#4611 = EDGE_CURVE('',#4612,#4614,#4616,.T.);
#4612 = VERTEX_POINT('',#4613);
#4613 = CARTESIAN_POINT('',(290.8,1.5,19.8));
#4614 = VERTEX_POINT('',#4615);
#4615 = CARTESIAN_POINT('',(290.8,15.5,19.8));
#4616 = SURFACE_CURVE('',#4617,(#4621,#4628),.PCURVE_S1.);
#4617 = LINE('',#4618,#4619);
#4618 = CARTESIAN_POINT('',(290.8,0.75,19.8));
#4619 = VECTOR('',#4620,1.);
#4620 = DIRECTION('',(-0.,1.,0.));
#4621 = PCURVE('',#342,#4622);
#4622 = DEFINITIONAL_REPRESENTATION('',(#4623),#4627);
#4623 = LINE('',#4624,#4625);
#4624 = CARTESIAN_POINT('',(129.35,0.75));
#4625 = VECTOR('',#4626,1.);
#4626 = DIRECTION('',(0.,1.));
#4627 = ( GEOMETRIC_REPRESENTATION_CONTEXT(2) 
PARAMETRIC_REPRESENTATION_CONTEXT() REPRESENTATION_CONTEXT('2D SPACE',''
  ) );
#4628 = PCURVE('',#4629,#4634);
#4629 = PLANE('',#4630);
#4630 = AXIS2_PLACEMENT_3D('',#4631,#4632,#4633);
#4631 = CARTESIAN_POINT('',(290.6,1.5,19.3));
#4632 = DIRECTION('',(0.928476690885,0.,-0.371390676354));
#4633 = DIRECTION('',(0.371390676354,0.,0.928476690885));
#4634 = DEFINITIONAL_REPRESENTATION('',(#4635),#4638);
#4635 = B_SPLINE_CURVE_WITH_KNOTS('',1,(#4636,#4637),.UNSPECIFIED.,.F.,
  .F.,(2,2),(0.75,14.75),.PIECEWISE_BEZIER_KNOTS.);
#4636 = CARTESIAN_POINT('',(0.538516480713,0.));
#4637 = CARTESIAN_POINT('',(0.538516480713,-14.));
#4638 = ( GEOMETRIC_REPRESENTATION_CONTEXT(2) 
PARAMETRIC_REPRESENTATION_CONTEXT() REPRESENTATION_CONTEXT('2D SPACE',''
  ) );
#4639 = ORIENTED_EDGE('',*,*,#4640,.F.);
#4640 = EDGE_CURVE('',#4641,#4612,#4643,.T.);
#4641 = VERTEX_POINT('',#4642);
#4642 = CARTESIAN_POINT('',(274.4,1.5,19.8));
#4643 = SURFACE_CURVE('',#4644,(#4648,#4655),.PCURVE_S1.);
#4644 = LINE('',#4645,#4646);
#4645 = CARTESIAN_POINT('',(222.025,1.5,19.8));
#4646 = VECTOR('',#4647,1.);
#4647 = DIRECTION('',(1.,0.,0.));
#4648 = PCURVE('',#342,#4649);
#4649 = DEFINITIONAL_REPRESENTATION('',(#4650),#4654);
#4650 = LINE('',#4651,#4652);
#4651 = CARTESIAN_POINT('',(60.575,1.5));
#4652 = VECTOR('',#4653,1.);
#4653 = DIRECTION('',(1.,0.));
#4654 = ( GEOMETRIC_REPRESENTATION_CONTEXT(2) 
PARAMETRIC_REPRESENTATION_CONTEXT() REPRESENTATION_CONTEXT('2D SPACE',''
  ) );
#4655 = PCURVE('',#4656,#4661);
#4656 = PLANE('',#4657);
#4657 = AXIS2_PLACEMENT_3D('',#4658,#4659,#4660);
#4658 = CARTESIAN_POINT('',(282.6,1.5,23.465470308976));
#4659 = DIRECTION('',(-0.,-1.,-0.));
#4660 = DIRECTION('',(0.,0.,-1.));
#4661 = DEFINITIONAL_REPRESENTATION('',(#4662),#4665);
#4662 = B_SPLINE_CURVE_WITH_KNOTS('',1,(#4663,#4664),.UNSPECIFIED.,.F.,
  .F.,(2,2),(49.575,71.575),.PIECEWISE_BEZIER_KNOTS.);
#4663 = CARTESIAN_POINT('',(3.665470308976,-11.));
#4664 = CARTESIAN_POINT('',(3.665470308976,11.));
#4665 = ( GEOMETRIC_REPRESENTATION_CONTEXT(2) 
PARAMETRIC_REPRESENTATION_CONTEXT() REPRESENTATION_CONTEXT('2D SPACE',''
  ) );
#4666 = ORIENTED_EDGE('',*,*,#4667,.F.);
#4667 = EDGE_CURVE('',#4668,#4641,#4670,.T.);
#4668 = VERTEX_POINT('',#4669);
#4669 = CARTESIAN_POINT('',(274.4,15.5,19.8));
#4670 = SURFACE_CURVE('',#4671,(#4675,#4682),.PCURVE_S1.);
#4671 = LINE('',#4672,#4673);
#4672 = CARTESIAN_POINT('',(274.4,0.75,19.8));
#4673 = VECTOR('',#4674,1.);
#4674 = DIRECTION('',(-0.,-1.,0.));
#4675 = PCURVE('',#342,#4676);
#4676 = DEFINITIONAL_REPRESENTATION('',(#4677),#4681);
#4677 = LINE('',#4678,#4679);
#4678 = CARTESIAN_POINT('',(112.95,0.75));
#4679 = VECTOR('',#4680,1.);
#4680 = DIRECTION('',(-0.,-1.));
#4681 = ( GEOMETRIC_REPRESENTATION_CONTEXT(2) 
PARAMETRIC_REPRESENTATION_CONTEXT() REPRESENTATION_CONTEXT('2D SPACE',''
  ) );
#4682 = PCURVE('',#4683,#4688);
#4683 = PLANE('',#4684);
#4684 = AXIS2_PLACEMENT_3D('',#4685,#4686,#4687);
#4685 = CARTESIAN_POINT('',(271.6,1.5,26.8));
#4686 = DIRECTION('',(-0.928476690885,0.,-0.371390676354));
#4687 = DIRECTION('',(0.371390676354,0.,-0.928476690885));
#4688 = DEFINITIONAL_REPRESENTATION('',(#4689),#4692);
#4689 = B_SPLINE_CURVE_WITH_KNOTS('',1,(#4690,#4691),.UNSPECIFIED.,.F.,
  .F.,(2,2),(-14.75,-0.75),.PIECEWISE_BEZIER_KNOTS.);
#4690 = CARTESIAN_POINT('',(7.539230729988,-14.));
#4691 = CARTESIAN_POINT('',(7.539230729988,0.));
#4692 = ( GEOMETRIC_REPRESENTATION_CONTEXT(2) 
PARAMETRIC_REPRESENTATION_CONTEXT() REPRESENTATION_CONTEXT('2D SPACE',''
  ) );
#4693 = ORIENTED_EDGE('',*,*,#4694,.T.);
#4694 = EDGE_CURVE('',#4668,#4614,#4695,.T.);
#4695 = SURFACE_CURVE('',#4696,(#4700,#4707),.PCURVE_S1.);
#4696 = LINE('',#4697,#4698);
#4697 = CARTESIAN_POINT('',(222.025,15.5,19.8));
#4698 = VECTOR('',#4699,1.);
#4699 = DIRECTION('',(1.,0.,0.));
#4700 = PCURVE('',#342,#4701);
#4701 = DEFINITIONAL_REPRESENTATION('',(#4702),#4706);
#4702 = LINE('',#4703,#4704);
#4703 = CARTESIAN_POINT('',(60.575,15.5));
#4704 = VECTOR('',#4705,1.);
#4705 = DIRECTION('',(1.,0.));
#4706 = ( GEOMETRIC_REPRESENTATION_CONTEXT(2) 
PARAMETRIC_REPRESENTATION_CONTEXT() REPRESENTATION_CONTEXT('2D SPACE',''
  ) );
#4707 = PCURVE('',#4708,#4713);
#4708 = PLANE('',#4709);
#4709 = AXIS2_PLACEMENT_3D('',#4710,#4711,#4712);
#4710 = CARTESIAN_POINT('',(282.6,15.5,23.465470308976));
#4711 = DIRECTION('',(-0.,-1.,-0.));
#4712 = DIRECTION('',(0.,0.,-1.));
#4713 = DEFINITIONAL_REPRESENTATION('',(#4714),#4717);
#4714 = B_SPLINE_CURVE_WITH_KNOTS('',1,(#4715,#4716),.UNSPECIFIED.,.F.,
  .F.,(2,2),(49.575,71.575),.PIECEWISE_BEZIER_KNOTS.);
#4715 = CARTESIAN_POINT('',(3.665470308976,-11.));
#4716 = CARTESIAN_POINT('',(3.665470308976,11.));
#4717 = ( GEOMETRIC_REPRESENTATION_CONTEXT(2) 
PARAMETRIC_REPRESENTATION_CONTEXT() REPRESENTATION_CONTEXT('2D SPACE',''
  ) );
#4718 = ADVANCED_FACE('',(#4719),#533,.T.);
#4719 = FACE_BOUND('',#4720,.F.);
#4720 = EDGE_LOOP('',(#4721,#4722,#4723,#4746));
#4721 = ORIENTED_EDGE('',*,*,#4037,.T.);
#4722 = ORIENTED_EDGE('',*,*,#517,.T.);
#4723 = ORIENTED_EDGE('',*,*,#4724,.T.);
#4724 = EDGE_CURVE('',#490,#4725,#4727,.T.);
#4725 = VERTEX_POINT('',#4726);
#4726 = CARTESIAN_POINT('',(253.4,3.,26.8));
#4727 = SURFACE_CURVE('',#4728,(#4732,#4739),.PCURVE_S1.);
#4728 = LINE('',#4729,#4730);
#4729 = CARTESIAN_POINT('',(253.4,0.,26.8));
#4730 = VECTOR('',#4731,1.);
#4731 = DIRECTION('',(-0.,1.,-0.));
#4732 = PCURVE('',#533,#4733);
#4733 = DEFINITIONAL_REPRESENTATION('',(#4734),#4738);
#4734 = LINE('',#4735,#4736);
#4735 = CARTESIAN_POINT('',(-4.920689672777,-6.580449034634));
#4736 = VECTOR('',#4737,1.);
#4737 = DIRECTION('',(-0.,1.));
#4738 = ( GEOMETRIC_REPRESENTATION_CONTEXT(2) 
PARAMETRIC_REPRESENTATION_CONTEXT() REPRESENTATION_CONTEXT('2D SPACE',''
  ) );
#4739 = PCURVE('',#505,#4740);
#4740 = DEFINITIONAL_REPRESENTATION('',(#4741),#4745);
#4741 = LINE('',#4742,#4743);
#4742 = CARTESIAN_POINT('',(-0.,-3.2));
#4743 = VECTOR('',#4744,1.);
#4744 = DIRECTION('',(-1.,0.));
#4745 = ( GEOMETRIC_REPRESENTATION_CONTEXT(2) 
PARAMETRIC_REPRESENTATION_CONTEXT() REPRESENTATION_CONTEXT('2D SPACE',''
  ) );
#4746 = ORIENTED_EDGE('',*,*,#4747,.T.);
#4747 = EDGE_CURVE('',#4725,#4011,#4748,.T.);
#4748 = SURFACE_CURVE('',#4749,(#4753,#4760),.PCURVE_S1.);
#4749 = LINE('',#4750,#4751);
#4750 = CARTESIAN_POINT('',(253.4,3.,26.8));
#4751 = VECTOR('',#4752,1.);
#4752 = DIRECTION('',(0.,0.864507186684,-0.502620457375));
#4753 = PCURVE('',#533,#4754);
#4754 = DEFINITIONAL_REPRESENTATION('',(#4755),#4759);
#4755 = LINE('',#4756,#4757);
#4756 = CARTESIAN_POINT('',(-4.920689672777,-3.580449034634));
#4757 = VECTOR('',#4758,1.);
#4758 = DIRECTION('',(0.502620457375,0.864507186684));
#4759 = ( GEOMETRIC_REPRESENTATION_CONTEXT(2) 
PARAMETRIC_REPRESENTATION_CONTEXT() REPRESENTATION_CONTEXT('2D SPACE',''
  ) );
#4760 = PCURVE('',#4026,#4761);
#4761 = DEFINITIONAL_REPRESENTATION('',(#4762),#4766);
#4762 = LINE('',#4763,#4764);
#4763 = CARTESIAN_POINT('',(-0.,-3.2));
#4764 = VECTOR('',#4765,1.);
#4765 = DIRECTION('',(-1.,0.));
#4766 = ( GEOMETRIC_REPRESENTATION_CONTEXT(2) 
PARAMETRIC_REPRESENTATION_CONTEXT() REPRESENTATION_CONTEXT('2D SPACE',''
  ) );
#4767 = ADVANCED_FACE('',(#4768),#505,.F.);
#4768 = FACE_BOUND('',#4769,.T.);
#4769 = EDGE_LOOP('',(#4770,#4771,#4772,#4795));
#4770 = ORIENTED_EDGE('',*,*,#489,.T.);
#4771 = ORIENTED_EDGE('',*,*,#4724,.T.);
#4772 = ORIENTED_EDGE('',*,*,#4773,.F.);
#4773 = EDGE_CURVE('',#4774,#4725,#4776,.T.);
#4774 = VERTEX_POINT('',#4775);
#4775 = CARTESIAN_POINT('',(250.2,3.,26.8));
#4776 = SURFACE_CURVE('',#4777,(#4781,#4788),.PCURVE_S1.);
#4777 = LINE('',#4778,#4779);
#4778 = CARTESIAN_POINT('',(250.2,3.,26.8));
#4779 = VECTOR('',#4780,1.);
#4780 = DIRECTION('',(1.,-0.,-0.));
#4781 = PCURVE('',#505,#4782);
#4782 = DEFINITIONAL_REPRESENTATION('',(#4783),#4787);
#4783 = LINE('',#4784,#4785);
#4784 = CARTESIAN_POINT('',(-3.,0.));
#4785 = VECTOR('',#4786,1.);
#4786 = DIRECTION('',(-0.,-1.));
#4787 = ( GEOMETRIC_REPRESENTATION_CONTEXT(2) 
PARAMETRIC_REPRESENTATION_CONTEXT() REPRESENTATION_CONTEXT('2D SPACE',''
  ) );
#4788 = PCURVE('',#4026,#4789);
#4789 = DEFINITIONAL_REPRESENTATION('',(#4790),#4794);
#4790 = LINE('',#4791,#4792);
#4791 = CARTESIAN_POINT('',(-0.,-0.));
#4792 = VECTOR('',#4793,1.);
#4793 = DIRECTION('',(-0.,-1.));
#4794 = ( GEOMETRIC_REPRESENTATION_CONTEXT(2) 
PARAMETRIC_REPRESENTATION_CONTEXT() REPRESENTATION_CONTEXT('2D SPACE',''
  ) );
#4795 = ORIENTED_EDGE('',*,*,#4796,.F.);
#4796 = EDGE_CURVE('',#462,#4774,#4797,.T.);
#4797 = SURFACE_CURVE('',#4798,(#4802,#4809),.PCURVE_S1.);
#4798 = LINE('',#4799,#4800);
#4799 = CARTESIAN_POINT('',(250.2,0.,26.8));
#4800 = VECTOR('',#4801,1.);
#4801 = DIRECTION('',(-0.,1.,-0.));
#4802 = PCURVE('',#505,#4803);
#4803 = DEFINITIONAL_REPRESENTATION('',(#4804),#4808);
#4804 = LINE('',#4805,#4806);
#4805 = CARTESIAN_POINT('',(-0.,0.));
#4806 = VECTOR('',#4807,1.);
#4807 = DIRECTION('',(-1.,0.));
#4808 = ( GEOMETRIC_REPRESENTATION_CONTEXT(2) 
PARAMETRIC_REPRESENTATION_CONTEXT() REPRESENTATION_CONTEXT('2D SPACE',''
  ) );
#4809 = PCURVE('',#477,#4810);
#4810 = DEFINITIONAL_REPRESENTATION('',(#4811),#4815);
#4811 = LINE('',#4812,#4813);
#4812 = CARTESIAN_POINT('',(-4.920689672777,-6.580449034634));
#4813 = VECTOR('',#4814,1.);
#4814 = DIRECTION('',(-0.,1.));
#4815 = ( GEOMETRIC_REPRESENTATION_CONTEXT(2) 
PARAMETRIC_REPRESENTATION_CONTEXT() REPRESENTATION_CONTEXT('2D SPACE',''
  ) );
#4816 = ADVANCED_FACE('',(#4817),#477,.F.);
#4817 = FACE_BOUND('',#4818,.T.);
#4818 = EDGE_LOOP('',(#4819,#4820,#4821,#4822));
#4819 = ORIENTED_EDGE('',*,*,#3988,.T.);
#4820 = ORIENTED_EDGE('',*,*,#461,.T.);
#4821 = ORIENTED_EDGE('',*,*,#4796,.T.);
#4822 = ORIENTED_EDGE('',*,*,#4823,.T.);
#4823 = EDGE_CURVE('',#4774,#3989,#4824,.T.);
#4824 = SURFACE_CURVE('',#4825,(#4829,#4836),.PCURVE_S1.);
#4825 = LINE('',#4826,#4827);
#4826 = CARTESIAN_POINT('',(250.2,3.,26.8));
#4827 = VECTOR('',#4828,1.);
#4828 = DIRECTION('',(0.,0.864507186684,-0.502620457375));
#4829 = PCURVE('',#477,#4830);
#4830 = DEFINITIONAL_REPRESENTATION('',(#4831),#4835);
#4831 = LINE('',#4832,#4833);
#4832 = CARTESIAN_POINT('',(-4.920689672777,-3.580449034634));
#4833 = VECTOR('',#4834,1.);
#4834 = DIRECTION('',(0.502620457375,0.864507186684));
#4835 = ( GEOMETRIC_REPRESENTATION_CONTEXT(2) 
PARAMETRIC_REPRESENTATION_CONTEXT() REPRESENTATION_CONTEXT('2D SPACE',''
  ) );
#4836 = PCURVE('',#4026,#4837);
#4837 = DEFINITIONAL_REPRESENTATION('',(#4838),#4842);
#4838 = LINE('',#4839,#4840);
#4839 = CARTESIAN_POINT('',(-0.,-0.));
#4840 = VECTOR('',#4841,1.);
#4841 = DIRECTION('',(-1.,0.));
#4842 = ( GEOMETRIC_REPRESENTATION_CONTEXT(2) 
PARAMETRIC_REPRESENTATION_CONTEXT() REPRESENTATION_CONTEXT('2D SPACE',''
  ) );
#4843 = ADVANCED_FACE('',(#4844),#426,.T.);
#4844 = FACE_BOUND('',#4845,.F.);
#4845 = EDGE_LOOP('',(#4846,#4847,#4848,#4871));
#4846 = ORIENTED_EDGE('',*,*,#3967,.T.);
#4847 = ORIENTED_EDGE('',*,*,#410,.T.);
#4848 = ORIENTED_EDGE('',*,*,#4849,.T.);
#4849 = EDGE_CURVE('',#383,#4850,#4852,.T.);
#4850 = VERTEX_POINT('',#4851);
#4851 = CARTESIAN_POINT('',(233.2,3.,26.8));
#4852 = SURFACE_CURVE('',#4853,(#4857,#4864),.PCURVE_S1.);
#4853 = LINE('',#4854,#4855);
#4854 = CARTESIAN_POINT('',(233.2,0.,26.8));
#4855 = VECTOR('',#4856,1.);
#4856 = DIRECTION('',(-0.,1.,-0.));
#4857 = PCURVE('',#426,#4858);
#4858 = DEFINITIONAL_REPRESENTATION('',(#4859),#4863);
#4859 = LINE('',#4860,#4861);
#4860 = CARTESIAN_POINT('',(-4.920689672777,-6.580449034634));
#4861 = VECTOR('',#4862,1.);
#4862 = DIRECTION('',(-0.,1.));
#4863 = ( GEOMETRIC_REPRESENTATION_CONTEXT(2) 
PARAMETRIC_REPRESENTATION_CONTEXT() REPRESENTATION_CONTEXT('2D SPACE',''
  ) );
#4864 = PCURVE('',#398,#4865);
#4865 = DEFINITIONAL_REPRESENTATION('',(#4866),#4870);
#4866 = LINE('',#4867,#4868);
#4867 = CARTESIAN_POINT('',(-0.,-3.2));
#4868 = VECTOR('',#4869,1.);
#4869 = DIRECTION('',(-1.,0.));
#4870 = ( GEOMETRIC_REPRESENTATION_CONTEXT(2) 
PARAMETRIC_REPRESENTATION_CONTEXT() REPRESENTATION_CONTEXT('2D SPACE',''
  ) );
#4871 = ORIENTED_EDGE('',*,*,#4872,.T.);
#4872 = EDGE_CURVE('',#4850,#3941,#4873,.T.);
#4873 = SURFACE_CURVE('',#4874,(#4878,#4885),.PCURVE_S1.);
#4874 = LINE('',#4875,#4876);
#4875 = CARTESIAN_POINT('',(233.2,3.,26.8));
#4876 = VECTOR('',#4877,1.);
#4877 = DIRECTION('',(0.,0.864507186684,-0.502620457375));
#4878 = PCURVE('',#426,#4879);
#4879 = DEFINITIONAL_REPRESENTATION('',(#4880),#4884);
#4880 = LINE('',#4881,#4882);
#4881 = CARTESIAN_POINT('',(-4.920689672777,-3.580449034634));
#4882 = VECTOR('',#4883,1.);
#4883 = DIRECTION('',(0.502620457375,0.864507186684));
#4884 = ( GEOMETRIC_REPRESENTATION_CONTEXT(2) 
PARAMETRIC_REPRESENTATION_CONTEXT() REPRESENTATION_CONTEXT('2D SPACE',''
  ) );
#4885 = PCURVE('',#3956,#4886);
#4886 = DEFINITIONAL_REPRESENTATION('',(#4887),#4891);
#4887 = LINE('',#4888,#4889);
#4888 = CARTESIAN_POINT('',(-0.,-3.2));
#4889 = VECTOR('',#4890,1.);
#4890 = DIRECTION('',(-1.,0.));
#4891 = ( GEOMETRIC_REPRESENTATION_CONTEXT(2) 
PARAMETRIC_REPRESENTATION_CONTEXT() REPRESENTATION_CONTEXT('2D SPACE',''
  ) );
#4892 = ADVANCED_FACE('',(#4893),#398,.F.);
#4893 = FACE_BOUND('',#4894,.T.);
#4894 = EDGE_LOOP('',(#4895,#4896,#4897,#4920));
#4895 = ORIENTED_EDGE('',*,*,#382,.T.);
#4896 = ORIENTED_EDGE('',*,*,#4849,.T.);
#4897 = ORIENTED_EDGE('',*,*,#4898,.F.);
#4898 = EDGE_CURVE('',#4899,#4850,#4901,.T.);
#4899 = VERTEX_POINT('',#4900);
#4900 = CARTESIAN_POINT('',(230.,3.,26.8));
#4901 = SURFACE_CURVE('',#4902,(#4906,#4913),.PCURVE_S1.);
#4902 = LINE('',#4903,#4904);
#4903 = CARTESIAN_POINT('',(230.,3.,26.8));
#4904 = VECTOR('',#4905,1.);
#4905 = DIRECTION('',(1.,-0.,-0.));
#4906 = PCURVE('',#398,#4907);
#4907 = DEFINITIONAL_REPRESENTATION('',(#4908),#4912);
#4908 = LINE('',#4909,#4910);
#4909 = CARTESIAN_POINT('',(-3.,0.));
#4910 = VECTOR('',#4911,1.);
#4911 = DIRECTION('',(-0.,-1.));
#4912 = ( GEOMETRIC_REPRESENTATION_CONTEXT(2) 
PARAMETRIC_REPRESENTATION_CONTEXT() REPRESENTATION_CONTEXT('2D SPACE',''
  ) );
#4913 = PCURVE('',#3956,#4914);
#4914 = DEFINITIONAL_REPRESENTATION('',(#4915),#4919);
#4915 = LINE('',#4916,#4917);
#4916 = CARTESIAN_POINT('',(-0.,-0.));
#4917 = VECTOR('',#4918,1.);
#4918 = DIRECTION('',(-0.,-1.));
#4919 = ( GEOMETRIC_REPRESENTATION_CONTEXT(2) 
PARAMETRIC_REPRESENTATION_CONTEXT() REPRESENTATION_CONTEXT('2D SPACE',''
  ) );
#4920 = ORIENTED_EDGE('',*,*,#4921,.F.);
#4921 = EDGE_CURVE('',#355,#4899,#4922,.T.);
#4922 = SURFACE_CURVE('',#4923,(#4927,#4934),.PCURVE_S1.);
#4923 = LINE('',#4924,#4925);
#4924 = CARTESIAN_POINT('',(230.,0.,26.8));
#4925 = VECTOR('',#4926,1.);
#4926 = DIRECTION('',(-0.,1.,-0.));
#4927 = PCURVE('',#398,#4928);
#4928 = DEFINITIONAL_REPRESENTATION('',(#4929),#4933);
#4929 = LINE('',#4930,#4931);
#4930 = CARTESIAN_POINT('',(-0.,0.));
#4931 = VECTOR('',#4932,1.);
#4932 = DIRECTION('',(-1.,0.));
#4933 = ( GEOMETRIC_REPRESENTATION_CONTEXT(2) 
PARAMETRIC_REPRESENTATION_CONTEXT() REPRESENTATION_CONTEXT('2D SPACE',''
  ) );
#4934 = PCURVE('',#370,#4935);
#4935 = DEFINITIONAL_REPRESENTATION('',(#4936),#4940);
#4936 = LINE('',#4937,#4938);
#4937 = CARTESIAN_POINT('',(-4.920689672777,-6.580449034634));
#4938 = VECTOR('',#4939,1.);
#4939 = DIRECTION('',(-0.,1.));
#4940 = ( GEOMETRIC_REPRESENTATION_CONTEXT(2) 
PARAMETRIC_REPRESENTATION_CONTEXT() REPRESENTATION_CONTEXT('2D SPACE',''
  ) );
#4941 = ADVANCED_FACE('',(#4942),#370,.F.);
#4942 = FACE_BOUND('',#4943,.T.);
#4943 = EDGE_LOOP('',(#4944,#4945,#4946,#4947));
#4944 = ORIENTED_EDGE('',*,*,#3918,.T.);
#4945 = ORIENTED_EDGE('',*,*,#354,.T.);
#4946 = ORIENTED_EDGE('',*,*,#4921,.T.);
#4947 = ORIENTED_EDGE('',*,*,#4948,.T.);
#4948 = EDGE_CURVE('',#4899,#3919,#4949,.T.);
#4949 = SURFACE_CURVE('',#4950,(#4954,#4961),.PCURVE_S1.);
#4950 = LINE('',#4951,#4952);
#4951 = CARTESIAN_POINT('',(230.,3.,26.8));
#4952 = VECTOR('',#4953,1.);
#4953 = DIRECTION('',(0.,0.864507186684,-0.502620457375));
#4954 = PCURVE('',#370,#4955);
#4955 = DEFINITIONAL_REPRESENTATION('',(#4956),#4960);
#4956 = LINE('',#4957,#4958);
#4957 = CARTESIAN_POINT('',(-4.920689672777,-3.580449034634));
#4958 = VECTOR('',#4959,1.);
#4959 = DIRECTION('',(0.502620457375,0.864507186684));
#4960 = ( GEOMETRIC_REPRESENTATION_CONTEXT(2) 
PARAMETRIC_REPRESENTATION_CONTEXT() REPRESENTATION_CONTEXT('2D SPACE',''
  ) );
#4961 = PCURVE('',#3956,#4962);
#4962 = DEFINITIONAL_REPRESENTATION('',(#4963),#4967);
#4963 = LINE('',#4964,#4965);
#4964 = CARTESIAN_POINT('',(-0.,-0.));
#4965 = VECTOR('',#4966,1.);
#4966 = DIRECTION('',(-1.,0.));
#4967 = ( GEOMETRIC_REPRESENTATION_CONTEXT(2) 
PARAMETRIC_REPRESENTATION_CONTEXT() REPRESENTATION_CONTEXT('2D SPACE',''
  ) );
#4968 = ADVANCED_FACE('',(#4969),#314,.T.);
#4969 = FACE_BOUND('',#4970,.F.);
#4970 = EDGE_LOOP('',(#4971,#4992,#4993,#4994));
#4971 = ORIENTED_EDGE('',*,*,#4972,.F.);
#4972 = EDGE_CURVE('',#3874,#626,#4973,.T.);
#4973 = SURFACE_CURVE('',#4974,(#4978,#4985),.PCURVE_S1.);
#4974 = LINE('',#4975,#4976);
#4975 = CARTESIAN_POINT('',(180.45,18.,19.3));
#4976 = VECTOR('',#4977,1.);
#4977 = DIRECTION('',(-0.68231825036,-0.,0.731055268243));
#4978 = PCURVE('',#314,#4979);
#4979 = DEFINITIONAL_REPRESENTATION('',(#4980),#4984);
#4980 = LINE('',#4981,#4982);
#4981 = CARTESIAN_POINT('',(-0.,0.));
#4982 = VECTOR('',#4983,1.);
#4983 = DIRECTION('',(-1.,0.));
#4984 = ( GEOMETRIC_REPRESENTATION_CONTEXT(2) 
PARAMETRIC_REPRESENTATION_CONTEXT() REPRESENTATION_CONTEXT('2D SPACE',''
  ) );
#4985 = PCURVE('',#643,#4986);
#4986 = DEFINITIONAL_REPRESENTATION('',(#4987),#4991);
#4987 = LINE('',#4988,#4989);
#4988 = CARTESIAN_POINT('',(-3.211639422251,10.560214433915));
#4989 = VECTOR('',#4990,1.);
#4990 = DIRECTION('',(0.731055268243,-0.68231825036));
#4991 = ( GEOMETRIC_REPRESENTATION_CONTEXT(2) 
PARAMETRIC_REPRESENTATION_CONTEXT() REPRESENTATION_CONTEXT('2D SPACE',''
  ) );
#4992 = ORIENTED_EDGE('',*,*,#3896,.T.);
#4993 = ORIENTED_EDGE('',*,*,#298,.T.);
#4994 = ORIENTED_EDGE('',*,*,#655,.F.);
#4995 = ADVANCED_FACE('',(#4996),#643,.T.);
#4996 = FACE_BOUND('',#4997,.F.);
#4997 = EDGE_LOOP('',(#4998,#5019,#5020,#5041,#5042,#5043));
#4998 = ORIENTED_EDGE('',*,*,#4999,.T.);
#4999 = EDGE_CURVE('',#628,#910,#5000,.T.);
#5000 = SURFACE_CURVE('',#5001,(#5005,#5012),.PCURVE_S1.);
#5001 = LINE('',#5002,#5003);
#5002 = CARTESIAN_POINT('',(161.45,18.,26.8));
#5003 = VECTOR('',#5004,1.);
#5004 = DIRECTION('',(0.,0.,-1.));
#5005 = PCURVE('',#643,#5006);
#5006 = DEFINITIONAL_REPRESENTATION('',(#5007),#5011);
#5007 = LINE('',#5008,#5009);
#5008 = CARTESIAN_POINT('',(4.288360577749,-8.439785566085));
#5009 = VECTOR('',#5010,1.);
#5010 = DIRECTION('',(-1.,0.));
#5011 = ( GEOMETRIC_REPRESENTATION_CONTEXT(2) 
PARAMETRIC_REPRESENTATION_CONTEXT() REPRESENTATION_CONTEXT('2D SPACE',''
  ) );
#5012 = PCURVE('',#817,#5013);
#5013 = DEFINITIONAL_REPRESENTATION('',(#5014),#5018);
#5014 = LINE('',#5015,#5016);
#5015 = CARTESIAN_POINT('',(26.8,-18.));
#5016 = VECTOR('',#5017,1.);
#5017 = DIRECTION('',(-1.,0.));
#5018 = ( GEOMETRIC_REPRESENTATION_CONTEXT(2) 
PARAMETRIC_REPRESENTATION_CONTEXT() REPRESENTATION_CONTEXT('2D SPACE',''
  ) );
#5019 = ORIENTED_EDGE('',*,*,#909,.T.);
#5020 = ORIENTED_EDGE('',*,*,#5021,.T.);
#5021 = EDGE_CURVE('',#880,#3851,#5022,.T.);
#5022 = SURFACE_CURVE('',#5023,(#5027,#5034),.PCURVE_S1.);
#5023 = LINE('',#5024,#5025);
#5024 = CARTESIAN_POINT('',(180.45,18.,14.8));
#5025 = VECTOR('',#5026,1.);
#5026 = DIRECTION('',(0.,0.,1.));
#5027 = PCURVE('',#643,#5028);
#5028 = DEFINITIONAL_REPRESENTATION('',(#5029),#5033);
#5029 = LINE('',#5030,#5031);
#5030 = CARTESIAN_POINT('',(-7.711639422251,10.560214433915));
#5031 = VECTOR('',#5032,1.);
#5032 = DIRECTION('',(1.,-0.));
#5033 = ( GEOMETRIC_REPRESENTATION_CONTEXT(2) 
PARAMETRIC_REPRESENTATION_CONTEXT() REPRESENTATION_CONTEXT('2D SPACE',''
  ) );
#5034 = PCURVE('',#897,#5035);
#5035 = DEFINITIONAL_REPRESENTATION('',(#5036),#5040);
#5036 = LINE('',#5037,#5038);
#5037 = CARTESIAN_POINT('',(-0.,0.));
#5038 = VECTOR('',#5039,1.);
#5039 = DIRECTION('',(-1.,0.));
#5040 = ( GEOMETRIC_REPRESENTATION_CONTEXT(2) 
PARAMETRIC_REPRESENTATION_CONTEXT() REPRESENTATION_CONTEXT('2D SPACE',''
  ) );
#5041 = ORIENTED_EDGE('',*,*,#3873,.F.);
#5042 = ORIENTED_EDGE('',*,*,#4972,.T.);
#5043 = ORIENTED_EDGE('',*,*,#625,.T.);
#5044 = ADVANCED_FACE('',(#5045),#817,.F.);
#5045 = FACE_BOUND('',#5046,.F.);
#5046 = EDGE_LOOP('',(#5047,#5048,#5069,#5070));
#5047 = ORIENTED_EDGE('',*,*,#803,.T.);
#5048 = ORIENTED_EDGE('',*,*,#5049,.F.);
#5049 = EDGE_CURVE('',#933,#778,#5050,.T.);
#5050 = SURFACE_CURVE('',#5051,(#5055,#5062),.PCURVE_S1.);
#5051 = LINE('',#5052,#5053);
#5052 = CARTESIAN_POINT('',(161.45,11.95,13.8));
#5053 = VECTOR('',#5054,1.);
#5054 = DIRECTION('',(-0.,-0.,1.));
#5055 = PCURVE('',#817,#5056);
#5056 = DEFINITIONAL_REPRESENTATION('',(#5057),#5061);
#5057 = LINE('',#5058,#5059);
#5058 = CARTESIAN_POINT('',(13.8,-11.95));
#5059 = VECTOR('',#5060,1.);
#5060 = DIRECTION('',(1.,0.));
#5061 = ( GEOMETRIC_REPRESENTATION_CONTEXT(2) 
PARAMETRIC_REPRESENTATION_CONTEXT() REPRESENTATION_CONTEXT('2D SPACE',''
  ) );
#5062 = PCURVE('',#792,#5063);
#5063 = DEFINITIONAL_REPRESENTATION('',(#5064),#5068);
#5064 = LINE('',#5065,#5066);
#5065 = CARTESIAN_POINT('',(-0.,0.));
#5066 = VECTOR('',#5067,1.);
#5067 = DIRECTION('',(-0.,-1.));
#5068 = ( GEOMETRIC_REPRESENTATION_CONTEXT(2) 
PARAMETRIC_REPRESENTATION_CONTEXT() REPRESENTATION_CONTEXT('2D SPACE',''
  ) );
#5069 = ORIENTED_EDGE('',*,*,#932,.F.);
#5070 = ORIENTED_EDGE('',*,*,#4999,.F.);
#5071 = ADVANCED_FACE('',(#5072),#792,.T.);
#5072 = FACE_BOUND('',#5073,.F.);
#5073 = EDGE_LOOP('',(#5074,#5075,#5076,#5077));
#5074 = ORIENTED_EDGE('',*,*,#955,.T.);
#5075 = ORIENTED_EDGE('',*,*,#5049,.T.);
#5076 = ORIENTED_EDGE('',*,*,#777,.T.);
#5077 = ORIENTED_EDGE('',*,*,#5078,.F.);
#5078 = EDGE_CURVE('',#956,#752,#5079,.T.);
#5079 = SURFACE_CURVE('',#5080,(#5084,#5091),.PCURVE_S1.);
#5080 = LINE('',#5081,#5082);
#5081 = CARTESIAN_POINT('',(166.9,13.25,13.8));
#5082 = VECTOR('',#5083,1.);
#5083 = DIRECTION('',(-0.,-0.,1.));
#5084 = PCURVE('',#792,#5085);
#5085 = DEFINITIONAL_REPRESENTATION('',(#5086),#5090);
#5086 = LINE('',#5087,#5088);
#5087 = CARTESIAN_POINT('',(-5.602901034286,0.));
#5088 = VECTOR('',#5089,1.);
#5089 = DIRECTION('',(-0.,-1.));
#5090 = ( GEOMETRIC_REPRESENTATION_CONTEXT(2) 
PARAMETRIC_REPRESENTATION_CONTEXT() REPRESENTATION_CONTEXT('2D SPACE',''
  ) );
#5091 = PCURVE('',#766,#5092);
#5092 = DEFINITIONAL_REPRESENTATION('',(#5093),#5097);
#5093 = LINE('',#5094,#5095);
#5094 = CARTESIAN_POINT('',(-0.,-0.));
#5095 = VECTOR('',#5096,1.);
#5096 = DIRECTION('',(-0.,-1.));
#5097 = ( GEOMETRIC_REPRESENTATION_CONTEXT(2) 
PARAMETRIC_REPRESENTATION_CONTEXT() REPRESENTATION_CONTEXT('2D SPACE',''
  ) );
#5098 = ADVANCED_FACE('',(#5099),#766,.T.);
#5099 = FACE_BOUND('',#5100,.F.);
#5100 = EDGE_LOOP('',(#5101,#5102,#5103,#5104));
#5101 = ORIENTED_EDGE('',*,*,#976,.T.);
#5102 = ORIENTED_EDGE('',*,*,#5078,.T.);
#5103 = ORIENTED_EDGE('',*,*,#751,.T.);
#5104 = ORIENTED_EDGE('',*,*,#5105,.F.);
#5105 = EDGE_CURVE('',#977,#726,#5106,.T.);
#5106 = SURFACE_CURVE('',#5107,(#5111,#5118),.PCURVE_S1.);
#5107 = LINE('',#5108,#5109);
#5108 = CARTESIAN_POINT('',(167.7,12.45,13.8));
#5109 = VECTOR('',#5110,1.);
#5110 = DIRECTION('',(-0.,-0.,1.));
#5111 = PCURVE('',#766,#5112);
#5112 = DEFINITIONAL_REPRESENTATION('',(#5113),#5117);
#5113 = LINE('',#5114,#5115);
#5114 = CARTESIAN_POINT('',(-1.131370849898,0.));
#5115 = VECTOR('',#5116,1.);
#5116 = DIRECTION('',(-0.,-1.));
#5117 = ( GEOMETRIC_REPRESENTATION_CONTEXT(2) 
PARAMETRIC_REPRESENTATION_CONTEXT() REPRESENTATION_CONTEXT('2D SPACE',''
  ) );
#5118 = PCURVE('',#740,#5119);
#5119 = DEFINITIONAL_REPRESENTATION('',(#5120),#5124);
#5120 = LINE('',#5121,#5122);
#5121 = CARTESIAN_POINT('',(-0.,-0.));
#5122 = VECTOR('',#5123,1.);
#5123 = DIRECTION('',(-0.,-1.));
#5124 = ( GEOMETRIC_REPRESENTATION_CONTEXT(2) 
PARAMETRIC_REPRESENTATION_CONTEXT() REPRESENTATION_CONTEXT('2D SPACE',''
  ) );
#5125 = ADVANCED_FACE('',(#5126),#740,.T.);
#5126 = FACE_BOUND('',#5127,.F.);
#5127 = EDGE_LOOP('',(#5128,#5129,#5130,#5131));
#5128 = ORIENTED_EDGE('',*,*,#997,.T.);
#5129 = ORIENTED_EDGE('',*,*,#5105,.T.);
#5130 = ORIENTED_EDGE('',*,*,#725,.T.);
#5131 = ORIENTED_EDGE('',*,*,#5132,.F.);
#5132 = EDGE_CURVE('',#998,#700,#5133,.T.);
#5133 = SURFACE_CURVE('',#5134,(#5138,#5145),.PCURVE_S1.);
#5134 = LINE('',#5135,#5136);
#5135 = CARTESIAN_POINT('',(167.7,5.55,13.8));
#5136 = VECTOR('',#5137,1.);
#5137 = DIRECTION('',(-0.,-0.,1.));
#5138 = PCURVE('',#740,#5139);
#5139 = DEFINITIONAL_REPRESENTATION('',(#5140),#5144);
#5140 = LINE('',#5141,#5142);
#5141 = CARTESIAN_POINT('',(-6.9,0.));
#5142 = VECTOR('',#5143,1.);
#5143 = DIRECTION('',(-0.,-1.));
#5144 = ( GEOMETRIC_REPRESENTATION_CONTEXT(2) 
PARAMETRIC_REPRESENTATION_CONTEXT() REPRESENTATION_CONTEXT('2D SPACE',''
  ) );
#5145 = PCURVE('',#714,#5146);
#5146 = DEFINITIONAL_REPRESENTATION('',(#5147),#5151);
#5147 = LINE('',#5148,#5149);
#5148 = CARTESIAN_POINT('',(-0.,-0.));
#5149 = VECTOR('',#5150,1.);
#5150 = DIRECTION('',(-0.,-1.));
#5151 = ( GEOMETRIC_REPRESENTATION_CONTEXT(2) 
PARAMETRIC_REPRESENTATION_CONTEXT() REPRESENTATION_CONTEXT('2D SPACE',''
  ) );
#5152 = ADVANCED_FACE('',(#5153),#714,.T.);
#5153 = FACE_BOUND('',#5154,.F.);
#5154 = EDGE_LOOP('',(#5155,#5156,#5157,#5158));
#5155 = ORIENTED_EDGE('',*,*,#1018,.T.);
#5156 = ORIENTED_EDGE('',*,*,#5132,.T.);
#5157 = ORIENTED_EDGE('',*,*,#699,.T.);
#5158 = ORIENTED_EDGE('',*,*,#853,.F.);
#5159 = ADVANCED_FACE('',(#5160),#897,.T.);
#5160 = FACE_BOUND('',#5161,.F.);
#5161 = EDGE_LOOP('',(#5162,#5163,#5164,#5185));
#5162 = ORIENTED_EDGE('',*,*,#5021,.F.);
#5163 = ORIENTED_EDGE('',*,*,#879,.T.);
#5164 = ORIENTED_EDGE('',*,*,#5165,.T.);
#5165 = EDGE_CURVE('',#882,#3826,#5166,.T.);
#5166 = SURFACE_CURVE('',#5167,(#5171,#5178),.PCURVE_S1.);
#5167 = LINE('',#5168,#5169);
#5168 = CARTESIAN_POINT('',(180.45,16.9,14.8));
#5169 = VECTOR('',#5170,1.);
#5170 = DIRECTION('',(0.,0.,1.));
#5171 = PCURVE('',#897,#5172);
#5172 = DEFINITIONAL_REPRESENTATION('',(#5173),#5177);
#5173 = LINE('',#5174,#5175);
#5174 = CARTESIAN_POINT('',(-0.,-1.1));
#5175 = VECTOR('',#5176,1.);
#5176 = DIRECTION('',(-1.,0.));
#5177 = ( GEOMETRIC_REPRESENTATION_CONTEXT(2) 
PARAMETRIC_REPRESENTATION_CONTEXT() REPRESENTATION_CONTEXT('2D SPACE',''
  ) );
#5178 = PCURVE('',#1963,#5179);
#5179 = DEFINITIONAL_REPRESENTATION('',(#5180),#5184);
#5180 = LINE('',#5181,#5182);
#5181 = CARTESIAN_POINT('',(0.,19.));
#5182 = VECTOR('',#5183,1.);
#5183 = DIRECTION('',(1.,0.));
#5184 = ( GEOMETRIC_REPRESENTATION_CONTEXT(2) 
PARAMETRIC_REPRESENTATION_CONTEXT() REPRESENTATION_CONTEXT('2D SPACE',''
  ) );
#5185 = ORIENTED_EDGE('',*,*,#3850,.F.);
#5186 = ADVANCED_FACE('',(#5187),#1963,.T.);
#5187 = FACE_BOUND('',#5188,.T.);
#5188 = EDGE_LOOP('',(#5189,#5190,#5191,#5192,#5220,#5246));
#5189 = ORIENTED_EDGE('',*,*,#1949,.F.);
#5190 = ORIENTED_EDGE('',*,*,#5165,.T.);
#5191 = ORIENTED_EDGE('',*,*,#3825,.T.);
#5192 = ORIENTED_EDGE('',*,*,#5193,.F.);
#5193 = EDGE_CURVE('',#5194,#3828,#5196,.T.);
#5194 = VERTEX_POINT('',#5195);
#5195 = CARTESIAN_POINT('',(233.3,16.9,19.3));
#5196 = SURFACE_CURVE('',#5197,(#5201,#5208),.PCURVE_S1.);
#5197 = LINE('',#5198,#5199);
#5198 = CARTESIAN_POINT('',(233.3,16.9,19.3));
#5199 = VECTOR('',#5200,1.);
#5200 = DIRECTION('',(0.,0.,1.));
#5201 = PCURVE('',#1963,#5202);
#5202 = DEFINITIONAL_REPRESENTATION('',(#5203),#5207);
#5203 = LINE('',#5204,#5205);
#5204 = CARTESIAN_POINT('',(4.5,71.85));
#5205 = VECTOR('',#5206,1.);
#5206 = DIRECTION('',(1.,0.));
#5207 = ( GEOMETRIC_REPRESENTATION_CONTEXT(2) 
PARAMETRIC_REPRESENTATION_CONTEXT() REPRESENTATION_CONTEXT('2D SPACE',''
  ) );
#5208 = PCURVE('',#5209,#5214);
#5209 = PLANE('',#5210);
#5210 = AXIS2_PLACEMENT_3D('',#5211,#5212,#5213);
#5211 = CARTESIAN_POINT('',(238.3,26.9,19.3));
#5212 = DIRECTION('',(0.894427191,-0.4472135955,0.));
#5213 = DIRECTION('',(-0.4472135955,-0.894427191,0.));
#5214 = DEFINITIONAL_REPRESENTATION('',(#5215),#5219);
#5215 = LINE('',#5216,#5217);
#5216 = CARTESIAN_POINT('',(11.180339887499,0.));
#5217 = VECTOR('',#5218,1.);
#5218 = DIRECTION('',(0.,-1.));
#5219 = ( GEOMETRIC_REPRESENTATION_CONTEXT(2) 
PARAMETRIC_REPRESENTATION_CONTEXT() REPRESENTATION_CONTEXT('2D SPACE',''
  ) );
#5220 = ORIENTED_EDGE('',*,*,#5221,.T.);
#5221 = EDGE_CURVE('',#5194,#5222,#5224,.T.);
#5222 = VERTEX_POINT('',#5223);
#5223 = CARTESIAN_POINT('',(238.3,16.9,19.3));
#5224 = SURFACE_CURVE('',#5225,(#5229,#5235),.PCURVE_S1.);
#5225 = LINE('',#5226,#5227);
#5226 = CARTESIAN_POINT('',(201.375,16.9,19.3));
#5227 = VECTOR('',#5228,1.);
#5228 = DIRECTION('',(1.,0.,-0.));
#5229 = PCURVE('',#1963,#5230);
#5230 = DEFINITIONAL_REPRESENTATION('',(#5231),#5234);
#5231 = B_SPLINE_CURVE_WITH_KNOTS('',1,(#5232,#5233),.UNSPECIFIED.,.F.,
  .F.,(2,2),(31.925,36.925),.PIECEWISE_BEZIER_KNOTS.);
#5232 = CARTESIAN_POINT('',(4.5,71.85));
#5233 = CARTESIAN_POINT('',(4.5,76.85));
#5234 = ( GEOMETRIC_REPRESENTATION_CONTEXT(2) 
PARAMETRIC_REPRESENTATION_CONTEXT() REPRESENTATION_CONTEXT('2D SPACE',''
  ) );
#5235 = PCURVE('',#5236,#5241);
#5236 = PLANE('',#5237);
#5237 = AXIS2_PLACEMENT_3D('',#5238,#5239,#5240);
#5238 = CARTESIAN_POINT('',(241.3,18.653288904374,19.3));
#5239 = DIRECTION('',(0.,0.,1.));
#5240 = DIRECTION('',(1.,0.,-0.));
#5241 = DEFINITIONAL_REPRESENTATION('',(#5242),#5245);
#5242 = B_SPLINE_CURVE_WITH_KNOTS('',1,(#5243,#5244),.UNSPECIFIED.,.F.,
  .F.,(2,2),(31.925,36.925),.PIECEWISE_BEZIER_KNOTS.);
#5243 = CARTESIAN_POINT('',(-8.,-1.753288904374));
#5244 = CARTESIAN_POINT('',(-3.,-1.753288904374));
#5245 = ( GEOMETRIC_REPRESENTATION_CONTEXT(2) 
PARAMETRIC_REPRESENTATION_CONTEXT() REPRESENTATION_CONTEXT('2D SPACE',''
  ) );
#5246 = ORIENTED_EDGE('',*,*,#5247,.T.);
#5247 = EDGE_CURVE('',#5222,#1922,#5248,.T.);
#5248 = SURFACE_CURVE('',#5249,(#5253,#5259),.PCURVE_S1.);
#5249 = LINE('',#5250,#5251);
#5250 = CARTESIAN_POINT('',(238.3,16.9,14.8));
#5251 = VECTOR('',#5252,1.);
#5252 = DIRECTION('',(-0.,0.,-1.));
#5253 = PCURVE('',#1963,#5254);
#5254 = DEFINITIONAL_REPRESENTATION('',(#5255),#5258);
#5255 = B_SPLINE_CURVE_WITH_KNOTS('',1,(#5256,#5257),.UNSPECIFIED.,.F.,
  .F.,(2,2),(-5.,0.),.PIECEWISE_BEZIER_KNOTS.);
#5256 = CARTESIAN_POINT('',(5.,76.85));
#5257 = CARTESIAN_POINT('',(0.,76.85));
#5258 = ( GEOMETRIC_REPRESENTATION_CONTEXT(2) 
PARAMETRIC_REPRESENTATION_CONTEXT() REPRESENTATION_CONTEXT('2D SPACE',''
  ) );
#5259 = PCURVE('',#1937,#5260);
#5260 = DEFINITIONAL_REPRESENTATION('',(#5261),#5264);
#5261 = B_SPLINE_CURVE_WITH_KNOTS('',1,(#5262,#5263),.UNSPECIFIED.,.F.,
  .F.,(2,2),(-5.,0.),.PIECEWISE_BEZIER_KNOTS.);
#5262 = CARTESIAN_POINT('',(5.,-4.4));
#5263 = CARTESIAN_POINT('',(0.,-4.4));
#5264 = ( GEOMETRIC_REPRESENTATION_CONTEXT(2) 
PARAMETRIC_REPRESENTATION_CONTEXT() REPRESENTATION_CONTEXT('2D SPACE',''
  ) );
#5265 = ADVANCED_FACE('',(#5266,#5415,#5521),#1937,.F.);
#5266 = FACE_BOUND('',#5267,.F.);
#5267 = EDGE_LOOP('',(#5268,#5298,#5321,#5340,#5341,#5342,#5363,#5389));
#5268 = ORIENTED_EDGE('',*,*,#5269,.F.);
#5269 = EDGE_CURVE('',#5270,#5272,#5274,.T.);
#5270 = VERTEX_POINT('',#5271);
#5271 = CARTESIAN_POINT('',(238.3,26.9,27.8));
#5272 = VERTEX_POINT('',#5273);
#5273 = CARTESIAN_POINT('',(238.3,62.,27.8));
#5274 = SURFACE_CURVE('',#5275,(#5279,#5286),.PCURVE_S1.);
#5275 = LINE('',#5276,#5277);
#5276 = CARTESIAN_POINT('',(238.3,12.5,27.8));
#5277 = VECTOR('',#5278,1.);
#5278 = DIRECTION('',(-0.,1.,0.));
#5279 = PCURVE('',#1937,#5280);
#5280 = DEFINITIONAL_REPRESENTATION('',(#5281),#5285);
#5281 = LINE('',#5282,#5283);
#5282 = CARTESIAN_POINT('',(13.,0.));
#5283 = VECTOR('',#5284,1.);
#5284 = DIRECTION('',(0.,-1.));
#5285 = ( GEOMETRIC_REPRESENTATION_CONTEXT(2) 
PARAMETRIC_REPRESENTATION_CONTEXT() REPRESENTATION_CONTEXT('2D SPACE',''
  ) );
#5286 = PCURVE('',#5287,#5292);
#5287 = PLANE('',#5288);
#5288 = AXIS2_PLACEMENT_3D('',#5289,#5290,#5291);
#5289 = CARTESIAN_POINT('',(238.3,12.5,27.8));
#5290 = DIRECTION('',(0.,0.,1.));
#5291 = DIRECTION('',(1.,0.,-0.));
#5292 = DEFINITIONAL_REPRESENTATION('',(#5293),#5297);
#5293 = LINE('',#5294,#5295);
#5294 = CARTESIAN_POINT('',(0.,0.));
#5295 = VECTOR('',#5296,1.);
#5296 = DIRECTION('',(0.,1.));
#5297 = ( GEOMETRIC_REPRESENTATION_CONTEXT(2) 
PARAMETRIC_REPRESENTATION_CONTEXT() REPRESENTATION_CONTEXT('2D SPACE',''
  ) );
#5298 = ORIENTED_EDGE('',*,*,#5299,.F.);
#5299 = EDGE_CURVE('',#5300,#5270,#5302,.T.);
#5300 = VERTEX_POINT('',#5301);
#5301 = CARTESIAN_POINT('',(238.3,26.9,19.3));
#5302 = SURFACE_CURVE('',#5303,(#5307,#5314),.PCURVE_S1.);
#5303 = LINE('',#5304,#5305);
#5304 = CARTESIAN_POINT('',(238.3,26.9,19.3));
#5305 = VECTOR('',#5306,1.);
#5306 = DIRECTION('',(0.,0.,1.));
#5307 = PCURVE('',#1937,#5308);
#5308 = DEFINITIONAL_REPRESENTATION('',(#5309),#5313);
#5309 = LINE('',#5310,#5311);
#5310 = CARTESIAN_POINT('',(4.5,-14.4));
#5311 = VECTOR('',#5312,1.);
#5312 = DIRECTION('',(1.,0.));
#5313 = ( GEOMETRIC_REPRESENTATION_CONTEXT(2) 
PARAMETRIC_REPRESENTATION_CONTEXT() REPRESENTATION_CONTEXT('2D SPACE',''
  ) );
#5314 = PCURVE('',#5209,#5315);
#5315 = DEFINITIONAL_REPRESENTATION('',(#5316),#5320);
#5316 = LINE('',#5317,#5318);
#5317 = CARTESIAN_POINT('',(0.,0.));
#5318 = VECTOR('',#5319,1.);
#5319 = DIRECTION('',(0.,-1.));
#5320 = ( GEOMETRIC_REPRESENTATION_CONTEXT(2) 
PARAMETRIC_REPRESENTATION_CONTEXT() REPRESENTATION_CONTEXT('2D SPACE',''
  ) );
#5321 = ORIENTED_EDGE('',*,*,#5322,.T.);
#5322 = EDGE_CURVE('',#5300,#5222,#5323,.T.);
#5323 = SURFACE_CURVE('',#5324,(#5328,#5334),.PCURVE_S1.);
#5324 = LINE('',#5325,#5326);
#5325 = CARTESIAN_POINT('',(238.3,15.576644452187,19.3));
#5326 = VECTOR('',#5327,1.);
#5327 = DIRECTION('',(0.,-1.,0.));
#5328 = PCURVE('',#1937,#5329);
#5329 = DEFINITIONAL_REPRESENTATION('',(#5330),#5333);
#5330 = B_SPLINE_CURVE_WITH_KNOTS('',1,(#5331,#5332),.UNSPECIFIED.,.F.,
  .F.,(2,2),(-11.32335554781,2.676644452187),.PIECEWISE_BEZIER_KNOTS.);
#5331 = CARTESIAN_POINT('',(4.5,-14.4));
#5332 = CARTESIAN_POINT('',(4.5,-0.4));
#5333 = ( GEOMETRIC_REPRESENTATION_CONTEXT(2) 
PARAMETRIC_REPRESENTATION_CONTEXT() REPRESENTATION_CONTEXT('2D SPACE',''
  ) );
#5334 = PCURVE('',#5236,#5335);
#5335 = DEFINITIONAL_REPRESENTATION('',(#5336),#5339);
#5336 = B_SPLINE_CURVE_WITH_KNOTS('',1,(#5337,#5338),.UNSPECIFIED.,.F.,
  .F.,(2,2),(-11.32335554781,2.676644452187),.PIECEWISE_BEZIER_KNOTS.);
#5337 = CARTESIAN_POINT('',(-3.,8.246711095626));
#5338 = CARTESIAN_POINT('',(-3.,-5.753288904374));
#5339 = ( GEOMETRIC_REPRESENTATION_CONTEXT(2) 
PARAMETRIC_REPRESENTATION_CONTEXT() REPRESENTATION_CONTEXT('2D SPACE',''
  ) );
#5340 = ORIENTED_EDGE('',*,*,#5247,.T.);
#5341 = ORIENTED_EDGE('',*,*,#1921,.T.);
#5342 = ORIENTED_EDGE('',*,*,#5343,.F.);
#5343 = EDGE_CURVE('',#5344,#1894,#5346,.T.);
#5344 = VERTEX_POINT('',#5345);
#5345 = CARTESIAN_POINT('',(238.3,72.,19.3));
#5346 = SURFACE_CURVE('',#5347,(#5351,#5357),.PCURVE_S1.);
#5347 = LINE('',#5348,#5349);
#5348 = CARTESIAN_POINT('',(238.3,72.,14.8));
#5349 = VECTOR('',#5350,1.);
#5350 = DIRECTION('',(-0.,0.,-1.));
#5351 = PCURVE('',#1937,#5352);
#5352 = DEFINITIONAL_REPRESENTATION('',(#5353),#5356);
#5353 = B_SPLINE_CURVE_WITH_KNOTS('',1,(#5354,#5355),.UNSPECIFIED.,.F.,
  .F.,(2,2),(-5.,0.),.PIECEWISE_BEZIER_KNOTS.);
#5354 = CARTESIAN_POINT('',(5.,-59.5));
#5355 = CARTESIAN_POINT('',(0.,-59.5));
#5356 = ( GEOMETRIC_REPRESENTATION_CONTEXT(2) 
PARAMETRIC_REPRESENTATION_CONTEXT() REPRESENTATION_CONTEXT('2D SPACE',''
  ) );
#5357 = PCURVE('',#1909,#5358);
#5358 = DEFINITIONAL_REPRESENTATION('',(#5359),#5362);
#5359 = B_SPLINE_CURVE_WITH_KNOTS('',1,(#5360,#5361),.UNSPECIFIED.,.F.,
  .F.,(2,2),(-5.,0.),.PIECEWISE_BEZIER_KNOTS.);
#5360 = CARTESIAN_POINT('',(5.,76.85));
#5361 = CARTESIAN_POINT('',(0.,76.85));
#5362 = ( GEOMETRIC_REPRESENTATION_CONTEXT(2) 
PARAMETRIC_REPRESENTATION_CONTEXT() REPRESENTATION_CONTEXT('2D SPACE',''
  ) );
#5363 = ORIENTED_EDGE('',*,*,#5364,.F.);
#5364 = EDGE_CURVE('',#5365,#5344,#5367,.T.);
#5365 = VERTEX_POINT('',#5366);
#5366 = CARTESIAN_POINT('',(238.3,62.,19.3));
#5367 = SURFACE_CURVE('',#5368,(#5372,#5378),.PCURVE_S1.);
#5368 = LINE('',#5369,#5370);
#5369 = CARTESIAN_POINT('',(238.3,41.373355547813,19.3));
#5370 = VECTOR('',#5371,1.);
#5371 = DIRECTION('',(0.,1.,0.));
#5372 = PCURVE('',#1937,#5373);
#5373 = DEFINITIONAL_REPRESENTATION('',(#5374),#5377);
#5374 = B_SPLINE_CURVE_WITH_KNOTS('',1,(#5375,#5376),.UNSPECIFIED.,.F.,
  .F.,(2,2),(20.626644452187,34.626644452187),.PIECEWISE_BEZIER_KNOTS.);
#5375 = CARTESIAN_POINT('',(4.5,-49.5));
#5376 = CARTESIAN_POINT('',(4.5,-63.5));
#5377 = ( GEOMETRIC_REPRESENTATION_CONTEXT(2) 
PARAMETRIC_REPRESENTATION_CONTEXT() REPRESENTATION_CONTEXT('2D SPACE',''
  ) );
#5378 = PCURVE('',#5379,#5384);
#5379 = PLANE('',#5380);
#5380 = AXIS2_PLACEMENT_3D('',#5381,#5382,#5383);
#5381 = CARTESIAN_POINT('',(241.3,70.246711095626,19.3));
#5382 = DIRECTION('',(-0.,-0.,1.));
#5383 = DIRECTION('',(-1.,0.,0.));
#5384 = DEFINITIONAL_REPRESENTATION('',(#5385),#5388);
#5385 = B_SPLINE_CURVE_WITH_KNOTS('',1,(#5386,#5387),.UNSPECIFIED.,.F.,
  .F.,(2,2),(20.626644452187,34.626644452187),.PIECEWISE_BEZIER_KNOTS.);
#5386 = CARTESIAN_POINT('',(3.,8.246711095626));
#5387 = CARTESIAN_POINT('',(3.,-5.753288904374));
#5388 = ( GEOMETRIC_REPRESENTATION_CONTEXT(2) 
PARAMETRIC_REPRESENTATION_CONTEXT() REPRESENTATION_CONTEXT('2D SPACE',''
  ) );
#5389 = ORIENTED_EDGE('',*,*,#5390,.T.);
#5390 = EDGE_CURVE('',#5365,#5272,#5391,.T.);
#5391 = SURFACE_CURVE('',#5392,(#5396,#5403),.PCURVE_S1.);
#5392 = LINE('',#5393,#5394);
#5393 = CARTESIAN_POINT('',(238.3,62.,19.3));
#5394 = VECTOR('',#5395,1.);
#5395 = DIRECTION('',(-0.,-0.,1.));
#5396 = PCURVE('',#1937,#5397);
#5397 = DEFINITIONAL_REPRESENTATION('',(#5398),#5402);
#5398 = LINE('',#5399,#5400);
#5399 = CARTESIAN_POINT('',(4.5,-49.5));
#5400 = VECTOR('',#5401,1.);
#5401 = DIRECTION('',(1.,0.));
#5402 = ( GEOMETRIC_REPRESENTATION_CONTEXT(2) 
PARAMETRIC_REPRESENTATION_CONTEXT() REPRESENTATION_CONTEXT('2D SPACE',''
  ) );
#5403 = PCURVE('',#5404,#5409);
#5404 = PLANE('',#5405);
#5405 = AXIS2_PLACEMENT_3D('',#5406,#5407,#5408);
#5406 = CARTESIAN_POINT('',(238.3,62.,19.3));
#5407 = DIRECTION('',(0.894427191,0.4472135955,-0.));
#5408 = DIRECTION('',(0.4472135955,-0.894427191,-0.));
#5409 = DEFINITIONAL_REPRESENTATION('',(#5410),#5414);
#5410 = LINE('',#5411,#5412);
#5411 = CARTESIAN_POINT('',(-0.,0.));
#5412 = VECTOR('',#5413,1.);
#5413 = DIRECTION('',(-0.,-1.));
#5414 = ( GEOMETRIC_REPRESENTATION_CONTEXT(2) 
PARAMETRIC_REPRESENTATION_CONTEXT() REPRESENTATION_CONTEXT('2D SPACE',''
  ) );
#5415 = FACE_BOUND('',#5416,.F.);
#5416 = EDGE_LOOP('',(#5417,#5445,#5471,#5497));
#5417 = ORIENTED_EDGE('',*,*,#5418,.T.);
#5418 = EDGE_CURVE('',#5419,#5421,#5423,.T.);
#5419 = VERTEX_POINT('',#5420);
#5420 = CARTESIAN_POINT('',(238.3,61.5,20.8));
#5421 = VERTEX_POINT('',#5422);
#5422 = CARTESIAN_POINT('',(238.3,56.3,20.8));
#5423 = SURFACE_CURVE('',#5424,(#5428,#5434),.PCURVE_S1.);
#5424 = LINE('',#5425,#5426);
#5425 = CARTESIAN_POINT('',(238.3,34.4,20.8));
#5426 = VECTOR('',#5427,1.);
#5427 = DIRECTION('',(0.,-1.,0.));
#5428 = PCURVE('',#1937,#5429);
#5429 = DEFINITIONAL_REPRESENTATION('',(#5430),#5433);
#5430 = B_SPLINE_CURVE_WITH_KNOTS('',1,(#5431,#5432),.UNSPECIFIED.,.F.,
  .F.,(2,2),(-27.1,-21.9),.PIECEWISE_BEZIER_KNOTS.);
#5431 = CARTESIAN_POINT('',(6.,-49.));
#5432 = CARTESIAN_POINT('',(6.,-43.8));
#5433 = ( GEOMETRIC_REPRESENTATION_CONTEXT(2) 
PARAMETRIC_REPRESENTATION_CONTEXT() REPRESENTATION_CONTEXT('2D SPACE',''
  ) );
#5434 = PCURVE('',#5435,#5440);
#5435 = PLANE('',#5436);
#5436 = AXIS2_PLACEMENT_3D('',#5437,#5438,#5439);
#5437 = CARTESIAN_POINT('',(237.3,56.3,20.8));
#5438 = DIRECTION('',(0.,0.,1.));
#5439 = DIRECTION('',(1.,0.,-0.));
#5440 = DEFINITIONAL_REPRESENTATION('',(#5441),#5444);
#5441 = B_SPLINE_CURVE_WITH_KNOTS('',1,(#5442,#5443),.UNSPECIFIED.,.F.,
  .F.,(2,2),(-27.1,-21.9),.PIECEWISE_BEZIER_KNOTS.);
#5442 = CARTESIAN_POINT('',(1.,5.2));
#5443 = CARTESIAN_POINT('',(1.,0.));
#5444 = ( GEOMETRIC_REPRESENTATION_CONTEXT(2) 
PARAMETRIC_REPRESENTATION_CONTEXT() REPRESENTATION_CONTEXT('2D SPACE',''
  ) );
#5445 = ORIENTED_EDGE('',*,*,#5446,.T.);
#5446 = EDGE_CURVE('',#5421,#5447,#5449,.T.);
#5447 = VERTEX_POINT('',#5448);
#5448 = CARTESIAN_POINT('',(238.3,56.3,23.8));
#5449 = SURFACE_CURVE('',#5450,(#5454,#5460),.PCURVE_S1.);
#5450 = LINE('',#5451,#5452);
#5451 = CARTESIAN_POINT('',(238.3,56.3,17.8));
#5452 = VECTOR('',#5453,1.);
#5453 = DIRECTION('',(0.,0.,1.));
#5454 = PCURVE('',#1937,#5455);
#5455 = DEFINITIONAL_REPRESENTATION('',(#5456),#5459);
#5456 = B_SPLINE_CURVE_WITH_KNOTS('',1,(#5457,#5458),.UNSPECIFIED.,.F.,
  .F.,(2,2),(3.,6.),.PIECEWISE_BEZIER_KNOTS.);
#5457 = CARTESIAN_POINT('',(6.,-43.8));
#5458 = CARTESIAN_POINT('',(9.,-43.8));
#5459 = ( GEOMETRIC_REPRESENTATION_CONTEXT(2) 
PARAMETRIC_REPRESENTATION_CONTEXT() REPRESENTATION_CONTEXT('2D SPACE',''
  ) );
#5460 = PCURVE('',#5461,#5466);
#5461 = PLANE('',#5462);
#5462 = AXIS2_PLACEMENT_3D('',#5463,#5464,#5465);
#5463 = CARTESIAN_POINT('',(237.3,56.3,20.8));
#5464 = DIRECTION('',(-0.,1.,0.));
#5465 = DIRECTION('',(0.,0.,1.));
#5466 = DEFINITIONAL_REPRESENTATION('',(#5467),#5470);
#5467 = B_SPLINE_CURVE_WITH_KNOTS('',1,(#5468,#5469),.UNSPECIFIED.,.F.,
  .F.,(2,2),(3.,6.),.PIECEWISE_BEZIER_KNOTS.);
#5468 = CARTESIAN_POINT('',(0.,1.));
#5469 = CARTESIAN_POINT('',(3.,1.));
#5470 = ( GEOMETRIC_REPRESENTATION_CONTEXT(2) 
PARAMETRIC_REPRESENTATION_CONTEXT() REPRESENTATION_CONTEXT('2D SPACE',''
  ) );
#5471 = ORIENTED_EDGE('',*,*,#5472,.F.);
#5472 = EDGE_CURVE('',#5473,#5447,#5475,.T.);
#5473 = VERTEX_POINT('',#5474);
#5474 = CARTESIAN_POINT('',(238.3,61.5,23.8));
#5475 = SURFACE_CURVE('',#5476,(#5480,#5486),.PCURVE_S1.);
#5476 = LINE('',#5477,#5478);
#5477 = CARTESIAN_POINT('',(238.3,34.4,23.8));
#5478 = VECTOR('',#5479,1.);
#5479 = DIRECTION('',(0.,-1.,0.));
#5480 = PCURVE('',#1937,#5481);
#5481 = DEFINITIONAL_REPRESENTATION('',(#5482),#5485);
#5482 = B_SPLINE_CURVE_WITH_KNOTS('',1,(#5483,#5484),.UNSPECIFIED.,.F.,
  .F.,(2,2),(-27.1,-21.9),.PIECEWISE_BEZIER_KNOTS.);
#5483 = CARTESIAN_POINT('',(9.,-49.));
#5484 = CARTESIAN_POINT('',(9.,-43.8));
#5485 = ( GEOMETRIC_REPRESENTATION_CONTEXT(2) 
PARAMETRIC_REPRESENTATION_CONTEXT() REPRESENTATION_CONTEXT('2D SPACE',''
  ) );
#5486 = PCURVE('',#5487,#5492);
#5487 = PLANE('',#5488);
#5488 = AXIS2_PLACEMENT_3D('',#5489,#5490,#5491);
#5489 = CARTESIAN_POINT('',(237.3,56.3,23.8));
#5490 = DIRECTION('',(0.,0.,1.));
#5491 = DIRECTION('',(1.,0.,-0.));
#5492 = DEFINITIONAL_REPRESENTATION('',(#5493),#5496);
#5493 = B_SPLINE_CURVE_WITH_KNOTS('',1,(#5494,#5495),.UNSPECIFIED.,.F.,
  .F.,(2,2),(-27.1,-21.9),.PIECEWISE_BEZIER_KNOTS.);
#5494 = CARTESIAN_POINT('',(1.,5.2));
#5495 = CARTESIAN_POINT('',(1.,0.));
#5496 = ( GEOMETRIC_REPRESENTATION_CONTEXT(2) 
PARAMETRIC_REPRESENTATION_CONTEXT() REPRESENTATION_CONTEXT('2D SPACE',''
  ) );
#5497 = ORIENTED_EDGE('',*,*,#5498,.F.);
#5498 = EDGE_CURVE('',#5419,#5473,#5499,.T.);
#5499 = SURFACE_CURVE('',#5500,(#5504,#5510),.PCURVE_S1.);
#5500 = LINE('',#5501,#5502);
#5501 = CARTESIAN_POINT('',(238.3,61.5,17.8));
#5502 = VECTOR('',#5503,1.);
#5503 = DIRECTION('',(0.,0.,1.));
#5504 = PCURVE('',#1937,#5505);
#5505 = DEFINITIONAL_REPRESENTATION('',(#5506),#5509);
#5506 = B_SPLINE_CURVE_WITH_KNOTS('',1,(#5507,#5508),.UNSPECIFIED.,.F.,
  .F.,(2,2),(3.,6.),.PIECEWISE_BEZIER_KNOTS.);
#5507 = CARTESIAN_POINT('',(6.,-49.));
#5508 = CARTESIAN_POINT('',(9.,-49.));
#5509 = ( GEOMETRIC_REPRESENTATION_CONTEXT(2) 
PARAMETRIC_REPRESENTATION_CONTEXT() REPRESENTATION_CONTEXT('2D SPACE',''
  ) );
#5510 = PCURVE('',#5511,#5516);
#5511 = PLANE('',#5512);
#5512 = AXIS2_PLACEMENT_3D('',#5513,#5514,#5515);
#5513 = CARTESIAN_POINT('',(237.3,61.5,20.8));
#5514 = DIRECTION('',(-0.,1.,0.));
#5515 = DIRECTION('',(0.,0.,1.));
#5516 = DEFINITIONAL_REPRESENTATION('',(#5517),#5520);
#5517 = B_SPLINE_CURVE_WITH_KNOTS('',1,(#5518,#5519),.UNSPECIFIED.,.F.,
  .F.,(2,2),(3.,6.),.PIECEWISE_BEZIER_KNOTS.);
#5518 = CARTESIAN_POINT('',(0.,1.));
#5519 = CARTESIAN_POINT('',(3.,1.));
#5520 = ( GEOMETRIC_REPRESENTATION_CONTEXT(2) 
PARAMETRIC_REPRESENTATION_CONTEXT() REPRESENTATION_CONTEXT('2D SPACE',''
  ) );
#5521 = FACE_BOUND('',#5522,.F.);
#5522 = EDGE_LOOP('',(#5523,#5551,#5577,#5603));
#5523 = ORIENTED_EDGE('',*,*,#5524,.T.);
#5524 = EDGE_CURVE('',#5525,#5527,#5529,.T.);
#5525 = VERTEX_POINT('',#5526);
#5526 = CARTESIAN_POINT('',(238.3,32.6,20.8));
#5527 = VERTEX_POINT('',#5528);
#5528 = CARTESIAN_POINT('',(238.3,27.4,20.8));
#5529 = SURFACE_CURVE('',#5530,(#5534,#5540),.PCURVE_S1.);
#5530 = LINE('',#5531,#5532);
#5531 = CARTESIAN_POINT('',(238.3,19.95,20.8));
#5532 = VECTOR('',#5533,1.);
#5533 = DIRECTION('',(0.,-1.,0.));
#5534 = PCURVE('',#1937,#5535);
#5535 = DEFINITIONAL_REPRESENTATION('',(#5536),#5539);
#5536 = B_SPLINE_CURVE_WITH_KNOTS('',1,(#5537,#5538),.UNSPECIFIED.,.F.,
  .F.,(2,2),(-12.65,-7.45),.PIECEWISE_BEZIER_KNOTS.);
#5537 = CARTESIAN_POINT('',(6.,-20.1));
#5538 = CARTESIAN_POINT('',(6.,-14.9));
#5539 = ( GEOMETRIC_REPRESENTATION_CONTEXT(2) 
PARAMETRIC_REPRESENTATION_CONTEXT() REPRESENTATION_CONTEXT('2D SPACE',''
  ) );
#5540 = PCURVE('',#5541,#5546);
#5541 = PLANE('',#5542);
#5542 = AXIS2_PLACEMENT_3D('',#5543,#5544,#5545);
#5543 = CARTESIAN_POINT('',(237.3,27.4,20.8));
#5544 = DIRECTION('',(0.,0.,1.));
#5545 = DIRECTION('',(1.,0.,-0.));
#5546 = DEFINITIONAL_REPRESENTATION('',(#5547),#5550);
#5547 = B_SPLINE_CURVE_WITH_KNOTS('',1,(#5548,#5549),.UNSPECIFIED.,.F.,
  .F.,(2,2),(-12.65,-7.45),.PIECEWISE_BEZIER_KNOTS.);
#5548 = CARTESIAN_POINT('',(1.,5.2));
#5549 = CARTESIAN_POINT('',(1.,0.));
#5550 = ( GEOMETRIC_REPRESENTATION_CONTEXT(2) 
PARAMETRIC_REPRESENTATION_CONTEXT() REPRESENTATION_CONTEXT('2D SPACE',''
  ) );
#5551 = ORIENTED_EDGE('',*,*,#5552,.T.);
#5552 = EDGE_CURVE('',#5527,#5553,#5555,.T.);
#5553 = VERTEX_POINT('',#5554);
#5554 = CARTESIAN_POINT('',(238.3,27.4,23.8));
#5555 = SURFACE_CURVE('',#5556,(#5560,#5566),.PCURVE_S1.);
#5556 = LINE('',#5557,#5558);
#5557 = CARTESIAN_POINT('',(238.3,27.4,17.8));
#5558 = VECTOR('',#5559,1.);
#5559 = DIRECTION('',(0.,0.,1.));
#5560 = PCURVE('',#1937,#5561);
#5561 = DEFINITIONAL_REPRESENTATION('',(#5562),#5565);
#5562 = B_SPLINE_CURVE_WITH_KNOTS('',1,(#5563,#5564),.UNSPECIFIED.,.F.,
  .F.,(2,2),(3.,6.),.PIECEWISE_BEZIER_KNOTS.);
#5563 = CARTESIAN_POINT('',(6.,-14.9));
#5564 = CARTESIAN_POINT('',(9.,-14.9));
#5565 = ( GEOMETRIC_REPRESENTATION_CONTEXT(2) 
PARAMETRIC_REPRESENTATION_CONTEXT() REPRESENTATION_CONTEXT('2D SPACE',''
  ) );
#5566 = PCURVE('',#5567,#5572);
#5567 = PLANE('',#5568);
#5568 = AXIS2_PLACEMENT_3D('',#5569,#5570,#5571);
#5569 = CARTESIAN_POINT('',(237.3,27.4,20.8));
#5570 = DIRECTION('',(-0.,1.,0.));
#5571 = DIRECTION('',(0.,0.,1.));
#5572 = DEFINITIONAL_REPRESENTATION('',(#5573),#5576);
#5573 = B_SPLINE_CURVE_WITH_KNOTS('',1,(#5574,#5575),.UNSPECIFIED.,.F.,
  .F.,(2,2),(3.,6.),.PIECEWISE_BEZIER_KNOTS.);
#5574 = CARTESIAN_POINT('',(0.,1.));
#5575 = CARTESIAN_POINT('',(3.,1.));
#5576 = ( GEOMETRIC_REPRESENTATION_CONTEXT(2) 
PARAMETRIC_REPRESENTATION_CONTEXT() REPRESENTATION_CONTEXT('2D SPACE',''
  ) );
#5577 = ORIENTED_EDGE('',*,*,#5578,.F.);
#5578 = EDGE_CURVE('',#5579,#5553,#5581,.T.);
#5579 = VERTEX_POINT('',#5580);
#5580 = CARTESIAN_POINT('',(238.3,32.6,23.8));
#5581 = SURFACE_CURVE('',#5582,(#5586,#5592),.PCURVE_S1.);
#5582 = LINE('',#5583,#5584);
#5583 = CARTESIAN_POINT('',(238.3,19.95,23.8));
#5584 = VECTOR('',#5585,1.);
#5585 = DIRECTION('',(0.,-1.,0.));
#5586 = PCURVE('',#1937,#5587);
#5587 = DEFINITIONAL_REPRESENTATION('',(#5588),#5591);
#5588 = B_SPLINE_CURVE_WITH_KNOTS('',1,(#5589,#5590),.UNSPECIFIED.,.F.,
  .F.,(2,2),(-12.65,-7.45),.PIECEWISE_BEZIER_KNOTS.);
#5589 = CARTESIAN_POINT('',(9.,-20.1));
#5590 = CARTESIAN_POINT('',(9.,-14.9));
#5591 = ( GEOMETRIC_REPRESENTATION_CONTEXT(2) 
PARAMETRIC_REPRESENTATION_CONTEXT() REPRESENTATION_CONTEXT('2D SPACE',''
  ) );
#5592 = PCURVE('',#5593,#5598);
#5593 = PLANE('',#5594);
#5594 = AXIS2_PLACEMENT_3D('',#5595,#5596,#5597);
#5595 = CARTESIAN_POINT('',(237.3,27.4,23.8));
#5596 = DIRECTION('',(0.,0.,1.));
#5597 = DIRECTION('',(1.,0.,-0.));
#5598 = DEFINITIONAL_REPRESENTATION('',(#5599),#5602);
#5599 = B_SPLINE_CURVE_WITH_KNOTS('',1,(#5600,#5601),.UNSPECIFIED.,.F.,
  .F.,(2,2),(-12.65,-7.45),.PIECEWISE_BEZIER_KNOTS.);
#5600 = CARTESIAN_POINT('',(1.,5.2));
#5601 = CARTESIAN_POINT('',(1.,0.));
#5602 = ( GEOMETRIC_REPRESENTATION_CONTEXT(2) 
PARAMETRIC_REPRESENTATION_CONTEXT() REPRESENTATION_CONTEXT('2D SPACE',''
  ) );
#5603 = ORIENTED_EDGE('',*,*,#5604,.F.);
#5604 = EDGE_CURVE('',#5525,#5579,#5605,.T.);
#5605 = SURFACE_CURVE('',#5606,(#5610,#5616),.PCURVE_S1.);
#5606 = LINE('',#5607,#5608);
#5607 = CARTESIAN_POINT('',(238.3,32.6,17.8));
#5608 = VECTOR('',#5609,1.);
#5609 = DIRECTION('',(0.,0.,1.));
#5610 = PCURVE('',#1937,#5611);
#5611 = DEFINITIONAL_REPRESENTATION('',(#5612),#5615);
#5612 = B_SPLINE_CURVE_WITH_KNOTS('',1,(#5613,#5614),.UNSPECIFIED.,.F.,
  .F.,(2,2),(3.,6.),.PIECEWISE_BEZIER_KNOTS.);
#5613 = CARTESIAN_POINT('',(6.,-20.1));
#5614 = CARTESIAN_POINT('',(9.,-20.1));
#5615 = ( GEOMETRIC_REPRESENTATION_CONTEXT(2) 
PARAMETRIC_REPRESENTATION_CONTEXT() REPRESENTATION_CONTEXT('2D SPACE',''
  ) );
#5616 = PCURVE('',#5617,#5622);
#5617 = PLANE('',#5618);
#5618 = AXIS2_PLACEMENT_3D('',#5619,#5620,#5621);
#5619 = CARTESIAN_POINT('',(237.3,32.6,20.8));
#5620 = DIRECTION('',(-0.,1.,0.));
#5621 = DIRECTION('',(0.,0.,1.));
#5622 = DEFINITIONAL_REPRESENTATION('',(#5623),#5626);
#5623 = B_SPLINE_CURVE_WITH_KNOTS('',1,(#5624,#5625),.UNSPECIFIED.,.F.,
  .F.,(2,2),(3.,6.),.PIECEWISE_BEZIER_KNOTS.);
#5624 = CARTESIAN_POINT('',(0.,1.));
#5625 = CARTESIAN_POINT('',(3.,1.));
#5626 = ( GEOMETRIC_REPRESENTATION_CONTEXT(2) 
PARAMETRIC_REPRESENTATION_CONTEXT() REPRESENTATION_CONTEXT('2D SPACE',''
  ) );
#5627 = ADVANCED_FACE('',(#5628),#1909,.F.);
#5628 = FACE_BOUND('',#5629,.F.);
#5629 = EDGE_LOOP('',(#5630,#5631,#5654,#5682,#5705,#5724));
#5630 = ORIENTED_EDGE('',*,*,#1893,.F.);
#5631 = ORIENTED_EDGE('',*,*,#5632,.F.);
#5632 = EDGE_CURVE('',#5633,#1866,#5635,.T.);
#5633 = VERTEX_POINT('',#5634);
#5634 = CARTESIAN_POINT('',(180.45,72.,19.8));
#5635 = SURFACE_CURVE('',#5636,(#5640,#5647),.PCURVE_S1.);
#5636 = LINE('',#5637,#5638);
#5637 = CARTESIAN_POINT('',(180.45,72.,19.8));
#5638 = VECTOR('',#5639,1.);
#5639 = DIRECTION('',(0.,0.,-1.));
#5640 = PCURVE('',#1909,#5641);
#5641 = DEFINITIONAL_REPRESENTATION('',(#5642),#5646);
#5642 = LINE('',#5643,#5644);
#5643 = CARTESIAN_POINT('',(5.,19.));
#5644 = VECTOR('',#5645,1.);
#5645 = DIRECTION('',(-1.,0.));
#5646 = ( GEOMETRIC_REPRESENTATION_CONTEXT(2) 
PARAMETRIC_REPRESENTATION_CONTEXT() REPRESENTATION_CONTEXT('2D SPACE',''
  ) );
#5647 = PCURVE('',#1881,#5648);
#5648 = DEFINITIONAL_REPRESENTATION('',(#5649),#5653);
#5649 = LINE('',#5650,#5651);
#5650 = CARTESIAN_POINT('',(5.,-1.1));
#5651 = VECTOR('',#5652,1.);
#5652 = DIRECTION('',(-1.,0.));
#5653 = ( GEOMETRIC_REPRESENTATION_CONTEXT(2) 
PARAMETRIC_REPRESENTATION_CONTEXT() REPRESENTATION_CONTEXT('2D SPACE',''
  ) );
#5654 = ORIENTED_EDGE('',*,*,#5655,.T.);
#5655 = EDGE_CURVE('',#5633,#5656,#5658,.T.);
#5656 = VERTEX_POINT('',#5657);
#5657 = CARTESIAN_POINT('',(233.3,72.,19.8));
#5658 = SURFACE_CURVE('',#5659,(#5663,#5670),.PCURVE_S1.);
#5659 = LINE('',#5660,#5661);
#5660 = CARTESIAN_POINT('',(161.45,72.,19.8));
#5661 = VECTOR('',#5662,1.);
#5662 = DIRECTION('',(1.,0.,-0.));
#5663 = PCURVE('',#1909,#5664);
#5664 = DEFINITIONAL_REPRESENTATION('',(#5665),#5669);
#5665 = LINE('',#5666,#5667);
#5666 = CARTESIAN_POINT('',(5.,0.));
#5667 = VECTOR('',#5668,1.);
#5668 = DIRECTION('',(0.,1.));
#5669 = ( GEOMETRIC_REPRESENTATION_CONTEXT(2) 
PARAMETRIC_REPRESENTATION_CONTEXT() REPRESENTATION_CONTEXT('2D SPACE',''
  ) );
#5670 = PCURVE('',#5671,#5676);
#5671 = PLANE('',#5672);
#5672 = AXIS2_PLACEMENT_3D('',#5673,#5674,#5675);
#5673 = CARTESIAN_POINT('',(161.45,72.,19.8));
#5674 = DIRECTION('',(0.,0.,1.));
#5675 = DIRECTION('',(1.,0.,-0.));
#5676 = DEFINITIONAL_REPRESENTATION('',(#5677),#5681);
#5677 = LINE('',#5678,#5679);
#5678 = CARTESIAN_POINT('',(0.,0.));
#5679 = VECTOR('',#5680,1.);
#5680 = DIRECTION('',(1.,0.));
#5681 = ( GEOMETRIC_REPRESENTATION_CONTEXT(2) 
PARAMETRIC_REPRESENTATION_CONTEXT() REPRESENTATION_CONTEXT('2D SPACE',''
  ) );
#5682 = ORIENTED_EDGE('',*,*,#5683,.F.);
#5683 = EDGE_CURVE('',#5684,#5656,#5686,.T.);
#5684 = VERTEX_POINT('',#5685);
#5685 = CARTESIAN_POINT('',(233.3,72.,19.3));
#5686 = SURFACE_CURVE('',#5687,(#5691,#5698),.PCURVE_S1.);
#5687 = LINE('',#5688,#5689);
#5688 = CARTESIAN_POINT('',(233.3,72.,19.3));
#5689 = VECTOR('',#5690,1.);
#5690 = DIRECTION('',(-0.,-0.,1.));
#5691 = PCURVE('',#1909,#5692);
#5692 = DEFINITIONAL_REPRESENTATION('',(#5693),#5697);
#5693 = LINE('',#5694,#5695);
#5694 = CARTESIAN_POINT('',(4.5,71.85));
#5695 = VECTOR('',#5696,1.);
#5696 = DIRECTION('',(1.,0.));
#5697 = ( GEOMETRIC_REPRESENTATION_CONTEXT(2) 
PARAMETRIC_REPRESENTATION_CONTEXT() REPRESENTATION_CONTEXT('2D SPACE',''
  ) );
#5698 = PCURVE('',#5404,#5699);
#5699 = DEFINITIONAL_REPRESENTATION('',(#5700),#5704);
#5700 = LINE('',#5701,#5702);
#5701 = CARTESIAN_POINT('',(-11.18033988749,-0.));
#5702 = VECTOR('',#5703,1.);
#5703 = DIRECTION('',(-0.,-1.));
#5704 = ( GEOMETRIC_REPRESENTATION_CONTEXT(2) 
PARAMETRIC_REPRESENTATION_CONTEXT() REPRESENTATION_CONTEXT('2D SPACE',''
  ) );
#5705 = ORIENTED_EDGE('',*,*,#5706,.F.);
#5706 = EDGE_CURVE('',#5344,#5684,#5707,.T.);
#5707 = SURFACE_CURVE('',#5708,(#5712,#5718),.PCURVE_S1.);
#5708 = LINE('',#5709,#5710);
#5709 = CARTESIAN_POINT('',(201.375,72.,19.3));
#5710 = VECTOR('',#5711,1.);
#5711 = DIRECTION('',(-1.,0.,-0.));
#5712 = PCURVE('',#1909,#5713);
#5713 = DEFINITIONAL_REPRESENTATION('',(#5714),#5717);
#5714 = B_SPLINE_CURVE_WITH_KNOTS('',1,(#5715,#5716),.UNSPECIFIED.,.F.,
  .F.,(2,2),(-36.925,-31.925),.PIECEWISE_BEZIER_KNOTS.);
#5715 = CARTESIAN_POINT('',(4.5,76.85));
#5716 = CARTESIAN_POINT('',(4.5,71.85));
#5717 = ( GEOMETRIC_REPRESENTATION_CONTEXT(2) 
PARAMETRIC_REPRESENTATION_CONTEXT() REPRESENTATION_CONTEXT('2D SPACE',''
  ) );
#5718 = PCURVE('',#5379,#5719);
#5719 = DEFINITIONAL_REPRESENTATION('',(#5720),#5723);
#5720 = B_SPLINE_CURVE_WITH_KNOTS('',1,(#5721,#5722),.UNSPECIFIED.,.F.,
  .F.,(2,2),(-36.925,-31.925),.PIECEWISE_BEZIER_KNOTS.);
#5721 = CARTESIAN_POINT('',(3.,-1.753288904374));
#5722 = CARTESIAN_POINT('',(8.,-1.753288904374));
#5723 = ( GEOMETRIC_REPRESENTATION_CONTEXT(2) 
PARAMETRIC_REPRESENTATION_CONTEXT() REPRESENTATION_CONTEXT('2D SPACE',''
  ) );
#5724 = ORIENTED_EDGE('',*,*,#5343,.T.);
#5725 = ADVANCED_FACE('',(#5726),#1881,.T.);
#5726 = FACE_BOUND('',#5727,.T.);
#5727 = EDGE_LOOP('',(#5728,#5751,#5752,#5753));
#5728 = ORIENTED_EDGE('',*,*,#5729,.T.);
#5729 = EDGE_CURVE('',#5730,#1838,#5732,.T.);
#5730 = VERTEX_POINT('',#5731);
#5731 = CARTESIAN_POINT('',(180.45,70.9,19.8));
#5732 = SURFACE_CURVE('',#5733,(#5737,#5744),.PCURVE_S1.);
#5733 = LINE('',#5734,#5735);
#5734 = CARTESIAN_POINT('',(180.45,70.9,19.8));
#5735 = VECTOR('',#5736,1.);
#5736 = DIRECTION('',(0.,0.,-1.));
#5737 = PCURVE('',#1881,#5738);
#5738 = DEFINITIONAL_REPRESENTATION('',(#5739),#5743);
#5739 = LINE('',#5740,#5741);
#5740 = CARTESIAN_POINT('',(5.,0.));
#5741 = VECTOR('',#5742,1.);
#5742 = DIRECTION('',(-1.,0.));
#5743 = ( GEOMETRIC_REPRESENTATION_CONTEXT(2) 
PARAMETRIC_REPRESENTATION_CONTEXT() REPRESENTATION_CONTEXT('2D SPACE',''
  ) );
#5744 = PCURVE('',#1853,#5745);
#5745 = DEFINITIONAL_REPRESENTATION('',(#5746),#5750);
#5746 = LINE('',#5747,#5748);
#5747 = CARTESIAN_POINT('',(5.,19.));
#5748 = VECTOR('',#5749,1.);
#5749 = DIRECTION('',(-1.,0.));
#5750 = ( GEOMETRIC_REPRESENTATION_CONTEXT(2) 
PARAMETRIC_REPRESENTATION_CONTEXT() REPRESENTATION_CONTEXT('2D SPACE',''
  ) );
#5751 = ORIENTED_EDGE('',*,*,#1865,.T.);
#5752 = ORIENTED_EDGE('',*,*,#5632,.F.);
#5753 = ORIENTED_EDGE('',*,*,#5754,.F.);
#5754 = EDGE_CURVE('',#5730,#5633,#5755,.T.);
#5755 = SURFACE_CURVE('',#5756,(#5760,#5767),.PCURVE_S1.);
#5756 = LINE('',#5757,#5758);
#5757 = CARTESIAN_POINT('',(180.45,70.9,19.8));
#5758 = VECTOR('',#5759,1.);
#5759 = DIRECTION('',(-0.,1.,0.));
#5760 = PCURVE('',#1881,#5761);
#5761 = DEFINITIONAL_REPRESENTATION('',(#5762),#5766);
#5762 = LINE('',#5763,#5764);
#5763 = CARTESIAN_POINT('',(5.,0.));
#5764 = VECTOR('',#5765,1.);
#5765 = DIRECTION('',(0.,-1.));
#5766 = ( GEOMETRIC_REPRESENTATION_CONTEXT(2) 
PARAMETRIC_REPRESENTATION_CONTEXT() REPRESENTATION_CONTEXT('2D SPACE',''
  ) );
#5767 = PCURVE('',#5671,#5768);
#5768 = DEFINITIONAL_REPRESENTATION('',(#5769),#5773);
#5769 = LINE('',#5770,#5771);
#5770 = CARTESIAN_POINT('',(19.,-1.1));
#5771 = VECTOR('',#5772,1.);
#5772 = DIRECTION('',(0.,1.));
#5773 = ( GEOMETRIC_REPRESENTATION_CONTEXT(2) 
PARAMETRIC_REPRESENTATION_CONTEXT() REPRESENTATION_CONTEXT('2D SPACE',''
  ) );
#5774 = ADVANCED_FACE('',(#5775),#1853,.F.);
#5775 = FACE_BOUND('',#5776,.F.);
#5776 = EDGE_LOOP('',(#5777,#5778,#5779,#5802,#5830,#5858));
#5777 = ORIENTED_EDGE('',*,*,#5729,.T.);
#5778 = ORIENTED_EDGE('',*,*,#1837,.F.);
#5779 = ORIENTED_EDGE('',*,*,#5780,.T.);
#5780 = EDGE_CURVE('',#1810,#5781,#5783,.T.);
#5781 = VERTEX_POINT('',#5782);
#5782 = CARTESIAN_POINT('',(161.45,70.9,26.8));
#5783 = SURFACE_CURVE('',#5784,(#5788,#5795),.PCURVE_S1.);
#5784 = LINE('',#5785,#5786);
#5785 = CARTESIAN_POINT('',(161.45,70.9,14.8));
#5786 = VECTOR('',#5787,1.);
#5787 = DIRECTION('',(0.,0.,1.));
#5788 = PCURVE('',#1853,#5789);
#5789 = DEFINITIONAL_REPRESENTATION('',(#5790),#5794);
#5790 = LINE('',#5791,#5792);
#5791 = CARTESIAN_POINT('',(0.,0.));
#5792 = VECTOR('',#5793,1.);
#5793 = DIRECTION('',(1.,0.));
#5794 = ( GEOMETRIC_REPRESENTATION_CONTEXT(2) 
PARAMETRIC_REPRESENTATION_CONTEXT() REPRESENTATION_CONTEXT('2D SPACE',''
  ) );
#5795 = PCURVE('',#1825,#5796);
#5796 = DEFINITIONAL_REPRESENTATION('',(#5797),#5801);
#5797 = LINE('',#5798,#5799);
#5798 = CARTESIAN_POINT('',(0.,1.1));
#5799 = VECTOR('',#5800,1.);
#5800 = DIRECTION('',(1.,0.));
#5801 = ( GEOMETRIC_REPRESENTATION_CONTEXT(2) 
PARAMETRIC_REPRESENTATION_CONTEXT() REPRESENTATION_CONTEXT('2D SPACE',''
  ) );
#5802 = ORIENTED_EDGE('',*,*,#5803,.F.);
#5803 = EDGE_CURVE('',#5804,#5781,#5806,.T.);
#5804 = VERTEX_POINT('',#5805);
#5805 = CARTESIAN_POINT('',(173.45,70.9,26.8));
#5806 = SURFACE_CURVE('',#5807,(#5811,#5818),.PCURVE_S1.);
#5807 = LINE('',#5808,#5809);
#5808 = CARTESIAN_POINT('',(173.45,70.9,26.8));
#5809 = VECTOR('',#5810,1.);
#5810 = DIRECTION('',(-1.,0.,0.));
#5811 = PCURVE('',#1853,#5812);
#5812 = DEFINITIONAL_REPRESENTATION('',(#5813),#5817);
#5813 = LINE('',#5814,#5815);
#5814 = CARTESIAN_POINT('',(12.,12.));
#5815 = VECTOR('',#5816,1.);
#5816 = DIRECTION('',(0.,-1.));
#5817 = ( GEOMETRIC_REPRESENTATION_CONTEXT(2) 
PARAMETRIC_REPRESENTATION_CONTEXT() REPRESENTATION_CONTEXT('2D SPACE',''
  ) );
#5818 = PCURVE('',#5819,#5824);
#5819 = PLANE('',#5820);
#5820 = AXIS2_PLACEMENT_3D('',#5821,#5822,#5823);
#5821 = CARTESIAN_POINT('',(173.45,70.9,26.8));
#5822 = DIRECTION('',(0.,-0.,1.));
#5823 = DIRECTION('',(-1.,0.,0.));
#5824 = DEFINITIONAL_REPRESENTATION('',(#5825),#5829);
#5825 = LINE('',#5826,#5827);
#5826 = CARTESIAN_POINT('',(0.,0.));
#5827 = VECTOR('',#5828,1.);
#5828 = DIRECTION('',(1.,0.));
#5829 = ( GEOMETRIC_REPRESENTATION_CONTEXT(2) 
PARAMETRIC_REPRESENTATION_CONTEXT() REPRESENTATION_CONTEXT('2D SPACE',''
  ) );
#5830 = ORIENTED_EDGE('',*,*,#5831,.F.);
#5831 = EDGE_CURVE('',#5832,#5804,#5834,.T.);
#5832 = VERTEX_POINT('',#5833);
#5833 = CARTESIAN_POINT('',(179.98333333333,70.9,19.8));
#5834 = SURFACE_CURVE('',#5835,(#5839,#5846),.PCURVE_S1.);
#5835 = LINE('',#5836,#5837);
#5836 = CARTESIAN_POINT('',(180.45,70.9,19.3));
#5837 = VECTOR('',#5838,1.);
#5838 = DIRECTION('',(-0.68231825036,0.,0.731055268243));
#5839 = PCURVE('',#1853,#5840);
#5840 = DEFINITIONAL_REPRESENTATION('',(#5841),#5845);
#5841 = LINE('',#5842,#5843);
#5842 = CARTESIAN_POINT('',(4.5,19.));
#5843 = VECTOR('',#5844,1.);
#5844 = DIRECTION('',(0.731055268243,-0.68231825036));
#5845 = ( GEOMETRIC_REPRESENTATION_CONTEXT(2) 
PARAMETRIC_REPRESENTATION_CONTEXT() REPRESENTATION_CONTEXT('2D SPACE',''
  ) );
#5846 = PCURVE('',#5847,#5852);
#5847 = PLANE('',#5848);
#5848 = AXIS2_PLACEMENT_3D('',#5849,#5850,#5851);
#5849 = CARTESIAN_POINT('',(180.45,70.9,19.3));
#5850 = DIRECTION('',(0.731055268243,-0.,0.68231825036));
#5851 = DIRECTION('',(-0.68231825036,0.,0.731055268243));
#5852 = DEFINITIONAL_REPRESENTATION('',(#5853),#5857);
#5853 = LINE('',#5854,#5855);
#5854 = CARTESIAN_POINT('',(0.,0.));
#5855 = VECTOR('',#5856,1.);
#5856 = DIRECTION('',(1.,0.));
#5857 = ( GEOMETRIC_REPRESENTATION_CONTEXT(2) 
PARAMETRIC_REPRESENTATION_CONTEXT() REPRESENTATION_CONTEXT('2D SPACE',''
  ) );
#5858 = ORIENTED_EDGE('',*,*,#5859,.T.);
#5859 = EDGE_CURVE('',#5832,#5730,#5860,.T.);
#5860 = SURFACE_CURVE('',#5861,(#5865,#5872),.PCURVE_S1.);
#5861 = LINE('',#5862,#5863);
#5862 = CARTESIAN_POINT('',(161.45,70.9,19.8));
#5863 = VECTOR('',#5864,1.);
#5864 = DIRECTION('',(1.,0.,-0.));
#5865 = PCURVE('',#1853,#5866);
#5866 = DEFINITIONAL_REPRESENTATION('',(#5867),#5871);
#5867 = LINE('',#5868,#5869);
#5868 = CARTESIAN_POINT('',(5.,0.));
#5869 = VECTOR('',#5870,1.);
#5870 = DIRECTION('',(0.,1.));
#5871 = ( GEOMETRIC_REPRESENTATION_CONTEXT(2) 
PARAMETRIC_REPRESENTATION_CONTEXT() REPRESENTATION_CONTEXT('2D SPACE',''
  ) );
#5872 = PCURVE('',#5671,#5873);
#5873 = DEFINITIONAL_REPRESENTATION('',(#5874),#5878);
#5874 = LINE('',#5875,#5876);
#5875 = CARTESIAN_POINT('',(0.,-1.1));
#5876 = VECTOR('',#5877,1.);
#5877 = DIRECTION('',(1.,0.));
#5878 = ( GEOMETRIC_REPRESENTATION_CONTEXT(2) 
PARAMETRIC_REPRESENTATION_CONTEXT() REPRESENTATION_CONTEXT('2D SPACE',''
  ) );
#5879 = ADVANCED_FACE('',(#5880),#1825,.F.);
#5880 = FACE_BOUND('',#5881,.F.);
#5881 = EDGE_LOOP('',(#5882,#5883,#5906,#5927));
#5882 = ORIENTED_EDGE('',*,*,#1809,.T.);
#5883 = ORIENTED_EDGE('',*,*,#5884,.T.);
#5884 = EDGE_CURVE('',#1784,#5885,#5887,.T.);
#5885 = VERTEX_POINT('',#5886);
#5886 = CARTESIAN_POINT('',(161.45,76.95,26.8));
#5887 = SURFACE_CURVE('',#5888,(#5892,#5899),.PCURVE_S1.);
#5888 = LINE('',#5889,#5890);
#5889 = CARTESIAN_POINT('',(161.45,76.95,13.8));
#5890 = VECTOR('',#5891,1.);
#5891 = DIRECTION('',(0.,0.,1.));
#5892 = PCURVE('',#1825,#5893);
#5893 = DEFINITIONAL_REPRESENTATION('',(#5894),#5898);
#5894 = LINE('',#5895,#5896);
#5895 = CARTESIAN_POINT('',(-1.,-4.95));
#5896 = VECTOR('',#5897,1.);
#5897 = DIRECTION('',(1.,0.));
#5898 = ( GEOMETRIC_REPRESENTATION_CONTEXT(2) 
PARAMETRIC_REPRESENTATION_CONTEXT() REPRESENTATION_CONTEXT('2D SPACE',''
  ) );
#5899 = PCURVE('',#1798,#5900);
#5900 = DEFINITIONAL_REPRESENTATION('',(#5901),#5905);
#5901 = LINE('',#5902,#5903);
#5902 = CARTESIAN_POINT('',(0.,0.));
#5903 = VECTOR('',#5904,1.);
#5904 = DIRECTION('',(0.,-1.));
#5905 = ( GEOMETRIC_REPRESENTATION_CONTEXT(2) 
PARAMETRIC_REPRESENTATION_CONTEXT() REPRESENTATION_CONTEXT('2D SPACE',''
  ) );
#5906 = ORIENTED_EDGE('',*,*,#5907,.F.);
#5907 = EDGE_CURVE('',#5781,#5885,#5908,.T.);
#5908 = SURFACE_CURVE('',#5909,(#5913,#5920),.PCURVE_S1.);
#5909 = LINE('',#5910,#5911);
#5910 = CARTESIAN_POINT('',(161.45,70.9,26.8));
#5911 = VECTOR('',#5912,1.);
#5912 = DIRECTION('',(0.,1.,0.));
#5913 = PCURVE('',#1825,#5914);
#5914 = DEFINITIONAL_REPRESENTATION('',(#5915),#5919);
#5915 = LINE('',#5916,#5917);
#5916 = CARTESIAN_POINT('',(12.,1.1));
#5917 = VECTOR('',#5918,1.);
#5918 = DIRECTION('',(0.,-1.));
#5919 = ( GEOMETRIC_REPRESENTATION_CONTEXT(2) 
PARAMETRIC_REPRESENTATION_CONTEXT() REPRESENTATION_CONTEXT('2D SPACE',''
  ) );
#5920 = PCURVE('',#5819,#5921);
#5921 = DEFINITIONAL_REPRESENTATION('',(#5922),#5926);
#5922 = LINE('',#5923,#5924);
#5923 = CARTESIAN_POINT('',(12.,0.));
#5924 = VECTOR('',#5925,1.);
#5925 = DIRECTION('',(0.,-1.));
#5926 = ( GEOMETRIC_REPRESENTATION_CONTEXT(2) 
PARAMETRIC_REPRESENTATION_CONTEXT() REPRESENTATION_CONTEXT('2D SPACE',''
  ) );
#5927 = ORIENTED_EDGE('',*,*,#5780,.F.);
#5928 = ADVANCED_FACE('',(#5929),#1798,.T.);
#5929 = FACE_BOUND('',#5930,.T.);
#5930 = EDGE_LOOP('',(#5931,#5932,#5933,#5954));
#5931 = ORIENTED_EDGE('',*,*,#1783,.T.);
#5932 = ORIENTED_EDGE('',*,*,#5884,.T.);
#5933 = ORIENTED_EDGE('',*,*,#5934,.F.);
#5934 = EDGE_CURVE('',#5935,#5885,#5937,.T.);
#5935 = VERTEX_POINT('',#5936);
#5936 = CARTESIAN_POINT('',(166.9,75.65,26.8));
#5937 = SURFACE_CURVE('',#5938,(#5942,#5948),.PCURVE_S1.);
#5938 = LINE('',#5939,#5940);
#5939 = CARTESIAN_POINT('',(167.80970773273,75.433005494943,26.8));
#5940 = VECTOR('',#5941,1.);
#5941 = DIRECTION('',(-0.972710381042,0.232022659698,0.));
#5942 = PCURVE('',#1798,#5943);
#5943 = DEFINITIONAL_REPRESENTATION('',(#5944),#5947);
#5944 = B_SPLINE_CURVE_WITH_KNOTS('',1,(#5945,#5946),.UNSPECIFIED.,.F.,
  .F.,(2,2),(0.935229797552,6.538130831838),.PIECEWISE_BEZIER_KNOTS.);
#5945 = CARTESIAN_POINT('',(5.602901034286,-13.));
#5946 = CARTESIAN_POINT('',(0.,-13.));
#5947 = ( GEOMETRIC_REPRESENTATION_CONTEXT(2) 
PARAMETRIC_REPRESENTATION_CONTEXT() REPRESENTATION_CONTEXT('2D SPACE',''
  ) );
#5948 = PCURVE('',#5819,#5949);
#5949 = DEFINITIONAL_REPRESENTATION('',(#5950),#5953);
#5950 = B_SPLINE_CURVE_WITH_KNOTS('',1,(#5951,#5952),.UNSPECIFIED.,.F.,
  .F.,(2,2),(0.935229797552,6.538130831838),.PIECEWISE_BEZIER_KNOTS.);
#5951 = CARTESIAN_POINT('',(6.55,-4.75));
#5952 = CARTESIAN_POINT('',(12.,-6.05));
#5953 = ( GEOMETRIC_REPRESENTATION_CONTEXT(2) 
PARAMETRIC_REPRESENTATION_CONTEXT() REPRESENTATION_CONTEXT('2D SPACE',''
  ) );
#5954 = ORIENTED_EDGE('',*,*,#5955,.F.);
#5955 = EDGE_CURVE('',#1758,#5935,#5956,.T.);
#5956 = SURFACE_CURVE('',#5957,(#5961,#5968),.PCURVE_S1.);
#5957 = LINE('',#5958,#5959);
#5958 = CARTESIAN_POINT('',(166.9,75.65,13.8));
#5959 = VECTOR('',#5960,1.);
#5960 = DIRECTION('',(0.,0.,1.));
#5961 = PCURVE('',#1798,#5962);
#5962 = DEFINITIONAL_REPRESENTATION('',(#5963),#5967);
#5963 = LINE('',#5964,#5965);
#5964 = CARTESIAN_POINT('',(5.602901034286,0.));
#5965 = VECTOR('',#5966,1.);
#5966 = DIRECTION('',(0.,-1.));
#5967 = ( GEOMETRIC_REPRESENTATION_CONTEXT(2) 
PARAMETRIC_REPRESENTATION_CONTEXT() REPRESENTATION_CONTEXT('2D SPACE',''
  ) );
#5968 = PCURVE('',#1772,#5969);
#5969 = DEFINITIONAL_REPRESENTATION('',(#5970),#5974);
#5970 = LINE('',#5971,#5972);
#5971 = CARTESIAN_POINT('',(0.,0.));
#5972 = VECTOR('',#5973,1.);
#5973 = DIRECTION('',(0.,-1.));
#5974 = ( GEOMETRIC_REPRESENTATION_CONTEXT(2) 
PARAMETRIC_REPRESENTATION_CONTEXT() REPRESENTATION_CONTEXT('2D SPACE',''
  ) );
#5975 = ADVANCED_FACE('',(#5976),#1772,.T.);
#5976 = FACE_BOUND('',#5977,.T.);
#5977 = EDGE_LOOP('',(#5978,#5979,#5980,#6001));
#5978 = ORIENTED_EDGE('',*,*,#1757,.T.);
#5979 = ORIENTED_EDGE('',*,*,#5955,.T.);
#5980 = ORIENTED_EDGE('',*,*,#5981,.F.);
#5981 = EDGE_CURVE('',#5982,#5935,#5984,.T.);
#5982 = VERTEX_POINT('',#5983);
#5983 = CARTESIAN_POINT('',(167.7,76.45,26.8));
#5984 = SURFACE_CURVE('',#5985,(#5989,#5995),.PCURVE_S1.);
#5985 = LINE('',#5986,#5987);
#5986 = CARTESIAN_POINT('',(167.35,76.1,26.8));
#5987 = VECTOR('',#5988,1.);
#5988 = DIRECTION('',(-0.707106781187,-0.707106781187,0.));
#5989 = PCURVE('',#1772,#5990);
#5990 = DEFINITIONAL_REPRESENTATION('',(#5991),#5994);
#5991 = B_SPLINE_CURVE_WITH_KNOTS('',1,(#5992,#5993),.UNSPECIFIED.,.F.,
  .F.,(2,2),(-0.494974746831,0.636396103068),.PIECEWISE_BEZIER_KNOTS.);
#5992 = CARTESIAN_POINT('',(1.131370849898,-13.));
#5993 = CARTESIAN_POINT('',(0.,-13.));
#5994 = ( GEOMETRIC_REPRESENTATION_CONTEXT(2) 
PARAMETRIC_REPRESENTATION_CONTEXT() REPRESENTATION_CONTEXT('2D SPACE',''
  ) );
#5995 = PCURVE('',#5819,#5996);
#5996 = DEFINITIONAL_REPRESENTATION('',(#5997),#6000);
#5997 = B_SPLINE_CURVE_WITH_KNOTS('',1,(#5998,#5999),.UNSPECIFIED.,.F.,
  .F.,(2,2),(-0.494974746831,0.636396103068),.PIECEWISE_BEZIER_KNOTS.);
#5998 = CARTESIAN_POINT('',(5.75,-5.55));
#5999 = CARTESIAN_POINT('',(6.55,-4.75));
#6000 = ( GEOMETRIC_REPRESENTATION_CONTEXT(2) 
PARAMETRIC_REPRESENTATION_CONTEXT() REPRESENTATION_CONTEXT('2D SPACE',''
  ) );
#6001 = ORIENTED_EDGE('',*,*,#6002,.F.);
#6002 = EDGE_CURVE('',#1732,#5982,#6003,.T.);
#6003 = SURFACE_CURVE('',#6004,(#6008,#6015),.PCURVE_S1.);
#6004 = LINE('',#6005,#6006);
#6005 = CARTESIAN_POINT('',(167.7,76.45,13.8));
#6006 = VECTOR('',#6007,1.);
#6007 = DIRECTION('',(0.,0.,1.));
#6008 = PCURVE('',#1772,#6009);
#6009 = DEFINITIONAL_REPRESENTATION('',(#6010),#6014);
#6010 = LINE('',#6011,#6012);
#6011 = CARTESIAN_POINT('',(1.131370849898,0.));
#6012 = VECTOR('',#6013,1.);
#6013 = DIRECTION('',(0.,-1.));
#6014 = ( GEOMETRIC_REPRESENTATION_CONTEXT(2) 
PARAMETRIC_REPRESENTATION_CONTEXT() REPRESENTATION_CONTEXT('2D SPACE',''
  ) );
#6015 = PCURVE('',#1746,#6016);
#6016 = DEFINITIONAL_REPRESENTATION('',(#6017),#6021);
#6017 = LINE('',#6018,#6019);
#6018 = CARTESIAN_POINT('',(0.,0.));
#6019 = VECTOR('',#6020,1.);
#6020 = DIRECTION('',(0.,-1.));
#6021 = ( GEOMETRIC_REPRESENTATION_CONTEXT(2) 
PARAMETRIC_REPRESENTATION_CONTEXT() REPRESENTATION_CONTEXT('2D SPACE',''
  ) );
#6022 = ADVANCED_FACE('',(#6023),#1746,.T.);
#6023 = FACE_BOUND('',#6024,.T.);
#6024 = EDGE_LOOP('',(#6025,#6026,#6027,#6048));
#6025 = ORIENTED_EDGE('',*,*,#1731,.T.);
#6026 = ORIENTED_EDGE('',*,*,#6002,.T.);
#6027 = ORIENTED_EDGE('',*,*,#6028,.F.);
#6028 = EDGE_CURVE('',#6029,#5982,#6031,.T.);
#6029 = VERTEX_POINT('',#6030);
#6030 = CARTESIAN_POINT('',(167.7,83.35,26.8));
#6031 = SURFACE_CURVE('',#6032,(#6036,#6042),.PCURVE_S1.);
#6032 = LINE('',#6033,#6034);
#6033 = CARTESIAN_POINT('',(167.7,73.675,26.8));
#6034 = VECTOR('',#6035,1.);
#6035 = DIRECTION('',(-0.,-1.,0.));
#6036 = PCURVE('',#1746,#6037);
#6037 = DEFINITIONAL_REPRESENTATION('',(#6038),#6041);
#6038 = B_SPLINE_CURVE_WITH_KNOTS('',1,(#6039,#6040),.UNSPECIFIED.,.F.,
  .F.,(2,2),(-9.675,-2.775),.PIECEWISE_BEZIER_KNOTS.);
#6039 = CARTESIAN_POINT('',(6.9,-13.));
#6040 = CARTESIAN_POINT('',(0.,-13.));
#6041 = ( GEOMETRIC_REPRESENTATION_CONTEXT(2) 
PARAMETRIC_REPRESENTATION_CONTEXT() REPRESENTATION_CONTEXT('2D SPACE',''
  ) );
#6042 = PCURVE('',#5819,#6043);
#6043 = DEFINITIONAL_REPRESENTATION('',(#6044),#6047);
#6044 = B_SPLINE_CURVE_WITH_KNOTS('',1,(#6045,#6046),.UNSPECIFIED.,.F.,
  .F.,(2,2),(-9.675,-2.775),.PIECEWISE_BEZIER_KNOTS.);
#6045 = CARTESIAN_POINT('',(5.75,-12.45));
#6046 = CARTESIAN_POINT('',(5.75,-5.55));
#6047 = ( GEOMETRIC_REPRESENTATION_CONTEXT(2) 
PARAMETRIC_REPRESENTATION_CONTEXT() REPRESENTATION_CONTEXT('2D SPACE',''
  ) );
#6048 = ORIENTED_EDGE('',*,*,#6049,.F.);
#6049 = EDGE_CURVE('',#1706,#6029,#6050,.T.);
#6050 = SURFACE_CURVE('',#6051,(#6055,#6062),.PCURVE_S1.);
#6051 = LINE('',#6052,#6053);
#6052 = CARTESIAN_POINT('',(167.7,83.35,13.8));
#6053 = VECTOR('',#6054,1.);
#6054 = DIRECTION('',(0.,0.,1.));
#6055 = PCURVE('',#1746,#6056);
#6056 = DEFINITIONAL_REPRESENTATION('',(#6057),#6061);
#6057 = LINE('',#6058,#6059);
#6058 = CARTESIAN_POINT('',(6.9,0.));
#6059 = VECTOR('',#6060,1.);
#6060 = DIRECTION('',(0.,-1.));
#6061 = ( GEOMETRIC_REPRESENTATION_CONTEXT(2) 
PARAMETRIC_REPRESENTATION_CONTEXT() REPRESENTATION_CONTEXT('2D SPACE',''
  ) );
#6062 = PCURVE('',#1720,#6063);
#6063 = DEFINITIONAL_REPRESENTATION('',(#6064),#6068);
#6064 = LINE('',#6065,#6066);
#6065 = CARTESIAN_POINT('',(0.,0.));
#6066 = VECTOR('',#6067,1.);
#6067 = DIRECTION('',(0.,-1.));
#6068 = ( GEOMETRIC_REPRESENTATION_CONTEXT(2) 
PARAMETRIC_REPRESENTATION_CONTEXT() REPRESENTATION_CONTEXT('2D SPACE',''
  ) );
#6069 = ADVANCED_FACE('',(#6070),#1720,.T.);
#6070 = FACE_BOUND('',#6071,.T.);
#6071 = EDGE_LOOP('',(#6072,#6073,#6074,#6095));
#6072 = ORIENTED_EDGE('',*,*,#1705,.T.);
#6073 = ORIENTED_EDGE('',*,*,#6049,.T.);
#6074 = ORIENTED_EDGE('',*,*,#6075,.F.);
#6075 = EDGE_CURVE('',#6076,#6029,#6078,.T.);
#6076 = VERTEX_POINT('',#6077);
#6077 = CARTESIAN_POINT('',(166.9,84.15,26.8));
#6078 = SURFACE_CURVE('',#6079,(#6083,#6089),.PCURVE_S1.);
#6079 = LINE('',#6080,#6081);
#6080 = CARTESIAN_POINT('',(172.25,78.8,26.8));
#6081 = VECTOR('',#6082,1.);
#6082 = DIRECTION('',(0.707106781187,-0.707106781187,-0.));
#6083 = PCURVE('',#1720,#6084);
#6084 = DEFINITIONAL_REPRESENTATION('',(#6085),#6088);
#6085 = B_SPLINE_CURVE_WITH_KNOTS('',1,(#6086,#6087),.UNSPECIFIED.,.F.,
  .F.,(2,2),(-7.566042558696,-6.434671708798),.PIECEWISE_BEZIER_KNOTS.);
#6086 = CARTESIAN_POINT('',(1.131370849898,-13.));
#6087 = CARTESIAN_POINT('',(0.,-13.));
#6088 = ( GEOMETRIC_REPRESENTATION_CONTEXT(2) 
PARAMETRIC_REPRESENTATION_CONTEXT() REPRESENTATION_CONTEXT('2D SPACE',''
  ) );
#6089 = PCURVE('',#5819,#6090);
#6090 = DEFINITIONAL_REPRESENTATION('',(#6091),#6094);
#6091 = B_SPLINE_CURVE_WITH_KNOTS('',1,(#6092,#6093),.UNSPECIFIED.,.F.,
  .F.,(2,2),(-7.566042558696,-6.434671708798),.PIECEWISE_BEZIER_KNOTS.);
#6092 = CARTESIAN_POINT('',(6.55,-13.25));
#6093 = CARTESIAN_POINT('',(5.75,-12.45));
#6094 = ( GEOMETRIC_REPRESENTATION_CONTEXT(2) 
PARAMETRIC_REPRESENTATION_CONTEXT() REPRESENTATION_CONTEXT('2D SPACE',''
  ) );
#6095 = ORIENTED_EDGE('',*,*,#6096,.F.);
#6096 = EDGE_CURVE('',#1680,#6076,#6097,.T.);
#6097 = SURFACE_CURVE('',#6098,(#6102,#6109),.PCURVE_S1.);
#6098 = LINE('',#6099,#6100);
#6099 = CARTESIAN_POINT('',(166.9,84.15,13.8));
#6100 = VECTOR('',#6101,1.);
#6101 = DIRECTION('',(0.,0.,1.));
#6102 = PCURVE('',#1720,#6103);
#6103 = DEFINITIONAL_REPRESENTATION('',(#6104),#6108);
#6104 = LINE('',#6105,#6106);
#6105 = CARTESIAN_POINT('',(1.131370849898,0.));
#6106 = VECTOR('',#6107,1.);
#6107 = DIRECTION('',(0.,-1.));
#6108 = ( GEOMETRIC_REPRESENTATION_CONTEXT(2) 
PARAMETRIC_REPRESENTATION_CONTEXT() REPRESENTATION_CONTEXT('2D SPACE',''
  ) );
#6109 = PCURVE('',#1694,#6110);
#6110 = DEFINITIONAL_REPRESENTATION('',(#6111),#6115);
#6111 = LINE('',#6112,#6113);
#6112 = CARTESIAN_POINT('',(0.,0.));
#6113 = VECTOR('',#6114,1.);
#6114 = DIRECTION('',(0.,-1.));
#6115 = ( GEOMETRIC_REPRESENTATION_CONTEXT(2) 
PARAMETRIC_REPRESENTATION_CONTEXT() REPRESENTATION_CONTEXT('2D SPACE',''
  ) );
#6116 = ADVANCED_FACE('',(#6117),#1694,.T.);
#6117 = FACE_BOUND('',#6118,.T.);
#6118 = EDGE_LOOP('',(#6119,#6120,#6121,#6142));
#6119 = ORIENTED_EDGE('',*,*,#1679,.T.);
#6120 = ORIENTED_EDGE('',*,*,#6096,.T.);
#6121 = ORIENTED_EDGE('',*,*,#6122,.F.);
#6122 = EDGE_CURVE('',#6123,#6076,#6125,.T.);
#6123 = VERTEX_POINT('',#6124);
#6124 = CARTESIAN_POINT('',(161.45,82.85,26.8));
#6125 = SURFACE_CURVE('',#6126,(#6130,#6136),.PCURVE_S1.);
#6126 = LINE('',#6127,#6128);
#6127 = CARTESIAN_POINT('',(168.50349008521,84.532483873537,26.8));
#6128 = VECTOR('',#6129,1.);
#6129 = DIRECTION('',(0.972710381042,0.232022659698,0.));
#6130 = PCURVE('',#1694,#6131);
#6131 = DEFINITIONAL_REPRESENTATION('',(#6132),#6135);
#6132 = B_SPLINE_CURVE_WITH_KNOTS('',1,(#6133,#6134),.UNSPECIFIED.,.F.,
  .F.,(2,2),(-7.251377411698,-1.648476377413),.PIECEWISE_BEZIER_KNOTS.);
#6133 = CARTESIAN_POINT('',(5.602901034286,-13.));
#6134 = CARTESIAN_POINT('',(0.,-13.));
#6135 = ( GEOMETRIC_REPRESENTATION_CONTEXT(2) 
PARAMETRIC_REPRESENTATION_CONTEXT() REPRESENTATION_CONTEXT('2D SPACE',''
  ) );
#6136 = PCURVE('',#5819,#6137);
#6137 = DEFINITIONAL_REPRESENTATION('',(#6138),#6141);
#6138 = B_SPLINE_CURVE_WITH_KNOTS('',1,(#6139,#6140),.UNSPECIFIED.,.F.,
  .F.,(2,2),(-7.251377411698,-1.648476377413),.PIECEWISE_BEZIER_KNOTS.);
#6139 = CARTESIAN_POINT('',(12.,-11.95));
#6140 = CARTESIAN_POINT('',(6.55,-13.25));
#6141 = ( GEOMETRIC_REPRESENTATION_CONTEXT(2) 
PARAMETRIC_REPRESENTATION_CONTEXT() REPRESENTATION_CONTEXT('2D SPACE',''
  ) );
#6142 = ORIENTED_EDGE('',*,*,#6143,.F.);
#6143 = EDGE_CURVE('',#1652,#6123,#6144,.T.);
#6144 = SURFACE_CURVE('',#6145,(#6149,#6156),.PCURVE_S1.);
#6145 = LINE('',#6146,#6147);
#6146 = CARTESIAN_POINT('',(161.45,82.85,13.8));
#6147 = VECTOR('',#6148,1.);
#6148 = DIRECTION('',(0.,0.,1.));
#6149 = PCURVE('',#1694,#6150);
#6150 = DEFINITIONAL_REPRESENTATION('',(#6151),#6155);
#6151 = LINE('',#6152,#6153);
#6152 = CARTESIAN_POINT('',(5.602901034286,0.));
#6153 = VECTOR('',#6154,1.);
#6154 = DIRECTION('',(0.,-1.));
#6155 = ( GEOMETRIC_REPRESENTATION_CONTEXT(2) 
PARAMETRIC_REPRESENTATION_CONTEXT() REPRESENTATION_CONTEXT('2D SPACE',''
  ) );
#6156 = PCURVE('',#1667,#6157);
#6157 = DEFINITIONAL_REPRESENTATION('',(#6158),#6162);
#6158 = LINE('',#6159,#6160);
#6159 = CARTESIAN_POINT('',(-1.,-10.85));
#6160 = VECTOR('',#6161,1.);
#6161 = DIRECTION('',(1.,0.));
#6162 = ( GEOMETRIC_REPRESENTATION_CONTEXT(2) 
PARAMETRIC_REPRESENTATION_CONTEXT() REPRESENTATION_CONTEXT('2D SPACE',''
  ) );
#6163 = ADVANCED_FACE('',(#6164),#1667,.F.);
#6164 = FACE_BOUND('',#6165,.F.);
#6165 = EDGE_LOOP('',(#6166,#6189,#6217,#6243,#6271,#6292,#6293));
#6166 = ORIENTED_EDGE('',*,*,#6167,.F.);
#6167 = EDGE_CURVE('',#6168,#1625,#6170,.T.);
#6168 = VERTEX_POINT('',#6169);
#6169 = CARTESIAN_POINT('',(161.45,84.7,0.5));
#6170 = SURFACE_CURVE('',#6171,(#6175,#6182),.PCURVE_S1.);
#6171 = LINE('',#6172,#6173);
#6172 = CARTESIAN_POINT('',(161.45,84.7,0.));
#6173 = VECTOR('',#6174,1.);
#6174 = DIRECTION('',(0.,0.,1.));
#6175 = PCURVE('',#1667,#6176);
#6176 = DEFINITIONAL_REPRESENTATION('',(#6177),#6181);
#6177 = LINE('',#6178,#6179);
#6178 = CARTESIAN_POINT('',(-14.8,-12.7));
#6179 = VECTOR('',#6180,1.);
#6180 = DIRECTION('',(1.,0.));
#6181 = ( GEOMETRIC_REPRESENTATION_CONTEXT(2) 
PARAMETRIC_REPRESENTATION_CONTEXT() REPRESENTATION_CONTEXT('2D SPACE',''
  ) );
#6182 = PCURVE('',#1640,#6183);
#6183 = DEFINITIONAL_REPRESENTATION('',(#6184),#6188);
#6184 = LINE('',#6185,#6186);
#6185 = CARTESIAN_POINT('',(0.,0.));
#6186 = VECTOR('',#6187,1.);
#6187 = DIRECTION('',(1.,0.));
#6188 = ( GEOMETRIC_REPRESENTATION_CONTEXT(2) 
PARAMETRIC_REPRESENTATION_CONTEXT() REPRESENTATION_CONTEXT('2D SPACE',''
  ) );
#6189 = ORIENTED_EDGE('',*,*,#6190,.T.);
#6190 = EDGE_CURVE('',#6168,#6191,#6193,.T.);
#6191 = VERTEX_POINT('',#6192);
#6192 = CARTESIAN_POINT('',(161.45,88.801639344262,0.5));
#6193 = SURFACE_CURVE('',#6194,(#6198,#6205),.PCURVE_S1.);
#6194 = LINE('',#6195,#6196);
#6195 = CARTESIAN_POINT('',(161.45,-1.,0.5));
#6196 = VECTOR('',#6197,1.);
#6197 = DIRECTION('',(0.,1.,0.));
#6198 = PCURVE('',#1667,#6199);
#6199 = DEFINITIONAL_REPRESENTATION('',(#6200),#6204);
#6200 = LINE('',#6201,#6202);
#6201 = CARTESIAN_POINT('',(-14.3,73.));
#6202 = VECTOR('',#6203,1.);
#6203 = DIRECTION('',(0.,-1.));
#6204 = ( GEOMETRIC_REPRESENTATION_CONTEXT(2) 
PARAMETRIC_REPRESENTATION_CONTEXT() REPRESENTATION_CONTEXT('2D SPACE',''
  ) );
#6205 = PCURVE('',#6206,#6211);
#6206 = PLANE('',#6207);
#6207 = AXIS2_PLACEMENT_3D('',#6208,#6209,#6210);
#6208 = CARTESIAN_POINT('',(161.95,-1.,-1.E-02));
#6209 = DIRECTION('',(0.714072839145,-0.,0.700071410926));
#6210 = DIRECTION('',(-0.700071410926,0.,0.714072839145));
#6211 = DEFINITIONAL_REPRESENTATION('',(#6212),#6216);
#6212 = LINE('',#6213,#6214);
#6213 = CARTESIAN_POINT('',(0.714212853427,0.));
#6214 = VECTOR('',#6215,1.);
#6215 = DIRECTION('',(0.,-1.));
#6216 = ( GEOMETRIC_REPRESENTATION_CONTEXT(2) 
PARAMETRIC_REPRESENTATION_CONTEXT() REPRESENTATION_CONTEXT('2D SPACE',''
  ) );
#6217 = ORIENTED_EDGE('',*,*,#6218,.F.);
#6218 = EDGE_CURVE('',#6219,#6191,#6221,.T.);
#6219 = VERTEX_POINT('',#6220);
#6220 = CARTESIAN_POINT('',(161.45,88.9,0.6));
#6221 = SURFACE_CURVE('',#6222,(#6226,#6232),.PCURVE_S1.);
#6222 = LINE('',#6223,#6224);
#6223 = CARTESIAN_POINT('',(161.45,87.994345034831,-0.320749214588));
#6224 = VECTOR('',#6225,1.);
#6225 = DIRECTION('',(0.,-0.701238976117,-0.712926292386));
#6226 = PCURVE('',#1667,#6227);
#6227 = DEFINITIONAL_REPRESENTATION('',(#6228),#6231);
#6228 = B_SPLINE_CURVE_WITH_KNOTS('',1,(#6229,#6230),.UNSPECIFIED.,.F.,
  .F.,(2,2),(-1.291506884263,-0.449905155714),.PIECEWISE_BEZIER_KNOTS.);
#6229 = CARTESIAN_POINT('',(-14.2,-16.9));
#6230 = CARTESIAN_POINT('',(-14.8,-16.30983606557));
#6231 = ( GEOMETRIC_REPRESENTATION_CONTEXT(2) 
PARAMETRIC_REPRESENTATION_CONTEXT() REPRESENTATION_CONTEXT('2D SPACE',''
  ) );
#6232 = PCURVE('',#6233,#6238);
#6233 = PLANE('',#6234);
#6234 = AXIS2_PLACEMENT_3D('',#6235,#6236,#6237);
#6235 = CARTESIAN_POINT('',(160.45,88.3,-1.E-02));
#6236 = DIRECTION('',(0.,-0.712926292386,0.701238976117));
#6237 = DIRECTION('',(0.,0.701238976117,0.712926292386));
#6238 = DEFINITIONAL_REPRESENTATION('',(#6239),#6242);
#6239 = B_SPLINE_CURVE_WITH_KNOTS('',1,(#6240,#6241),.UNSPECIFIED.,.F.,
  .F.,(2,2),(-1.291506884263,-0.449905155714),.PIECEWISE_BEZIER_KNOTS.);
#6240 = CARTESIAN_POINT('',(0.855628424025,-1.));
#6241 = CARTESIAN_POINT('',(1.402669547583E-02,-1.));
#6242 = ( GEOMETRIC_REPRESENTATION_CONTEXT(2) 
PARAMETRIC_REPRESENTATION_CONTEXT() REPRESENTATION_CONTEXT('2D SPACE',''
  ) );
#6243 = ORIENTED_EDGE('',*,*,#6244,.F.);
#6244 = EDGE_CURVE('',#6245,#6219,#6247,.T.);
#6245 = VERTEX_POINT('',#6246);
#6246 = CARTESIAN_POINT('',(161.45,88.9,26.8));
#6247 = SURFACE_CURVE('',#6248,(#6252,#6259),.PCURVE_S1.);
#6248 = LINE('',#6249,#6250);
#6249 = CARTESIAN_POINT('',(161.45,88.9,26.8));
#6250 = VECTOR('',#6251,1.);
#6251 = DIRECTION('',(0.,0.,-1.));
#6252 = PCURVE('',#1667,#6253);
#6253 = DEFINITIONAL_REPRESENTATION('',(#6254),#6258);
#6254 = LINE('',#6255,#6256);
#6255 = CARTESIAN_POINT('',(12.,-16.9));
#6256 = VECTOR('',#6257,1.);
#6257 = DIRECTION('',(-1.,0.));
#6258 = ( GEOMETRIC_REPRESENTATION_CONTEXT(2) 
PARAMETRIC_REPRESENTATION_CONTEXT() REPRESENTATION_CONTEXT('2D SPACE',''
  ) );
#6259 = PCURVE('',#6260,#6265);
#6260 = PLANE('',#6261);
#6261 = AXIS2_PLACEMENT_3D('',#6262,#6263,#6264);
#6262 = CARTESIAN_POINT('',(161.45,88.9,14.8));
#6263 = DIRECTION('',(-0.,1.,0.));
#6264 = DIRECTION('',(0.,0.,1.));
#6265 = DEFINITIONAL_REPRESENTATION('',(#6266),#6270);
#6266 = LINE('',#6267,#6268);
#6267 = CARTESIAN_POINT('',(12.,0.));
#6268 = VECTOR('',#6269,1.);
#6269 = DIRECTION('',(-1.,0.));
#6270 = ( GEOMETRIC_REPRESENTATION_CONTEXT(2) 
PARAMETRIC_REPRESENTATION_CONTEXT() REPRESENTATION_CONTEXT('2D SPACE',''
  ) );
#6271 = ORIENTED_EDGE('',*,*,#6272,.F.);
#6272 = EDGE_CURVE('',#6123,#6245,#6273,.T.);
#6273 = SURFACE_CURVE('',#6274,(#6278,#6285),.PCURVE_S1.);
#6274 = LINE('',#6275,#6276);
#6275 = CARTESIAN_POINT('',(161.45,70.9,26.8));
#6276 = VECTOR('',#6277,1.);
#6277 = DIRECTION('',(0.,1.,0.));
#6278 = PCURVE('',#1667,#6279);
#6279 = DEFINITIONAL_REPRESENTATION('',(#6280),#6284);
#6280 = LINE('',#6281,#6282);
#6281 = CARTESIAN_POINT('',(12.,1.1));
#6282 = VECTOR('',#6283,1.);
#6283 = DIRECTION('',(0.,-1.));
#6284 = ( GEOMETRIC_REPRESENTATION_CONTEXT(2) 
PARAMETRIC_REPRESENTATION_CONTEXT() REPRESENTATION_CONTEXT('2D SPACE',''
  ) );
#6285 = PCURVE('',#5819,#6286);
#6286 = DEFINITIONAL_REPRESENTATION('',(#6287),#6291);
#6287 = LINE('',#6288,#6289);
#6288 = CARTESIAN_POINT('',(12.,0.));
#6289 = VECTOR('',#6290,1.);
#6290 = DIRECTION('',(0.,-1.));
#6291 = ( GEOMETRIC_REPRESENTATION_CONTEXT(2) 
PARAMETRIC_REPRESENTATION_CONTEXT() REPRESENTATION_CONTEXT('2D SPACE',''
  ) );
#6292 = ORIENTED_EDGE('',*,*,#6143,.F.);
#6293 = ORIENTED_EDGE('',*,*,#1651,.T.);
#6294 = ADVANCED_FACE('',(#6295),#1640,.F.);
#6295 = FACE_BOUND('',#6296,.F.);
#6296 = EDGE_LOOP('',(#6297,#6320,#6346,#6374,#6393,#6394));
#6297 = ORIENTED_EDGE('',*,*,#6298,.F.);
#6298 = EDGE_CURVE('',#6299,#1597,#6301,.T.);
#6299 = VERTEX_POINT('',#6300);
#6300 = CARTESIAN_POINT('',(321.15,84.7,0.5));
#6301 = SURFACE_CURVE('',#6302,(#6306,#6313),.PCURVE_S1.);
#6302 = LINE('',#6303,#6304);
#6303 = CARTESIAN_POINT('',(321.15,84.7,0.));
#6304 = VECTOR('',#6305,1.);
#6305 = DIRECTION('',(0.,0.,1.));
#6306 = PCURVE('',#1640,#6307);
#6307 = DEFINITIONAL_REPRESENTATION('',(#6308),#6312);
#6308 = LINE('',#6309,#6310);
#6309 = CARTESIAN_POINT('',(0.,159.7));
#6310 = VECTOR('',#6311,1.);
#6311 = DIRECTION('',(1.,0.));
#6312 = ( GEOMETRIC_REPRESENTATION_CONTEXT(2) 
PARAMETRIC_REPRESENTATION_CONTEXT() REPRESENTATION_CONTEXT('2D SPACE',''
  ) );
#6313 = PCURVE('',#1612,#6314);
#6314 = DEFINITIONAL_REPRESENTATION('',(#6315),#6319);
#6315 = LINE('',#6316,#6317);
#6316 = CARTESIAN_POINT('',(-14.8,-12.7));
#6317 = VECTOR('',#6318,1.);
#6318 = DIRECTION('',(1.,0.));
#6319 = ( GEOMETRIC_REPRESENTATION_CONTEXT(2) 
PARAMETRIC_REPRESENTATION_CONTEXT() REPRESENTATION_CONTEXT('2D SPACE',''
  ) );
#6320 = ORIENTED_EDGE('',*,*,#6321,.T.);
#6321 = EDGE_CURVE('',#6299,#6322,#6324,.T.);
#6322 = VERTEX_POINT('',#6323);
#6323 = CARTESIAN_POINT('',(320.65980392156,84.7,0.));
#6324 = SURFACE_CURVE('',#6325,(#6329,#6335),.PCURVE_S1.);
#6325 = LINE('',#6326,#6327);
#6326 = CARTESIAN_POINT('',(281.64054107037,84.7,-39.79964810821));
#6327 = VECTOR('',#6328,1.);
#6328 = DIRECTION('',(-0.700071410926,0.,-0.714072839145));
#6329 = PCURVE('',#1640,#6330);
#6330 = DEFINITIONAL_REPRESENTATION('',(#6331),#6334);
#6331 = B_SPLINE_CURVE_WITH_KNOTS('',1,(#6332,#6333),.UNSPECIFIED.,.F.,
  .F.,(2,2),(-56.43632679894,-55.73611811911),.PIECEWISE_BEZIER_KNOTS.);
#6332 = CARTESIAN_POINT('',(0.5,159.7));
#6333 = CARTESIAN_POINT('',(2.809803512145E-15,159.20980392156));
#6334 = ( GEOMETRIC_REPRESENTATION_CONTEXT(2) 
PARAMETRIC_REPRESENTATION_CONTEXT() REPRESENTATION_CONTEXT('2D SPACE',''
  ) );
#6335 = PCURVE('',#6336,#6341);
#6336 = PLANE('',#6337);
#6337 = AXIS2_PLACEMENT_3D('',#6338,#6339,#6340);
#6338 = CARTESIAN_POINT('',(320.65,-1.,-1.E-02));
#6339 = DIRECTION('',(0.714072839145,0.,-0.700071410926));
#6340 = DIRECTION('',(0.700071410926,0.,0.714072839145));
#6341 = DEFINITIONAL_REPRESENTATION('',(#6342),#6345);
#6342 = B_SPLINE_CURVE_WITH_KNOTS('',1,(#6343,#6344),.UNSPECIFIED.,.F.,
  .F.,(2,2),(-56.43632679894,-55.73611811911),.PIECEWISE_BEZIER_KNOTS.);
#6343 = CARTESIAN_POINT('',(0.714212853427,-85.7));
#6344 = CARTESIAN_POINT('',(1.40041735966E-02,-85.7));
#6345 = ( GEOMETRIC_REPRESENTATION_CONTEXT(2) 
PARAMETRIC_REPRESENTATION_CONTEXT() REPRESENTATION_CONTEXT('2D SPACE',''
  ) );
#6346 = ORIENTED_EDGE('',*,*,#6347,.F.);
#6347 = EDGE_CURVE('',#6348,#6322,#6350,.T.);
#6348 = VERTEX_POINT('',#6349);
#6349 = CARTESIAN_POINT('',(161.94019607843,84.7,0.));
#6350 = SURFACE_CURVE('',#6351,(#6355,#6362),.PCURVE_S1.);
#6351 = LINE('',#6352,#6353);
#6352 = CARTESIAN_POINT('',(161.45,84.7,0.));
#6353 = VECTOR('',#6354,1.);
#6354 = DIRECTION('',(1.,0.,-0.));
#6355 = PCURVE('',#1640,#6356);
#6356 = DEFINITIONAL_REPRESENTATION('',(#6357),#6361);
#6357 = LINE('',#6358,#6359);
#6358 = CARTESIAN_POINT('',(0.,0.));
#6359 = VECTOR('',#6360,1.);
#6360 = DIRECTION('',(0.,1.));
#6361 = ( GEOMETRIC_REPRESENTATION_CONTEXT(2) 
PARAMETRIC_REPRESENTATION_CONTEXT() REPRESENTATION_CONTEXT('2D SPACE',''
  ) );
#6362 = PCURVE('',#6363,#6368);
#6363 = PLANE('',#6364);
#6364 = AXIS2_PLACEMENT_3D('',#6365,#6366,#6367);
#6365 = CARTESIAN_POINT('',(161.45,84.7,0.));
#6366 = DIRECTION('',(0.,0.,1.));
#6367 = DIRECTION('',(1.,0.,-0.));
#6368 = DEFINITIONAL_REPRESENTATION('',(#6369),#6373);
#6369 = LINE('',#6370,#6371);
#6370 = CARTESIAN_POINT('',(0.,0.));
#6371 = VECTOR('',#6372,1.);
#6372 = DIRECTION('',(1.,0.));
#6373 = ( GEOMETRIC_REPRESENTATION_CONTEXT(2) 
PARAMETRIC_REPRESENTATION_CONTEXT() REPRESENTATION_CONTEXT('2D SPACE',''
  ) );
#6374 = ORIENTED_EDGE('',*,*,#6375,.F.);
#6375 = EDGE_CURVE('',#6168,#6348,#6376,.T.);
#6376 = SURFACE_CURVE('',#6377,(#6381,#6387),.PCURVE_S1.);
#6377 = LINE('',#6378,#6379);
#6378 = CARTESIAN_POINT('',(161.824975495,84.7,0.117524995099));
#6379 = VECTOR('',#6380,1.);
#6380 = DIRECTION('',(0.700071410926,0.,-0.714072839145));
#6381 = PCURVE('',#1640,#6382);
#6382 = DEFINITIONAL_REPRESENTATION('',(#6383),#6386);
#6383 = B_SPLINE_CURVE_WITH_KNOTS('',1,(#6384,#6385),.UNSPECIFIED.,.F.,
  .F.,(2,2),(-0.5356246365,0.164584043331),.PIECEWISE_BEZIER_KNOTS.);
#6384 = CARTESIAN_POINT('',(0.5,5.333794562017E-15));
#6385 = CARTESIAN_POINT('',(-1.655913294187E-17,0.490196078431));
#6386 = ( GEOMETRIC_REPRESENTATION_CONTEXT(2) 
PARAMETRIC_REPRESENTATION_CONTEXT() REPRESENTATION_CONTEXT('2D SPACE',''
  ) );
#6387 = PCURVE('',#6206,#6388);
#6388 = DEFINITIONAL_REPRESENTATION('',(#6389),#6392);
#6389 = B_SPLINE_CURVE_WITH_KNOTS('',1,(#6390,#6391),.UNSPECIFIED.,.F.,
  .F.,(2,2),(-0.5356246365,0.164584043331),.PIECEWISE_BEZIER_KNOTS.);
#6390 = CARTESIAN_POINT('',(0.714212853427,-85.7));
#6391 = CARTESIAN_POINT('',(1.40041735966E-02,-85.7));
#6392 = ( GEOMETRIC_REPRESENTATION_CONTEXT(2) 
PARAMETRIC_REPRESENTATION_CONTEXT() REPRESENTATION_CONTEXT('2D SPACE',''
  ) );
#6393 = ORIENTED_EDGE('',*,*,#6167,.T.);
#6394 = ORIENTED_EDGE('',*,*,#1624,.T.);
#6395 = ADVANCED_FACE('',(#6396),#1612,.T.);
#6396 = FACE_BOUND('',#6397,.T.);
#6397 = EDGE_LOOP('',(#6398,#6399,#6400,#6423,#6444,#6467,#6495));
#6398 = ORIENTED_EDGE('',*,*,#1596,.F.);
#6399 = ORIENTED_EDGE('',*,*,#6298,.F.);
#6400 = ORIENTED_EDGE('',*,*,#6401,.T.);
#6401 = EDGE_CURVE('',#6299,#6402,#6404,.T.);
#6402 = VERTEX_POINT('',#6403);
#6403 = CARTESIAN_POINT('',(321.15,88.801639344262,0.5));
#6404 = SURFACE_CURVE('',#6405,(#6409,#6416),.PCURVE_S1.);
#6405 = LINE('',#6406,#6407);
#6406 = CARTESIAN_POINT('',(321.15,-1.,0.5));
#6407 = VECTOR('',#6408,1.);
#6408 = DIRECTION('',(0.,1.,0.));
#6409 = PCURVE('',#1612,#6410);
#6410 = DEFINITIONAL_REPRESENTATION('',(#6411),#6415);
#6411 = LINE('',#6412,#6413);
#6412 = CARTESIAN_POINT('',(-14.3,73.));
#6413 = VECTOR('',#6414,1.);
#6414 = DIRECTION('',(0.,-1.));
#6415 = ( GEOMETRIC_REPRESENTATION_CONTEXT(2) 
PARAMETRIC_REPRESENTATION_CONTEXT() REPRESENTATION_CONTEXT('2D SPACE',''
  ) );
#6416 = PCURVE('',#6336,#6417);
#6417 = DEFINITIONAL_REPRESENTATION('',(#6418),#6422);
#6418 = LINE('',#6419,#6420);
#6419 = CARTESIAN_POINT('',(0.714212853427,0.));
#6420 = VECTOR('',#6421,1.);
#6421 = DIRECTION('',(0.,-1.));
#6422 = ( GEOMETRIC_REPRESENTATION_CONTEXT(2) 
PARAMETRIC_REPRESENTATION_CONTEXT() REPRESENTATION_CONTEXT('2D SPACE',''
  ) );
#6423 = ORIENTED_EDGE('',*,*,#6424,.F.);
#6424 = EDGE_CURVE('',#6425,#6402,#6427,.T.);
#6425 = VERTEX_POINT('',#6426);
#6426 = CARTESIAN_POINT('',(321.15,88.9,0.6));
#6427 = SURFACE_CURVE('',#6428,(#6432,#6438),.PCURVE_S1.);
#6428 = LINE('',#6429,#6430);
#6429 = CARTESIAN_POINT('',(321.15,87.994345034831,-0.320749214588));
#6430 = VECTOR('',#6431,1.);
#6431 = DIRECTION('',(0.,-0.701238976117,-0.712926292386));
#6432 = PCURVE('',#1612,#6433);
#6433 = DEFINITIONAL_REPRESENTATION('',(#6434),#6437);
#6434 = B_SPLINE_CURVE_WITH_KNOTS('',1,(#6435,#6436),.UNSPECIFIED.,.F.,
  .F.,(2,2),(-1.291506884263,-0.449905155714),.PIECEWISE_BEZIER_KNOTS.);
#6435 = CARTESIAN_POINT('',(-14.2,-16.9));
#6436 = CARTESIAN_POINT('',(-14.8,-16.30983606557));
#6437 = ( GEOMETRIC_REPRESENTATION_CONTEXT(2) 
PARAMETRIC_REPRESENTATION_CONTEXT() REPRESENTATION_CONTEXT('2D SPACE',''
  ) );
#6438 = PCURVE('',#6233,#6439);
#6439 = DEFINITIONAL_REPRESENTATION('',(#6440),#6443);
#6440 = B_SPLINE_CURVE_WITH_KNOTS('',1,(#6441,#6442),.UNSPECIFIED.,.F.,
  .F.,(2,2),(-1.291506884263,-0.449905155714),.PIECEWISE_BEZIER_KNOTS.);
#6441 = CARTESIAN_POINT('',(0.855628424025,-160.7));
#6442 = CARTESIAN_POINT('',(1.402669547583E-02,-160.7));
#6443 = ( GEOMETRIC_REPRESENTATION_CONTEXT(2) 
PARAMETRIC_REPRESENTATION_CONTEXT() REPRESENTATION_CONTEXT('2D SPACE',''
  ) );
#6444 = ORIENTED_EDGE('',*,*,#6445,.T.);
#6445 = EDGE_CURVE('',#6425,#6446,#6448,.T.);
#6446 = VERTEX_POINT('',#6447);
#6447 = CARTESIAN_POINT('',(321.15,88.9,26.8));
#6448 = SURFACE_CURVE('',#6449,(#6453,#6460),.PCURVE_S1.);
#6449 = LINE('',#6450,#6451);
#6450 = CARTESIAN_POINT('',(321.15,88.9,0.));
#6451 = VECTOR('',#6452,1.);
#6452 = DIRECTION('',(0.,0.,1.));
#6453 = PCURVE('',#1612,#6454);
#6454 = DEFINITIONAL_REPRESENTATION('',(#6455),#6459);
#6455 = LINE('',#6456,#6457);
#6456 = CARTESIAN_POINT('',(-14.8,-16.9));
#6457 = VECTOR('',#6458,1.);
#6458 = DIRECTION('',(1.,0.));
#6459 = ( GEOMETRIC_REPRESENTATION_CONTEXT(2) 
PARAMETRIC_REPRESENTATION_CONTEXT() REPRESENTATION_CONTEXT('2D SPACE',''
  ) );
#6460 = PCURVE('',#6260,#6461);
#6461 = DEFINITIONAL_REPRESENTATION('',(#6462),#6466);
#6462 = LINE('',#6463,#6464);
#6463 = CARTESIAN_POINT('',(-14.8,159.7));
#6464 = VECTOR('',#6465,1.);
#6465 = DIRECTION('',(1.,0.));
#6466 = ( GEOMETRIC_REPRESENTATION_CONTEXT(2) 
PARAMETRIC_REPRESENTATION_CONTEXT() REPRESENTATION_CONTEXT('2D SPACE',''
  ) );
#6467 = ORIENTED_EDGE('',*,*,#6468,.F.);
#6468 = EDGE_CURVE('',#6469,#6446,#6471,.T.);
#6469 = VERTEX_POINT('',#6470);
#6470 = CARTESIAN_POINT('',(321.15,82.85,26.8));
#6471 = SURFACE_CURVE('',#6472,(#6476,#6483),.PCURVE_S1.);
#6472 = LINE('',#6473,#6474);
#6473 = CARTESIAN_POINT('',(321.15,70.9,26.8));
#6474 = VECTOR('',#6475,1.);
#6475 = DIRECTION('',(-0.,1.,-0.));
#6476 = PCURVE('',#1612,#6477);
#6477 = DEFINITIONAL_REPRESENTATION('',(#6478),#6482);
#6478 = LINE('',#6479,#6480);
#6479 = CARTESIAN_POINT('',(12.,1.1));
#6480 = VECTOR('',#6481,1.);
#6481 = DIRECTION('',(0.,-1.));
#6482 = ( GEOMETRIC_REPRESENTATION_CONTEXT(2) 
PARAMETRIC_REPRESENTATION_CONTEXT() REPRESENTATION_CONTEXT('2D SPACE',''
  ) );
#6483 = PCURVE('',#6484,#6489);
#6484 = PLANE('',#6485);
#6485 = AXIS2_PLACEMENT_3D('',#6486,#6487,#6488);
#6486 = CARTESIAN_POINT('',(309.15,70.9,26.8));
#6487 = DIRECTION('',(-0.,-0.,1.));
#6488 = DIRECTION('',(-1.,0.,0.));
#6489 = DEFINITIONAL_REPRESENTATION('',(#6490),#6494);
#6490 = LINE('',#6491,#6492);
#6491 = CARTESIAN_POINT('',(-12.,0.));
#6492 = VECTOR('',#6493,1.);
#6493 = DIRECTION('',(-0.,-1.));
#6494 = ( GEOMETRIC_REPRESENTATION_CONTEXT(2) 
PARAMETRIC_REPRESENTATION_CONTEXT() REPRESENTATION_CONTEXT('2D SPACE',''
  ) );
#6495 = ORIENTED_EDGE('',*,*,#6496,.F.);
#6496 = EDGE_CURVE('',#1571,#6469,#6497,.T.);
#6497 = SURFACE_CURVE('',#6498,(#6502,#6509),.PCURVE_S1.);
#6498 = LINE('',#6499,#6500);
#6499 = CARTESIAN_POINT('',(321.15,82.85,13.8));
#6500 = VECTOR('',#6501,1.);
#6501 = DIRECTION('',(-0.,-0.,1.));
#6502 = PCURVE('',#1612,#6503);
#6503 = DEFINITIONAL_REPRESENTATION('',(#6504),#6508);
#6504 = LINE('',#6505,#6506);
#6505 = CARTESIAN_POINT('',(-1.,-10.85));
#6506 = VECTOR('',#6507,1.);
#6507 = DIRECTION('',(1.,0.));
#6508 = ( GEOMETRIC_REPRESENTATION_CONTEXT(2) 
PARAMETRIC_REPRESENTATION_CONTEXT() REPRESENTATION_CONTEXT('2D SPACE',''
  ) );
#6509 = PCURVE('',#1585,#6510);
#6510 = DEFINITIONAL_REPRESENTATION('',(#6511),#6515);
#6511 = LINE('',#6512,#6513);
#6512 = CARTESIAN_POINT('',(-5.602901034286,0.));
#6513 = VECTOR('',#6514,1.);
#6514 = DIRECTION('',(-0.,-1.));
#6515 = ( GEOMETRIC_REPRESENTATION_CONTEXT(2) 
PARAMETRIC_REPRESENTATION_CONTEXT() REPRESENTATION_CONTEXT('2D SPACE',''
  ) );
#6516 = ADVANCED_FACE('',(#6517),#1585,.T.);
#6517 = FACE_BOUND('',#6518,.F.);
#6518 = EDGE_LOOP('',(#6519,#6520,#6543,#6562));
#6519 = ORIENTED_EDGE('',*,*,#1570,.T.);
#6520 = ORIENTED_EDGE('',*,*,#6521,.T.);
#6521 = EDGE_CURVE('',#1545,#6522,#6524,.T.);
#6522 = VERTEX_POINT('',#6523);
#6523 = CARTESIAN_POINT('',(315.7,84.15,26.8));
#6524 = SURFACE_CURVE('',#6525,(#6529,#6536),.PCURVE_S1.);
#6525 = LINE('',#6526,#6527);
#6526 = CARTESIAN_POINT('',(315.7,84.15,13.8));
#6527 = VECTOR('',#6528,1.);
#6528 = DIRECTION('',(-0.,-0.,1.));
#6529 = PCURVE('',#1585,#6530);
#6530 = DEFINITIONAL_REPRESENTATION('',(#6531),#6535);
#6531 = LINE('',#6532,#6533);
#6532 = CARTESIAN_POINT('',(-0.,-0.));
#6533 = VECTOR('',#6534,1.);
#6534 = DIRECTION('',(-0.,-1.));
#6535 = ( GEOMETRIC_REPRESENTATION_CONTEXT(2) 
PARAMETRIC_REPRESENTATION_CONTEXT() REPRESENTATION_CONTEXT('2D SPACE',''
  ) );
#6536 = PCURVE('',#1559,#6537);
#6537 = DEFINITIONAL_REPRESENTATION('',(#6538),#6542);
#6538 = LINE('',#6539,#6540);
#6539 = CARTESIAN_POINT('',(-1.131370849899,0.));
#6540 = VECTOR('',#6541,1.);
#6541 = DIRECTION('',(-0.,-1.));
#6542 = ( GEOMETRIC_REPRESENTATION_CONTEXT(2) 
PARAMETRIC_REPRESENTATION_CONTEXT() REPRESENTATION_CONTEXT('2D SPACE',''
  ) );
#6543 = ORIENTED_EDGE('',*,*,#6544,.T.);
#6544 = EDGE_CURVE('',#6522,#6469,#6545,.T.);
#6545 = SURFACE_CURVE('',#6546,(#6550,#6556),.PCURVE_S1.);
#6546 = LINE('',#6547,#6548);
#6547 = CARTESIAN_POINT('',(314.09650991478,84.532483873537,26.8));
#6548 = VECTOR('',#6549,1.);
#6549 = DIRECTION('',(0.972710381042,-0.232022659698,0.));
#6550 = PCURVE('',#1585,#6551);
#6551 = DEFINITIONAL_REPRESENTATION('',(#6552),#6555);
#6552 = B_SPLINE_CURVE_WITH_KNOTS('',1,(#6553,#6554),.UNSPECIFIED.,.F.,
  .F.,(2,2),(1.648476377412,7.251377411698),.PIECEWISE_BEZIER_KNOTS.);
#6553 = CARTESIAN_POINT('',(0.,-13.));
#6554 = CARTESIAN_POINT('',(-5.602901034286,-13.));
#6555 = ( GEOMETRIC_REPRESENTATION_CONTEXT(2) 
PARAMETRIC_REPRESENTATION_CONTEXT() REPRESENTATION_CONTEXT('2D SPACE',''
  ) );
#6556 = PCURVE('',#6484,#6557);
#6557 = DEFINITIONAL_REPRESENTATION('',(#6558),#6561);
#6558 = B_SPLINE_CURVE_WITH_KNOTS('',1,(#6559,#6560),.UNSPECIFIED.,.F.,
  .F.,(2,2),(1.648476377412,7.251377411698),.PIECEWISE_BEZIER_KNOTS.);
#6559 = CARTESIAN_POINT('',(-6.55,-13.25));
#6560 = CARTESIAN_POINT('',(-12.,-11.95));
#6561 = ( GEOMETRIC_REPRESENTATION_CONTEXT(2) 
PARAMETRIC_REPRESENTATION_CONTEXT() REPRESENTATION_CONTEXT('2D SPACE',''
  ) );
#6562 = ORIENTED_EDGE('',*,*,#6496,.F.);
#6563 = ADVANCED_FACE('',(#6564),#1559,.T.);
#6564 = FACE_BOUND('',#6565,.F.);
#6565 = EDGE_LOOP('',(#6566,#6567,#6590,#6609));
#6566 = ORIENTED_EDGE('',*,*,#1544,.T.);
#6567 = ORIENTED_EDGE('',*,*,#6568,.T.);
#6568 = EDGE_CURVE('',#1519,#6569,#6571,.T.);
#6569 = VERTEX_POINT('',#6570);
#6570 = CARTESIAN_POINT('',(314.9,83.35,26.8));
#6571 = SURFACE_CURVE('',#6572,(#6576,#6583),.PCURVE_S1.);
#6572 = LINE('',#6573,#6574);
#6573 = CARTESIAN_POINT('',(314.9,83.35,13.8));
#6574 = VECTOR('',#6575,1.);
#6575 = DIRECTION('',(-0.,-0.,1.));
#6576 = PCURVE('',#1559,#6577);
#6577 = DEFINITIONAL_REPRESENTATION('',(#6578),#6582);
#6578 = LINE('',#6579,#6580);
#6579 = CARTESIAN_POINT('',(-0.,0.));
#6580 = VECTOR('',#6581,1.);
#6581 = DIRECTION('',(-0.,-1.));
#6582 = ( GEOMETRIC_REPRESENTATION_CONTEXT(2) 
PARAMETRIC_REPRESENTATION_CONTEXT() REPRESENTATION_CONTEXT('2D SPACE',''
  ) );
#6583 = PCURVE('',#1533,#6584);
#6584 = DEFINITIONAL_REPRESENTATION('',(#6585),#6589);
#6585 = LINE('',#6586,#6587);
#6586 = CARTESIAN_POINT('',(-6.9,-0.));
#6587 = VECTOR('',#6588,1.);
#6588 = DIRECTION('',(-0.,-1.));
#6589 = ( GEOMETRIC_REPRESENTATION_CONTEXT(2) 
PARAMETRIC_REPRESENTATION_CONTEXT() REPRESENTATION_CONTEXT('2D SPACE',''
  ) );
#6590 = ORIENTED_EDGE('',*,*,#6591,.T.);
#6591 = EDGE_CURVE('',#6569,#6522,#6592,.T.);
#6592 = SURFACE_CURVE('',#6593,(#6597,#6603),.PCURVE_S1.);
#6593 = LINE('',#6594,#6595);
#6594 = CARTESIAN_POINT('',(310.35,78.8,26.8));
#6595 = VECTOR('',#6596,1.);
#6596 = DIRECTION('',(0.707106781187,0.707106781187,0.));
#6597 = PCURVE('',#1559,#6598);
#6598 = DEFINITIONAL_REPRESENTATION('',(#6599),#6602);
#6599 = B_SPLINE_CURVE_WITH_KNOTS('',1,(#6600,#6601),.UNSPECIFIED.,.F.,
  .F.,(2,2),(6.434671708798,7.566042558696),.PIECEWISE_BEZIER_KNOTS.);
#6600 = CARTESIAN_POINT('',(0.,-13.));
#6601 = CARTESIAN_POINT('',(-1.131370849899,-13.));
#6602 = ( GEOMETRIC_REPRESENTATION_CONTEXT(2) 
PARAMETRIC_REPRESENTATION_CONTEXT() REPRESENTATION_CONTEXT('2D SPACE',''
  ) );
#6603 = PCURVE('',#6484,#6604);
#6604 = DEFINITIONAL_REPRESENTATION('',(#6605),#6608);
#6605 = B_SPLINE_CURVE_WITH_KNOTS('',1,(#6606,#6607),.UNSPECIFIED.,.F.,
  .F.,(2,2),(6.434671708798,7.566042558696),.PIECEWISE_BEZIER_KNOTS.);
#6606 = CARTESIAN_POINT('',(-5.75,-12.45));
#6607 = CARTESIAN_POINT('',(-6.55,-13.25));
#6608 = ( GEOMETRIC_REPRESENTATION_CONTEXT(2) 
PARAMETRIC_REPRESENTATION_CONTEXT() REPRESENTATION_CONTEXT('2D SPACE',''
  ) );
#6609 = ORIENTED_EDGE('',*,*,#6521,.F.);
#6610 = ADVANCED_FACE('',(#6611),#1533,.T.);
#6611 = FACE_BOUND('',#6612,.F.);
#6612 = EDGE_LOOP('',(#6613,#6614,#6637,#6656));
#6613 = ORIENTED_EDGE('',*,*,#1518,.T.);
#6614 = ORIENTED_EDGE('',*,*,#6615,.T.);
#6615 = EDGE_CURVE('',#1493,#6616,#6618,.T.);
#6616 = VERTEX_POINT('',#6617);
#6617 = CARTESIAN_POINT('',(314.9,76.45,26.8));
#6618 = SURFACE_CURVE('',#6619,(#6623,#6630),.PCURVE_S1.);
#6619 = LINE('',#6620,#6621);
#6620 = CARTESIAN_POINT('',(314.9,76.45,13.8));
#6621 = VECTOR('',#6622,1.);
#6622 = DIRECTION('',(-0.,-0.,1.));
#6623 = PCURVE('',#1533,#6624);
#6624 = DEFINITIONAL_REPRESENTATION('',(#6625),#6629);
#6625 = LINE('',#6626,#6627);
#6626 = CARTESIAN_POINT('',(-0.,-0.));
#6627 = VECTOR('',#6628,1.);
#6628 = DIRECTION('',(-0.,-1.));
#6629 = ( GEOMETRIC_REPRESENTATION_CONTEXT(2) 
PARAMETRIC_REPRESENTATION_CONTEXT() REPRESENTATION_CONTEXT('2D SPACE',''
  ) );
#6630 = PCURVE('',#1507,#6631);
#6631 = DEFINITIONAL_REPRESENTATION('',(#6632),#6636);
#6632 = LINE('',#6633,#6634);
#6633 = CARTESIAN_POINT('',(-1.131370849899,0.));
#6634 = VECTOR('',#6635,1.);
#6635 = DIRECTION('',(-0.,-1.));
#6636 = ( GEOMETRIC_REPRESENTATION_CONTEXT(2) 
PARAMETRIC_REPRESENTATION_CONTEXT() REPRESENTATION_CONTEXT('2D SPACE',''
  ) );
#6637 = ORIENTED_EDGE('',*,*,#6638,.T.);
#6638 = EDGE_CURVE('',#6616,#6569,#6639,.T.);
#6639 = SURFACE_CURVE('',#6640,(#6644,#6650),.PCURVE_S1.);
#6640 = LINE('',#6641,#6642);
#6641 = CARTESIAN_POINT('',(314.9,73.675,26.8));
#6642 = VECTOR('',#6643,1.);
#6643 = DIRECTION('',(0.,1.,0.));
#6644 = PCURVE('',#1533,#6645);
#6645 = DEFINITIONAL_REPRESENTATION('',(#6646),#6649);
#6646 = B_SPLINE_CURVE_WITH_KNOTS('',1,(#6647,#6648),.UNSPECIFIED.,.F.,
  .F.,(2,2),(2.775,9.675),.PIECEWISE_BEZIER_KNOTS.);
#6647 = CARTESIAN_POINT('',(0.,-13.));
#6648 = CARTESIAN_POINT('',(-6.9,-13.));
#6649 = ( GEOMETRIC_REPRESENTATION_CONTEXT(2) 
PARAMETRIC_REPRESENTATION_CONTEXT() REPRESENTATION_CONTEXT('2D SPACE',''
  ) );
#6650 = PCURVE('',#6484,#6651);
#6651 = DEFINITIONAL_REPRESENTATION('',(#6652),#6655);
#6652 = B_SPLINE_CURVE_WITH_KNOTS('',1,(#6653,#6654),.UNSPECIFIED.,.F.,
  .F.,(2,2),(2.775,9.675),.PIECEWISE_BEZIER_KNOTS.);
#6653 = CARTESIAN_POINT('',(-5.75,-5.55));
#6654 = CARTESIAN_POINT('',(-5.75,-12.45));
#6655 = ( GEOMETRIC_REPRESENTATION_CONTEXT(2) 
PARAMETRIC_REPRESENTATION_CONTEXT() REPRESENTATION_CONTEXT('2D SPACE',''
  ) );
#6656 = ORIENTED_EDGE('',*,*,#6568,.F.);
#6657 = ADVANCED_FACE('',(#6658),#1507,.T.);
#6658 = FACE_BOUND('',#6659,.F.);
#6659 = EDGE_LOOP('',(#6660,#6661,#6684,#6703));
#6660 = ORIENTED_EDGE('',*,*,#1492,.T.);
#6661 = ORIENTED_EDGE('',*,*,#6662,.T.);
#6662 = EDGE_CURVE('',#1467,#6663,#6665,.T.);
#6663 = VERTEX_POINT('',#6664);
#6664 = CARTESIAN_POINT('',(315.7,75.65,26.8));
#6665 = SURFACE_CURVE('',#6666,(#6670,#6677),.PCURVE_S1.);
#6666 = LINE('',#6667,#6668);
#6667 = CARTESIAN_POINT('',(315.7,75.65,13.8));
#6668 = VECTOR('',#6669,1.);
#6669 = DIRECTION('',(-0.,-0.,1.));
#6670 = PCURVE('',#1507,#6671);
#6671 = DEFINITIONAL_REPRESENTATION('',(#6672),#6676);
#6672 = LINE('',#6673,#6674);
#6673 = CARTESIAN_POINT('',(-0.,-0.));
#6674 = VECTOR('',#6675,1.);
#6675 = DIRECTION('',(-0.,-1.));
#6676 = ( GEOMETRIC_REPRESENTATION_CONTEXT(2) 
PARAMETRIC_REPRESENTATION_CONTEXT() REPRESENTATION_CONTEXT('2D SPACE',''
  ) );
#6677 = PCURVE('',#1481,#6678);
#6678 = DEFINITIONAL_REPRESENTATION('',(#6679),#6683);
#6679 = LINE('',#6680,#6681);
#6680 = CARTESIAN_POINT('',(-5.602901034286,0.));
#6681 = VECTOR('',#6682,1.);
#6682 = DIRECTION('',(-0.,-1.));
#6683 = ( GEOMETRIC_REPRESENTATION_CONTEXT(2) 
PARAMETRIC_REPRESENTATION_CONTEXT() REPRESENTATION_CONTEXT('2D SPACE',''
  ) );
#6684 = ORIENTED_EDGE('',*,*,#6685,.T.);
#6685 = EDGE_CURVE('',#6663,#6616,#6686,.T.);
#6686 = SURFACE_CURVE('',#6687,(#6691,#6697),.PCURVE_S1.);
#6687 = LINE('',#6688,#6689);
#6688 = CARTESIAN_POINT('',(315.25,76.1,26.8));
#6689 = VECTOR('',#6690,1.);
#6690 = DIRECTION('',(-0.707106781187,0.707106781187,0.));
#6691 = PCURVE('',#1507,#6692);
#6692 = DEFINITIONAL_REPRESENTATION('',(#6693),#6696);
#6693 = B_SPLINE_CURVE_WITH_KNOTS('',1,(#6694,#6695),.UNSPECIFIED.,.F.,
  .F.,(2,2),(-0.636396103068,0.494974746831),.PIECEWISE_BEZIER_KNOTS.);
#6694 = CARTESIAN_POINT('',(0.,-13.));
#6695 = CARTESIAN_POINT('',(-1.131370849899,-13.));
#6696 = ( GEOMETRIC_REPRESENTATION_CONTEXT(2) 
PARAMETRIC_REPRESENTATION_CONTEXT() REPRESENTATION_CONTEXT('2D SPACE',''
  ) );
#6697 = PCURVE('',#6484,#6698);
#6698 = DEFINITIONAL_REPRESENTATION('',(#6699),#6702);
#6699 = B_SPLINE_CURVE_WITH_KNOTS('',1,(#6700,#6701),.UNSPECIFIED.,.F.,
  .F.,(2,2),(-0.636396103068,0.494974746831),.PIECEWISE_BEZIER_KNOTS.);
#6700 = CARTESIAN_POINT('',(-6.55,-4.75));
#6701 = CARTESIAN_POINT('',(-5.75,-5.55));
#6702 = ( GEOMETRIC_REPRESENTATION_CONTEXT(2) 
PARAMETRIC_REPRESENTATION_CONTEXT() REPRESENTATION_CONTEXT('2D SPACE',''
  ) );
#6703 = ORIENTED_EDGE('',*,*,#6615,.F.);
#6704 = ADVANCED_FACE('',(#6705),#1481,.T.);
#6705 = FACE_BOUND('',#6706,.F.);
#6706 = EDGE_LOOP('',(#6707,#6708,#6731,#6750));
#6707 = ORIENTED_EDGE('',*,*,#1466,.T.);
#6708 = ORIENTED_EDGE('',*,*,#6709,.T.);
#6709 = EDGE_CURVE('',#1439,#6710,#6712,.T.);
#6710 = VERTEX_POINT('',#6711);
#6711 = CARTESIAN_POINT('',(321.15,76.95,26.8));
#6712 = SURFACE_CURVE('',#6713,(#6717,#6724),.PCURVE_S1.);
#6713 = LINE('',#6714,#6715);
#6714 = CARTESIAN_POINT('',(321.15,76.95,13.8));
#6715 = VECTOR('',#6716,1.);
#6716 = DIRECTION('',(-0.,-0.,1.));
#6717 = PCURVE('',#1481,#6718);
#6718 = DEFINITIONAL_REPRESENTATION('',(#6719),#6723);
#6719 = LINE('',#6720,#6721);
#6720 = CARTESIAN_POINT('',(-0.,-0.));
#6721 = VECTOR('',#6722,1.);
#6722 = DIRECTION('',(-0.,-1.));
#6723 = ( GEOMETRIC_REPRESENTATION_CONTEXT(2) 
PARAMETRIC_REPRESENTATION_CONTEXT() REPRESENTATION_CONTEXT('2D SPACE',''
  ) );
#6724 = PCURVE('',#1454,#6725);
#6725 = DEFINITIONAL_REPRESENTATION('',(#6726),#6730);
#6726 = LINE('',#6727,#6728);
#6727 = CARTESIAN_POINT('',(-1.,-4.95));
#6728 = VECTOR('',#6729,1.);
#6729 = DIRECTION('',(1.,0.));
#6730 = ( GEOMETRIC_REPRESENTATION_CONTEXT(2) 
PARAMETRIC_REPRESENTATION_CONTEXT() REPRESENTATION_CONTEXT('2D SPACE',''
  ) );
#6731 = ORIENTED_EDGE('',*,*,#6732,.T.);
#6732 = EDGE_CURVE('',#6710,#6663,#6733,.T.);
#6733 = SURFACE_CURVE('',#6734,(#6738,#6744),.PCURVE_S1.);
#6734 = LINE('',#6735,#6736);
#6735 = CARTESIAN_POINT('',(314.79029226726,75.433005494943,26.8));
#6736 = VECTOR('',#6737,1.);
#6737 = DIRECTION('',(-0.972710381042,-0.232022659698,-0.));
#6738 = PCURVE('',#1481,#6739);
#6739 = DEFINITIONAL_REPRESENTATION('',(#6740),#6743);
#6740 = B_SPLINE_CURVE_WITH_KNOTS('',1,(#6741,#6742),.UNSPECIFIED.,.F.,
  .F.,(2,2),(-6.538130831838,-0.935229797552),.PIECEWISE_BEZIER_KNOTS.);
#6741 = CARTESIAN_POINT('',(0.,-13.));
#6742 = CARTESIAN_POINT('',(-5.602901034286,-13.));
#6743 = ( GEOMETRIC_REPRESENTATION_CONTEXT(2) 
PARAMETRIC_REPRESENTATION_CONTEXT() REPRESENTATION_CONTEXT('2D SPACE',''
  ) );
#6744 = PCURVE('',#6484,#6745);
#6745 = DEFINITIONAL_REPRESENTATION('',(#6746),#6749);
#6746 = B_SPLINE_CURVE_WITH_KNOTS('',1,(#6747,#6748),.UNSPECIFIED.,.F.,
  .F.,(2,2),(-6.538130831838,-0.935229797552),.PIECEWISE_BEZIER_KNOTS.);
#6747 = CARTESIAN_POINT('',(-12.,-6.05));
#6748 = CARTESIAN_POINT('',(-6.55,-4.75));
#6749 = ( GEOMETRIC_REPRESENTATION_CONTEXT(2) 
PARAMETRIC_REPRESENTATION_CONTEXT() REPRESENTATION_CONTEXT('2D SPACE',''
  ) );
#6750 = ORIENTED_EDGE('',*,*,#6662,.F.);
#6751 = ADVANCED_FACE('',(#6752),#1454,.T.);
#6752 = FACE_BOUND('',#6753,.T.);
#6753 = EDGE_LOOP('',(#6754,#6755,#6756,#6779));
#6754 = ORIENTED_EDGE('',*,*,#1438,.F.);
#6755 = ORIENTED_EDGE('',*,*,#6709,.T.);
#6756 = ORIENTED_EDGE('',*,*,#6757,.F.);
#6757 = EDGE_CURVE('',#6758,#6710,#6760,.T.);
#6758 = VERTEX_POINT('',#6759);
#6759 = CARTESIAN_POINT('',(321.15,70.9,26.8));
#6760 = SURFACE_CURVE('',#6761,(#6765,#6772),.PCURVE_S1.);
#6761 = LINE('',#6762,#6763);
#6762 = CARTESIAN_POINT('',(321.15,70.9,26.8));
#6763 = VECTOR('',#6764,1.);
#6764 = DIRECTION('',(-0.,1.,-0.));
#6765 = PCURVE('',#1454,#6766);
#6766 = DEFINITIONAL_REPRESENTATION('',(#6767),#6771);
#6767 = LINE('',#6768,#6769);
#6768 = CARTESIAN_POINT('',(12.,1.1));
#6769 = VECTOR('',#6770,1.);
#6770 = DIRECTION('',(0.,-1.));
#6771 = ( GEOMETRIC_REPRESENTATION_CONTEXT(2) 
PARAMETRIC_REPRESENTATION_CONTEXT() REPRESENTATION_CONTEXT('2D SPACE',''
  ) );
#6772 = PCURVE('',#6484,#6773);
#6773 = DEFINITIONAL_REPRESENTATION('',(#6774),#6778);
#6774 = LINE('',#6775,#6776);
#6775 = CARTESIAN_POINT('',(-12.,0.));
#6776 = VECTOR('',#6777,1.);
#6777 = DIRECTION('',(-0.,-1.));
#6778 = ( GEOMETRIC_REPRESENTATION_CONTEXT(2) 
PARAMETRIC_REPRESENTATION_CONTEXT() REPRESENTATION_CONTEXT('2D SPACE',''
  ) );
#6779 = ORIENTED_EDGE('',*,*,#6780,.T.);
#6780 = EDGE_CURVE('',#6758,#1411,#6781,.T.);
#6781 = SURFACE_CURVE('',#6782,(#6786,#6793),.PCURVE_S1.);
#6782 = LINE('',#6783,#6784);
#6783 = CARTESIAN_POINT('',(321.15,70.9,26.8));
#6784 = VECTOR('',#6785,1.);
#6785 = DIRECTION('',(0.,0.,-1.));
#6786 = PCURVE('',#1454,#6787);
#6787 = DEFINITIONAL_REPRESENTATION('',(#6788),#6792);
#6788 = LINE('',#6789,#6790);
#6789 = CARTESIAN_POINT('',(12.,1.1));
#6790 = VECTOR('',#6791,1.);
#6791 = DIRECTION('',(-1.,0.));
#6792 = ( GEOMETRIC_REPRESENTATION_CONTEXT(2) 
PARAMETRIC_REPRESENTATION_CONTEXT() REPRESENTATION_CONTEXT('2D SPACE',''
  ) );
#6793 = PCURVE('',#1426,#6794);
#6794 = DEFINITIONAL_REPRESENTATION('',(#6795),#6799);
#6795 = LINE('',#6796,#6797);
#6796 = CARTESIAN_POINT('',(-12.,-0.));
#6797 = VECTOR('',#6798,1.);
#6798 = DIRECTION('',(1.,-0.));
#6799 = ( GEOMETRIC_REPRESENTATION_CONTEXT(2) 
PARAMETRIC_REPRESENTATION_CONTEXT() REPRESENTATION_CONTEXT('2D SPACE',''
  ) );
#6800 = ADVANCED_FACE('',(#6801),#1426,.F.);
#6801 = FACE_BOUND('',#6802,.T.);
#6802 = EDGE_LOOP('',(#6803,#6826,#6827,#6828,#6851,#6879));
#6803 = ORIENTED_EDGE('',*,*,#6804,.F.);
#6804 = EDGE_CURVE('',#1383,#6805,#6807,.T.);
#6805 = VERTEX_POINT('',#6806);
#6806 = CARTESIAN_POINT('',(302.15,70.9,19.8));
#6807 = SURFACE_CURVE('',#6808,(#6812,#6819),.PCURVE_S1.);
#6808 = LINE('',#6809,#6810);
#6809 = CARTESIAN_POINT('',(302.15,70.9,14.8));
#6810 = VECTOR('',#6811,1.);
#6811 = DIRECTION('',(0.,0.,1.));
#6812 = PCURVE('',#1426,#6813);
#6813 = DEFINITIONAL_REPRESENTATION('',(#6814),#6818);
#6814 = LINE('',#6815,#6816);
#6815 = CARTESIAN_POINT('',(-0.,19.));
#6816 = VECTOR('',#6817,1.);
#6817 = DIRECTION('',(-1.,-0.));
#6818 = ( GEOMETRIC_REPRESENTATION_CONTEXT(2) 
PARAMETRIC_REPRESENTATION_CONTEXT() REPRESENTATION_CONTEXT('2D SPACE',''
  ) );
#6819 = PCURVE('',#1398,#6820);
#6820 = DEFINITIONAL_REPRESENTATION('',(#6821),#6825);
#6821 = LINE('',#6822,#6823);
#6822 = CARTESIAN_POINT('',(-0.,-0.));
#6823 = VECTOR('',#6824,1.);
#6824 = DIRECTION('',(-1.,-0.));
#6825 = ( GEOMETRIC_REPRESENTATION_CONTEXT(2) 
PARAMETRIC_REPRESENTATION_CONTEXT() REPRESENTATION_CONTEXT('2D SPACE',''
  ) );
#6826 = ORIENTED_EDGE('',*,*,#1410,.F.);
#6827 = ORIENTED_EDGE('',*,*,#6780,.F.);
#6828 = ORIENTED_EDGE('',*,*,#6829,.F.);
#6829 = EDGE_CURVE('',#6830,#6758,#6832,.T.);
#6830 = VERTEX_POINT('',#6831);
#6831 = CARTESIAN_POINT('',(309.15,70.9,26.8));
#6832 = SURFACE_CURVE('',#6833,(#6837,#6844),.PCURVE_S1.);
#6833 = LINE('',#6834,#6835);
#6834 = CARTESIAN_POINT('',(309.15,70.9,26.8));
#6835 = VECTOR('',#6836,1.);
#6836 = DIRECTION('',(1.,-0.,-0.));
#6837 = PCURVE('',#1426,#6838);
#6838 = DEFINITIONAL_REPRESENTATION('',(#6839),#6843);
#6839 = LINE('',#6840,#6841);
#6840 = CARTESIAN_POINT('',(-12.,12.));
#6841 = VECTOR('',#6842,1.);
#6842 = DIRECTION('',(-0.,-1.));
#6843 = ( GEOMETRIC_REPRESENTATION_CONTEXT(2) 
PARAMETRIC_REPRESENTATION_CONTEXT() REPRESENTATION_CONTEXT('2D SPACE',''
  ) );
#6844 = PCURVE('',#6484,#6845);
#6845 = DEFINITIONAL_REPRESENTATION('',(#6846),#6850);
#6846 = LINE('',#6847,#6848);
#6847 = CARTESIAN_POINT('',(-0.,0.));
#6848 = VECTOR('',#6849,1.);
#6849 = DIRECTION('',(-1.,-0.));
#6850 = ( GEOMETRIC_REPRESENTATION_CONTEXT(2) 
PARAMETRIC_REPRESENTATION_CONTEXT() REPRESENTATION_CONTEXT('2D SPACE',''
  ) );
#6851 = ORIENTED_EDGE('',*,*,#6852,.F.);
#6852 = EDGE_CURVE('',#6853,#6830,#6855,.T.);
#6853 = VERTEX_POINT('',#6854);
#6854 = CARTESIAN_POINT('',(302.61666666666,70.9,19.8));
#6855 = SURFACE_CURVE('',#6856,(#6860,#6867),.PCURVE_S1.);
#6856 = LINE('',#6857,#6858);
#6857 = CARTESIAN_POINT('',(302.15,70.9,19.3));
#6858 = VECTOR('',#6859,1.);
#6859 = DIRECTION('',(0.68231825036,-0.,0.731055268243));
#6860 = PCURVE('',#1426,#6861);
#6861 = DEFINITIONAL_REPRESENTATION('',(#6862),#6866);
#6862 = LINE('',#6863,#6864);
#6863 = CARTESIAN_POINT('',(-4.5,19.));
#6864 = VECTOR('',#6865,1.);
#6865 = DIRECTION('',(-0.731055268243,-0.68231825036));
#6866 = ( GEOMETRIC_REPRESENTATION_CONTEXT(2) 
PARAMETRIC_REPRESENTATION_CONTEXT() REPRESENTATION_CONTEXT('2D SPACE',''
  ) );
#6867 = PCURVE('',#6868,#6873);
#6868 = PLANE('',#6869);
#6869 = AXIS2_PLACEMENT_3D('',#6870,#6871,#6872);
#6870 = CARTESIAN_POINT('',(302.15,70.9,19.3));
#6871 = DIRECTION('',(-0.731055268243,-0.,0.68231825036));
#6872 = DIRECTION('',(-0.68231825036,0.,-0.731055268243));
#6873 = DEFINITIONAL_REPRESENTATION('',(#6874),#6878);
#6874 = LINE('',#6875,#6876);
#6875 = CARTESIAN_POINT('',(-0.,0.));
#6876 = VECTOR('',#6877,1.);
#6877 = DIRECTION('',(-1.,0.));
#6878 = ( GEOMETRIC_REPRESENTATION_CONTEXT(2) 
PARAMETRIC_REPRESENTATION_CONTEXT() REPRESENTATION_CONTEXT('2D SPACE',''
  ) );
#6879 = ORIENTED_EDGE('',*,*,#6880,.T.);
#6880 = EDGE_CURVE('',#6853,#6805,#6881,.T.);
#6881 = SURFACE_CURVE('',#6882,(#6886,#6893),.PCURVE_S1.);
#6882 = LINE('',#6883,#6884);
#6883 = CARTESIAN_POINT('',(321.15,70.9,19.8));
#6884 = VECTOR('',#6885,1.);
#6885 = DIRECTION('',(-1.,-0.,-0.));
#6886 = PCURVE('',#1426,#6887);
#6887 = DEFINITIONAL_REPRESENTATION('',(#6888),#6892);
#6888 = LINE('',#6889,#6890);
#6889 = CARTESIAN_POINT('',(-5.,-0.));
#6890 = VECTOR('',#6891,1.);
#6891 = DIRECTION('',(-0.,1.));
#6892 = ( GEOMETRIC_REPRESENTATION_CONTEXT(2) 
PARAMETRIC_REPRESENTATION_CONTEXT() REPRESENTATION_CONTEXT('2D SPACE',''
  ) );
#6893 = PCURVE('',#5671,#6894);
#6894 = DEFINITIONAL_REPRESENTATION('',(#6895),#6899);
#6895 = LINE('',#6896,#6897);
#6896 = CARTESIAN_POINT('',(159.7,-1.1));
#6897 = VECTOR('',#6898,1.);
#6898 = DIRECTION('',(-1.,0.));
#6899 = ( GEOMETRIC_REPRESENTATION_CONTEXT(2) 
PARAMETRIC_REPRESENTATION_CONTEXT() REPRESENTATION_CONTEXT('2D SPACE',''
  ) );
#6900 = ADVANCED_FACE('',(#6901),#1398,.T.);
#6901 = FACE_BOUND('',#6902,.F.);
#6902 = EDGE_LOOP('',(#6903,#6904,#6905,#6928));
#6903 = ORIENTED_EDGE('',*,*,#6804,.F.);
#6904 = ORIENTED_EDGE('',*,*,#1382,.T.);
#6905 = ORIENTED_EDGE('',*,*,#6906,.T.);
#6906 = EDGE_CURVE('',#1355,#6907,#6909,.T.);
#6907 = VERTEX_POINT('',#6908);
#6908 = CARTESIAN_POINT('',(302.15,72.,19.8));
#6909 = SURFACE_CURVE('',#6910,(#6914,#6921),.PCURVE_S1.);
#6910 = LINE('',#6911,#6912);
#6911 = CARTESIAN_POINT('',(302.15,72.,14.8));
#6912 = VECTOR('',#6913,1.);
#6913 = DIRECTION('',(0.,0.,1.));
#6914 = PCURVE('',#1398,#6915);
#6915 = DEFINITIONAL_REPRESENTATION('',(#6916),#6920);
#6916 = LINE('',#6917,#6918);
#6917 = CARTESIAN_POINT('',(-0.,-1.1));
#6918 = VECTOR('',#6919,1.);
#6919 = DIRECTION('',(-1.,-0.));
#6920 = ( GEOMETRIC_REPRESENTATION_CONTEXT(2) 
PARAMETRIC_REPRESENTATION_CONTEXT() REPRESENTATION_CONTEXT('2D SPACE',''
  ) );
#6921 = PCURVE('',#1370,#6922);
#6922 = DEFINITIONAL_REPRESENTATION('',(#6923),#6927);
#6923 = LINE('',#6924,#6925);
#6924 = CARTESIAN_POINT('',(0.,140.7));
#6925 = VECTOR('',#6926,1.);
#6926 = DIRECTION('',(1.,0.));
#6927 = ( GEOMETRIC_REPRESENTATION_CONTEXT(2) 
PARAMETRIC_REPRESENTATION_CONTEXT() REPRESENTATION_CONTEXT('2D SPACE',''
  ) );
#6928 = ORIENTED_EDGE('',*,*,#6929,.F.);
#6929 = EDGE_CURVE('',#6805,#6907,#6930,.T.);
#6930 = SURFACE_CURVE('',#6931,(#6935,#6942),.PCURVE_S1.);
#6931 = LINE('',#6932,#6933);
#6932 = CARTESIAN_POINT('',(302.15,70.9,19.8));
#6933 = VECTOR('',#6934,1.);
#6934 = DIRECTION('',(-0.,1.,-0.));
#6935 = PCURVE('',#1398,#6936);
#6936 = DEFINITIONAL_REPRESENTATION('',(#6937),#6941);
#6937 = LINE('',#6938,#6939);
#6938 = CARTESIAN_POINT('',(-5.,-0.));
#6939 = VECTOR('',#6940,1.);
#6940 = DIRECTION('',(-0.,-1.));
#6941 = ( GEOMETRIC_REPRESENTATION_CONTEXT(2) 
PARAMETRIC_REPRESENTATION_CONTEXT() REPRESENTATION_CONTEXT('2D SPACE',''
  ) );
#6942 = PCURVE('',#5671,#6943);
#6943 = DEFINITIONAL_REPRESENTATION('',(#6944),#6948);
#6944 = LINE('',#6945,#6946);
#6945 = CARTESIAN_POINT('',(140.7,-1.1));
#6946 = VECTOR('',#6947,1.);
#6947 = DIRECTION('',(0.,1.));
#6948 = ( GEOMETRIC_REPRESENTATION_CONTEXT(2) 
PARAMETRIC_REPRESENTATION_CONTEXT() REPRESENTATION_CONTEXT('2D SPACE',''
  ) );
#6949 = ADVANCED_FACE('',(#6950),#1370,.F.);
#6950 = FACE_BOUND('',#6951,.F.);
#6951 = EDGE_LOOP('',(#6952,#6953,#6974,#7000,#7028,#7049));
#6952 = ORIENTED_EDGE('',*,*,#1354,.F.);
#6953 = ORIENTED_EDGE('',*,*,#6954,.F.);
#6954 = EDGE_CURVE('',#6955,#1327,#6957,.T.);
#6955 = VERTEX_POINT('',#6956);
#6956 = CARTESIAN_POINT('',(244.3,72.,19.3));
#6957 = SURFACE_CURVE('',#6958,(#6962,#6968),.PCURVE_S1.);
#6958 = LINE('',#6959,#6960);
#6959 = CARTESIAN_POINT('',(244.3,72.,14.8));
#6960 = VECTOR('',#6961,1.);
#6961 = DIRECTION('',(-0.,0.,-1.));
#6962 = PCURVE('',#1370,#6963);
#6963 = DEFINITIONAL_REPRESENTATION('',(#6964),#6967);
#6964 = B_SPLINE_CURVE_WITH_KNOTS('',1,(#6965,#6966),.UNSPECIFIED.,.F.,
  .F.,(2,2),(-5.,0.),.PIECEWISE_BEZIER_KNOTS.);
#6965 = CARTESIAN_POINT('',(5.,82.85));
#6966 = CARTESIAN_POINT('',(0.,82.85));
#6967 = ( GEOMETRIC_REPRESENTATION_CONTEXT(2) 
PARAMETRIC_REPRESENTATION_CONTEXT() REPRESENTATION_CONTEXT('2D SPACE',''
  ) );
#6968 = PCURVE('',#1342,#6969);
#6969 = DEFINITIONAL_REPRESENTATION('',(#6970),#6973);
#6970 = B_SPLINE_CURVE_WITH_KNOTS('',1,(#6971,#6972),.UNSPECIFIED.,.F.,
  .F.,(2,2),(-5.,0.),.PIECEWISE_BEZIER_KNOTS.);
#6971 = CARTESIAN_POINT('',(5.,-59.5));
#6972 = CARTESIAN_POINT('',(0.,-59.5));
#6973 = ( GEOMETRIC_REPRESENTATION_CONTEXT(2) 
PARAMETRIC_REPRESENTATION_CONTEXT() REPRESENTATION_CONTEXT('2D SPACE',''
  ) );
#6974 = ORIENTED_EDGE('',*,*,#6975,.F.);
#6975 = EDGE_CURVE('',#6976,#6955,#6978,.T.);
#6976 = VERTEX_POINT('',#6977);
#6977 = CARTESIAN_POINT('',(249.3,72.,19.3));
#6978 = SURFACE_CURVE('',#6979,(#6983,#6989),.PCURVE_S1.);
#6979 = LINE('',#6980,#6981);
#6980 = CARTESIAN_POINT('',(201.375,72.,19.3));
#6981 = VECTOR('',#6982,1.);
#6982 = DIRECTION('',(-1.,0.,-0.));
#6983 = PCURVE('',#1370,#6984);
#6984 = DEFINITIONAL_REPRESENTATION('',(#6985),#6988);
#6985 = B_SPLINE_CURVE_WITH_KNOTS('',1,(#6986,#6987),.UNSPECIFIED.,.F.,
  .F.,(2,2),(-47.925,-42.925),.PIECEWISE_BEZIER_KNOTS.);
#6986 = CARTESIAN_POINT('',(4.5,87.85));
#6987 = CARTESIAN_POINT('',(4.5,82.85));
#6988 = ( GEOMETRIC_REPRESENTATION_CONTEXT(2) 
PARAMETRIC_REPRESENTATION_CONTEXT() REPRESENTATION_CONTEXT('2D SPACE',''
  ) );
#6989 = PCURVE('',#6990,#6995);
#6990 = PLANE('',#6991);
#6991 = AXIS2_PLACEMENT_3D('',#6992,#6993,#6994);
#6992 = CARTESIAN_POINT('',(241.3,70.246711095626,19.3));
#6993 = DIRECTION('',(-0.,-0.,1.));
#6994 = DIRECTION('',(-1.,0.,0.));
#6995 = DEFINITIONAL_REPRESENTATION('',(#6996),#6999);
#6996 = B_SPLINE_CURVE_WITH_KNOTS('',1,(#6997,#6998),.UNSPECIFIED.,.F.,
  .F.,(2,2),(-47.925,-42.925),.PIECEWISE_BEZIER_KNOTS.);
#6997 = CARTESIAN_POINT('',(-8.,-1.753288904374));
#6998 = CARTESIAN_POINT('',(-3.,-1.753288904374));
#6999 = ( GEOMETRIC_REPRESENTATION_CONTEXT(2) 
PARAMETRIC_REPRESENTATION_CONTEXT() REPRESENTATION_CONTEXT('2D SPACE',''
  ) );
#7000 = ORIENTED_EDGE('',*,*,#7001,.T.);
#7001 = EDGE_CURVE('',#6976,#7002,#7004,.T.);
#7002 = VERTEX_POINT('',#7003);
#7003 = CARTESIAN_POINT('',(249.3,72.,19.8));
#7004 = SURFACE_CURVE('',#7005,(#7009,#7016),.PCURVE_S1.);
#7005 = LINE('',#7006,#7007);
#7006 = CARTESIAN_POINT('',(249.3,72.,19.3));
#7007 = VECTOR('',#7008,1.);
#7008 = DIRECTION('',(-0.,-0.,1.));
#7009 = PCURVE('',#1370,#7010);
#7010 = DEFINITIONAL_REPRESENTATION('',(#7011),#7015);
#7011 = LINE('',#7012,#7013);
#7012 = CARTESIAN_POINT('',(4.5,87.85));
#7013 = VECTOR('',#7014,1.);
#7014 = DIRECTION('',(1.,0.));
#7015 = ( GEOMETRIC_REPRESENTATION_CONTEXT(2) 
PARAMETRIC_REPRESENTATION_CONTEXT() REPRESENTATION_CONTEXT('2D SPACE',''
  ) );
#7016 = PCURVE('',#7017,#7022);
#7017 = PLANE('',#7018);
#7018 = AXIS2_PLACEMENT_3D('',#7019,#7020,#7021);
#7019 = CARTESIAN_POINT('',(249.3,72.,19.3));
#7020 = DIRECTION('',(-0.894427191,0.4472135955,0.));
#7021 = DIRECTION('',(0.4472135955,0.894427191,0.));
#7022 = DEFINITIONAL_REPRESENTATION('',(#7023),#7027);
#7023 = LINE('',#7024,#7025);
#7024 = CARTESIAN_POINT('',(-0.,-0.));
#7025 = VECTOR('',#7026,1.);
#7026 = DIRECTION('',(-0.,-1.));
#7027 = ( GEOMETRIC_REPRESENTATION_CONTEXT(2) 
PARAMETRIC_REPRESENTATION_CONTEXT() REPRESENTATION_CONTEXT('2D SPACE',''
  ) );
#7028 = ORIENTED_EDGE('',*,*,#7029,.T.);
#7029 = EDGE_CURVE('',#7002,#6907,#7030,.T.);
#7030 = SURFACE_CURVE('',#7031,(#7035,#7042),.PCURVE_S1.);
#7031 = LINE('',#7032,#7033);
#7032 = CARTESIAN_POINT('',(161.45,72.,19.8));
#7033 = VECTOR('',#7034,1.);
#7034 = DIRECTION('',(1.,0.,-0.));
#7035 = PCURVE('',#1370,#7036);
#7036 = DEFINITIONAL_REPRESENTATION('',(#7037),#7041);
#7037 = LINE('',#7038,#7039);
#7038 = CARTESIAN_POINT('',(5.,0.));
#7039 = VECTOR('',#7040,1.);
#7040 = DIRECTION('',(0.,1.));
#7041 = ( GEOMETRIC_REPRESENTATION_CONTEXT(2) 
PARAMETRIC_REPRESENTATION_CONTEXT() REPRESENTATION_CONTEXT('2D SPACE',''
  ) );
#7042 = PCURVE('',#5671,#7043);
#7043 = DEFINITIONAL_REPRESENTATION('',(#7044),#7048);
#7044 = LINE('',#7045,#7046);
#7045 = CARTESIAN_POINT('',(0.,0.));
#7046 = VECTOR('',#7047,1.);
#7047 = DIRECTION('',(1.,0.));
#7048 = ( GEOMETRIC_REPRESENTATION_CONTEXT(2) 
PARAMETRIC_REPRESENTATION_CONTEXT() REPRESENTATION_CONTEXT('2D SPACE',''
  ) );
#7049 = ORIENTED_EDGE('',*,*,#6906,.F.);
#7050 = ADVANCED_FACE('',(#7051,#7195,#7281),#1342,.T.);
#7051 = FACE_BOUND('',#7052,.T.);
#7052 = EDGE_LOOP('',(#7053,#7078,#7106,#7132,#7151,#7152,#7153,#7174));
#7053 = ORIENTED_EDGE('',*,*,#7054,.F.);
#7054 = EDGE_CURVE('',#7055,#7057,#7059,.T.);
#7055 = VERTEX_POINT('',#7056);
#7056 = CARTESIAN_POINT('',(244.3,26.9,27.8));
#7057 = VERTEX_POINT('',#7058);
#7058 = CARTESIAN_POINT('',(244.3,62.,27.8));
#7059 = SURFACE_CURVE('',#7060,(#7064,#7071),.PCURVE_S1.);
#7060 = LINE('',#7061,#7062);
#7061 = CARTESIAN_POINT('',(244.3,12.5,27.8));
#7062 = VECTOR('',#7063,1.);
#7063 = DIRECTION('',(-0.,1.,0.));
#7064 = PCURVE('',#1342,#7065);
#7065 = DEFINITIONAL_REPRESENTATION('',(#7066),#7070);
#7066 = LINE('',#7067,#7068);
#7067 = CARTESIAN_POINT('',(13.,0.));
#7068 = VECTOR('',#7069,1.);
#7069 = DIRECTION('',(0.,-1.));
#7070 = ( GEOMETRIC_REPRESENTATION_CONTEXT(2) 
PARAMETRIC_REPRESENTATION_CONTEXT() REPRESENTATION_CONTEXT('2D SPACE',''
  ) );
#7071 = PCURVE('',#5287,#7072);
#7072 = DEFINITIONAL_REPRESENTATION('',(#7073),#7077);
#7073 = LINE('',#7074,#7075);
#7074 = CARTESIAN_POINT('',(6.,0.));
#7075 = VECTOR('',#7076,1.);
#7076 = DIRECTION('',(0.,1.));
#7077 = ( GEOMETRIC_REPRESENTATION_CONTEXT(2) 
PARAMETRIC_REPRESENTATION_CONTEXT() REPRESENTATION_CONTEXT('2D SPACE',''
  ) );
#7078 = ORIENTED_EDGE('',*,*,#7079,.F.);
#7079 = EDGE_CURVE('',#7080,#7055,#7082,.T.);
#7080 = VERTEX_POINT('',#7081);
#7081 = CARTESIAN_POINT('',(244.3,26.9,19.3));
#7082 = SURFACE_CURVE('',#7083,(#7087,#7094),.PCURVE_S1.);
#7083 = LINE('',#7084,#7085);
#7084 = CARTESIAN_POINT('',(244.3,26.9,19.3));
#7085 = VECTOR('',#7086,1.);
#7086 = DIRECTION('',(0.,0.,1.));
#7087 = PCURVE('',#1342,#7088);
#7088 = DEFINITIONAL_REPRESENTATION('',(#7089),#7093);
#7089 = LINE('',#7090,#7091);
#7090 = CARTESIAN_POINT('',(4.5,-14.4));
#7091 = VECTOR('',#7092,1.);
#7092 = DIRECTION('',(1.,0.));
#7093 = ( GEOMETRIC_REPRESENTATION_CONTEXT(2) 
PARAMETRIC_REPRESENTATION_CONTEXT() REPRESENTATION_CONTEXT('2D SPACE',''
  ) );
#7094 = PCURVE('',#7095,#7100);
#7095 = PLANE('',#7096);
#7096 = AXIS2_PLACEMENT_3D('',#7097,#7098,#7099);
#7097 = CARTESIAN_POINT('',(249.3,16.9,19.3));
#7098 = DIRECTION('',(-0.894427191,-0.4472135955,0.));
#7099 = DIRECTION('',(-0.4472135955,0.894427191,0.));
#7100 = DEFINITIONAL_REPRESENTATION('',(#7101),#7105);
#7101 = LINE('',#7102,#7103);
#7102 = CARTESIAN_POINT('',(11.180339887499,0.));
#7103 = VECTOR('',#7104,1.);
#7104 = DIRECTION('',(0.,-1.));
#7105 = ( GEOMETRIC_REPRESENTATION_CONTEXT(2) 
PARAMETRIC_REPRESENTATION_CONTEXT() REPRESENTATION_CONTEXT('2D SPACE',''
  ) );
#7106 = ORIENTED_EDGE('',*,*,#7107,.T.);
#7107 = EDGE_CURVE('',#7080,#7108,#7110,.T.);
#7108 = VERTEX_POINT('',#7109);
#7109 = CARTESIAN_POINT('',(244.3,16.9,19.3));
#7110 = SURFACE_CURVE('',#7111,(#7115,#7121),.PCURVE_S1.);
#7111 = LINE('',#7112,#7113);
#7112 = CARTESIAN_POINT('',(244.3,15.576644452187,19.3));
#7113 = VECTOR('',#7114,1.);
#7114 = DIRECTION('',(0.,-1.,0.));
#7115 = PCURVE('',#1342,#7116);
#7116 = DEFINITIONAL_REPRESENTATION('',(#7117),#7120);
#7117 = B_SPLINE_CURVE_WITH_KNOTS('',1,(#7118,#7119),.UNSPECIFIED.,.F.,
  .F.,(2,2),(-11.32335554781,2.676644452187),.PIECEWISE_BEZIER_KNOTS.);
#7118 = CARTESIAN_POINT('',(4.5,-14.4));
#7119 = CARTESIAN_POINT('',(4.5,-0.4));
#7120 = ( GEOMETRIC_REPRESENTATION_CONTEXT(2) 
PARAMETRIC_REPRESENTATION_CONTEXT() REPRESENTATION_CONTEXT('2D SPACE',''
  ) );
#7121 = PCURVE('',#7122,#7127);
#7122 = PLANE('',#7123);
#7123 = AXIS2_PLACEMENT_3D('',#7124,#7125,#7126);
#7124 = CARTESIAN_POINT('',(241.3,18.653288904374,19.3));
#7125 = DIRECTION('',(0.,0.,1.));
#7126 = DIRECTION('',(1.,0.,-0.));
#7127 = DEFINITIONAL_REPRESENTATION('',(#7128),#7131);
#7128 = B_SPLINE_CURVE_WITH_KNOTS('',1,(#7129,#7130),.UNSPECIFIED.,.F.,
  .F.,(2,2),(-11.32335554781,2.676644452187),.PIECEWISE_BEZIER_KNOTS.);
#7129 = CARTESIAN_POINT('',(3.,8.246711095626));
#7130 = CARTESIAN_POINT('',(3.,-5.753288904374));
#7131 = ( GEOMETRIC_REPRESENTATION_CONTEXT(2) 
PARAMETRIC_REPRESENTATION_CONTEXT() REPRESENTATION_CONTEXT('2D SPACE',''
  ) );
#7132 = ORIENTED_EDGE('',*,*,#7133,.T.);
#7133 = EDGE_CURVE('',#7108,#1299,#7134,.T.);
#7134 = SURFACE_CURVE('',#7135,(#7139,#7145),.PCURVE_S1.);
#7135 = LINE('',#7136,#7137);
#7136 = CARTESIAN_POINT('',(244.3,16.9,14.8));
#7137 = VECTOR('',#7138,1.);
#7138 = DIRECTION('',(-0.,0.,-1.));
#7139 = PCURVE('',#1342,#7140);
#7140 = DEFINITIONAL_REPRESENTATION('',(#7141),#7144);
#7141 = B_SPLINE_CURVE_WITH_KNOTS('',1,(#7142,#7143),.UNSPECIFIED.,.F.,
  .F.,(2,2),(-5.,0.),.PIECEWISE_BEZIER_KNOTS.);
#7142 = CARTESIAN_POINT('',(5.,-4.4));
#7143 = CARTESIAN_POINT('',(0.,-4.4));
#7144 = ( GEOMETRIC_REPRESENTATION_CONTEXT(2) 
PARAMETRIC_REPRESENTATION_CONTEXT() REPRESENTATION_CONTEXT('2D SPACE',''
  ) );
#7145 = PCURVE('',#1314,#7146);
#7146 = DEFINITIONAL_REPRESENTATION('',(#7147),#7150);
#7147 = B_SPLINE_CURVE_WITH_KNOTS('',1,(#7148,#7149),.UNSPECIFIED.,.F.,
  .F.,(2,2),(-5.,0.),.PIECEWISE_BEZIER_KNOTS.);
#7148 = CARTESIAN_POINT('',(5.,82.85));
#7149 = CARTESIAN_POINT('',(0.,82.85));
#7150 = ( GEOMETRIC_REPRESENTATION_CONTEXT(2) 
PARAMETRIC_REPRESENTATION_CONTEXT() REPRESENTATION_CONTEXT('2D SPACE',''
  ) );
#7151 = ORIENTED_EDGE('',*,*,#1326,.T.);
#7152 = ORIENTED_EDGE('',*,*,#6954,.F.);
#7153 = ORIENTED_EDGE('',*,*,#7154,.F.);
#7154 = EDGE_CURVE('',#7155,#6955,#7157,.T.);
#7155 = VERTEX_POINT('',#7156);
#7156 = CARTESIAN_POINT('',(244.3,62.,19.3));
#7157 = SURFACE_CURVE('',#7158,(#7162,#7168),.PCURVE_S1.);
#7158 = LINE('',#7159,#7160);
#7159 = CARTESIAN_POINT('',(244.3,41.373355547813,19.3));
#7160 = VECTOR('',#7161,1.);
#7161 = DIRECTION('',(0.,1.,0.));
#7162 = PCURVE('',#1342,#7163);
#7163 = DEFINITIONAL_REPRESENTATION('',(#7164),#7167);
#7164 = B_SPLINE_CURVE_WITH_KNOTS('',1,(#7165,#7166),.UNSPECIFIED.,.F.,
  .F.,(2,2),(20.626644452187,34.626644452187),.PIECEWISE_BEZIER_KNOTS.);
#7165 = CARTESIAN_POINT('',(4.5,-49.5));
#7166 = CARTESIAN_POINT('',(4.5,-63.5));
#7167 = ( GEOMETRIC_REPRESENTATION_CONTEXT(2) 
PARAMETRIC_REPRESENTATION_CONTEXT() REPRESENTATION_CONTEXT('2D SPACE',''
  ) );
#7168 = PCURVE('',#6990,#7169);
#7169 = DEFINITIONAL_REPRESENTATION('',(#7170),#7173);
#7170 = B_SPLINE_CURVE_WITH_KNOTS('',1,(#7171,#7172),.UNSPECIFIED.,.F.,
  .F.,(2,2),(20.626644452187,34.626644452187),.PIECEWISE_BEZIER_KNOTS.);
#7171 = CARTESIAN_POINT('',(-3.,8.246711095626));
#7172 = CARTESIAN_POINT('',(-3.,-5.753288904374));
#7173 = ( GEOMETRIC_REPRESENTATION_CONTEXT(2) 
PARAMETRIC_REPRESENTATION_CONTEXT() REPRESENTATION_CONTEXT('2D SPACE',''
  ) );
#7174 = ORIENTED_EDGE('',*,*,#7175,.T.);
#7175 = EDGE_CURVE('',#7155,#7057,#7176,.T.);
#7176 = SURFACE_CURVE('',#7177,(#7181,#7188),.PCURVE_S1.);
#7177 = LINE('',#7178,#7179);
#7178 = CARTESIAN_POINT('',(244.3,62.,19.3));
#7179 = VECTOR('',#7180,1.);
#7180 = DIRECTION('',(-0.,-0.,1.));
#7181 = PCURVE('',#1342,#7182);
#7182 = DEFINITIONAL_REPRESENTATION('',(#7183),#7187);
#7183 = LINE('',#7184,#7185);
#7184 = CARTESIAN_POINT('',(4.5,-49.5));
#7185 = VECTOR('',#7186,1.);
#7186 = DIRECTION('',(1.,0.));
#7187 = ( GEOMETRIC_REPRESENTATION_CONTEXT(2) 
PARAMETRIC_REPRESENTATION_CONTEXT() REPRESENTATION_CONTEXT('2D SPACE',''
  ) );
#7188 = PCURVE('',#7017,#7189);
#7189 = DEFINITIONAL_REPRESENTATION('',(#7190),#7194);
#7190 = LINE('',#7191,#7192);
#7191 = CARTESIAN_POINT('',(-11.18033988749,0.));
#7192 = VECTOR('',#7193,1.);
#7193 = DIRECTION('',(-0.,-1.));
#7194 = ( GEOMETRIC_REPRESENTATION_CONTEXT(2) 
PARAMETRIC_REPRESENTATION_CONTEXT() REPRESENTATION_CONTEXT('2D SPACE',''
  ) );
#7195 = FACE_BOUND('',#7196,.T.);
#7196 = EDGE_LOOP('',(#7197,#7220,#7241,#7262));
#7197 = ORIENTED_EDGE('',*,*,#7198,.T.);
#7198 = EDGE_CURVE('',#7199,#7201,#7203,.T.);
#7199 = VERTEX_POINT('',#7200);
#7200 = CARTESIAN_POINT('',(244.3,61.5,20.8));
#7201 = VERTEX_POINT('',#7202);
#7202 = CARTESIAN_POINT('',(244.3,56.3,20.8));
#7203 = SURFACE_CURVE('',#7204,(#7208,#7214),.PCURVE_S1.);
#7204 = LINE('',#7205,#7206);
#7205 = CARTESIAN_POINT('',(244.3,34.4,20.8));
#7206 = VECTOR('',#7207,1.);
#7207 = DIRECTION('',(0.,-1.,0.));
#7208 = PCURVE('',#1342,#7209);
#7209 = DEFINITIONAL_REPRESENTATION('',(#7210),#7213);
#7210 = B_SPLINE_CURVE_WITH_KNOTS('',1,(#7211,#7212),.UNSPECIFIED.,.F.,
  .F.,(2,2),(-27.1,-21.9),.PIECEWISE_BEZIER_KNOTS.);
#7211 = CARTESIAN_POINT('',(6.,-49.));
#7212 = CARTESIAN_POINT('',(6.,-43.8));
#7213 = ( GEOMETRIC_REPRESENTATION_CONTEXT(2) 
PARAMETRIC_REPRESENTATION_CONTEXT() REPRESENTATION_CONTEXT('2D SPACE',''
  ) );
#7214 = PCURVE('',#5435,#7215);
#7215 = DEFINITIONAL_REPRESENTATION('',(#7216),#7219);
#7216 = B_SPLINE_CURVE_WITH_KNOTS('',1,(#7217,#7218),.UNSPECIFIED.,.F.,
  .F.,(2,2),(-27.1,-21.9),.PIECEWISE_BEZIER_KNOTS.);
#7217 = CARTESIAN_POINT('',(7.,5.2));
#7218 = CARTESIAN_POINT('',(7.,0.));
#7219 = ( GEOMETRIC_REPRESENTATION_CONTEXT(2) 
PARAMETRIC_REPRESENTATION_CONTEXT() REPRESENTATION_CONTEXT('2D SPACE',''
  ) );
#7220 = ORIENTED_EDGE('',*,*,#7221,.T.);
#7221 = EDGE_CURVE('',#7201,#7222,#7224,.T.);
#7222 = VERTEX_POINT('',#7223);
#7223 = CARTESIAN_POINT('',(244.3,56.3,23.8));
#7224 = SURFACE_CURVE('',#7225,(#7229,#7235),.PCURVE_S1.);
#7225 = LINE('',#7226,#7227);
#7226 = CARTESIAN_POINT('',(244.3,56.3,17.8));
#7227 = VECTOR('',#7228,1.);
#7228 = DIRECTION('',(0.,0.,1.));
#7229 = PCURVE('',#1342,#7230);
#7230 = DEFINITIONAL_REPRESENTATION('',(#7231),#7234);
#7231 = B_SPLINE_CURVE_WITH_KNOTS('',1,(#7232,#7233),.UNSPECIFIED.,.F.,
  .F.,(2,2),(3.,6.),.PIECEWISE_BEZIER_KNOTS.);
#7232 = CARTESIAN_POINT('',(6.,-43.8));
#7233 = CARTESIAN_POINT('',(9.,-43.8));
#7234 = ( GEOMETRIC_REPRESENTATION_CONTEXT(2) 
PARAMETRIC_REPRESENTATION_CONTEXT() REPRESENTATION_CONTEXT('2D SPACE',''
  ) );
#7235 = PCURVE('',#5461,#7236);
#7236 = DEFINITIONAL_REPRESENTATION('',(#7237),#7240);
#7237 = B_SPLINE_CURVE_WITH_KNOTS('',1,(#7238,#7239),.UNSPECIFIED.,.F.,
  .F.,(2,2),(3.,6.),.PIECEWISE_BEZIER_KNOTS.);
#7238 = CARTESIAN_POINT('',(0.,7.));
#7239 = CARTESIAN_POINT('',(3.,7.));
#7240 = ( GEOMETRIC_REPRESENTATION_CONTEXT(2) 
PARAMETRIC_REPRESENTATION_CONTEXT() REPRESENTATION_CONTEXT('2D SPACE',''
  ) );
#7241 = ORIENTED_EDGE('',*,*,#7242,.F.);
#7242 = EDGE_CURVE('',#7243,#7222,#7245,.T.);
#7243 = VERTEX_POINT('',#7244);
#7244 = CARTESIAN_POINT('',(244.3,61.5,23.8));
#7245 = SURFACE_CURVE('',#7246,(#7250,#7256),.PCURVE_S1.);
#7246 = LINE('',#7247,#7248);
#7247 = CARTESIAN_POINT('',(244.3,34.4,23.8));
#7248 = VECTOR('',#7249,1.);
#7249 = DIRECTION('',(0.,-1.,0.));
#7250 = PCURVE('',#1342,#7251);
#7251 = DEFINITIONAL_REPRESENTATION('',(#7252),#7255);
#7252 = B_SPLINE_CURVE_WITH_KNOTS('',1,(#7253,#7254),.UNSPECIFIED.,.F.,
  .F.,(2,2),(-27.1,-21.9),.PIECEWISE_BEZIER_KNOTS.);
#7253 = CARTESIAN_POINT('',(9.,-49.));
#7254 = CARTESIAN_POINT('',(9.,-43.8));
#7255 = ( GEOMETRIC_REPRESENTATION_CONTEXT(2) 
PARAMETRIC_REPRESENTATION_CONTEXT() REPRESENTATION_CONTEXT('2D SPACE',''
  ) );
#7256 = PCURVE('',#5487,#7257);
#7257 = DEFINITIONAL_REPRESENTATION('',(#7258),#7261);
#7258 = B_SPLINE_CURVE_WITH_KNOTS('',1,(#7259,#7260),.UNSPECIFIED.,.F.,
  .F.,(2,2),(-27.1,-21.9),.PIECEWISE_BEZIER_KNOTS.);
#7259 = CARTESIAN_POINT('',(7.,5.2));
#7260 = CARTESIAN_POINT('',(7.,0.));
#7261 = ( GEOMETRIC_REPRESENTATION_CONTEXT(2) 
PARAMETRIC_REPRESENTATION_CONTEXT() REPRESENTATION_CONTEXT('2D SPACE',''
  ) );
#7262 = ORIENTED_EDGE('',*,*,#7263,.F.);
#7263 = EDGE_CURVE('',#7199,#7243,#7264,.T.);
#7264 = SURFACE_CURVE('',#7265,(#7269,#7275),.PCURVE_S1.);
#7265 = LINE('',#7266,#7267);
#7266 = CARTESIAN_POINT('',(244.3,61.5,17.8));
#7267 = VECTOR('',#7268,1.);
#7268 = DIRECTION('',(0.,0.,1.));
#7269 = PCURVE('',#1342,#7270);
#7270 = DEFINITIONAL_REPRESENTATION('',(#7271),#7274);
#7271 = B_SPLINE_CURVE_WITH_KNOTS('',1,(#7272,#7273),.UNSPECIFIED.,.F.,
  .F.,(2,2),(3.,6.),.PIECEWISE_BEZIER_KNOTS.);
#7272 = CARTESIAN_POINT('',(6.,-49.));
#7273 = CARTESIAN_POINT('',(9.,-49.));
#7274 = ( GEOMETRIC_REPRESENTATION_CONTEXT(2) 
PARAMETRIC_REPRESENTATION_CONTEXT() REPRESENTATION_CONTEXT('2D SPACE',''
  ) );
#7275 = PCURVE('',#5511,#7276);
#7276 = DEFINITIONAL_REPRESENTATION('',(#7277),#7280);
#7277 = B_SPLINE_CURVE_WITH_KNOTS('',1,(#7278,#7279),.UNSPECIFIED.,.F.,
  .F.,(2,2),(3.,6.),.PIECEWISE_BEZIER_KNOTS.);
#7278 = CARTESIAN_POINT('',(0.,7.));
#7279 = CARTESIAN_POINT('',(3.,7.));
#7280 = ( GEOMETRIC_REPRESENTATION_CONTEXT(2) 
PARAMETRIC_REPRESENTATION_CONTEXT() REPRESENTATION_CONTEXT('2D SPACE',''
  ) );
#7281 = FACE_BOUND('',#7282,.T.);
#7282 = EDGE_LOOP('',(#7283,#7306,#7327,#7348));
#7283 = ORIENTED_EDGE('',*,*,#7284,.T.);
#7284 = EDGE_CURVE('',#7285,#7287,#7289,.T.);
#7285 = VERTEX_POINT('',#7286);
#7286 = CARTESIAN_POINT('',(244.3,32.6,20.8));
#7287 = VERTEX_POINT('',#7288);
#7288 = CARTESIAN_POINT('',(244.3,27.4,20.8));
#7289 = SURFACE_CURVE('',#7290,(#7294,#7300),.PCURVE_S1.);
#7290 = LINE('',#7291,#7292);
#7291 = CARTESIAN_POINT('',(244.3,19.95,20.8));
#7292 = VECTOR('',#7293,1.);
#7293 = DIRECTION('',(0.,-1.,0.));
#7294 = PCURVE('',#1342,#7295);
#7295 = DEFINITIONAL_REPRESENTATION('',(#7296),#7299);
#7296 = B_SPLINE_CURVE_WITH_KNOTS('',1,(#7297,#7298),.UNSPECIFIED.,.F.,
  .F.,(2,2),(-12.65,-7.45),.PIECEWISE_BEZIER_KNOTS.);
#7297 = CARTESIAN_POINT('',(6.,-20.1));
#7298 = CARTESIAN_POINT('',(6.,-14.9));
#7299 = ( GEOMETRIC_REPRESENTATION_CONTEXT(2) 
PARAMETRIC_REPRESENTATION_CONTEXT() REPRESENTATION_CONTEXT('2D SPACE',''
  ) );
#7300 = PCURVE('',#5541,#7301);
#7301 = DEFINITIONAL_REPRESENTATION('',(#7302),#7305);
#7302 = B_SPLINE_CURVE_WITH_KNOTS('',1,(#7303,#7304),.UNSPECIFIED.,.F.,
  .F.,(2,2),(-12.65,-7.45),.PIECEWISE_BEZIER_KNOTS.);
#7303 = CARTESIAN_POINT('',(7.,5.2));
#7304 = CARTESIAN_POINT('',(7.,0.));
#7305 = ( GEOMETRIC_REPRESENTATION_CONTEXT(2) 
PARAMETRIC_REPRESENTATION_CONTEXT() REPRESENTATION_CONTEXT('2D SPACE',''
  ) );
#7306 = ORIENTED_EDGE('',*,*,#7307,.T.);
#7307 = EDGE_CURVE('',#7287,#7308,#7310,.T.);
#7308 = VERTEX_POINT('',#7309);
#7309 = CARTESIAN_POINT('',(244.3,27.4,23.8));
#7310 = SURFACE_CURVE('',#7311,(#7315,#7321),.PCURVE_S1.);
#7311 = LINE('',#7312,#7313);
#7312 = CARTESIAN_POINT('',(244.3,27.4,17.8));
#7313 = VECTOR('',#7314,1.);
#7314 = DIRECTION('',(0.,0.,1.));
#7315 = PCURVE('',#1342,#7316);
#7316 = DEFINITIONAL_REPRESENTATION('',(#7317),#7320);
#7317 = B_SPLINE_CURVE_WITH_KNOTS('',1,(#7318,#7319),.UNSPECIFIED.,.F.,
  .F.,(2,2),(3.,6.),.PIECEWISE_BEZIER_KNOTS.);
#7318 = CARTESIAN_POINT('',(6.,-14.9));
#7319 = CARTESIAN_POINT('',(9.,-14.9));
#7320 = ( GEOMETRIC_REPRESENTATION_CONTEXT(2) 
PARAMETRIC_REPRESENTATION_CONTEXT() REPRESENTATION_CONTEXT('2D SPACE',''
  ) );
#7321 = PCURVE('',#5567,#7322);
#7322 = DEFINITIONAL_REPRESENTATION('',(#7323),#7326);
#7323 = B_SPLINE_CURVE_WITH_KNOTS('',1,(#7324,#7325),.UNSPECIFIED.,.F.,
  .F.,(2,2),(3.,6.),.PIECEWISE_BEZIER_KNOTS.);
#7324 = CARTESIAN_POINT('',(0.,7.));
#7325 = CARTESIAN_POINT('',(3.,7.));
#7326 = ( GEOMETRIC_REPRESENTATION_CONTEXT(2) 
PARAMETRIC_REPRESENTATION_CONTEXT() REPRESENTATION_CONTEXT('2D SPACE',''
  ) );
#7327 = ORIENTED_EDGE('',*,*,#7328,.F.);
#7328 = EDGE_CURVE('',#7329,#7308,#7331,.T.);
#7329 = VERTEX_POINT('',#7330);
#7330 = CARTESIAN_POINT('',(244.3,32.6,23.8));
#7331 = SURFACE_CURVE('',#7332,(#7336,#7342),.PCURVE_S1.);
#7332 = LINE('',#7333,#7334);
#7333 = CARTESIAN_POINT('',(244.3,19.95,23.8));
#7334 = VECTOR('',#7335,1.);
#7335 = DIRECTION('',(0.,-1.,0.));
#7336 = PCURVE('',#1342,#7337);
#7337 = DEFINITIONAL_REPRESENTATION('',(#7338),#7341);
#7338 = B_SPLINE_CURVE_WITH_KNOTS('',1,(#7339,#7340),.UNSPECIFIED.,.F.,
  .F.,(2,2),(-12.65,-7.45),.PIECEWISE_BEZIER_KNOTS.);
#7339 = CARTESIAN_POINT('',(9.,-20.1));
#7340 = CARTESIAN_POINT('',(9.,-14.9));
#7341 = ( GEOMETRIC_REPRESENTATION_CONTEXT(2) 
PARAMETRIC_REPRESENTATION_CONTEXT() REPRESENTATION_CONTEXT('2D SPACE',''
  ) );
#7342 = PCURVE('',#5593,#7343);
#7343 = DEFINITIONAL_REPRESENTATION('',(#7344),#7347);
#7344 = B_SPLINE_CURVE_WITH_KNOTS('',1,(#7345,#7346),.UNSPECIFIED.,.F.,
  .F.,(2,2),(-12.65,-7.45),.PIECEWISE_BEZIER_KNOTS.);
#7345 = CARTESIAN_POINT('',(7.,5.2));
#7346 = CARTESIAN_POINT('',(7.,0.));
#7347 = ( GEOMETRIC_REPRESENTATION_CONTEXT(2) 
PARAMETRIC_REPRESENTATION_CONTEXT() REPRESENTATION_CONTEXT('2D SPACE',''
  ) );
#7348 = ORIENTED_EDGE('',*,*,#7349,.F.);
#7349 = EDGE_CURVE('',#7285,#7329,#7350,.T.);
#7350 = SURFACE_CURVE('',#7351,(#7355,#7361),.PCURVE_S1.);
#7351 = LINE('',#7352,#7353);
#7352 = CARTESIAN_POINT('',(244.3,32.6,17.8));
#7353 = VECTOR('',#7354,1.);
#7354 = DIRECTION('',(0.,0.,1.));
#7355 = PCURVE('',#1342,#7356);
#7356 = DEFINITIONAL_REPRESENTATION('',(#7357),#7360);
#7357 = B_SPLINE_CURVE_WITH_KNOTS('',1,(#7358,#7359),.UNSPECIFIED.,.F.,
  .F.,(2,2),(3.,6.),.PIECEWISE_BEZIER_KNOTS.);
#7358 = CARTESIAN_POINT('',(6.,-20.1));
#7359 = CARTESIAN_POINT('',(9.,-20.1));
#7360 = ( GEOMETRIC_REPRESENTATION_CONTEXT(2) 
PARAMETRIC_REPRESENTATION_CONTEXT() REPRESENTATION_CONTEXT('2D SPACE',''
  ) );
#7361 = PCURVE('',#5617,#7362);
#7362 = DEFINITIONAL_REPRESENTATION('',(#7363),#7366);
#7363 = B_SPLINE_CURVE_WITH_KNOTS('',1,(#7364,#7365),.UNSPECIFIED.,.F.,
  .F.,(2,2),(3.,6.),.PIECEWISE_BEZIER_KNOTS.);
#7364 = CARTESIAN_POINT('',(0.,7.));
#7365 = CARTESIAN_POINT('',(3.,7.));
#7366 = ( GEOMETRIC_REPRESENTATION_CONTEXT(2) 
PARAMETRIC_REPRESENTATION_CONTEXT() REPRESENTATION_CONTEXT('2D SPACE',''
  ) );
#7367 = ADVANCED_FACE('',(#7368),#1314,.T.);
#7368 = FACE_BOUND('',#7369,.T.);
#7369 = EDGE_LOOP('',(#7370,#7371,#7372,#7393,#7414,#7415));
#7370 = ORIENTED_EDGE('',*,*,#1298,.F.);
#7371 = ORIENTED_EDGE('',*,*,#7133,.F.);
#7372 = ORIENTED_EDGE('',*,*,#7373,.T.);
#7373 = EDGE_CURVE('',#7108,#7374,#7376,.T.);
#7374 = VERTEX_POINT('',#7375);
#7375 = CARTESIAN_POINT('',(249.3,16.9,19.3));
#7376 = SURFACE_CURVE('',#7377,(#7381,#7387),.PCURVE_S1.);
#7377 = LINE('',#7378,#7379);
#7378 = CARTESIAN_POINT('',(201.375,16.9,19.3));
#7379 = VECTOR('',#7380,1.);
#7380 = DIRECTION('',(1.,0.,-0.));
#7381 = PCURVE('',#1314,#7382);
#7382 = DEFINITIONAL_REPRESENTATION('',(#7383),#7386);
#7383 = B_SPLINE_CURVE_WITH_KNOTS('',1,(#7384,#7385),.UNSPECIFIED.,.F.,
  .F.,(2,2),(42.925,47.925),.PIECEWISE_BEZIER_KNOTS.);
#7384 = CARTESIAN_POINT('',(4.5,82.85));
#7385 = CARTESIAN_POINT('',(4.5,87.85));
#7386 = ( GEOMETRIC_REPRESENTATION_CONTEXT(2) 
PARAMETRIC_REPRESENTATION_CONTEXT() REPRESENTATION_CONTEXT('2D SPACE',''
  ) );
#7387 = PCURVE('',#7122,#7388);
#7388 = DEFINITIONAL_REPRESENTATION('',(#7389),#7392);
#7389 = B_SPLINE_CURVE_WITH_KNOTS('',1,(#7390,#7391),.UNSPECIFIED.,.F.,
  .F.,(2,2),(42.925,47.925),.PIECEWISE_BEZIER_KNOTS.);
#7390 = CARTESIAN_POINT('',(3.,-1.753288904374));
#7391 = CARTESIAN_POINT('',(8.,-1.753288904374));
#7392 = ( GEOMETRIC_REPRESENTATION_CONTEXT(2) 
PARAMETRIC_REPRESENTATION_CONTEXT() REPRESENTATION_CONTEXT('2D SPACE',''
  ) );
#7393 = ORIENTED_EDGE('',*,*,#7394,.T.);
#7394 = EDGE_CURVE('',#7374,#4106,#7395,.T.);
#7395 = SURFACE_CURVE('',#7396,(#7400,#7407),.PCURVE_S1.);
#7396 = LINE('',#7397,#7398);
#7397 = CARTESIAN_POINT('',(249.3,16.9,19.3));
#7398 = VECTOR('',#7399,1.);
#7399 = DIRECTION('',(0.,0.,1.));
#7400 = PCURVE('',#1314,#7401);
#7401 = DEFINITIONAL_REPRESENTATION('',(#7402),#7406);
#7402 = LINE('',#7403,#7404);
#7403 = CARTESIAN_POINT('',(4.5,87.85));
#7404 = VECTOR('',#7405,1.);
#7405 = DIRECTION('',(1.,0.));
#7406 = ( GEOMETRIC_REPRESENTATION_CONTEXT(2) 
PARAMETRIC_REPRESENTATION_CONTEXT() REPRESENTATION_CONTEXT('2D SPACE',''
  ) );
#7407 = PCURVE('',#7095,#7408);
#7408 = DEFINITIONAL_REPRESENTATION('',(#7409),#7413);
#7409 = LINE('',#7410,#7411);
#7410 = CARTESIAN_POINT('',(0.,0.));
#7411 = VECTOR('',#7412,1.);
#7412 = DIRECTION('',(0.,-1.));
#7413 = ( GEOMETRIC_REPRESENTATION_CONTEXT(2) 
PARAMETRIC_REPRESENTATION_CONTEXT() REPRESENTATION_CONTEXT('2D SPACE',''
  ) );
#7414 = ORIENTED_EDGE('',*,*,#4105,.T.);
#7415 = ORIENTED_EDGE('',*,*,#7416,.T.);
#7416 = EDGE_CURVE('',#4083,#1271,#7417,.T.);
#7417 = SURFACE_CURVE('',#7418,(#7422,#7429),.PCURVE_S1.);
#7418 = LINE('',#7419,#7420);
#7419 = CARTESIAN_POINT('',(302.15,16.9,19.8));
#7420 = VECTOR('',#7421,1.);
#7421 = DIRECTION('',(0.,0.,-1.));
#7422 = PCURVE('',#1314,#7423);
#7423 = DEFINITIONAL_REPRESENTATION('',(#7424),#7428);
#7424 = LINE('',#7425,#7426);
#7425 = CARTESIAN_POINT('',(5.,140.7));
#7426 = VECTOR('',#7427,1.);
#7427 = DIRECTION('',(-1.,0.));
#7428 = ( GEOMETRIC_REPRESENTATION_CONTEXT(2) 
PARAMETRIC_REPRESENTATION_CONTEXT() REPRESENTATION_CONTEXT('2D SPACE',''
  ) );
#7429 = PCURVE('',#1286,#7430);
#7430 = DEFINITIONAL_REPRESENTATION('',(#7431),#7435);
#7431 = LINE('',#7432,#7433);
#7432 = CARTESIAN_POINT('',(5.,-1.1));
#7433 = VECTOR('',#7434,1.);
#7434 = DIRECTION('',(-1.,0.));
#7435 = ( GEOMETRIC_REPRESENTATION_CONTEXT(2) 
PARAMETRIC_REPRESENTATION_CONTEXT() REPRESENTATION_CONTEXT('2D SPACE',''
  ) );
#7436 = ADVANCED_FACE('',(#7437),#1286,.T.);
#7437 = FACE_BOUND('',#7438,.T.);
#7438 = EDGE_LOOP('',(#7439,#7440,#7441,#7442));
#7439 = ORIENTED_EDGE('',*,*,#1270,.T.);
#7440 = ORIENTED_EDGE('',*,*,#7416,.F.);
#7441 = ORIENTED_EDGE('',*,*,#4082,.F.);
#7442 = ORIENTED_EDGE('',*,*,#7443,.T.);
#7443 = EDGE_CURVE('',#4060,#1243,#7444,.T.);
#7444 = SURFACE_CURVE('',#7445,(#7449,#7456),.PCURVE_S1.);
#7445 = LINE('',#7446,#7447);
#7446 = CARTESIAN_POINT('',(302.15,18.,19.8));
#7447 = VECTOR('',#7448,1.);
#7448 = DIRECTION('',(0.,0.,-1.));
#7449 = PCURVE('',#1286,#7450);
#7450 = DEFINITIONAL_REPRESENTATION('',(#7451),#7455);
#7451 = LINE('',#7452,#7453);
#7452 = CARTESIAN_POINT('',(5.,0.));
#7453 = VECTOR('',#7454,1.);
#7454 = DIRECTION('',(-1.,0.));
#7455 = ( GEOMETRIC_REPRESENTATION_CONTEXT(2) 
PARAMETRIC_REPRESENTATION_CONTEXT() REPRESENTATION_CONTEXT('2D SPACE',''
  ) );
#7456 = PCURVE('',#1258,#7457);
#7457 = DEFINITIONAL_REPRESENTATION('',(#7458),#7462);
#7458 = LINE('',#7459,#7460);
#7459 = CARTESIAN_POINT('',(5.,19.));
#7460 = VECTOR('',#7461,1.);
#7461 = DIRECTION('',(-1.,0.));
#7462 = ( GEOMETRIC_REPRESENTATION_CONTEXT(2) 
PARAMETRIC_REPRESENTATION_CONTEXT() REPRESENTATION_CONTEXT('2D SPACE',''
  ) );
#7463 = ADVANCED_FACE('',(#7464),#1258,.F.);
#7464 = FACE_BOUND('',#7465,.F.);
#7465 = EDGE_LOOP('',(#7466,#7467,#7488,#7489,#7490,#7491));
#7466 = ORIENTED_EDGE('',*,*,#1242,.F.);
#7467 = ORIENTED_EDGE('',*,*,#7468,.T.);
#7468 = EDGE_CURVE('',#1215,#3602,#7469,.T.);
#7469 = SURFACE_CURVE('',#7470,(#7474,#7481),.PCURVE_S1.);
#7470 = LINE('',#7471,#7472);
#7471 = CARTESIAN_POINT('',(321.15,18.,14.8));
#7472 = VECTOR('',#7473,1.);
#7473 = DIRECTION('',(0.,0.,1.));
#7474 = PCURVE('',#1258,#7475);
#7475 = DEFINITIONAL_REPRESENTATION('',(#7476),#7480);
#7476 = LINE('',#7477,#7478);
#7477 = CARTESIAN_POINT('',(0.,-0.));
#7478 = VECTOR('',#7479,1.);
#7479 = DIRECTION('',(1.,-0.));
#7480 = ( GEOMETRIC_REPRESENTATION_CONTEXT(2) 
PARAMETRIC_REPRESENTATION_CONTEXT() REPRESENTATION_CONTEXT('2D SPACE',''
  ) );
#7481 = PCURVE('',#1230,#7482);
#7482 = DEFINITIONAL_REPRESENTATION('',(#7483),#7487);
#7483 = LINE('',#7484,#7485);
#7484 = CARTESIAN_POINT('',(14.8,-18.));
#7485 = VECTOR('',#7486,1.);
#7486 = DIRECTION('',(1.,0.));
#7487 = ( GEOMETRIC_REPRESENTATION_CONTEXT(2) 
PARAMETRIC_REPRESENTATION_CONTEXT() REPRESENTATION_CONTEXT('2D SPACE',''
  ) );
#7488 = ORIENTED_EDGE('',*,*,#3599,.F.);
#7489 = ORIENTED_EDGE('',*,*,#3776,.F.);
#7490 = ORIENTED_EDGE('',*,*,#4059,.T.);
#7491 = ORIENTED_EDGE('',*,*,#7443,.T.);
#7492 = ADVANCED_FACE('',(#7493),#1230,.T.);
#7493 = FACE_BOUND('',#7494,.T.);
#7494 = EDGE_LOOP('',(#7495,#7496,#7517,#7518));
#7495 = ORIENTED_EDGE('',*,*,#3752,.T.);
#7496 = ORIENTED_EDGE('',*,*,#7497,.F.);
#7497 = EDGE_CURVE('',#1189,#3732,#7498,.T.);
#7498 = SURFACE_CURVE('',#7499,(#7503,#7510),.PCURVE_S1.);
#7499 = LINE('',#7500,#7501);
#7500 = CARTESIAN_POINT('',(321.15,11.95,13.8));
#7501 = VECTOR('',#7502,1.);
#7502 = DIRECTION('',(-0.,-0.,1.));
#7503 = PCURVE('',#1230,#7504);
#7504 = DEFINITIONAL_REPRESENTATION('',(#7505),#7509);
#7505 = LINE('',#7506,#7507);
#7506 = CARTESIAN_POINT('',(13.8,-11.95));
#7507 = VECTOR('',#7508,1.);
#7508 = DIRECTION('',(1.,0.));
#7509 = ( GEOMETRIC_REPRESENTATION_CONTEXT(2) 
PARAMETRIC_REPRESENTATION_CONTEXT() REPRESENTATION_CONTEXT('2D SPACE',''
  ) );
#7510 = PCURVE('',#1203,#7511);
#7511 = DEFINITIONAL_REPRESENTATION('',(#7512),#7516);
#7512 = LINE('',#7513,#7514);
#7513 = CARTESIAN_POINT('',(0.,-0.));
#7514 = VECTOR('',#7515,1.);
#7515 = DIRECTION('',(0.,-1.));
#7516 = ( GEOMETRIC_REPRESENTATION_CONTEXT(2) 
PARAMETRIC_REPRESENTATION_CONTEXT() REPRESENTATION_CONTEXT('2D SPACE',''
  ) );
#7517 = ORIENTED_EDGE('',*,*,#1214,.T.);
#7518 = ORIENTED_EDGE('',*,*,#7468,.T.);
#7519 = ADVANCED_FACE('',(#7520),#1203,.T.);
#7520 = FACE_BOUND('',#7521,.T.);
#7521 = EDGE_LOOP('',(#7522,#7523,#7524,#7525));
#7522 = ORIENTED_EDGE('',*,*,#1188,.T.);
#7523 = ORIENTED_EDGE('',*,*,#7497,.T.);
#7524 = ORIENTED_EDGE('',*,*,#3731,.F.);
#7525 = ORIENTED_EDGE('',*,*,#7526,.F.);
#7526 = EDGE_CURVE('',#1163,#3711,#7527,.T.);
#7527 = SURFACE_CURVE('',#7528,(#7532,#7539),.PCURVE_S1.);
#7528 = LINE('',#7529,#7530);
#7529 = CARTESIAN_POINT('',(315.7,13.25,13.8));
#7530 = VECTOR('',#7531,1.);
#7531 = DIRECTION('',(-0.,-0.,1.));
#7532 = PCURVE('',#1203,#7533);
#7533 = DEFINITIONAL_REPRESENTATION('',(#7534),#7538);
#7534 = LINE('',#7535,#7536);
#7535 = CARTESIAN_POINT('',(5.602901034286,0.));
#7536 = VECTOR('',#7537,1.);
#7537 = DIRECTION('',(0.,-1.));
#7538 = ( GEOMETRIC_REPRESENTATION_CONTEXT(2) 
PARAMETRIC_REPRESENTATION_CONTEXT() REPRESENTATION_CONTEXT('2D SPACE',''
  ) );
#7539 = PCURVE('',#1177,#7540);
#7540 = DEFINITIONAL_REPRESENTATION('',(#7541),#7545);
#7541 = LINE('',#7542,#7543);
#7542 = CARTESIAN_POINT('',(-0.,0.));
#7543 = VECTOR('',#7544,1.);
#7544 = DIRECTION('',(0.,-1.));
#7545 = ( GEOMETRIC_REPRESENTATION_CONTEXT(2) 
PARAMETRIC_REPRESENTATION_CONTEXT() REPRESENTATION_CONTEXT('2D SPACE',''
  ) );
#7546 = ADVANCED_FACE('',(#7547),#1177,.T.);
#7547 = FACE_BOUND('',#7548,.T.);
#7548 = EDGE_LOOP('',(#7549,#7550,#7551,#7552));
#7549 = ORIENTED_EDGE('',*,*,#1162,.T.);
#7550 = ORIENTED_EDGE('',*,*,#7526,.T.);
#7551 = ORIENTED_EDGE('',*,*,#3710,.F.);
#7552 = ORIENTED_EDGE('',*,*,#7553,.F.);
#7553 = EDGE_CURVE('',#1137,#3690,#7554,.T.);
#7554 = SURFACE_CURVE('',#7555,(#7559,#7566),.PCURVE_S1.);
#7555 = LINE('',#7556,#7557);
#7556 = CARTESIAN_POINT('',(314.9,12.45,13.8));
#7557 = VECTOR('',#7558,1.);
#7558 = DIRECTION('',(-0.,-0.,1.));
#7559 = PCURVE('',#1177,#7560);
#7560 = DEFINITIONAL_REPRESENTATION('',(#7561),#7565);
#7561 = LINE('',#7562,#7563);
#7562 = CARTESIAN_POINT('',(1.131370849899,0.));
#7563 = VECTOR('',#7564,1.);
#7564 = DIRECTION('',(0.,-1.));
#7565 = ( GEOMETRIC_REPRESENTATION_CONTEXT(2) 
PARAMETRIC_REPRESENTATION_CONTEXT() REPRESENTATION_CONTEXT('2D SPACE',''
  ) );
#7566 = PCURVE('',#1151,#7567);
#7567 = DEFINITIONAL_REPRESENTATION('',(#7568),#7572);
#7568 = LINE('',#7569,#7570);
#7569 = CARTESIAN_POINT('',(0.,0.));
#7570 = VECTOR('',#7571,1.);
#7571 = DIRECTION('',(-0.,-1.));
#7572 = ( GEOMETRIC_REPRESENTATION_CONTEXT(2) 
PARAMETRIC_REPRESENTATION_CONTEXT() REPRESENTATION_CONTEXT('2D SPACE',''
  ) );
#7573 = ADVANCED_FACE('',(#7574),#1151,.T.);
#7574 = FACE_BOUND('',#7575,.T.);
#7575 = EDGE_LOOP('',(#7576,#7577,#7578,#7579));
#7576 = ORIENTED_EDGE('',*,*,#1136,.T.);
#7577 = ORIENTED_EDGE('',*,*,#7553,.T.);
#7578 = ORIENTED_EDGE('',*,*,#3689,.F.);
#7579 = ORIENTED_EDGE('',*,*,#7580,.F.);
#7580 = EDGE_CURVE('',#1111,#3669,#7581,.T.);
#7581 = SURFACE_CURVE('',#7582,(#7586,#7593),.PCURVE_S1.);
#7582 = LINE('',#7583,#7584);
#7583 = CARTESIAN_POINT('',(314.9,5.55,13.8));
#7584 = VECTOR('',#7585,1.);
#7585 = DIRECTION('',(-0.,-0.,1.));
#7586 = PCURVE('',#1151,#7587);
#7587 = DEFINITIONAL_REPRESENTATION('',(#7588),#7592);
#7588 = LINE('',#7589,#7590);
#7589 = CARTESIAN_POINT('',(6.9,0.));
#7590 = VECTOR('',#7591,1.);
#7591 = DIRECTION('',(-0.,-1.));
#7592 = ( GEOMETRIC_REPRESENTATION_CONTEXT(2) 
PARAMETRIC_REPRESENTATION_CONTEXT() REPRESENTATION_CONTEXT('2D SPACE',''
  ) );
#7593 = PCURVE('',#1125,#7594);
#7594 = DEFINITIONAL_REPRESENTATION('',(#7595),#7599);
#7595 = LINE('',#7596,#7597);
#7596 = CARTESIAN_POINT('',(0.,0.));
#7597 = VECTOR('',#7598,1.);
#7598 = DIRECTION('',(0.,-1.));
#7599 = ( GEOMETRIC_REPRESENTATION_CONTEXT(2) 
PARAMETRIC_REPRESENTATION_CONTEXT() REPRESENTATION_CONTEXT('2D SPACE',''
  ) );
#7600 = ADVANCED_FACE('',(#7601),#1125,.T.);
#7601 = FACE_BOUND('',#7602,.T.);
#7602 = EDGE_LOOP('',(#7603,#7604,#7605,#7606));
#7603 = ORIENTED_EDGE('',*,*,#1110,.T.);
#7604 = ORIENTED_EDGE('',*,*,#7580,.T.);
#7605 = ORIENTED_EDGE('',*,*,#3668,.F.);
#7606 = ORIENTED_EDGE('',*,*,#7607,.F.);
#7607 = EDGE_CURVE('',#1085,#3648,#7608,.T.);
#7608 = SURFACE_CURVE('',#7609,(#7613,#7620),.PCURVE_S1.);
#7609 = LINE('',#7610,#7611);
#7610 = CARTESIAN_POINT('',(315.7,4.75,13.8));
#7611 = VECTOR('',#7612,1.);
#7612 = DIRECTION('',(-0.,-0.,1.));
#7613 = PCURVE('',#1125,#7614);
#7614 = DEFINITIONAL_REPRESENTATION('',(#7615),#7619);
#7615 = LINE('',#7616,#7617);
#7616 = CARTESIAN_POINT('',(1.131370849899,0.));
#7617 = VECTOR('',#7618,1.);
#7618 = DIRECTION('',(0.,-1.));
#7619 = ( GEOMETRIC_REPRESENTATION_CONTEXT(2) 
PARAMETRIC_REPRESENTATION_CONTEXT() REPRESENTATION_CONTEXT('2D SPACE',''
  ) );
#7620 = PCURVE('',#1099,#7621);
#7621 = DEFINITIONAL_REPRESENTATION('',(#7622),#7626);
#7622 = LINE('',#7623,#7624);
#7623 = CARTESIAN_POINT('',(0.,-0.));
#7624 = VECTOR('',#7625,1.);
#7625 = DIRECTION('',(0.,-1.));
#7626 = ( GEOMETRIC_REPRESENTATION_CONTEXT(2) 
PARAMETRIC_REPRESENTATION_CONTEXT() REPRESENTATION_CONTEXT('2D SPACE',''
  ) );
#7627 = ADVANCED_FACE('',(#7628),#1099,.T.);
#7628 = FACE_BOUND('',#7629,.T.);
#7629 = EDGE_LOOP('',(#7630,#7631,#7632,#7633));
#7630 = ORIENTED_EDGE('',*,*,#1084,.T.);
#7631 = ORIENTED_EDGE('',*,*,#7607,.T.);
#7632 = ORIENTED_EDGE('',*,*,#3647,.F.);
#7633 = ORIENTED_EDGE('',*,*,#3552,.F.);
#7634 = ADVANCED_FACE('',(#7635),#1996,.F.);
#7635 = FACE_BOUND('',#7636,.F.);
#7636 = EDGE_LOOP('',(#7637,#7657,#7658,#7678));
#7637 = ORIENTED_EDGE('',*,*,#7638,.F.);
#7638 = EDGE_CURVE('',#1978,#4428,#7639,.T.);
#7639 = SURFACE_CURVE('',#7640,(#7644,#7650),.PCURVE_S1.);
#7640 = LINE('',#7641,#7642);
#7641 = CARTESIAN_POINT('',(224.8,10.3,13.8));
#7642 = VECTOR('',#7643,1.);
#7643 = DIRECTION('',(0.,0.,1.));
#7644 = PCURVE('',#1996,#7645);
#7645 = DEFINITIONAL_REPRESENTATION('',(#7646),#7649);
#7646 = B_SPLINE_CURVE_WITH_KNOTS('',1,(#7647,#7648),.UNSPECIFIED.,.F.,
  .F.,(2,2),(0.,7.),.PIECEWISE_BEZIER_KNOTS.);
#7647 = CARTESIAN_POINT('',(4.712388980385,0.));
#7648 = CARTESIAN_POINT('',(4.712388980385,7.));
#7649 = ( GEOMETRIC_REPRESENTATION_CONTEXT(2) 
PARAMETRIC_REPRESENTATION_CONTEXT() REPRESENTATION_CONTEXT('2D SPACE',''
  ) );
#7650 = PCURVE('',#2023,#7651);
#7651 = DEFINITIONAL_REPRESENTATION('',(#7652),#7656);
#7652 = LINE('',#7653,#7654);
#7653 = CARTESIAN_POINT('',(0.,1.7));
#7654 = VECTOR('',#7655,1.);
#7655 = DIRECTION('',(1.,0.));
#7656 = ( GEOMETRIC_REPRESENTATION_CONTEXT(2) 
PARAMETRIC_REPRESENTATION_CONTEXT() REPRESENTATION_CONTEXT('2D SPACE',''
  ) );
#7657 = ORIENTED_EDGE('',*,*,#1977,.T.);
#7658 = ORIENTED_EDGE('',*,*,#7659,.T.);
#7659 = EDGE_CURVE('',#1980,#4430,#7660,.T.);
#7660 = SURFACE_CURVE('',#7661,(#7665,#7671),.PCURVE_S1.);
#7661 = LINE('',#7662,#7663);
#7662 = CARTESIAN_POINT('',(224.8,13.6,13.8));
#7663 = VECTOR('',#7664,1.);
#7664 = DIRECTION('',(0.,0.,1.));
#7665 = PCURVE('',#1996,#7666);
#7666 = DEFINITIONAL_REPRESENTATION('',(#7667),#7670);
#7667 = B_SPLINE_CURVE_WITH_KNOTS('',1,(#7668,#7669),.UNSPECIFIED.,.F.,
  .F.,(2,2),(0.,7.),.PIECEWISE_BEZIER_KNOTS.);
#7668 = CARTESIAN_POINT('',(7.853981633974,0.));
#7669 = CARTESIAN_POINT('',(7.853981633974,7.));
#7670 = ( GEOMETRIC_REPRESENTATION_CONTEXT(2) 
PARAMETRIC_REPRESENTATION_CONTEXT() REPRESENTATION_CONTEXT('2D SPACE',''
  ) );
#7671 = PCURVE('',#2076,#7672);
#7672 = DEFINITIONAL_REPRESENTATION('',(#7673),#7677);
#7673 = LINE('',#7674,#7675);
#7674 = CARTESIAN_POINT('',(0.,1.7));
#7675 = VECTOR('',#7676,1.);
#7676 = DIRECTION('',(1.,0.));
#7677 = ( GEOMETRIC_REPRESENTATION_CONTEXT(2) 
PARAMETRIC_REPRESENTATION_CONTEXT() REPRESENTATION_CONTEXT('2D SPACE',''
  ) );
#7678 = ORIENTED_EDGE('',*,*,#4427,.F.);
#7679 = ADVANCED_FACE('',(#7680),#2023,.T.);
#7680 = FACE_BOUND('',#7681,.T.);
#7681 = EDGE_LOOP('',(#7682,#7683,#7684,#7705));
#7682 = ORIENTED_EDGE('',*,*,#7638,.F.);
#7683 = ORIENTED_EDGE('',*,*,#2008,.T.);
#7684 = ORIENTED_EDGE('',*,*,#7685,.T.);
#7685 = EDGE_CURVE('',#2009,#4454,#7686,.T.);
#7686 = SURFACE_CURVE('',#7687,(#7691,#7698),.PCURVE_S1.);
#7687 = LINE('',#7688,#7689);
#7688 = CARTESIAN_POINT('',(223.1,10.3,13.8));
#7689 = VECTOR('',#7690,1.);
#7690 = DIRECTION('',(0.,0.,1.));
#7691 = PCURVE('',#2023,#7692);
#7692 = DEFINITIONAL_REPRESENTATION('',(#7693),#7697);
#7693 = LINE('',#7694,#7695);
#7694 = CARTESIAN_POINT('',(0.,0.));
#7695 = VECTOR('',#7696,1.);
#7696 = DIRECTION('',(1.,0.));
#7697 = ( GEOMETRIC_REPRESENTATION_CONTEXT(2) 
PARAMETRIC_REPRESENTATION_CONTEXT() REPRESENTATION_CONTEXT('2D SPACE',''
  ) );
#7698 = PCURVE('',#2051,#7699);
#7699 = DEFINITIONAL_REPRESENTATION('',(#7700),#7704);
#7700 = LINE('',#7701,#7702);
#7701 = CARTESIAN_POINT('',(4.712388980385,0.));
#7702 = VECTOR('',#7703,1.);
#7703 = DIRECTION('',(0.,1.));
#7704 = ( GEOMETRIC_REPRESENTATION_CONTEXT(2) 
PARAMETRIC_REPRESENTATION_CONTEXT() REPRESENTATION_CONTEXT('2D SPACE',''
  ) );
#7705 = ORIENTED_EDGE('',*,*,#4453,.F.);
#7706 = ADVANCED_FACE('',(#7707),#2076,.F.);
#7707 = FACE_BOUND('',#7708,.F.);
#7708 = EDGE_LOOP('',(#7709,#7710,#7711,#7732));
#7709 = ORIENTED_EDGE('',*,*,#7659,.F.);
#7710 = ORIENTED_EDGE('',*,*,#2063,.T.);
#7711 = ORIENTED_EDGE('',*,*,#7712,.T.);
#7712 = EDGE_CURVE('',#2035,#4475,#7713,.T.);
#7713 = SURFACE_CURVE('',#7714,(#7718,#7725),.PCURVE_S1.);
#7714 = LINE('',#7715,#7716);
#7715 = CARTESIAN_POINT('',(223.1,13.6,13.8));
#7716 = VECTOR('',#7717,1.);
#7717 = DIRECTION('',(0.,0.,1.));
#7718 = PCURVE('',#2076,#7719);
#7719 = DEFINITIONAL_REPRESENTATION('',(#7720),#7724);
#7720 = LINE('',#7721,#7722);
#7721 = CARTESIAN_POINT('',(0.,0.));
#7722 = VECTOR('',#7723,1.);
#7723 = DIRECTION('',(1.,0.));
#7724 = ( GEOMETRIC_REPRESENTATION_CONTEXT(2) 
PARAMETRIC_REPRESENTATION_CONTEXT() REPRESENTATION_CONTEXT('2D SPACE',''
  ) );
#7725 = PCURVE('',#2051,#7726);
#7726 = DEFINITIONAL_REPRESENTATION('',(#7727),#7731);
#7727 = LINE('',#7728,#7729);
#7728 = CARTESIAN_POINT('',(1.570796326795,0.));
#7729 = VECTOR('',#7730,1.);
#7730 = DIRECTION('',(0.,1.));
#7731 = ( GEOMETRIC_REPRESENTATION_CONTEXT(2) 
PARAMETRIC_REPRESENTATION_CONTEXT() REPRESENTATION_CONTEXT('2D SPACE',''
  ) );
#7732 = ORIENTED_EDGE('',*,*,#4498,.F.);
#7733 = ADVANCED_FACE('',(#7734),#2051,.F.);
#7734 = FACE_BOUND('',#7735,.F.);
#7735 = EDGE_LOOP('',(#7736,#7737,#7738,#7739));
#7736 = ORIENTED_EDGE('',*,*,#4474,.F.);
#7737 = ORIENTED_EDGE('',*,*,#7712,.F.);
#7738 = ORIENTED_EDGE('',*,*,#2034,.T.);
#7739 = ORIENTED_EDGE('',*,*,#7685,.T.);
#7740 = ADVANCED_FACE('',(#7741),#2108,.F.);
#7741 = FACE_BOUND('',#7742,.F.);
#7742 = EDGE_LOOP('',(#7743,#7763,#7764,#7784));
#7743 = ORIENTED_EDGE('',*,*,#7744,.F.);
#7744 = EDGE_CURVE('',#2090,#4520,#7745,.T.);
#7745 = SURFACE_CURVE('',#7746,(#7750,#7756),.PCURVE_S1.);
#7746 = LINE('',#7747,#7748);
#7747 = CARTESIAN_POINT('',(259.5,10.3,13.8));
#7748 = VECTOR('',#7749,1.);
#7749 = DIRECTION('',(0.,0.,1.));
#7750 = PCURVE('',#2108,#7751);
#7751 = DEFINITIONAL_REPRESENTATION('',(#7752),#7755);
#7752 = B_SPLINE_CURVE_WITH_KNOTS('',1,(#7753,#7754),.UNSPECIFIED.,.F.,
  .F.,(2,2),(0.,7.),.PIECEWISE_BEZIER_KNOTS.);
#7753 = CARTESIAN_POINT('',(4.712388980385,0.));
#7754 = CARTESIAN_POINT('',(4.712388980385,7.));
#7755 = ( GEOMETRIC_REPRESENTATION_CONTEXT(2) 
PARAMETRIC_REPRESENTATION_CONTEXT() REPRESENTATION_CONTEXT('2D SPACE',''
  ) );
#7756 = PCURVE('',#2135,#7757);
#7757 = DEFINITIONAL_REPRESENTATION('',(#7758),#7762);
#7758 = LINE('',#7759,#7760);
#7759 = CARTESIAN_POINT('',(0.,1.7));
#7760 = VECTOR('',#7761,1.);
#7761 = DIRECTION('',(1.,0.));
#7762 = ( GEOMETRIC_REPRESENTATION_CONTEXT(2) 
PARAMETRIC_REPRESENTATION_CONTEXT() REPRESENTATION_CONTEXT('2D SPACE',''
  ) );
#7763 = ORIENTED_EDGE('',*,*,#2089,.T.);
#7764 = ORIENTED_EDGE('',*,*,#7765,.T.);
#7765 = EDGE_CURVE('',#2092,#4522,#7766,.T.);
#7766 = SURFACE_CURVE('',#7767,(#7771,#7777),.PCURVE_S1.);
#7767 = LINE('',#7768,#7769);
#7768 = CARTESIAN_POINT('',(259.5,13.6,13.8));
#7769 = VECTOR('',#7770,1.);
#7770 = DIRECTION('',(0.,0.,1.));
#7771 = PCURVE('',#2108,#7772);
#7772 = DEFINITIONAL_REPRESENTATION('',(#7773),#7776);
#7773 = B_SPLINE_CURVE_WITH_KNOTS('',1,(#7774,#7775),.UNSPECIFIED.,.F.,
  .F.,(2,2),(0.,7.),.PIECEWISE_BEZIER_KNOTS.);
#7774 = CARTESIAN_POINT('',(7.853981633974,0.));
#7775 = CARTESIAN_POINT('',(7.853981633974,7.));
#7776 = ( GEOMETRIC_REPRESENTATION_CONTEXT(2) 
PARAMETRIC_REPRESENTATION_CONTEXT() REPRESENTATION_CONTEXT('2D SPACE',''
  ) );
#7777 = PCURVE('',#2188,#7778);
#7778 = DEFINITIONAL_REPRESENTATION('',(#7779),#7783);
#7779 = LINE('',#7780,#7781);
#7780 = CARTESIAN_POINT('',(0.,1.7));
#7781 = VECTOR('',#7782,1.);
#7782 = DIRECTION('',(1.,0.));
#7783 = ( GEOMETRIC_REPRESENTATION_CONTEXT(2) 
PARAMETRIC_REPRESENTATION_CONTEXT() REPRESENTATION_CONTEXT('2D SPACE',''
  ) );
#7784 = ORIENTED_EDGE('',*,*,#4519,.F.);
#7785 = ADVANCED_FACE('',(#7786),#2135,.T.);
#7786 = FACE_BOUND('',#7787,.T.);
#7787 = EDGE_LOOP('',(#7788,#7789,#7790,#7811));
#7788 = ORIENTED_EDGE('',*,*,#7744,.F.);
#7789 = ORIENTED_EDGE('',*,*,#2120,.T.);
#7790 = ORIENTED_EDGE('',*,*,#7791,.T.);
#7791 = EDGE_CURVE('',#2121,#4546,#7792,.T.);
#7792 = SURFACE_CURVE('',#7793,(#7797,#7804),.PCURVE_S1.);
#7793 = LINE('',#7794,#7795);
#7794 = CARTESIAN_POINT('',(257.8,10.3,13.8));
#7795 = VECTOR('',#7796,1.);
#7796 = DIRECTION('',(0.,0.,1.));
#7797 = PCURVE('',#2135,#7798);
#7798 = DEFINITIONAL_REPRESENTATION('',(#7799),#7803);
#7799 = LINE('',#7800,#7801);
#7800 = CARTESIAN_POINT('',(0.,0.));
#7801 = VECTOR('',#7802,1.);
#7802 = DIRECTION('',(1.,0.));
#7803 = ( GEOMETRIC_REPRESENTATION_CONTEXT(2) 
PARAMETRIC_REPRESENTATION_CONTEXT() REPRESENTATION_CONTEXT('2D SPACE',''
  ) );
#7804 = PCURVE('',#2163,#7805);
#7805 = DEFINITIONAL_REPRESENTATION('',(#7806),#7810);
#7806 = LINE('',#7807,#7808);
#7807 = CARTESIAN_POINT('',(4.712388980385,0.));
#7808 = VECTOR('',#7809,1.);
#7809 = DIRECTION('',(0.,1.));
#7810 = ( GEOMETRIC_REPRESENTATION_CONTEXT(2) 
PARAMETRIC_REPRESENTATION_CONTEXT() REPRESENTATION_CONTEXT('2D SPACE',''
  ) );
#7811 = ORIENTED_EDGE('',*,*,#4545,.F.);
#7812 = ADVANCED_FACE('',(#7813),#2188,.F.);
#7813 = FACE_BOUND('',#7814,.F.);
#7814 = EDGE_LOOP('',(#7815,#7816,#7817,#7838));
#7815 = ORIENTED_EDGE('',*,*,#7765,.F.);
#7816 = ORIENTED_EDGE('',*,*,#2175,.T.);
#7817 = ORIENTED_EDGE('',*,*,#7818,.T.);
#7818 = EDGE_CURVE('',#2147,#4567,#7819,.T.);
#7819 = SURFACE_CURVE('',#7820,(#7824,#7831),.PCURVE_S1.);
#7820 = LINE('',#7821,#7822);
#7821 = CARTESIAN_POINT('',(257.8,13.6,13.8));
#7822 = VECTOR('',#7823,1.);
#7823 = DIRECTION('',(0.,0.,1.));
#7824 = PCURVE('',#2188,#7825);
#7825 = DEFINITIONAL_REPRESENTATION('',(#7826),#7830);
#7826 = LINE('',#7827,#7828);
#7827 = CARTESIAN_POINT('',(0.,0.));
#7828 = VECTOR('',#7829,1.);
#7829 = DIRECTION('',(1.,0.));
#7830 = ( GEOMETRIC_REPRESENTATION_CONTEXT(2) 
PARAMETRIC_REPRESENTATION_CONTEXT() REPRESENTATION_CONTEXT('2D SPACE',''
  ) );
#7831 = PCURVE('',#2163,#7832);
#7832 = DEFINITIONAL_REPRESENTATION('',(#7833),#7837);
#7833 = LINE('',#7834,#7835);
#7834 = CARTESIAN_POINT('',(1.570796326795,0.));
#7835 = VECTOR('',#7836,1.);
#7836 = DIRECTION('',(0.,1.));
#7837 = ( GEOMETRIC_REPRESENTATION_CONTEXT(2) 
PARAMETRIC_REPRESENTATION_CONTEXT() REPRESENTATION_CONTEXT('2D SPACE',''
  ) );
#7838 = ORIENTED_EDGE('',*,*,#4590,.F.);
#7839 = ADVANCED_FACE('',(#7840),#2163,.F.);
#7840 = FACE_BOUND('',#7841,.F.);
#7841 = EDGE_LOOP('',(#7842,#7843,#7844,#7845));
#7842 = ORIENTED_EDGE('',*,*,#4566,.F.);
#7843 = ORIENTED_EDGE('',*,*,#7818,.F.);
#7844 = ORIENTED_EDGE('',*,*,#2146,.T.);
#7845 = ORIENTED_EDGE('',*,*,#7791,.T.);
#7846 = ADVANCED_FACE('',(#7847),#2220,.F.);
#7847 = FACE_BOUND('',#7848,.F.);
#7848 = EDGE_LOOP('',(#7849,#7872,#7873,#7896));
#7849 = ORIENTED_EDGE('',*,*,#7850,.F.);
#7850 = EDGE_CURVE('',#2202,#7851,#7853,.T.);
#7851 = VERTEX_POINT('',#7852);
#7852 = CARTESIAN_POINT('',(182.,78.5,19.8));
#7853 = SURFACE_CURVE('',#7854,(#7858,#7865),.PCURVE_S1.);
#7854 = LINE('',#7855,#7856);
#7855 = CARTESIAN_POINT('',(182.,78.5,13.8));
#7856 = VECTOR('',#7857,1.);
#7857 = DIRECTION('',(0.,0.,1.));
#7858 = PCURVE('',#2220,#7859);
#7859 = DEFINITIONAL_REPRESENTATION('',(#7860),#7864);
#7860 = LINE('',#7861,#7862);
#7861 = CARTESIAN_POINT('',(0.,0.));
#7862 = VECTOR('',#7863,1.);
#7863 = DIRECTION('',(0.,1.));
#7864 = ( GEOMETRIC_REPRESENTATION_CONTEXT(2) 
PARAMETRIC_REPRESENTATION_CONTEXT() REPRESENTATION_CONTEXT('2D SPACE',''
  ) );
#7865 = PCURVE('',#2247,#7866);
#7866 = DEFINITIONAL_REPRESENTATION('',(#7867),#7871);
#7867 = LINE('',#7868,#7869);
#7868 = CARTESIAN_POINT('',(0.,-3.));
#7869 = VECTOR('',#7870,1.);
#7870 = DIRECTION('',(1.,0.));
#7871 = ( GEOMETRIC_REPRESENTATION_CONTEXT(2) 
PARAMETRIC_REPRESENTATION_CONTEXT() REPRESENTATION_CONTEXT('2D SPACE',''
  ) );
#7872 = ORIENTED_EDGE('',*,*,#2201,.T.);
#7873 = ORIENTED_EDGE('',*,*,#7874,.T.);
#7874 = EDGE_CURVE('',#2204,#7875,#7877,.T.);
#7875 = VERTEX_POINT('',#7876);
#7876 = CARTESIAN_POINT('',(185.,75.5,19.8));
#7877 = SURFACE_CURVE('',#7878,(#7882,#7889),.PCURVE_S1.);
#7878 = LINE('',#7879,#7880);
#7879 = CARTESIAN_POINT('',(185.,75.5,13.8));
#7880 = VECTOR('',#7881,1.);
#7881 = DIRECTION('',(0.,0.,1.));
#7882 = PCURVE('',#2220,#7883);
#7883 = DEFINITIONAL_REPRESENTATION('',(#7884),#7888);
#7884 = LINE('',#7885,#7886);
#7885 = CARTESIAN_POINT('',(1.570796326795,0.));
#7886 = VECTOR('',#7887,1.);
#7887 = DIRECTION('',(0.,1.));
#7888 = ( GEOMETRIC_REPRESENTATION_CONTEXT(2) 
PARAMETRIC_REPRESENTATION_CONTEXT() REPRESENTATION_CONTEXT('2D SPACE',''
  ) );
#7889 = PCURVE('',#2410,#7890);
#7890 = DEFINITIONAL_REPRESENTATION('',(#7891),#7895);
#7891 = LINE('',#7892,#7893);
#7892 = CARTESIAN_POINT('',(0.,3.));
#7893 = VECTOR('',#7894,1.);
#7894 = DIRECTION('',(1.,0.));
#7895 = ( GEOMETRIC_REPRESENTATION_CONTEXT(2) 
PARAMETRIC_REPRESENTATION_CONTEXT() REPRESENTATION_CONTEXT('2D SPACE',''
  ) );
#7896 = ORIENTED_EDGE('',*,*,#7897,.F.);
#7897 = EDGE_CURVE('',#7851,#7875,#7898,.T.);
#7898 = SURFACE_CURVE('',#7899,(#7904,#7911),.PCURVE_S1.);
#7899 = CIRCLE('',#7900,3.);
#7900 = AXIS2_PLACEMENT_3D('',#7901,#7902,#7903);
#7901 = CARTESIAN_POINT('',(185.,78.5,19.8));
#7902 = DIRECTION('',(0.,0.,1.));
#7903 = DIRECTION('',(-1.,-0.,0.));
#7904 = PCURVE('',#2220,#7905);
#7905 = DEFINITIONAL_REPRESENTATION('',(#7906),#7910);
#7906 = LINE('',#7907,#7908);
#7907 = CARTESIAN_POINT('',(0.,6.));
#7908 = VECTOR('',#7909,1.);
#7909 = DIRECTION('',(1.,0.));
#7910 = ( GEOMETRIC_REPRESENTATION_CONTEXT(2) 
PARAMETRIC_REPRESENTATION_CONTEXT() REPRESENTATION_CONTEXT('2D SPACE',''
  ) );
#7911 = PCURVE('',#5671,#7912);
#7912 = DEFINITIONAL_REPRESENTATION('',(#7913),#7917);
#7913 = CIRCLE('',#7914,3.);
#7914 = AXIS2_PLACEMENT_2D('',#7915,#7916);
#7915 = CARTESIAN_POINT('',(23.55,6.5));
#7916 = DIRECTION('',(-1.,0.));
#7917 = ( GEOMETRIC_REPRESENTATION_CONTEXT(2) 
PARAMETRIC_REPRESENTATION_CONTEXT() REPRESENTATION_CONTEXT('2D SPACE',''
  ) );
#7918 = ADVANCED_FACE('',(#7919),#2247,.T.);
#7919 = FACE_BOUND('',#7920,.T.);
#7920 = EDGE_LOOP('',(#7921,#7942,#7943,#7944));
#7921 = ORIENTED_EDGE('',*,*,#7922,.F.);
#7922 = EDGE_CURVE('',#7851,#7923,#7925,.T.);
#7923 = VERTEX_POINT('',#7924);
#7924 = CARTESIAN_POINT('',(182.,81.,19.8));
#7925 = SURFACE_CURVE('',#7926,(#7930,#7936),.PCURVE_S1.);
#7926 = LINE('',#7927,#7928);
#7927 = CARTESIAN_POINT('',(182.,73.75,19.8));
#7928 = VECTOR('',#7929,1.);
#7929 = DIRECTION('',(0.,1.,0.));
#7930 = PCURVE('',#2247,#7931);
#7931 = DEFINITIONAL_REPRESENTATION('',(#7932),#7935);
#7932 = B_SPLINE_CURVE_WITH_KNOTS('',1,(#7933,#7934),.UNSPECIFIED.,.F.,
  .F.,(2,2),(4.75,7.25),.PIECEWISE_BEZIER_KNOTS.);
#7933 = CARTESIAN_POINT('',(6.,-3.));
#7934 = CARTESIAN_POINT('',(6.,-5.5));
#7935 = ( GEOMETRIC_REPRESENTATION_CONTEXT(2) 
PARAMETRIC_REPRESENTATION_CONTEXT() REPRESENTATION_CONTEXT('2D SPACE',''
  ) );
#7936 = PCURVE('',#5671,#7937);
#7937 = DEFINITIONAL_REPRESENTATION('',(#7938),#7941);
#7938 = B_SPLINE_CURVE_WITH_KNOTS('',1,(#7939,#7940),.UNSPECIFIED.,.F.,
  .F.,(2,2),(4.75,7.25),.PIECEWISE_BEZIER_KNOTS.);
#7939 = CARTESIAN_POINT('',(20.55,6.5));
#7940 = CARTESIAN_POINT('',(20.55,9.));
#7941 = ( GEOMETRIC_REPRESENTATION_CONTEXT(2) 
PARAMETRIC_REPRESENTATION_CONTEXT() REPRESENTATION_CONTEXT('2D SPACE',''
  ) );
#7942 = ORIENTED_EDGE('',*,*,#7850,.F.);
#7943 = ORIENTED_EDGE('',*,*,#2232,.T.);
#7944 = ORIENTED_EDGE('',*,*,#7945,.T.);
#7945 = EDGE_CURVE('',#2233,#7923,#7946,.T.);
#7946 = SURFACE_CURVE('',#7947,(#7951,#7958),.PCURVE_S1.);
#7947 = LINE('',#7948,#7949);
#7948 = CARTESIAN_POINT('',(182.,81.,13.8));
#7949 = VECTOR('',#7950,1.);
#7950 = DIRECTION('',(0.,0.,1.));
#7951 = PCURVE('',#2247,#7952);
#7952 = DEFINITIONAL_REPRESENTATION('',(#7953),#7957);
#7953 = LINE('',#7954,#7955);
#7954 = CARTESIAN_POINT('',(0.,-5.5));
#7955 = VECTOR('',#7956,1.);
#7956 = DIRECTION('',(1.,0.));
#7957 = ( GEOMETRIC_REPRESENTATION_CONTEXT(2) 
PARAMETRIC_REPRESENTATION_CONTEXT() REPRESENTATION_CONTEXT('2D SPACE',''
  ) );
#7958 = PCURVE('',#2275,#7959);
#7959 = DEFINITIONAL_REPRESENTATION('',(#7960),#7964);
#7960 = LINE('',#7961,#7962);
#7961 = CARTESIAN_POINT('',(-0.,0.));
#7962 = VECTOR('',#7963,1.);
#7963 = DIRECTION('',(-0.,1.));
#7964 = ( GEOMETRIC_REPRESENTATION_CONTEXT(2) 
PARAMETRIC_REPRESENTATION_CONTEXT() REPRESENTATION_CONTEXT('2D SPACE',''
  ) );
#7965 = ADVANCED_FACE('',(#7966),#2410,.T.);
#7966 = FACE_BOUND('',#7967,.T.);
#7967 = EDGE_LOOP('',(#7968,#7969,#7970,#7991));
#7968 = ORIENTED_EDGE('',*,*,#2397,.T.);
#7969 = ORIENTED_EDGE('',*,*,#7874,.T.);
#7970 = ORIENTED_EDGE('',*,*,#7971,.F.);
#7971 = EDGE_CURVE('',#7972,#7875,#7974,.T.);
#7972 = VERTEX_POINT('',#7973);
#7973 = CARTESIAN_POINT('',(187.,75.5,19.8));
#7974 = SURFACE_CURVE('',#7975,(#7979,#7985),.PCURVE_S1.);
#7975 = LINE('',#7976,#7977);
#7976 = CARTESIAN_POINT('',(171.725,75.5,19.8));
#7977 = VECTOR('',#7978,1.);
#7978 = DIRECTION('',(-1.,0.,0.));
#7979 = PCURVE('',#2410,#7980);
#7980 = DEFINITIONAL_REPRESENTATION('',(#7981),#7984);
#7981 = B_SPLINE_CURVE_WITH_KNOTS('',1,(#7982,#7983),.UNSPECIFIED.,.F.,
  .F.,(2,2),(-15.275,-13.275),.PIECEWISE_BEZIER_KNOTS.);
#7982 = CARTESIAN_POINT('',(6.,5.));
#7983 = CARTESIAN_POINT('',(6.,3.));
#7984 = ( GEOMETRIC_REPRESENTATION_CONTEXT(2) 
PARAMETRIC_REPRESENTATION_CONTEXT() REPRESENTATION_CONTEXT('2D SPACE',''
  ) );
#7985 = PCURVE('',#5671,#7986);
#7986 = DEFINITIONAL_REPRESENTATION('',(#7987),#7990);
#7987 = B_SPLINE_CURVE_WITH_KNOTS('',1,(#7988,#7989),.UNSPECIFIED.,.F.,
  .F.,(2,2),(-15.275,-13.275),.PIECEWISE_BEZIER_KNOTS.);
#7988 = CARTESIAN_POINT('',(25.55,3.5));
#7989 = CARTESIAN_POINT('',(23.55,3.5));
#7990 = ( GEOMETRIC_REPRESENTATION_CONTEXT(2) 
PARAMETRIC_REPRESENTATION_CONTEXT() REPRESENTATION_CONTEXT('2D SPACE',''
  ) );
#7991 = ORIENTED_EDGE('',*,*,#7992,.F.);
#7992 = EDGE_CURVE('',#2369,#7972,#7993,.T.);
#7993 = SURFACE_CURVE('',#7994,(#7998,#8005),.PCURVE_S1.);
#7994 = LINE('',#7995,#7996);
#7995 = CARTESIAN_POINT('',(187.,75.5,13.8));
#7996 = VECTOR('',#7997,1.);
#7997 = DIRECTION('',(0.,0.,1.));
#7998 = PCURVE('',#2410,#7999);
#7999 = DEFINITIONAL_REPRESENTATION('',(#8000),#8004);
#8000 = LINE('',#8001,#8002);
#8001 = CARTESIAN_POINT('',(0.,5.));
#8002 = VECTOR('',#8003,1.);
#8003 = DIRECTION('',(1.,0.));
#8004 = ( GEOMETRIC_REPRESENTATION_CONTEXT(2) 
PARAMETRIC_REPRESENTATION_CONTEXT() REPRESENTATION_CONTEXT('2D SPACE',''
  ) );
#8005 = PCURVE('',#2385,#8006);
#8006 = DEFINITIONAL_REPRESENTATION('',(#8007),#8011);
#8007 = LINE('',#8008,#8009);
#8008 = CARTESIAN_POINT('',(-1.570796326795,0.));
#8009 = VECTOR('',#8010,1.);
#8010 = DIRECTION('',(-0.,1.));
#8011 = ( GEOMETRIC_REPRESENTATION_CONTEXT(2) 
PARAMETRIC_REPRESENTATION_CONTEXT() REPRESENTATION_CONTEXT('2D SPACE',''
  ) );
#8012 = ADVANCED_FACE('',(#8013),#2275,.F.);
#8013 = FACE_BOUND('',#8014,.T.);
#8014 = EDGE_LOOP('',(#8015,#8016,#8017,#8040));
#8015 = ORIENTED_EDGE('',*,*,#7945,.F.);
#8016 = ORIENTED_EDGE('',*,*,#2258,.F.);
#8017 = ORIENTED_EDGE('',*,*,#8018,.T.);
#8018 = EDGE_CURVE('',#2259,#8019,#8021,.T.);
#8019 = VERTEX_POINT('',#8020);
#8020 = CARTESIAN_POINT('',(185.,84.,19.8));
#8021 = SURFACE_CURVE('',#8022,(#8026,#8033),.PCURVE_S1.);
#8022 = LINE('',#8023,#8024);
#8023 = CARTESIAN_POINT('',(185.,84.,13.8));
#8024 = VECTOR('',#8025,1.);
#8025 = DIRECTION('',(0.,0.,1.));
#8026 = PCURVE('',#2275,#8027);
#8027 = DEFINITIONAL_REPRESENTATION('',(#8028),#8032);
#8028 = LINE('',#8029,#8030);
#8029 = CARTESIAN_POINT('',(-1.570796326795,0.));
#8030 = VECTOR('',#8031,1.);
#8031 = DIRECTION('',(-0.,1.));
#8032 = ( GEOMETRIC_REPRESENTATION_CONTEXT(2) 
PARAMETRIC_REPRESENTATION_CONTEXT() REPRESENTATION_CONTEXT('2D SPACE',''
  ) );
#8033 = PCURVE('',#2302,#8034);
#8034 = DEFINITIONAL_REPRESENTATION('',(#8035),#8039);
#8035 = LINE('',#8036,#8037);
#8036 = CARTESIAN_POINT('',(0.,3.));
#8037 = VECTOR('',#8038,1.);
#8038 = DIRECTION('',(1.,0.));
#8039 = ( GEOMETRIC_REPRESENTATION_CONTEXT(2) 
PARAMETRIC_REPRESENTATION_CONTEXT() REPRESENTATION_CONTEXT('2D SPACE',''
  ) );
#8040 = ORIENTED_EDGE('',*,*,#8041,.T.);
#8041 = EDGE_CURVE('',#8019,#7923,#8042,.T.);
#8042 = SURFACE_CURVE('',#8043,(#8048,#8055),.PCURVE_S1.);
#8043 = CIRCLE('',#8044,3.);
#8044 = AXIS2_PLACEMENT_3D('',#8045,#8046,#8047);
#8045 = CARTESIAN_POINT('',(185.,81.,19.8));
#8046 = DIRECTION('',(0.,0.,1.));
#8047 = DIRECTION('',(-1.,-0.,0.));
#8048 = PCURVE('',#2275,#8049);
#8049 = DEFINITIONAL_REPRESENTATION('',(#8050),#8054);
#8050 = LINE('',#8051,#8052);
#8051 = CARTESIAN_POINT('',(-6.28318530718,6.));
#8052 = VECTOR('',#8053,1.);
#8053 = DIRECTION('',(1.,-0.));
#8054 = ( GEOMETRIC_REPRESENTATION_CONTEXT(2) 
PARAMETRIC_REPRESENTATION_CONTEXT() REPRESENTATION_CONTEXT('2D SPACE',''
  ) );
#8055 = PCURVE('',#5671,#8056);
#8056 = DEFINITIONAL_REPRESENTATION('',(#8057),#8061);
#8057 = CIRCLE('',#8058,3.);
#8058 = AXIS2_PLACEMENT_2D('',#8059,#8060);
#8059 = CARTESIAN_POINT('',(23.55,9.));
#8060 = DIRECTION('',(-1.,0.));
#8061 = ( GEOMETRIC_REPRESENTATION_CONTEXT(2) 
PARAMETRIC_REPRESENTATION_CONTEXT() REPRESENTATION_CONTEXT('2D SPACE',''
  ) );
#8062 = ADVANCED_FACE('',(#8063),#2385,.F.);
#8063 = FACE_BOUND('',#8064,.T.);
#8064 = EDGE_LOOP('',(#8065,#8088,#8089,#8090));
#8065 = ORIENTED_EDGE('',*,*,#8066,.F.);
#8066 = EDGE_CURVE('',#2343,#8067,#8069,.T.);
#8067 = VERTEX_POINT('',#8068);
#8068 = CARTESIAN_POINT('',(190.,78.5,19.8));
#8069 = SURFACE_CURVE('',#8070,(#8074,#8081),.PCURVE_S1.);
#8070 = LINE('',#8071,#8072);
#8071 = CARTESIAN_POINT('',(190.,78.5,13.8));
#8072 = VECTOR('',#8073,1.);
#8073 = DIRECTION('',(0.,0.,1.));
#8074 = PCURVE('',#2385,#8075);
#8075 = DEFINITIONAL_REPRESENTATION('',(#8076),#8080);
#8076 = LINE('',#8077,#8078);
#8077 = CARTESIAN_POINT('',(-0.,0.));
#8078 = VECTOR('',#8079,1.);
#8079 = DIRECTION('',(-0.,1.));
#8080 = ( GEOMETRIC_REPRESENTATION_CONTEXT(2) 
PARAMETRIC_REPRESENTATION_CONTEXT() REPRESENTATION_CONTEXT('2D SPACE',''
  ) );
#8081 = PCURVE('',#2357,#8082);
#8082 = DEFINITIONAL_REPRESENTATION('',(#8083),#8087);
#8083 = LINE('',#8084,#8085);
#8084 = CARTESIAN_POINT('',(0.,-3.));
#8085 = VECTOR('',#8086,1.);
#8086 = DIRECTION('',(1.,0.));
#8087 = ( GEOMETRIC_REPRESENTATION_CONTEXT(2) 
PARAMETRIC_REPRESENTATION_CONTEXT() REPRESENTATION_CONTEXT('2D SPACE',''
  ) );
#8088 = ORIENTED_EDGE('',*,*,#2368,.F.);
#8089 = ORIENTED_EDGE('',*,*,#7992,.T.);
#8090 = ORIENTED_EDGE('',*,*,#8091,.T.);
#8091 = EDGE_CURVE('',#7972,#8067,#8092,.T.);
#8092 = SURFACE_CURVE('',#8093,(#8098,#8105),.PCURVE_S1.);
#8093 = CIRCLE('',#8094,3.);
#8094 = AXIS2_PLACEMENT_3D('',#8095,#8096,#8097);
#8095 = CARTESIAN_POINT('',(187.,78.5,19.8));
#8096 = DIRECTION('',(0.,0.,1.));
#8097 = DIRECTION('',(1.,0.,-0.));
#8098 = PCURVE('',#2385,#8099);
#8099 = DEFINITIONAL_REPRESENTATION('',(#8100),#8104);
#8100 = LINE('',#8101,#8102);
#8101 = CARTESIAN_POINT('',(-6.28318530718,6.));
#8102 = VECTOR('',#8103,1.);
#8103 = DIRECTION('',(1.,-0.));
#8104 = ( GEOMETRIC_REPRESENTATION_CONTEXT(2) 
PARAMETRIC_REPRESENTATION_CONTEXT() REPRESENTATION_CONTEXT('2D SPACE',''
  ) );
#8105 = PCURVE('',#5671,#8106);
#8106 = DEFINITIONAL_REPRESENTATION('',(#8107),#8111);
#8107 = CIRCLE('',#8108,3.);
#8108 = AXIS2_PLACEMENT_2D('',#8109,#8110);
#8109 = CARTESIAN_POINT('',(25.55,6.5));
#8110 = DIRECTION('',(1.,0.));
#8111 = ( GEOMETRIC_REPRESENTATION_CONTEXT(2) 
PARAMETRIC_REPRESENTATION_CONTEXT() REPRESENTATION_CONTEXT('2D SPACE',''
  ) );
#8112 = ADVANCED_FACE('',(#8113),#2302,.F.);
#8113 = FACE_BOUND('',#8114,.F.);
#8114 = EDGE_LOOP('',(#8115,#8116,#8117,#8138));
#8115 = ORIENTED_EDGE('',*,*,#2287,.T.);
#8116 = ORIENTED_EDGE('',*,*,#8018,.T.);
#8117 = ORIENTED_EDGE('',*,*,#8118,.F.);
#8118 = EDGE_CURVE('',#8119,#8019,#8121,.T.);
#8119 = VERTEX_POINT('',#8120);
#8120 = CARTESIAN_POINT('',(187.,84.,19.8));
#8121 = SURFACE_CURVE('',#8122,(#8126,#8132),.PCURVE_S1.);
#8122 = LINE('',#8123,#8124);
#8123 = CARTESIAN_POINT('',(171.725,84.,19.8));
#8124 = VECTOR('',#8125,1.);
#8125 = DIRECTION('',(-1.,0.,0.));
#8126 = PCURVE('',#2302,#8127);
#8127 = DEFINITIONAL_REPRESENTATION('',(#8128),#8131);
#8128 = B_SPLINE_CURVE_WITH_KNOTS('',1,(#8129,#8130),.UNSPECIFIED.,.F.,
  .F.,(2,2),(-15.275,-13.275),.PIECEWISE_BEZIER_KNOTS.);
#8129 = CARTESIAN_POINT('',(6.,5.));
#8130 = CARTESIAN_POINT('',(6.,3.));
#8131 = ( GEOMETRIC_REPRESENTATION_CONTEXT(2) 
PARAMETRIC_REPRESENTATION_CONTEXT() REPRESENTATION_CONTEXT('2D SPACE',''
  ) );
#8132 = PCURVE('',#5671,#8133);
#8133 = DEFINITIONAL_REPRESENTATION('',(#8134),#8137);
#8134 = B_SPLINE_CURVE_WITH_KNOTS('',1,(#8135,#8136),.UNSPECIFIED.,.F.,
  .F.,(2,2),(-15.275,-13.275),.PIECEWISE_BEZIER_KNOTS.);
#8135 = CARTESIAN_POINT('',(25.55,12.));
#8136 = CARTESIAN_POINT('',(23.55,12.));
#8137 = ( GEOMETRIC_REPRESENTATION_CONTEXT(2) 
PARAMETRIC_REPRESENTATION_CONTEXT() REPRESENTATION_CONTEXT('2D SPACE',''
  ) );
#8138 = ORIENTED_EDGE('',*,*,#8139,.F.);
#8139 = EDGE_CURVE('',#2288,#8119,#8140,.T.);
#8140 = SURFACE_CURVE('',#8141,(#8145,#8152),.PCURVE_S1.);
#8141 = LINE('',#8142,#8143);
#8142 = CARTESIAN_POINT('',(187.,84.,13.8));
#8143 = VECTOR('',#8144,1.);
#8144 = DIRECTION('',(0.,0.,1.));
#8145 = PCURVE('',#2302,#8146);
#8146 = DEFINITIONAL_REPRESENTATION('',(#8147),#8151);
#8147 = LINE('',#8148,#8149);
#8148 = CARTESIAN_POINT('',(0.,5.));
#8149 = VECTOR('',#8150,1.);
#8150 = DIRECTION('',(1.,0.));
#8151 = ( GEOMETRIC_REPRESENTATION_CONTEXT(2) 
PARAMETRIC_REPRESENTATION_CONTEXT() REPRESENTATION_CONTEXT('2D SPACE',''
  ) );
#8152 = PCURVE('',#2330,#8153);
#8153 = DEFINITIONAL_REPRESENTATION('',(#8154),#8158);
#8154 = LINE('',#8155,#8156);
#8155 = CARTESIAN_POINT('',(1.570796326795,0.));
#8156 = VECTOR('',#8157,1.);
#8157 = DIRECTION('',(0.,1.));
#8158 = ( GEOMETRIC_REPRESENTATION_CONTEXT(2) 
PARAMETRIC_REPRESENTATION_CONTEXT() REPRESENTATION_CONTEXT('2D SPACE',''
  ) );
#8159 = ADVANCED_FACE('',(#8160),#2357,.F.);
#8160 = FACE_BOUND('',#8161,.F.);
#8161 = EDGE_LOOP('',(#8162,#8183,#8184,#8185));
#8162 = ORIENTED_EDGE('',*,*,#8163,.F.);
#8163 = EDGE_CURVE('',#8067,#8164,#8166,.T.);
#8164 = VERTEX_POINT('',#8165);
#8165 = CARTESIAN_POINT('',(190.,81.,19.8));
#8166 = SURFACE_CURVE('',#8167,(#8171,#8177),.PCURVE_S1.);
#8167 = LINE('',#8168,#8169);
#8168 = CARTESIAN_POINT('',(190.,73.75,19.8));
#8169 = VECTOR('',#8170,1.);
#8170 = DIRECTION('',(0.,1.,0.));
#8171 = PCURVE('',#2357,#8172);
#8172 = DEFINITIONAL_REPRESENTATION('',(#8173),#8176);
#8173 = B_SPLINE_CURVE_WITH_KNOTS('',1,(#8174,#8175),.UNSPECIFIED.,.F.,
  .F.,(2,2),(4.75,7.25),.PIECEWISE_BEZIER_KNOTS.);
#8174 = CARTESIAN_POINT('',(6.,-3.));
#8175 = CARTESIAN_POINT('',(6.,-5.5));
#8176 = ( GEOMETRIC_REPRESENTATION_CONTEXT(2) 
PARAMETRIC_REPRESENTATION_CONTEXT() REPRESENTATION_CONTEXT('2D SPACE',''
  ) );
#8177 = PCURVE('',#5671,#8178);
#8178 = DEFINITIONAL_REPRESENTATION('',(#8179),#8182);
#8179 = B_SPLINE_CURVE_WITH_KNOTS('',1,(#8180,#8181),.UNSPECIFIED.,.F.,
  .F.,(2,2),(4.75,7.25),.PIECEWISE_BEZIER_KNOTS.);
#8180 = CARTESIAN_POINT('',(28.55,6.5));
#8181 = CARTESIAN_POINT('',(28.55,9.));
#8182 = ( GEOMETRIC_REPRESENTATION_CONTEXT(2) 
PARAMETRIC_REPRESENTATION_CONTEXT() REPRESENTATION_CONTEXT('2D SPACE',''
  ) );
#8183 = ORIENTED_EDGE('',*,*,#8066,.F.);
#8184 = ORIENTED_EDGE('',*,*,#2342,.T.);
#8185 = ORIENTED_EDGE('',*,*,#8186,.T.);
#8186 = EDGE_CURVE('',#2314,#8164,#8187,.T.);
#8187 = SURFACE_CURVE('',#8188,(#8192,#8199),.PCURVE_S1.);
#8188 = LINE('',#8189,#8190);
#8189 = CARTESIAN_POINT('',(190.,81.,13.8));
#8190 = VECTOR('',#8191,1.);
#8191 = DIRECTION('',(0.,0.,1.));
#8192 = PCURVE('',#2357,#8193);
#8193 = DEFINITIONAL_REPRESENTATION('',(#8194),#8198);
#8194 = LINE('',#8195,#8196);
#8195 = CARTESIAN_POINT('',(0.,-5.5));
#8196 = VECTOR('',#8197,1.);
#8197 = DIRECTION('',(1.,0.));
#8198 = ( GEOMETRIC_REPRESENTATION_CONTEXT(2) 
PARAMETRIC_REPRESENTATION_CONTEXT() REPRESENTATION_CONTEXT('2D SPACE',''
  ) );
#8199 = PCURVE('',#2330,#8200);
#8200 = DEFINITIONAL_REPRESENTATION('',(#8201),#8205);
#8201 = LINE('',#8202,#8203);
#8202 = CARTESIAN_POINT('',(0.,0.));
#8203 = VECTOR('',#8204,1.);
#8204 = DIRECTION('',(0.,1.));
#8205 = ( GEOMETRIC_REPRESENTATION_CONTEXT(2) 
PARAMETRIC_REPRESENTATION_CONTEXT() REPRESENTATION_CONTEXT('2D SPACE',''
  ) );
#8206 = ADVANCED_FACE('',(#8207),#2330,.F.);
#8207 = FACE_BOUND('',#8208,.F.);
#8208 = EDGE_LOOP('',(#8209,#8210,#8211,#8212));
#8209 = ORIENTED_EDGE('',*,*,#8186,.F.);
#8210 = ORIENTED_EDGE('',*,*,#2313,.T.);
#8211 = ORIENTED_EDGE('',*,*,#8139,.T.);
#8212 = ORIENTED_EDGE('',*,*,#8213,.F.);
#8213 = EDGE_CURVE('',#8164,#8119,#8214,.T.);
#8214 = SURFACE_CURVE('',#8215,(#8220,#8227),.PCURVE_S1.);
#8215 = CIRCLE('',#8216,3.);
#8216 = AXIS2_PLACEMENT_3D('',#8217,#8218,#8219);
#8217 = CARTESIAN_POINT('',(187.,81.,19.8));
#8218 = DIRECTION('',(0.,0.,1.));
#8219 = DIRECTION('',(1.,0.,-0.));
#8220 = PCURVE('',#2330,#8221);
#8221 = DEFINITIONAL_REPRESENTATION('',(#8222),#8226);
#8222 = LINE('',#8223,#8224);
#8223 = CARTESIAN_POINT('',(0.,6.));
#8224 = VECTOR('',#8225,1.);
#8225 = DIRECTION('',(1.,0.));
#8226 = ( GEOMETRIC_REPRESENTATION_CONTEXT(2) 
PARAMETRIC_REPRESENTATION_CONTEXT() REPRESENTATION_CONTEXT('2D SPACE',''
  ) );
#8227 = PCURVE('',#5671,#8228);
#8228 = DEFINITIONAL_REPRESENTATION('',(#8229),#8233);
#8229 = CIRCLE('',#8230,3.);
#8230 = AXIS2_PLACEMENT_2D('',#8231,#8232);
#8231 = CARTESIAN_POINT('',(25.55,9.));
#8232 = DIRECTION('',(1.,0.));
#8233 = ( GEOMETRIC_REPRESENTATION_CONTEXT(2) 
PARAMETRIC_REPRESENTATION_CONTEXT() REPRESENTATION_CONTEXT('2D SPACE',''
  ) );
#8234 = ADVANCED_FACE('',(#8235),#2442,.F.);
#8235 = FACE_BOUND('',#8236,.F.);
#8236 = EDGE_LOOP('',(#8237,#8260,#8261,#8284));
#8237 = ORIENTED_EDGE('',*,*,#8238,.F.);
#8238 = EDGE_CURVE('',#2424,#8239,#8241,.T.);
#8239 = VERTEX_POINT('',#8240);
#8240 = CARTESIAN_POINT('',(196.,78.5,19.8));
#8241 = SURFACE_CURVE('',#8242,(#8246,#8253),.PCURVE_S1.);
#8242 = LINE('',#8243,#8244);
#8243 = CARTESIAN_POINT('',(196.,78.5,13.8));
#8244 = VECTOR('',#8245,1.);
#8245 = DIRECTION('',(0.,0.,1.));
#8246 = PCURVE('',#2442,#8247);
#8247 = DEFINITIONAL_REPRESENTATION('',(#8248),#8252);
#8248 = LINE('',#8249,#8250);
#8249 = CARTESIAN_POINT('',(0.,0.));
#8250 = VECTOR('',#8251,1.);
#8251 = DIRECTION('',(0.,1.));
#8252 = ( GEOMETRIC_REPRESENTATION_CONTEXT(2) 
PARAMETRIC_REPRESENTATION_CONTEXT() REPRESENTATION_CONTEXT('2D SPACE',''
  ) );
#8253 = PCURVE('',#2469,#8254);
#8254 = DEFINITIONAL_REPRESENTATION('',(#8255),#8259);
#8255 = LINE('',#8256,#8257);
#8256 = CARTESIAN_POINT('',(0.,-3.));
#8257 = VECTOR('',#8258,1.);
#8258 = DIRECTION('',(1.,0.));
#8259 = ( GEOMETRIC_REPRESENTATION_CONTEXT(2) 
PARAMETRIC_REPRESENTATION_CONTEXT() REPRESENTATION_CONTEXT('2D SPACE',''
  ) );
#8260 = ORIENTED_EDGE('',*,*,#2423,.T.);
#8261 = ORIENTED_EDGE('',*,*,#8262,.T.);
#8262 = EDGE_CURVE('',#2426,#8263,#8265,.T.);
#8263 = VERTEX_POINT('',#8264);
#8264 = CARTESIAN_POINT('',(199.,75.5,19.8));
#8265 = SURFACE_CURVE('',#8266,(#8270,#8277),.PCURVE_S1.);
#8266 = LINE('',#8267,#8268);
#8267 = CARTESIAN_POINT('',(199.,75.5,13.8));
#8268 = VECTOR('',#8269,1.);
#8269 = DIRECTION('',(0.,0.,1.));
#8270 = PCURVE('',#2442,#8271);
#8271 = DEFINITIONAL_REPRESENTATION('',(#8272),#8276);
#8272 = LINE('',#8273,#8274);
#8273 = CARTESIAN_POINT('',(1.570796326795,0.));
#8274 = VECTOR('',#8275,1.);
#8275 = DIRECTION('',(0.,1.));
#8276 = ( GEOMETRIC_REPRESENTATION_CONTEXT(2) 
PARAMETRIC_REPRESENTATION_CONTEXT() REPRESENTATION_CONTEXT('2D SPACE',''
  ) );
#8277 = PCURVE('',#2632,#8278);
#8278 = DEFINITIONAL_REPRESENTATION('',(#8279),#8283);
#8279 = LINE('',#8280,#8281);
#8280 = CARTESIAN_POINT('',(0.,3.));
#8281 = VECTOR('',#8282,1.);
#8282 = DIRECTION('',(1.,0.));
#8283 = ( GEOMETRIC_REPRESENTATION_CONTEXT(2) 
PARAMETRIC_REPRESENTATION_CONTEXT() REPRESENTATION_CONTEXT('2D SPACE',''
  ) );
#8284 = ORIENTED_EDGE('',*,*,#8285,.F.);
#8285 = EDGE_CURVE('',#8239,#8263,#8286,.T.);
#8286 = SURFACE_CURVE('',#8287,(#8292,#8299),.PCURVE_S1.);
#8287 = CIRCLE('',#8288,3.);
#8288 = AXIS2_PLACEMENT_3D('',#8289,#8290,#8291);
#8289 = CARTESIAN_POINT('',(199.,78.5,19.8));
#8290 = DIRECTION('',(0.,0.,1.));
#8291 = DIRECTION('',(-1.,-0.,0.));
#8292 = PCURVE('',#2442,#8293);
#8293 = DEFINITIONAL_REPRESENTATION('',(#8294),#8298);
#8294 = LINE('',#8295,#8296);
#8295 = CARTESIAN_POINT('',(0.,6.));
#8296 = VECTOR('',#8297,1.);
#8297 = DIRECTION('',(1.,0.));
#8298 = ( GEOMETRIC_REPRESENTATION_CONTEXT(2) 
PARAMETRIC_REPRESENTATION_CONTEXT() REPRESENTATION_CONTEXT('2D SPACE',''
  ) );
#8299 = PCURVE('',#5671,#8300);
#8300 = DEFINITIONAL_REPRESENTATION('',(#8301),#8305);
#8301 = CIRCLE('',#8302,3.);
#8302 = AXIS2_PLACEMENT_2D('',#8303,#8304);
#8303 = CARTESIAN_POINT('',(37.55,6.5));
#8304 = DIRECTION('',(-1.,0.));
#8305 = ( GEOMETRIC_REPRESENTATION_CONTEXT(2) 
PARAMETRIC_REPRESENTATION_CONTEXT() REPRESENTATION_CONTEXT('2D SPACE',''
  ) );
#8306 = ADVANCED_FACE('',(#8307),#2469,.T.);
#8307 = FACE_BOUND('',#8308,.T.);
#8308 = EDGE_LOOP('',(#8309,#8330,#8331,#8332));
#8309 = ORIENTED_EDGE('',*,*,#8310,.F.);
#8310 = EDGE_CURVE('',#8239,#8311,#8313,.T.);
#8311 = VERTEX_POINT('',#8312);
#8312 = CARTESIAN_POINT('',(196.,81.,19.8));
#8313 = SURFACE_CURVE('',#8314,(#8318,#8324),.PCURVE_S1.);
#8314 = LINE('',#8315,#8316);
#8315 = CARTESIAN_POINT('',(196.,73.75,19.8));
#8316 = VECTOR('',#8317,1.);
#8317 = DIRECTION('',(0.,1.,0.));
#8318 = PCURVE('',#2469,#8319);
#8319 = DEFINITIONAL_REPRESENTATION('',(#8320),#8323);
#8320 = B_SPLINE_CURVE_WITH_KNOTS('',1,(#8321,#8322),.UNSPECIFIED.,.F.,
  .F.,(2,2),(4.75,7.25),.PIECEWISE_BEZIER_KNOTS.);
#8321 = CARTESIAN_POINT('',(6.,-3.));
#8322 = CARTESIAN_POINT('',(6.,-5.5));
#8323 = ( GEOMETRIC_REPRESENTATION_CONTEXT(2) 
PARAMETRIC_REPRESENTATION_CONTEXT() REPRESENTATION_CONTEXT('2D SPACE',''
  ) );
#8324 = PCURVE('',#5671,#8325);
#8325 = DEFINITIONAL_REPRESENTATION('',(#8326),#8329);
#8326 = B_SPLINE_CURVE_WITH_KNOTS('',1,(#8327,#8328),.UNSPECIFIED.,.F.,
  .F.,(2,2),(4.75,7.25),.PIECEWISE_BEZIER_KNOTS.);
#8327 = CARTESIAN_POINT('',(34.55,6.5));
#8328 = CARTESIAN_POINT('',(34.55,9.));
#8329 = ( GEOMETRIC_REPRESENTATION_CONTEXT(2) 
PARAMETRIC_REPRESENTATION_CONTEXT() REPRESENTATION_CONTEXT('2D SPACE',''
  ) );
#8330 = ORIENTED_EDGE('',*,*,#8238,.F.);
#8331 = ORIENTED_EDGE('',*,*,#2454,.T.);
#8332 = ORIENTED_EDGE('',*,*,#8333,.T.);
#8333 = EDGE_CURVE('',#2455,#8311,#8334,.T.);
#8334 = SURFACE_CURVE('',#8335,(#8339,#8346),.PCURVE_S1.);
#8335 = LINE('',#8336,#8337);
#8336 = CARTESIAN_POINT('',(196.,81.,13.8));
#8337 = VECTOR('',#8338,1.);
#8338 = DIRECTION('',(0.,0.,1.));
#8339 = PCURVE('',#2469,#8340);
#8340 = DEFINITIONAL_REPRESENTATION('',(#8341),#8345);
#8341 = LINE('',#8342,#8343);
#8342 = CARTESIAN_POINT('',(0.,-5.5));
#8343 = VECTOR('',#8344,1.);
#8344 = DIRECTION('',(1.,0.));
#8345 = ( GEOMETRIC_REPRESENTATION_CONTEXT(2) 
PARAMETRIC_REPRESENTATION_CONTEXT() REPRESENTATION_CONTEXT('2D SPACE',''
  ) );
#8346 = PCURVE('',#2497,#8347);
#8347 = DEFINITIONAL_REPRESENTATION('',(#8348),#8352);
#8348 = LINE('',#8349,#8350);
#8349 = CARTESIAN_POINT('',(-0.,0.));
#8350 = VECTOR('',#8351,1.);
#8351 = DIRECTION('',(-0.,1.));
#8352 = ( GEOMETRIC_REPRESENTATION_CONTEXT(2) 
PARAMETRIC_REPRESENTATION_CONTEXT() REPRESENTATION_CONTEXT('2D SPACE',''
  ) );
#8353 = ADVANCED_FACE('',(#8354),#2632,.T.);
#8354 = FACE_BOUND('',#8355,.T.);
#8355 = EDGE_LOOP('',(#8356,#8357,#8358,#8379));
#8356 = ORIENTED_EDGE('',*,*,#2619,.T.);
#8357 = ORIENTED_EDGE('',*,*,#8262,.T.);
#8358 = ORIENTED_EDGE('',*,*,#8359,.F.);
#8359 = EDGE_CURVE('',#8360,#8263,#8362,.T.);
#8360 = VERTEX_POINT('',#8361);
#8361 = CARTESIAN_POINT('',(209.,75.5,19.8));
#8362 = SURFACE_CURVE('',#8363,(#8367,#8373),.PCURVE_S1.);
#8363 = LINE('',#8364,#8365);
#8364 = CARTESIAN_POINT('',(178.725,75.5,19.8));
#8365 = VECTOR('',#8366,1.);
#8366 = DIRECTION('',(-1.,0.,0.));
#8367 = PCURVE('',#2632,#8368);
#8368 = DEFINITIONAL_REPRESENTATION('',(#8369),#8372);
#8369 = B_SPLINE_CURVE_WITH_KNOTS('',1,(#8370,#8371),.UNSPECIFIED.,.F.,
  .F.,(2,2),(-30.275,-20.275),.PIECEWISE_BEZIER_KNOTS.);
#8370 = CARTESIAN_POINT('',(6.,13.));
#8371 = CARTESIAN_POINT('',(6.,3.));
#8372 = ( GEOMETRIC_REPRESENTATION_CONTEXT(2) 
PARAMETRIC_REPRESENTATION_CONTEXT() REPRESENTATION_CONTEXT('2D SPACE',''
  ) );
#8373 = PCURVE('',#5671,#8374);
#8374 = DEFINITIONAL_REPRESENTATION('',(#8375),#8378);
#8375 = B_SPLINE_CURVE_WITH_KNOTS('',1,(#8376,#8377),.UNSPECIFIED.,.F.,
  .F.,(2,2),(-30.275,-20.275),.PIECEWISE_BEZIER_KNOTS.);
#8376 = CARTESIAN_POINT('',(47.55,3.5));
#8377 = CARTESIAN_POINT('',(37.55,3.5));
#8378 = ( GEOMETRIC_REPRESENTATION_CONTEXT(2) 
PARAMETRIC_REPRESENTATION_CONTEXT() REPRESENTATION_CONTEXT('2D SPACE',''
  ) );
#8379 = ORIENTED_EDGE('',*,*,#8380,.F.);
#8380 = EDGE_CURVE('',#2591,#8360,#8381,.T.);
#8381 = SURFACE_CURVE('',#8382,(#8386,#8393),.PCURVE_S1.);
#8382 = LINE('',#8383,#8384);
#8383 = CARTESIAN_POINT('',(209.,75.5,13.8));
#8384 = VECTOR('',#8385,1.);
#8385 = DIRECTION('',(0.,0.,1.));
#8386 = PCURVE('',#2632,#8387);
#8387 = DEFINITIONAL_REPRESENTATION('',(#8388),#8392);
#8388 = LINE('',#8389,#8390);
#8389 = CARTESIAN_POINT('',(0.,13.));
#8390 = VECTOR('',#8391,1.);
#8391 = DIRECTION('',(1.,0.));
#8392 = ( GEOMETRIC_REPRESENTATION_CONTEXT(2) 
PARAMETRIC_REPRESENTATION_CONTEXT() REPRESENTATION_CONTEXT('2D SPACE',''
  ) );
#8393 = PCURVE('',#2607,#8394);
#8394 = DEFINITIONAL_REPRESENTATION('',(#8395),#8399);
#8395 = LINE('',#8396,#8397);
#8396 = CARTESIAN_POINT('',(-1.570796326795,0.));
#8397 = VECTOR('',#8398,1.);
#8398 = DIRECTION('',(-0.,1.));
#8399 = ( GEOMETRIC_REPRESENTATION_CONTEXT(2) 
PARAMETRIC_REPRESENTATION_CONTEXT() REPRESENTATION_CONTEXT('2D SPACE',''
  ) );
#8400 = ADVANCED_FACE('',(#8401),#2497,.F.);
#8401 = FACE_BOUND('',#8402,.T.);
#8402 = EDGE_LOOP('',(#8403,#8404,#8405,#8428));
#8403 = ORIENTED_EDGE('',*,*,#8333,.F.);
#8404 = ORIENTED_EDGE('',*,*,#2480,.F.);
#8405 = ORIENTED_EDGE('',*,*,#8406,.T.);
#8406 = EDGE_CURVE('',#2481,#8407,#8409,.T.);
#8407 = VERTEX_POINT('',#8408);
#8408 = CARTESIAN_POINT('',(199.,84.,19.8));
#8409 = SURFACE_CURVE('',#8410,(#8414,#8421),.PCURVE_S1.);
#8410 = LINE('',#8411,#8412);
#8411 = CARTESIAN_POINT('',(199.,84.,13.8));
#8412 = VECTOR('',#8413,1.);
#8413 = DIRECTION('',(0.,0.,1.));
#8414 = PCURVE('',#2497,#8415);
#8415 = DEFINITIONAL_REPRESENTATION('',(#8416),#8420);
#8416 = LINE('',#8417,#8418);
#8417 = CARTESIAN_POINT('',(-1.570796326795,0.));
#8418 = VECTOR('',#8419,1.);
#8419 = DIRECTION('',(-0.,1.));
#8420 = ( GEOMETRIC_REPRESENTATION_CONTEXT(2) 
PARAMETRIC_REPRESENTATION_CONTEXT() REPRESENTATION_CONTEXT('2D SPACE',''
  ) );
#8421 = PCURVE('',#2524,#8422);
#8422 = DEFINITIONAL_REPRESENTATION('',(#8423),#8427);
#8423 = LINE('',#8424,#8425);
#8424 = CARTESIAN_POINT('',(0.,3.));
#8425 = VECTOR('',#8426,1.);
#8426 = DIRECTION('',(1.,0.));
#8427 = ( GEOMETRIC_REPRESENTATION_CONTEXT(2) 
PARAMETRIC_REPRESENTATION_CONTEXT() REPRESENTATION_CONTEXT('2D SPACE',''
  ) );
#8428 = ORIENTED_EDGE('',*,*,#8429,.T.);
#8429 = EDGE_CURVE('',#8407,#8311,#8430,.T.);
#8430 = SURFACE_CURVE('',#8431,(#8436,#8443),.PCURVE_S1.);
#8431 = CIRCLE('',#8432,3.);
#8432 = AXIS2_PLACEMENT_3D('',#8433,#8434,#8435);
#8433 = CARTESIAN_POINT('',(199.,81.,19.8));
#8434 = DIRECTION('',(0.,0.,1.));
#8435 = DIRECTION('',(-1.,-0.,0.));
#8436 = PCURVE('',#2497,#8437);
#8437 = DEFINITIONAL_REPRESENTATION('',(#8438),#8442);
#8438 = LINE('',#8439,#8440);
#8439 = CARTESIAN_POINT('',(-6.28318530718,6.));
#8440 = VECTOR('',#8441,1.);
#8441 = DIRECTION('',(1.,-0.));
#8442 = ( GEOMETRIC_REPRESENTATION_CONTEXT(2) 
PARAMETRIC_REPRESENTATION_CONTEXT() REPRESENTATION_CONTEXT('2D SPACE',''
  ) );
#8443 = PCURVE('',#5671,#8444);
#8444 = DEFINITIONAL_REPRESENTATION('',(#8445),#8449);
#8445 = CIRCLE('',#8446,3.);
#8446 = AXIS2_PLACEMENT_2D('',#8447,#8448);
#8447 = CARTESIAN_POINT('',(37.55,9.));
#8448 = DIRECTION('',(-1.,0.));
#8449 = ( GEOMETRIC_REPRESENTATION_CONTEXT(2) 
PARAMETRIC_REPRESENTATION_CONTEXT() REPRESENTATION_CONTEXT('2D SPACE',''
  ) );
#8450 = ADVANCED_FACE('',(#8451),#2607,.F.);
#8451 = FACE_BOUND('',#8452,.T.);
#8452 = EDGE_LOOP('',(#8453,#8476,#8477,#8478));
#8453 = ORIENTED_EDGE('',*,*,#8454,.F.);
#8454 = EDGE_CURVE('',#2565,#8455,#8457,.T.);
#8455 = VERTEX_POINT('',#8456);
#8456 = CARTESIAN_POINT('',(212.,78.5,19.8));
#8457 = SURFACE_CURVE('',#8458,(#8462,#8469),.PCURVE_S1.);
#8458 = LINE('',#8459,#8460);
#8459 = CARTESIAN_POINT('',(212.,78.5,13.8));
#8460 = VECTOR('',#8461,1.);
#8461 = DIRECTION('',(0.,0.,1.));
#8462 = PCURVE('',#2607,#8463);
#8463 = DEFINITIONAL_REPRESENTATION('',(#8464),#8468);
#8464 = LINE('',#8465,#8466);
#8465 = CARTESIAN_POINT('',(-0.,0.));
#8466 = VECTOR('',#8467,1.);
#8467 = DIRECTION('',(-0.,1.));
#8468 = ( GEOMETRIC_REPRESENTATION_CONTEXT(2) 
PARAMETRIC_REPRESENTATION_CONTEXT() REPRESENTATION_CONTEXT('2D SPACE',''
  ) );
#8469 = PCURVE('',#2579,#8470);
#8470 = DEFINITIONAL_REPRESENTATION('',(#8471),#8475);
#8471 = LINE('',#8472,#8473);
#8472 = CARTESIAN_POINT('',(0.,-3.));
#8473 = VECTOR('',#8474,1.);
#8474 = DIRECTION('',(1.,0.));
#8475 = ( GEOMETRIC_REPRESENTATION_CONTEXT(2) 
PARAMETRIC_REPRESENTATION_CONTEXT() REPRESENTATION_CONTEXT('2D SPACE',''
  ) );
#8476 = ORIENTED_EDGE('',*,*,#2590,.F.);
#8477 = ORIENTED_EDGE('',*,*,#8380,.T.);
#8478 = ORIENTED_EDGE('',*,*,#8479,.T.);
#8479 = EDGE_CURVE('',#8360,#8455,#8480,.T.);
#8480 = SURFACE_CURVE('',#8481,(#8486,#8493),.PCURVE_S1.);
#8481 = CIRCLE('',#8482,3.);
#8482 = AXIS2_PLACEMENT_3D('',#8483,#8484,#8485);
#8483 = CARTESIAN_POINT('',(209.,78.5,19.8));
#8484 = DIRECTION('',(0.,0.,1.));
#8485 = DIRECTION('',(1.,0.,-0.));
#8486 = PCURVE('',#2607,#8487);
#8487 = DEFINITIONAL_REPRESENTATION('',(#8488),#8492);
#8488 = LINE('',#8489,#8490);
#8489 = CARTESIAN_POINT('',(-6.28318530718,6.));
#8490 = VECTOR('',#8491,1.);
#8491 = DIRECTION('',(1.,-0.));
#8492 = ( GEOMETRIC_REPRESENTATION_CONTEXT(2) 
PARAMETRIC_REPRESENTATION_CONTEXT() REPRESENTATION_CONTEXT('2D SPACE',''
  ) );
#8493 = PCURVE('',#5671,#8494);
#8494 = DEFINITIONAL_REPRESENTATION('',(#8495),#8499);
#8495 = CIRCLE('',#8496,3.);
#8496 = AXIS2_PLACEMENT_2D('',#8497,#8498);
#8497 = CARTESIAN_POINT('',(47.55,6.5));
#8498 = DIRECTION('',(1.,0.));
#8499 = ( GEOMETRIC_REPRESENTATION_CONTEXT(2) 
PARAMETRIC_REPRESENTATION_CONTEXT() REPRESENTATION_CONTEXT('2D SPACE',''
  ) );
#8500 = ADVANCED_FACE('',(#8501),#2524,.F.);
#8501 = FACE_BOUND('',#8502,.F.);
#8502 = EDGE_LOOP('',(#8503,#8504,#8505,#8526));
#8503 = ORIENTED_EDGE('',*,*,#2509,.T.);
#8504 = ORIENTED_EDGE('',*,*,#8406,.T.);
#8505 = ORIENTED_EDGE('',*,*,#8506,.F.);
#8506 = EDGE_CURVE('',#8507,#8407,#8509,.T.);
#8507 = VERTEX_POINT('',#8508);
#8508 = CARTESIAN_POINT('',(209.,84.,19.8));
#8509 = SURFACE_CURVE('',#8510,(#8514,#8520),.PCURVE_S1.);
#8510 = LINE('',#8511,#8512);
#8511 = CARTESIAN_POINT('',(178.725,84.,19.8));
#8512 = VECTOR('',#8513,1.);
#8513 = DIRECTION('',(-1.,0.,0.));
#8514 = PCURVE('',#2524,#8515);
#8515 = DEFINITIONAL_REPRESENTATION('',(#8516),#8519);
#8516 = B_SPLINE_CURVE_WITH_KNOTS('',1,(#8517,#8518),.UNSPECIFIED.,.F.,
  .F.,(2,2),(-30.275,-20.275),.PIECEWISE_BEZIER_KNOTS.);
#8517 = CARTESIAN_POINT('',(6.,13.));
#8518 = CARTESIAN_POINT('',(6.,3.));
#8519 = ( GEOMETRIC_REPRESENTATION_CONTEXT(2) 
PARAMETRIC_REPRESENTATION_CONTEXT() REPRESENTATION_CONTEXT('2D SPACE',''
  ) );
#8520 = PCURVE('',#5671,#8521);
#8521 = DEFINITIONAL_REPRESENTATION('',(#8522),#8525);
#8522 = B_SPLINE_CURVE_WITH_KNOTS('',1,(#8523,#8524),.UNSPECIFIED.,.F.,
  .F.,(2,2),(-30.275,-20.275),.PIECEWISE_BEZIER_KNOTS.);
#8523 = CARTESIAN_POINT('',(47.55,12.));
#8524 = CARTESIAN_POINT('',(37.55,12.));
#8525 = ( GEOMETRIC_REPRESENTATION_CONTEXT(2) 
PARAMETRIC_REPRESENTATION_CONTEXT() REPRESENTATION_CONTEXT('2D SPACE',''
  ) );
#8526 = ORIENTED_EDGE('',*,*,#8527,.F.);
#8527 = EDGE_CURVE('',#2510,#8507,#8528,.T.);
#8528 = SURFACE_CURVE('',#8529,(#8533,#8540),.PCURVE_S1.);
#8529 = LINE('',#8530,#8531);
#8530 = CARTESIAN_POINT('',(209.,84.,13.8));
#8531 = VECTOR('',#8532,1.);
#8532 = DIRECTION('',(0.,0.,1.));
#8533 = PCURVE('',#2524,#8534);
#8534 = DEFINITIONAL_REPRESENTATION('',(#8535),#8539);
#8535 = LINE('',#8536,#8537);
#8536 = CARTESIAN_POINT('',(0.,13.));
#8537 = VECTOR('',#8538,1.);
#8538 = DIRECTION('',(1.,0.));
#8539 = ( GEOMETRIC_REPRESENTATION_CONTEXT(2) 
PARAMETRIC_REPRESENTATION_CONTEXT() REPRESENTATION_CONTEXT('2D SPACE',''
  ) );
#8540 = PCURVE('',#2552,#8541);
#8541 = DEFINITIONAL_REPRESENTATION('',(#8542),#8546);
#8542 = LINE('',#8543,#8544);
#8543 = CARTESIAN_POINT('',(1.570796326795,0.));
#8544 = VECTOR('',#8545,1.);
#8545 = DIRECTION('',(0.,1.));
#8546 = ( GEOMETRIC_REPRESENTATION_CONTEXT(2) 
PARAMETRIC_REPRESENTATION_CONTEXT() REPRESENTATION_CONTEXT('2D SPACE',''
  ) );
#8547 = ADVANCED_FACE('',(#8548),#2579,.F.);
#8548 = FACE_BOUND('',#8549,.F.);
#8549 = EDGE_LOOP('',(#8550,#8571,#8572,#8573));
#8550 = ORIENTED_EDGE('',*,*,#8551,.F.);
#8551 = EDGE_CURVE('',#8455,#8552,#8554,.T.);
#8552 = VERTEX_POINT('',#8553);
#8553 = CARTESIAN_POINT('',(212.,81.,19.8));
#8554 = SURFACE_CURVE('',#8555,(#8559,#8565),.PCURVE_S1.);
#8555 = LINE('',#8556,#8557);
#8556 = CARTESIAN_POINT('',(212.,73.75,19.8));
#8557 = VECTOR('',#8558,1.);
#8558 = DIRECTION('',(0.,1.,0.));
#8559 = PCURVE('',#2579,#8560);
#8560 = DEFINITIONAL_REPRESENTATION('',(#8561),#8564);
#8561 = B_SPLINE_CURVE_WITH_KNOTS('',1,(#8562,#8563),.UNSPECIFIED.,.F.,
  .F.,(2,2),(4.75,7.25),.PIECEWISE_BEZIER_KNOTS.);
#8562 = CARTESIAN_POINT('',(6.,-3.));
#8563 = CARTESIAN_POINT('',(6.,-5.5));
#8564 = ( GEOMETRIC_REPRESENTATION_CONTEXT(2) 
PARAMETRIC_REPRESENTATION_CONTEXT() REPRESENTATION_CONTEXT('2D SPACE',''
  ) );
#8565 = PCURVE('',#5671,#8566);
#8566 = DEFINITIONAL_REPRESENTATION('',(#8567),#8570);
#8567 = B_SPLINE_CURVE_WITH_KNOTS('',1,(#8568,#8569),.UNSPECIFIED.,.F.,
  .F.,(2,2),(4.75,7.25),.PIECEWISE_BEZIER_KNOTS.);
#8568 = CARTESIAN_POINT('',(50.55,6.5));
#8569 = CARTESIAN_POINT('',(50.55,9.));
#8570 = ( GEOMETRIC_REPRESENTATION_CONTEXT(2) 
PARAMETRIC_REPRESENTATION_CONTEXT() REPRESENTATION_CONTEXT('2D SPACE',''
  ) );
#8571 = ORIENTED_EDGE('',*,*,#8454,.F.);
#8572 = ORIENTED_EDGE('',*,*,#2564,.T.);
#8573 = ORIENTED_EDGE('',*,*,#8574,.T.);
#8574 = EDGE_CURVE('',#2536,#8552,#8575,.T.);
#8575 = SURFACE_CURVE('',#8576,(#8580,#8587),.PCURVE_S1.);
#8576 = LINE('',#8577,#8578);
#8577 = CARTESIAN_POINT('',(212.,81.,13.8));
#8578 = VECTOR('',#8579,1.);
#8579 = DIRECTION('',(0.,0.,1.));
#8580 = PCURVE('',#2579,#8581);
#8581 = DEFINITIONAL_REPRESENTATION('',(#8582),#8586);
#8582 = LINE('',#8583,#8584);
#8583 = CARTESIAN_POINT('',(0.,-5.5));
#8584 = VECTOR('',#8585,1.);
#8585 = DIRECTION('',(1.,0.));
#8586 = ( GEOMETRIC_REPRESENTATION_CONTEXT(2) 
PARAMETRIC_REPRESENTATION_CONTEXT() REPRESENTATION_CONTEXT('2D SPACE',''
  ) );
#8587 = PCURVE('',#2552,#8588);
#8588 = DEFINITIONAL_REPRESENTATION('',(#8589),#8593);
#8589 = LINE('',#8590,#8591);
#8590 = CARTESIAN_POINT('',(0.,0.));
#8591 = VECTOR('',#8592,1.);
#8592 = DIRECTION('',(0.,1.));
#8593 = ( GEOMETRIC_REPRESENTATION_CONTEXT(2) 
PARAMETRIC_REPRESENTATION_CONTEXT() REPRESENTATION_CONTEXT('2D SPACE',''
  ) );
#8594 = ADVANCED_FACE('',(#8595),#2552,.F.);
#8595 = FACE_BOUND('',#8596,.F.);
#8596 = EDGE_LOOP('',(#8597,#8598,#8599,#8600));
#8597 = ORIENTED_EDGE('',*,*,#8574,.F.);
#8598 = ORIENTED_EDGE('',*,*,#2535,.T.);
#8599 = ORIENTED_EDGE('',*,*,#8527,.T.);
#8600 = ORIENTED_EDGE('',*,*,#8601,.F.);
#8601 = EDGE_CURVE('',#8552,#8507,#8602,.T.);
#8602 = SURFACE_CURVE('',#8603,(#8608,#8615),.PCURVE_S1.);
#8603 = CIRCLE('',#8604,3.);
#8604 = AXIS2_PLACEMENT_3D('',#8605,#8606,#8607);
#8605 = CARTESIAN_POINT('',(209.,81.,19.8));
#8606 = DIRECTION('',(0.,0.,1.));
#8607 = DIRECTION('',(1.,0.,-0.));
#8608 = PCURVE('',#2552,#8609);
#8609 = DEFINITIONAL_REPRESENTATION('',(#8610),#8614);
#8610 = LINE('',#8611,#8612);
#8611 = CARTESIAN_POINT('',(0.,6.));
#8612 = VECTOR('',#8613,1.);
#8613 = DIRECTION('',(1.,0.));
#8614 = ( GEOMETRIC_REPRESENTATION_CONTEXT(2) 
PARAMETRIC_REPRESENTATION_CONTEXT() REPRESENTATION_CONTEXT('2D SPACE',''
  ) );
#8615 = PCURVE('',#5671,#8616);
#8616 = DEFINITIONAL_REPRESENTATION('',(#8617),#8621);
#8617 = CIRCLE('',#8618,3.);
#8618 = AXIS2_PLACEMENT_2D('',#8619,#8620);
#8619 = CARTESIAN_POINT('',(47.55,9.));
#8620 = DIRECTION('',(1.,0.));
#8621 = ( GEOMETRIC_REPRESENTATION_CONTEXT(2) 
PARAMETRIC_REPRESENTATION_CONTEXT() REPRESENTATION_CONTEXT('2D SPACE',''
  ) );
#8622 = ADVANCED_FACE('',(#8623),#2664,.F.);
#8623 = FACE_BOUND('',#8624,.F.);
#8624 = EDGE_LOOP('',(#8625,#8647,#8648,#8670));
#8625 = ORIENTED_EDGE('',*,*,#8626,.F.);
#8626 = EDGE_CURVE('',#2646,#8627,#8629,.T.);
#8627 = VERTEX_POINT('',#8628);
#8628 = CARTESIAN_POINT('',(224.8,75.3,19.8));
#8629 = SURFACE_CURVE('',#8630,(#8634,#8640),.PCURVE_S1.);
#8630 = LINE('',#8631,#8632);
#8631 = CARTESIAN_POINT('',(224.8,75.3,13.8));
#8632 = VECTOR('',#8633,1.);
#8633 = DIRECTION('',(0.,0.,1.));
#8634 = PCURVE('',#2664,#8635);
#8635 = DEFINITIONAL_REPRESENTATION('',(#8636),#8639);
#8636 = B_SPLINE_CURVE_WITH_KNOTS('',1,(#8637,#8638),.UNSPECIFIED.,.F.,
  .F.,(2,2),(0.,7.),.PIECEWISE_BEZIER_KNOTS.);
#8637 = CARTESIAN_POINT('',(4.712388980385,0.));
#8638 = CARTESIAN_POINT('',(4.712388980385,7.));
#8639 = ( GEOMETRIC_REPRESENTATION_CONTEXT(2) 
PARAMETRIC_REPRESENTATION_CONTEXT() REPRESENTATION_CONTEXT('2D SPACE',''
  ) );
#8640 = PCURVE('',#2691,#8641);
#8641 = DEFINITIONAL_REPRESENTATION('',(#8642),#8646);
#8642 = LINE('',#8643,#8644);
#8643 = CARTESIAN_POINT('',(0.,1.7));
#8644 = VECTOR('',#8645,1.);
#8645 = DIRECTION('',(1.,0.));
#8646 = ( GEOMETRIC_REPRESENTATION_CONTEXT(2) 
PARAMETRIC_REPRESENTATION_CONTEXT() REPRESENTATION_CONTEXT('2D SPACE',''
  ) );
#8647 = ORIENTED_EDGE('',*,*,#2645,.T.);
#8648 = ORIENTED_EDGE('',*,*,#8649,.T.);
#8649 = EDGE_CURVE('',#2648,#8650,#8652,.T.);
#8650 = VERTEX_POINT('',#8651);
#8651 = CARTESIAN_POINT('',(224.8,78.6,19.8));
#8652 = SURFACE_CURVE('',#8653,(#8657,#8663),.PCURVE_S1.);
#8653 = LINE('',#8654,#8655);
#8654 = CARTESIAN_POINT('',(224.8,78.6,13.8));
#8655 = VECTOR('',#8656,1.);
#8656 = DIRECTION('',(0.,0.,1.));
#8657 = PCURVE('',#2664,#8658);
#8658 = DEFINITIONAL_REPRESENTATION('',(#8659),#8662);
#8659 = B_SPLINE_CURVE_WITH_KNOTS('',1,(#8660,#8661),.UNSPECIFIED.,.F.,
  .F.,(2,2),(0.,7.),.PIECEWISE_BEZIER_KNOTS.);
#8660 = CARTESIAN_POINT('',(7.853981633974,0.));
#8661 = CARTESIAN_POINT('',(7.853981633974,7.));
#8662 = ( GEOMETRIC_REPRESENTATION_CONTEXT(2) 
PARAMETRIC_REPRESENTATION_CONTEXT() REPRESENTATION_CONTEXT('2D SPACE',''
  ) );
#8663 = PCURVE('',#2744,#8664);
#8664 = DEFINITIONAL_REPRESENTATION('',(#8665),#8669);
#8665 = LINE('',#8666,#8667);
#8666 = CARTESIAN_POINT('',(0.,1.7));
#8667 = VECTOR('',#8668,1.);
#8668 = DIRECTION('',(1.,0.));
#8669 = ( GEOMETRIC_REPRESENTATION_CONTEXT(2) 
PARAMETRIC_REPRESENTATION_CONTEXT() REPRESENTATION_CONTEXT('2D SPACE',''
  ) );
#8670 = ORIENTED_EDGE('',*,*,#8671,.F.);
#8671 = EDGE_CURVE('',#8627,#8650,#8672,.T.);
#8672 = SURFACE_CURVE('',#8673,(#8678,#8685),.PCURVE_S1.);
#8673 = CIRCLE('',#8674,1.65);
#8674 = AXIS2_PLACEMENT_3D('',#8675,#8676,#8677);
#8675 = CARTESIAN_POINT('',(224.8,76.95,19.8));
#8676 = DIRECTION('',(0.,0.,1.));
#8677 = DIRECTION('',(1.,0.,-0.));
#8678 = PCURVE('',#2664,#8679);
#8679 = DEFINITIONAL_REPRESENTATION('',(#8680),#8684);
#8680 = LINE('',#8681,#8682);
#8681 = CARTESIAN_POINT('',(0.,6.));
#8682 = VECTOR('',#8683,1.);
#8683 = DIRECTION('',(1.,0.));
#8684 = ( GEOMETRIC_REPRESENTATION_CONTEXT(2) 
PARAMETRIC_REPRESENTATION_CONTEXT() REPRESENTATION_CONTEXT('2D SPACE',''
  ) );
#8685 = PCURVE('',#5671,#8686);
#8686 = DEFINITIONAL_REPRESENTATION('',(#8687),#8691);
#8687 = CIRCLE('',#8688,1.65);
#8688 = AXIS2_PLACEMENT_2D('',#8689,#8690);
#8689 = CARTESIAN_POINT('',(63.35,4.95));
#8690 = DIRECTION('',(1.,0.));
#8691 = ( GEOMETRIC_REPRESENTATION_CONTEXT(2) 
PARAMETRIC_REPRESENTATION_CONTEXT() REPRESENTATION_CONTEXT('2D SPACE',''
  ) );
#8692 = ADVANCED_FACE('',(#8693),#2691,.T.);
#8693 = FACE_BOUND('',#8694,.T.);
#8694 = EDGE_LOOP('',(#8695,#8696,#8697,#8720));
#8695 = ORIENTED_EDGE('',*,*,#8626,.F.);
#8696 = ORIENTED_EDGE('',*,*,#2676,.T.);
#8697 = ORIENTED_EDGE('',*,*,#8698,.T.);
#8698 = EDGE_CURVE('',#2677,#8699,#8701,.T.);
#8699 = VERTEX_POINT('',#8700);
#8700 = CARTESIAN_POINT('',(223.1,75.3,19.8));
#8701 = SURFACE_CURVE('',#8702,(#8706,#8713),.PCURVE_S1.);
#8702 = LINE('',#8703,#8704);
#8703 = CARTESIAN_POINT('',(223.1,75.3,13.8));
#8704 = VECTOR('',#8705,1.);
#8705 = DIRECTION('',(0.,0.,1.));
#8706 = PCURVE('',#2691,#8707);
#8707 = DEFINITIONAL_REPRESENTATION('',(#8708),#8712);
#8708 = LINE('',#8709,#8710);
#8709 = CARTESIAN_POINT('',(0.,0.));
#8710 = VECTOR('',#8711,1.);
#8711 = DIRECTION('',(1.,0.));
#8712 = ( GEOMETRIC_REPRESENTATION_CONTEXT(2) 
PARAMETRIC_REPRESENTATION_CONTEXT() REPRESENTATION_CONTEXT('2D SPACE',''
  ) );
#8713 = PCURVE('',#2719,#8714);
#8714 = DEFINITIONAL_REPRESENTATION('',(#8715),#8719);
#8715 = LINE('',#8716,#8717);
#8716 = CARTESIAN_POINT('',(4.712388980385,0.));
#8717 = VECTOR('',#8718,1.);
#8718 = DIRECTION('',(0.,1.));
#8719 = ( GEOMETRIC_REPRESENTATION_CONTEXT(2) 
PARAMETRIC_REPRESENTATION_CONTEXT() REPRESENTATION_CONTEXT('2D SPACE',''
  ) );
#8720 = ORIENTED_EDGE('',*,*,#8721,.F.);
#8721 = EDGE_CURVE('',#8627,#8699,#8722,.T.);
#8722 = SURFACE_CURVE('',#8723,(#8727,#8733),.PCURVE_S1.);
#8723 = LINE('',#8724,#8725);
#8724 = CARTESIAN_POINT('',(192.275,75.3,19.8));
#8725 = VECTOR('',#8726,1.);
#8726 = DIRECTION('',(-1.,-0.,0.));
#8727 = PCURVE('',#2691,#8728);
#8728 = DEFINITIONAL_REPRESENTATION('',(#8729),#8732);
#8729 = B_SPLINE_CURVE_WITH_KNOTS('',1,(#8730,#8731),.UNSPECIFIED.,.F.,
  .F.,(2,2),(-32.525,-30.825),.PIECEWISE_BEZIER_KNOTS.);
#8730 = CARTESIAN_POINT('',(6.,1.7));
#8731 = CARTESIAN_POINT('',(6.,0.));
#8732 = ( GEOMETRIC_REPRESENTATION_CONTEXT(2) 
PARAMETRIC_REPRESENTATION_CONTEXT() REPRESENTATION_CONTEXT('2D SPACE',''
  ) );
#8733 = PCURVE('',#5671,#8734);
#8734 = DEFINITIONAL_REPRESENTATION('',(#8735),#8738);
#8735 = B_SPLINE_CURVE_WITH_KNOTS('',1,(#8736,#8737),.UNSPECIFIED.,.F.,
  .F.,(2,2),(-32.525,-30.825),.PIECEWISE_BEZIER_KNOTS.);
#8736 = CARTESIAN_POINT('',(63.35,3.3));
#8737 = CARTESIAN_POINT('',(61.65,3.3));
#8738 = ( GEOMETRIC_REPRESENTATION_CONTEXT(2) 
PARAMETRIC_REPRESENTATION_CONTEXT() REPRESENTATION_CONTEXT('2D SPACE',''
  ) );
#8739 = ADVANCED_FACE('',(#8740),#2744,.F.);
#8740 = FACE_BOUND('',#8741,.F.);
#8741 = EDGE_LOOP('',(#8742,#8743,#8744,#8767));
#8742 = ORIENTED_EDGE('',*,*,#8649,.F.);
#8743 = ORIENTED_EDGE('',*,*,#2731,.T.);
#8744 = ORIENTED_EDGE('',*,*,#8745,.T.);
#8745 = EDGE_CURVE('',#2703,#8746,#8748,.T.);
#8746 = VERTEX_POINT('',#8747);
#8747 = CARTESIAN_POINT('',(223.1,78.6,19.8));
#8748 = SURFACE_CURVE('',#8749,(#8753,#8760),.PCURVE_S1.);
#8749 = LINE('',#8750,#8751);
#8750 = CARTESIAN_POINT('',(223.1,78.6,13.8));
#8751 = VECTOR('',#8752,1.);
#8752 = DIRECTION('',(0.,0.,1.));
#8753 = PCURVE('',#2744,#8754);
#8754 = DEFINITIONAL_REPRESENTATION('',(#8755),#8759);
#8755 = LINE('',#8756,#8757);
#8756 = CARTESIAN_POINT('',(0.,0.));
#8757 = VECTOR('',#8758,1.);
#8758 = DIRECTION('',(1.,0.));
#8759 = ( GEOMETRIC_REPRESENTATION_CONTEXT(2) 
PARAMETRIC_REPRESENTATION_CONTEXT() REPRESENTATION_CONTEXT('2D SPACE',''
  ) );
#8760 = PCURVE('',#2719,#8761);
#8761 = DEFINITIONAL_REPRESENTATION('',(#8762),#8766);
#8762 = LINE('',#8763,#8764);
#8763 = CARTESIAN_POINT('',(1.570796326795,0.));
#8764 = VECTOR('',#8765,1.);
#8765 = DIRECTION('',(0.,1.));
#8766 = ( GEOMETRIC_REPRESENTATION_CONTEXT(2) 
PARAMETRIC_REPRESENTATION_CONTEXT() REPRESENTATION_CONTEXT('2D SPACE',''
  ) );
#8767 = ORIENTED_EDGE('',*,*,#8768,.F.);
#8768 = EDGE_CURVE('',#8650,#8746,#8769,.T.);
#8769 = SURFACE_CURVE('',#8770,(#8774,#8780),.PCURVE_S1.);
#8770 = LINE('',#8771,#8772);
#8771 = CARTESIAN_POINT('',(192.275,78.6,19.8));
#8772 = VECTOR('',#8773,1.);
#8773 = DIRECTION('',(-1.,-0.,0.));
#8774 = PCURVE('',#2744,#8775);
#8775 = DEFINITIONAL_REPRESENTATION('',(#8776),#8779);
#8776 = B_SPLINE_CURVE_WITH_KNOTS('',1,(#8777,#8778),.UNSPECIFIED.,.F.,
  .F.,(2,2),(-32.525,-30.825),.PIECEWISE_BEZIER_KNOTS.);
#8777 = CARTESIAN_POINT('',(6.,1.7));
#8778 = CARTESIAN_POINT('',(6.,0.));
#8779 = ( GEOMETRIC_REPRESENTATION_CONTEXT(2) 
PARAMETRIC_REPRESENTATION_CONTEXT() REPRESENTATION_CONTEXT('2D SPACE',''
  ) );
#8780 = PCURVE('',#5671,#8781);
#8781 = DEFINITIONAL_REPRESENTATION('',(#8782),#8785);
#8782 = B_SPLINE_CURVE_WITH_KNOTS('',1,(#8783,#8784),.UNSPECIFIED.,.F.,
  .F.,(2,2),(-32.525,-30.825),.PIECEWISE_BEZIER_KNOTS.);
#8783 = CARTESIAN_POINT('',(63.35,6.6));
#8784 = CARTESIAN_POINT('',(61.65,6.6));
#8785 = ( GEOMETRIC_REPRESENTATION_CONTEXT(2) 
PARAMETRIC_REPRESENTATION_CONTEXT() REPRESENTATION_CONTEXT('2D SPACE',''
  ) );
#8786 = ADVANCED_FACE('',(#8787),#2719,.F.);
#8787 = FACE_BOUND('',#8788,.F.);
#8788 = EDGE_LOOP('',(#8789,#8811,#8812,#8813));
#8789 = ORIENTED_EDGE('',*,*,#8790,.F.);
#8790 = EDGE_CURVE('',#8746,#8699,#8791,.T.);
#8791 = SURFACE_CURVE('',#8792,(#8797,#8804),.PCURVE_S1.);
#8792 = CIRCLE('',#8793,1.65);
#8793 = AXIS2_PLACEMENT_3D('',#8794,#8795,#8796);
#8794 = CARTESIAN_POINT('',(223.1,76.95,19.8));
#8795 = DIRECTION('',(0.,0.,1.));
#8796 = DIRECTION('',(1.,0.,-0.));
#8797 = PCURVE('',#2719,#8798);
#8798 = DEFINITIONAL_REPRESENTATION('',(#8799),#8803);
#8799 = LINE('',#8800,#8801);
#8800 = CARTESIAN_POINT('',(0.,6.));
#8801 = VECTOR('',#8802,1.);
#8802 = DIRECTION('',(1.,0.));
#8803 = ( GEOMETRIC_REPRESENTATION_CONTEXT(2) 
PARAMETRIC_REPRESENTATION_CONTEXT() REPRESENTATION_CONTEXT('2D SPACE',''
  ) );
#8804 = PCURVE('',#5671,#8805);
#8805 = DEFINITIONAL_REPRESENTATION('',(#8806),#8810);
#8806 = CIRCLE('',#8807,1.65);
#8807 = AXIS2_PLACEMENT_2D('',#8808,#8809);
#8808 = CARTESIAN_POINT('',(61.65,4.95));
#8809 = DIRECTION('',(1.,0.));
#8810 = ( GEOMETRIC_REPRESENTATION_CONTEXT(2) 
PARAMETRIC_REPRESENTATION_CONTEXT() REPRESENTATION_CONTEXT('2D SPACE',''
  ) );
#8811 = ORIENTED_EDGE('',*,*,#8745,.F.);
#8812 = ORIENTED_EDGE('',*,*,#2702,.T.);
#8813 = ORIENTED_EDGE('',*,*,#8698,.T.);
#8814 = ADVANCED_FACE('',(#8815),#2776,.F.);
#8815 = FACE_BOUND('',#8816,.F.);
#8816 = EDGE_LOOP('',(#8817,#8839,#8840,#8862));
#8817 = ORIENTED_EDGE('',*,*,#8818,.F.);
#8818 = EDGE_CURVE('',#2758,#8819,#8821,.T.);
#8819 = VERTEX_POINT('',#8820);
#8820 = CARTESIAN_POINT('',(259.5,75.3,19.8));
#8821 = SURFACE_CURVE('',#8822,(#8826,#8832),.PCURVE_S1.);
#8822 = LINE('',#8823,#8824);
#8823 = CARTESIAN_POINT('',(259.5,75.3,13.8));
#8824 = VECTOR('',#8825,1.);
#8825 = DIRECTION('',(0.,0.,1.));
#8826 = PCURVE('',#2776,#8827);
#8827 = DEFINITIONAL_REPRESENTATION('',(#8828),#8831);
#8828 = B_SPLINE_CURVE_WITH_KNOTS('',1,(#8829,#8830),.UNSPECIFIED.,.F.,
  .F.,(2,2),(0.,7.),.PIECEWISE_BEZIER_KNOTS.);
#8829 = CARTESIAN_POINT('',(4.712388980385,0.));
#8830 = CARTESIAN_POINT('',(4.712388980385,7.));
#8831 = ( GEOMETRIC_REPRESENTATION_CONTEXT(2) 
PARAMETRIC_REPRESENTATION_CONTEXT() REPRESENTATION_CONTEXT('2D SPACE',''
  ) );
#8832 = PCURVE('',#2803,#8833);
#8833 = DEFINITIONAL_REPRESENTATION('',(#8834),#8838);
#8834 = LINE('',#8835,#8836);
#8835 = CARTESIAN_POINT('',(0.,1.7));
#8836 = VECTOR('',#8837,1.);
#8837 = DIRECTION('',(1.,0.));
#8838 = ( GEOMETRIC_REPRESENTATION_CONTEXT(2) 
PARAMETRIC_REPRESENTATION_CONTEXT() REPRESENTATION_CONTEXT('2D SPACE',''
  ) );
#8839 = ORIENTED_EDGE('',*,*,#2757,.T.);
#8840 = ORIENTED_EDGE('',*,*,#8841,.T.);
#8841 = EDGE_CURVE('',#2760,#8842,#8844,.T.);
#8842 = VERTEX_POINT('',#8843);
#8843 = CARTESIAN_POINT('',(259.5,78.6,19.8));
#8844 = SURFACE_CURVE('',#8845,(#8849,#8855),.PCURVE_S1.);
#8845 = LINE('',#8846,#8847);
#8846 = CARTESIAN_POINT('',(259.5,78.6,13.8));
#8847 = VECTOR('',#8848,1.);
#8848 = DIRECTION('',(0.,0.,1.));
#8849 = PCURVE('',#2776,#8850);
#8850 = DEFINITIONAL_REPRESENTATION('',(#8851),#8854);
#8851 = B_SPLINE_CURVE_WITH_KNOTS('',1,(#8852,#8853),.UNSPECIFIED.,.F.,
  .F.,(2,2),(0.,7.),.PIECEWISE_BEZIER_KNOTS.);
#8852 = CARTESIAN_POINT('',(7.853981633974,0.));
#8853 = CARTESIAN_POINT('',(7.853981633974,7.));
#8854 = ( GEOMETRIC_REPRESENTATION_CONTEXT(2) 
PARAMETRIC_REPRESENTATION_CONTEXT() REPRESENTATION_CONTEXT('2D SPACE',''
  ) );
#8855 = PCURVE('',#2856,#8856);
#8856 = DEFINITIONAL_REPRESENTATION('',(#8857),#8861);
#8857 = LINE('',#8858,#8859);
#8858 = CARTESIAN_POINT('',(0.,1.7));
#8859 = VECTOR('',#8860,1.);
#8860 = DIRECTION('',(1.,0.));
#8861 = ( GEOMETRIC_REPRESENTATION_CONTEXT(2) 
PARAMETRIC_REPRESENTATION_CONTEXT() REPRESENTATION_CONTEXT('2D SPACE',''
  ) );
#8862 = ORIENTED_EDGE('',*,*,#8863,.F.);
#8863 = EDGE_CURVE('',#8819,#8842,#8864,.T.);
#8864 = SURFACE_CURVE('',#8865,(#8870,#8877),.PCURVE_S1.);
#8865 = CIRCLE('',#8866,1.65);
#8866 = AXIS2_PLACEMENT_3D('',#8867,#8868,#8869);
#8867 = CARTESIAN_POINT('',(259.5,76.95,19.8));
#8868 = DIRECTION('',(0.,0.,1.));
#8869 = DIRECTION('',(1.,0.,-0.));
#8870 = PCURVE('',#2776,#8871);
#8871 = DEFINITIONAL_REPRESENTATION('',(#8872),#8876);
#8872 = LINE('',#8873,#8874);
#8873 = CARTESIAN_POINT('',(0.,6.));
#8874 = VECTOR('',#8875,1.);
#8875 = DIRECTION('',(1.,0.));
#8876 = ( GEOMETRIC_REPRESENTATION_CONTEXT(2) 
PARAMETRIC_REPRESENTATION_CONTEXT() REPRESENTATION_CONTEXT('2D SPACE',''
  ) );
#8877 = PCURVE('',#5671,#8878);
#8878 = DEFINITIONAL_REPRESENTATION('',(#8879),#8883);
#8879 = CIRCLE('',#8880,1.65);
#8880 = AXIS2_PLACEMENT_2D('',#8881,#8882);
#8881 = CARTESIAN_POINT('',(98.05,4.95));
#8882 = DIRECTION('',(1.,0.));
#8883 = ( GEOMETRIC_REPRESENTATION_CONTEXT(2) 
PARAMETRIC_REPRESENTATION_CONTEXT() REPRESENTATION_CONTEXT('2D SPACE',''
  ) );
#8884 = ADVANCED_FACE('',(#8885),#2803,.T.);
#8885 = FACE_BOUND('',#8886,.T.);
#8886 = EDGE_LOOP('',(#8887,#8888,#8889,#8912));
#8887 = ORIENTED_EDGE('',*,*,#8818,.F.);
#8888 = ORIENTED_EDGE('',*,*,#2788,.T.);
#8889 = ORIENTED_EDGE('',*,*,#8890,.T.);
#8890 = EDGE_CURVE('',#2789,#8891,#8893,.T.);
#8891 = VERTEX_POINT('',#8892);
#8892 = CARTESIAN_POINT('',(257.8,75.3,19.8));
#8893 = SURFACE_CURVE('',#8894,(#8898,#8905),.PCURVE_S1.);
#8894 = LINE('',#8895,#8896);
#8895 = CARTESIAN_POINT('',(257.8,75.3,13.8));
#8896 = VECTOR('',#8897,1.);
#8897 = DIRECTION('',(0.,0.,1.));
#8898 = PCURVE('',#2803,#8899);
#8899 = DEFINITIONAL_REPRESENTATION('',(#8900),#8904);
#8900 = LINE('',#8901,#8902);
#8901 = CARTESIAN_POINT('',(0.,0.));
#8902 = VECTOR('',#8903,1.);
#8903 = DIRECTION('',(1.,0.));
#8904 = ( GEOMETRIC_REPRESENTATION_CONTEXT(2) 
PARAMETRIC_REPRESENTATION_CONTEXT() REPRESENTATION_CONTEXT('2D SPACE',''
  ) );
#8905 = PCURVE('',#2831,#8906);
#8906 = DEFINITIONAL_REPRESENTATION('',(#8907),#8911);
#8907 = LINE('',#8908,#8909);
#8908 = CARTESIAN_POINT('',(4.712388980385,0.));
#8909 = VECTOR('',#8910,1.);
#8910 = DIRECTION('',(0.,1.));
#8911 = ( GEOMETRIC_REPRESENTATION_CONTEXT(2) 
PARAMETRIC_REPRESENTATION_CONTEXT() REPRESENTATION_CONTEXT('2D SPACE',''
  ) );
#8912 = ORIENTED_EDGE('',*,*,#8913,.F.);
#8913 = EDGE_CURVE('',#8819,#8891,#8914,.T.);
#8914 = SURFACE_CURVE('',#8915,(#8919,#8925),.PCURVE_S1.);
#8915 = LINE('',#8916,#8917);
#8916 = CARTESIAN_POINT('',(209.625,75.3,19.8));
#8917 = VECTOR('',#8918,1.);
#8918 = DIRECTION('',(-1.,-0.,0.));
#8919 = PCURVE('',#2803,#8920);
#8920 = DEFINITIONAL_REPRESENTATION('',(#8921),#8924);
#8921 = B_SPLINE_CURVE_WITH_KNOTS('',1,(#8922,#8923),.UNSPECIFIED.,.F.,
  .F.,(2,2),(-49.875,-48.175),.PIECEWISE_BEZIER_KNOTS.);
#8922 = CARTESIAN_POINT('',(6.,1.7));
#8923 = CARTESIAN_POINT('',(6.,0.));
#8924 = ( GEOMETRIC_REPRESENTATION_CONTEXT(2) 
PARAMETRIC_REPRESENTATION_CONTEXT() REPRESENTATION_CONTEXT('2D SPACE',''
  ) );
#8925 = PCURVE('',#5671,#8926);
#8926 = DEFINITIONAL_REPRESENTATION('',(#8927),#8930);
#8927 = B_SPLINE_CURVE_WITH_KNOTS('',1,(#8928,#8929),.UNSPECIFIED.,.F.,
  .F.,(2,2),(-49.875,-48.175),.PIECEWISE_BEZIER_KNOTS.);
#8928 = CARTESIAN_POINT('',(98.05,3.3));
#8929 = CARTESIAN_POINT('',(96.35,3.3));
#8930 = ( GEOMETRIC_REPRESENTATION_CONTEXT(2) 
PARAMETRIC_REPRESENTATION_CONTEXT() REPRESENTATION_CONTEXT('2D SPACE',''
  ) );
#8931 = ADVANCED_FACE('',(#8932),#2856,.F.);
#8932 = FACE_BOUND('',#8933,.F.);
#8933 = EDGE_LOOP('',(#8934,#8935,#8936,#8959));
#8934 = ORIENTED_EDGE('',*,*,#8841,.F.);
#8935 = ORIENTED_EDGE('',*,*,#2843,.T.);
#8936 = ORIENTED_EDGE('',*,*,#8937,.T.);
#8937 = EDGE_CURVE('',#2815,#8938,#8940,.T.);
#8938 = VERTEX_POINT('',#8939);
#8939 = CARTESIAN_POINT('',(257.8,78.6,19.8));
#8940 = SURFACE_CURVE('',#8941,(#8945,#8952),.PCURVE_S1.);
#8941 = LINE('',#8942,#8943);
#8942 = CARTESIAN_POINT('',(257.8,78.6,13.8));
#8943 = VECTOR('',#8944,1.);
#8944 = DIRECTION('',(0.,0.,1.));
#8945 = PCURVE('',#2856,#8946);
#8946 = DEFINITIONAL_REPRESENTATION('',(#8947),#8951);
#8947 = LINE('',#8948,#8949);
#8948 = CARTESIAN_POINT('',(0.,0.));
#8949 = VECTOR('',#8950,1.);
#8950 = DIRECTION('',(1.,0.));
#8951 = ( GEOMETRIC_REPRESENTATION_CONTEXT(2) 
PARAMETRIC_REPRESENTATION_CONTEXT() REPRESENTATION_CONTEXT('2D SPACE',''
  ) );
#8952 = PCURVE('',#2831,#8953);
#8953 = DEFINITIONAL_REPRESENTATION('',(#8954),#8958);
#8954 = LINE('',#8955,#8956);
#8955 = CARTESIAN_POINT('',(1.570796326795,0.));
#8956 = VECTOR('',#8957,1.);
#8957 = DIRECTION('',(0.,1.));
#8958 = ( GEOMETRIC_REPRESENTATION_CONTEXT(2) 
PARAMETRIC_REPRESENTATION_CONTEXT() REPRESENTATION_CONTEXT('2D SPACE',''
  ) );
#8959 = ORIENTED_EDGE('',*,*,#8960,.F.);
#8960 = EDGE_CURVE('',#8842,#8938,#8961,.T.);
#8961 = SURFACE_CURVE('',#8962,(#8966,#8972),.PCURVE_S1.);
#8962 = LINE('',#8963,#8964);
#8963 = CARTESIAN_POINT('',(209.625,78.6,19.8));
#8964 = VECTOR('',#8965,1.);
#8965 = DIRECTION('',(-1.,-0.,0.));
#8966 = PCURVE('',#2856,#8967);
#8967 = DEFINITIONAL_REPRESENTATION('',(#8968),#8971);
#8968 = B_SPLINE_CURVE_WITH_KNOTS('',1,(#8969,#8970),.UNSPECIFIED.,.F.,
  .F.,(2,2),(-49.875,-48.175),.PIECEWISE_BEZIER_KNOTS.);
#8969 = CARTESIAN_POINT('',(6.,1.7));
#8970 = CARTESIAN_POINT('',(6.,0.));
#8971 = ( GEOMETRIC_REPRESENTATION_CONTEXT(2) 
PARAMETRIC_REPRESENTATION_CONTEXT() REPRESENTATION_CONTEXT('2D SPACE',''
  ) );
#8972 = PCURVE('',#5671,#8973);
#8973 = DEFINITIONAL_REPRESENTATION('',(#8974),#8977);
#8974 = B_SPLINE_CURVE_WITH_KNOTS('',1,(#8975,#8976),.UNSPECIFIED.,.F.,
  .F.,(2,2),(-49.875,-48.175),.PIECEWISE_BEZIER_KNOTS.);
#8975 = CARTESIAN_POINT('',(98.05,6.6));
#8976 = CARTESIAN_POINT('',(96.35,6.6));
#8977 = ( GEOMETRIC_REPRESENTATION_CONTEXT(2) 
PARAMETRIC_REPRESENTATION_CONTEXT() REPRESENTATION_CONTEXT('2D SPACE',''
  ) );
#8978 = ADVANCED_FACE('',(#8979),#2831,.F.);
#8979 = FACE_BOUND('',#8980,.F.);
#8980 = EDGE_LOOP('',(#8981,#9003,#9004,#9005));
#8981 = ORIENTED_EDGE('',*,*,#8982,.F.);
#8982 = EDGE_CURVE('',#8938,#8891,#8983,.T.);
#8983 = SURFACE_CURVE('',#8984,(#8989,#8996),.PCURVE_S1.);
#8984 = CIRCLE('',#8985,1.65);
#8985 = AXIS2_PLACEMENT_3D('',#8986,#8987,#8988);
#8986 = CARTESIAN_POINT('',(257.8,76.95,19.8));
#8987 = DIRECTION('',(0.,0.,1.));
#8988 = DIRECTION('',(1.,0.,-0.));
#8989 = PCURVE('',#2831,#8990);
#8990 = DEFINITIONAL_REPRESENTATION('',(#8991),#8995);
#8991 = LINE('',#8992,#8993);
#8992 = CARTESIAN_POINT('',(0.,6.));
#8993 = VECTOR('',#8994,1.);
#8994 = DIRECTION('',(1.,0.));
#8995 = ( GEOMETRIC_REPRESENTATION_CONTEXT(2) 
PARAMETRIC_REPRESENTATION_CONTEXT() REPRESENTATION_CONTEXT('2D SPACE',''
  ) );
#8996 = PCURVE('',#5671,#8997);
#8997 = DEFINITIONAL_REPRESENTATION('',(#8998),#9002);
#8998 = CIRCLE('',#8999,1.65);
#8999 = AXIS2_PLACEMENT_2D('',#9000,#9001);
#9000 = CARTESIAN_POINT('',(96.35,4.95));
#9001 = DIRECTION('',(1.,0.));
#9002 = ( GEOMETRIC_REPRESENTATION_CONTEXT(2) 
PARAMETRIC_REPRESENTATION_CONTEXT() REPRESENTATION_CONTEXT('2D SPACE',''
  ) );
#9003 = ORIENTED_EDGE('',*,*,#8937,.F.);
#9004 = ORIENTED_EDGE('',*,*,#2814,.T.);
#9005 = ORIENTED_EDGE('',*,*,#8890,.T.);
#9006 = ADVANCED_FACE('',(#9007),#2888,.F.);
#9007 = FACE_BOUND('',#9008,.F.);
#9008 = EDGE_LOOP('',(#9009,#9032,#9033,#9056));
#9009 = ORIENTED_EDGE('',*,*,#9010,.F.);
#9010 = EDGE_CURVE('',#2870,#9011,#9013,.T.);
#9011 = VERTEX_POINT('',#9012);
#9012 = CARTESIAN_POINT('',(271.,78.5,19.8));
#9013 = SURFACE_CURVE('',#9014,(#9018,#9025),.PCURVE_S1.);
#9014 = LINE('',#9015,#9016);
#9015 = CARTESIAN_POINT('',(271.,78.5,13.8));
#9016 = VECTOR('',#9017,1.);
#9017 = DIRECTION('',(0.,0.,1.));
#9018 = PCURVE('',#2888,#9019);
#9019 = DEFINITIONAL_REPRESENTATION('',(#9020),#9024);
#9020 = LINE('',#9021,#9022);
#9021 = CARTESIAN_POINT('',(0.,0.));
#9022 = VECTOR('',#9023,1.);
#9023 = DIRECTION('',(0.,1.));
#9024 = ( GEOMETRIC_REPRESENTATION_CONTEXT(2) 
PARAMETRIC_REPRESENTATION_CONTEXT() REPRESENTATION_CONTEXT('2D SPACE',''
  ) );
#9025 = PCURVE('',#2915,#9026);
#9026 = DEFINITIONAL_REPRESENTATION('',(#9027),#9031);
#9027 = LINE('',#9028,#9029);
#9028 = CARTESIAN_POINT('',(0.,-3.));
#9029 = VECTOR('',#9030,1.);
#9030 = DIRECTION('',(1.,0.));
#9031 = ( GEOMETRIC_REPRESENTATION_CONTEXT(2) 
PARAMETRIC_REPRESENTATION_CONTEXT() REPRESENTATION_CONTEXT('2D SPACE',''
  ) );
#9032 = ORIENTED_EDGE('',*,*,#2869,.T.);
#9033 = ORIENTED_EDGE('',*,*,#9034,.T.);
#9034 = EDGE_CURVE('',#2872,#9035,#9037,.T.);
#9035 = VERTEX_POINT('',#9036);
#9036 = CARTESIAN_POINT('',(274.,75.5,19.8));
#9037 = SURFACE_CURVE('',#9038,(#9042,#9049),.PCURVE_S1.);
#9038 = LINE('',#9039,#9040);
#9039 = CARTESIAN_POINT('',(274.,75.5,13.8));
#9040 = VECTOR('',#9041,1.);
#9041 = DIRECTION('',(0.,0.,1.));
#9042 = PCURVE('',#2888,#9043);
#9043 = DEFINITIONAL_REPRESENTATION('',(#9044),#9048);
#9044 = LINE('',#9045,#9046);
#9045 = CARTESIAN_POINT('',(1.570796326795,0.));
#9046 = VECTOR('',#9047,1.);
#9047 = DIRECTION('',(0.,1.));
#9048 = ( GEOMETRIC_REPRESENTATION_CONTEXT(2) 
PARAMETRIC_REPRESENTATION_CONTEXT() REPRESENTATION_CONTEXT('2D SPACE',''
  ) );
#9049 = PCURVE('',#3078,#9050);
#9050 = DEFINITIONAL_REPRESENTATION('',(#9051),#9055);
#9051 = LINE('',#9052,#9053);
#9052 = CARTESIAN_POINT('',(0.,3.));
#9053 = VECTOR('',#9054,1.);
#9054 = DIRECTION('',(1.,0.));
#9055 = ( GEOMETRIC_REPRESENTATION_CONTEXT(2) 
PARAMETRIC_REPRESENTATION_CONTEXT() REPRESENTATION_CONTEXT('2D SPACE',''
  ) );
#9056 = ORIENTED_EDGE('',*,*,#9057,.F.);
#9057 = EDGE_CURVE('',#9011,#9035,#9058,.T.);
#9058 = SURFACE_CURVE('',#9059,(#9064,#9071),.PCURVE_S1.);
#9059 = CIRCLE('',#9060,3.);
#9060 = AXIS2_PLACEMENT_3D('',#9061,#9062,#9063);
#9061 = CARTESIAN_POINT('',(274.,78.5,19.8));
#9062 = DIRECTION('',(0.,0.,1.));
#9063 = DIRECTION('',(-1.,-0.,0.));
#9064 = PCURVE('',#2888,#9065);
#9065 = DEFINITIONAL_REPRESENTATION('',(#9066),#9070);
#9066 = LINE('',#9067,#9068);
#9067 = CARTESIAN_POINT('',(0.,6.));
#9068 = VECTOR('',#9069,1.);
#9069 = DIRECTION('',(1.,0.));
#9070 = ( GEOMETRIC_REPRESENTATION_CONTEXT(2) 
PARAMETRIC_REPRESENTATION_CONTEXT() REPRESENTATION_CONTEXT('2D SPACE',''
  ) );
#9071 = PCURVE('',#5671,#9072);
#9072 = DEFINITIONAL_REPRESENTATION('',(#9073),#9077);
#9073 = CIRCLE('',#9074,3.);
#9074 = AXIS2_PLACEMENT_2D('',#9075,#9076);
#9075 = CARTESIAN_POINT('',(112.55,6.5));
#9076 = DIRECTION('',(-1.,0.));
#9077 = ( GEOMETRIC_REPRESENTATION_CONTEXT(2) 
PARAMETRIC_REPRESENTATION_CONTEXT() REPRESENTATION_CONTEXT('2D SPACE',''
  ) );
#9078 = ADVANCED_FACE('',(#9079),#2915,.T.);
#9079 = FACE_BOUND('',#9080,.T.);
#9080 = EDGE_LOOP('',(#9081,#9102,#9103,#9104));
#9081 = ORIENTED_EDGE('',*,*,#9082,.F.);
#9082 = EDGE_CURVE('',#9011,#9083,#9085,.T.);
#9083 = VERTEX_POINT('',#9084);
#9084 = CARTESIAN_POINT('',(271.,81.,19.8));
#9085 = SURFACE_CURVE('',#9086,(#9090,#9096),.PCURVE_S1.);
#9086 = LINE('',#9087,#9088);
#9087 = CARTESIAN_POINT('',(271.,73.75,19.8));
#9088 = VECTOR('',#9089,1.);
#9089 = DIRECTION('',(0.,1.,0.));
#9090 = PCURVE('',#2915,#9091);
#9091 = DEFINITIONAL_REPRESENTATION('',(#9092),#9095);
#9092 = B_SPLINE_CURVE_WITH_KNOTS('',1,(#9093,#9094),.UNSPECIFIED.,.F.,
  .F.,(2,2),(4.75,7.25),.PIECEWISE_BEZIER_KNOTS.);
#9093 = CARTESIAN_POINT('',(6.,-3.));
#9094 = CARTESIAN_POINT('',(6.,-5.5));
#9095 = ( GEOMETRIC_REPRESENTATION_CONTEXT(2) 
PARAMETRIC_REPRESENTATION_CONTEXT() REPRESENTATION_CONTEXT('2D SPACE',''
  ) );
#9096 = PCURVE('',#5671,#9097);
#9097 = DEFINITIONAL_REPRESENTATION('',(#9098),#9101);
#9098 = B_SPLINE_CURVE_WITH_KNOTS('',1,(#9099,#9100),.UNSPECIFIED.,.F.,
  .F.,(2,2),(4.75,7.25),.PIECEWISE_BEZIER_KNOTS.);
#9099 = CARTESIAN_POINT('',(109.55,6.5));
#9100 = CARTESIAN_POINT('',(109.55,9.));
#9101 = ( GEOMETRIC_REPRESENTATION_CONTEXT(2) 
PARAMETRIC_REPRESENTATION_CONTEXT() REPRESENTATION_CONTEXT('2D SPACE',''
  ) );
#9102 = ORIENTED_EDGE('',*,*,#9010,.F.);
#9103 = ORIENTED_EDGE('',*,*,#2900,.T.);
#9104 = ORIENTED_EDGE('',*,*,#9105,.T.);
#9105 = EDGE_CURVE('',#2901,#9083,#9106,.T.);
#9106 = SURFACE_CURVE('',#9107,(#9111,#9118),.PCURVE_S1.);
#9107 = LINE('',#9108,#9109);
#9108 = CARTESIAN_POINT('',(271.,81.,13.8));
#9109 = VECTOR('',#9110,1.);
#9110 = DIRECTION('',(0.,0.,1.));
#9111 = PCURVE('',#2915,#9112);
#9112 = DEFINITIONAL_REPRESENTATION('',(#9113),#9117);
#9113 = LINE('',#9114,#9115);
#9114 = CARTESIAN_POINT('',(0.,-5.5));
#9115 = VECTOR('',#9116,1.);
#9116 = DIRECTION('',(1.,0.));
#9117 = ( GEOMETRIC_REPRESENTATION_CONTEXT(2) 
PARAMETRIC_REPRESENTATION_CONTEXT() REPRESENTATION_CONTEXT('2D SPACE',''
  ) );
#9118 = PCURVE('',#2943,#9119);
#9119 = DEFINITIONAL_REPRESENTATION('',(#9120),#9124);
#9120 = LINE('',#9121,#9122);
#9121 = CARTESIAN_POINT('',(-0.,0.));
#9122 = VECTOR('',#9123,1.);
#9123 = DIRECTION('',(-0.,1.));
#9124 = ( GEOMETRIC_REPRESENTATION_CONTEXT(2) 
PARAMETRIC_REPRESENTATION_CONTEXT() REPRESENTATION_CONTEXT('2D SPACE',''
  ) );
#9125 = ADVANCED_FACE('',(#9126),#3078,.T.);
#9126 = FACE_BOUND('',#9127,.T.);
#9127 = EDGE_LOOP('',(#9128,#9129,#9130,#9151));
#9128 = ORIENTED_EDGE('',*,*,#3065,.T.);
#9129 = ORIENTED_EDGE('',*,*,#9034,.T.);
#9130 = ORIENTED_EDGE('',*,*,#9131,.F.);
#9131 = EDGE_CURVE('',#9132,#9035,#9134,.T.);
#9132 = VERTEX_POINT('',#9133);
#9133 = CARTESIAN_POINT('',(284.,75.5,19.8));
#9134 = SURFACE_CURVE('',#9135,(#9139,#9145),.PCURVE_S1.);
#9135 = LINE('',#9136,#9137);
#9136 = CARTESIAN_POINT('',(216.225,75.5,19.8));
#9137 = VECTOR('',#9138,1.);
#9138 = DIRECTION('',(-1.,0.,0.));
#9139 = PCURVE('',#3078,#9140);
#9140 = DEFINITIONAL_REPRESENTATION('',(#9141),#9144);
#9141 = B_SPLINE_CURVE_WITH_KNOTS('',1,(#9142,#9143),.UNSPECIFIED.,.F.,
  .F.,(2,2),(-67.775,-57.775),.PIECEWISE_BEZIER_KNOTS.);
#9142 = CARTESIAN_POINT('',(6.,13.));
#9143 = CARTESIAN_POINT('',(6.,3.));
#9144 = ( GEOMETRIC_REPRESENTATION_CONTEXT(2) 
PARAMETRIC_REPRESENTATION_CONTEXT() REPRESENTATION_CONTEXT('2D SPACE',''
  ) );
#9145 = PCURVE('',#5671,#9146);
#9146 = DEFINITIONAL_REPRESENTATION('',(#9147),#9150);
#9147 = B_SPLINE_CURVE_WITH_KNOTS('',1,(#9148,#9149),.UNSPECIFIED.,.F.,
  .F.,(2,2),(-67.775,-57.775),.PIECEWISE_BEZIER_KNOTS.);
#9148 = CARTESIAN_POINT('',(122.55,3.5));
#9149 = CARTESIAN_POINT('',(112.55,3.5));
#9150 = ( GEOMETRIC_REPRESENTATION_CONTEXT(2) 
PARAMETRIC_REPRESENTATION_CONTEXT() REPRESENTATION_CONTEXT('2D SPACE',''
  ) );
#9151 = ORIENTED_EDGE('',*,*,#9152,.F.);
#9152 = EDGE_CURVE('',#3037,#9132,#9153,.T.);
#9153 = SURFACE_CURVE('',#9154,(#9158,#9165),.PCURVE_S1.);
#9154 = LINE('',#9155,#9156);
#9155 = CARTESIAN_POINT('',(284.,75.5,13.8));
#9156 = VECTOR('',#9157,1.);
#9157 = DIRECTION('',(0.,0.,1.));
#9158 = PCURVE('',#3078,#9159);
#9159 = DEFINITIONAL_REPRESENTATION('',(#9160),#9164);
#9160 = LINE('',#9161,#9162);
#9161 = CARTESIAN_POINT('',(0.,13.));
#9162 = VECTOR('',#9163,1.);
#9163 = DIRECTION('',(1.,0.));
#9164 = ( GEOMETRIC_REPRESENTATION_CONTEXT(2) 
PARAMETRIC_REPRESENTATION_CONTEXT() REPRESENTATION_CONTEXT('2D SPACE',''
  ) );
#9165 = PCURVE('',#3053,#9166);
#9166 = DEFINITIONAL_REPRESENTATION('',(#9167),#9171);
#9167 = LINE('',#9168,#9169);
#9168 = CARTESIAN_POINT('',(-1.570796326795,0.));
#9169 = VECTOR('',#9170,1.);
#9170 = DIRECTION('',(-0.,1.));
#9171 = ( GEOMETRIC_REPRESENTATION_CONTEXT(2) 
PARAMETRIC_REPRESENTATION_CONTEXT() REPRESENTATION_CONTEXT('2D SPACE',''
  ) );
#9172 = ADVANCED_FACE('',(#9173),#2943,.F.);
#9173 = FACE_BOUND('',#9174,.T.);
#9174 = EDGE_LOOP('',(#9175,#9176,#9177,#9200));
#9175 = ORIENTED_EDGE('',*,*,#9105,.F.);
#9176 = ORIENTED_EDGE('',*,*,#2926,.F.);
#9177 = ORIENTED_EDGE('',*,*,#9178,.T.);
#9178 = EDGE_CURVE('',#2927,#9179,#9181,.T.);
#9179 = VERTEX_POINT('',#9180);
#9180 = CARTESIAN_POINT('',(274.,84.,19.8));
#9181 = SURFACE_CURVE('',#9182,(#9186,#9193),.PCURVE_S1.);
#9182 = LINE('',#9183,#9184);
#9183 = CARTESIAN_POINT('',(274.,84.,13.8));
#9184 = VECTOR('',#9185,1.);
#9185 = DIRECTION('',(0.,0.,1.));
#9186 = PCURVE('',#2943,#9187);
#9187 = DEFINITIONAL_REPRESENTATION('',(#9188),#9192);
#9188 = LINE('',#9189,#9190);
#9189 = CARTESIAN_POINT('',(-1.570796326795,0.));
#9190 = VECTOR('',#9191,1.);
#9191 = DIRECTION('',(-0.,1.));
#9192 = ( GEOMETRIC_REPRESENTATION_CONTEXT(2) 
PARAMETRIC_REPRESENTATION_CONTEXT() REPRESENTATION_CONTEXT('2D SPACE',''
  ) );
#9193 = PCURVE('',#2970,#9194);
#9194 = DEFINITIONAL_REPRESENTATION('',(#9195),#9199);
#9195 = LINE('',#9196,#9197);
#9196 = CARTESIAN_POINT('',(0.,3.));
#9197 = VECTOR('',#9198,1.);
#9198 = DIRECTION('',(1.,0.));
#9199 = ( GEOMETRIC_REPRESENTATION_CONTEXT(2) 
PARAMETRIC_REPRESENTATION_CONTEXT() REPRESENTATION_CONTEXT('2D SPACE',''
  ) );
#9200 = ORIENTED_EDGE('',*,*,#9201,.T.);
#9201 = EDGE_CURVE('',#9179,#9083,#9202,.T.);
#9202 = SURFACE_CURVE('',#9203,(#9208,#9215),.PCURVE_S1.);
#9203 = CIRCLE('',#9204,3.);
#9204 = AXIS2_PLACEMENT_3D('',#9205,#9206,#9207);
#9205 = CARTESIAN_POINT('',(274.,81.,19.8));
#9206 = DIRECTION('',(0.,0.,1.));
#9207 = DIRECTION('',(-1.,-0.,0.));
#9208 = PCURVE('',#2943,#9209);
#9209 = DEFINITIONAL_REPRESENTATION('',(#9210),#9214);
#9210 = LINE('',#9211,#9212);
#9211 = CARTESIAN_POINT('',(-6.28318530718,6.));
#9212 = VECTOR('',#9213,1.);
#9213 = DIRECTION('',(1.,-0.));
#9214 = ( GEOMETRIC_REPRESENTATION_CONTEXT(2) 
PARAMETRIC_REPRESENTATION_CONTEXT() REPRESENTATION_CONTEXT('2D SPACE',''
  ) );
#9215 = PCURVE('',#5671,#9216);
#9216 = DEFINITIONAL_REPRESENTATION('',(#9217),#9221);
#9217 = CIRCLE('',#9218,3.);
#9218 = AXIS2_PLACEMENT_2D('',#9219,#9220);
#9219 = CARTESIAN_POINT('',(112.55,9.));
#9220 = DIRECTION('',(-1.,0.));
#9221 = ( GEOMETRIC_REPRESENTATION_CONTEXT(2) 
PARAMETRIC_REPRESENTATION_CONTEXT() REPRESENTATION_CONTEXT('2D SPACE',''
  ) );
#9222 = ADVANCED_FACE('',(#9223),#3053,.F.);
#9223 = FACE_BOUND('',#9224,.T.);
#9224 = EDGE_LOOP('',(#9225,#9248,#9249,#9250));
#9225 = ORIENTED_EDGE('',*,*,#9226,.F.);
#9226 = EDGE_CURVE('',#3011,#9227,#9229,.T.);
#9227 = VERTEX_POINT('',#9228);
#9228 = CARTESIAN_POINT('',(287.,78.5,19.8));
#9229 = SURFACE_CURVE('',#9230,(#9234,#9241),.PCURVE_S1.);
#9230 = LINE('',#9231,#9232);
#9231 = CARTESIAN_POINT('',(287.,78.5,13.8));
#9232 = VECTOR('',#9233,1.);
#9233 = DIRECTION('',(0.,0.,1.));
#9234 = PCURVE('',#3053,#9235);
#9235 = DEFINITIONAL_REPRESENTATION('',(#9236),#9240);
#9236 = LINE('',#9237,#9238);
#9237 = CARTESIAN_POINT('',(-0.,0.));
#9238 = VECTOR('',#9239,1.);
#9239 = DIRECTION('',(-0.,1.));
#9240 = ( GEOMETRIC_REPRESENTATION_CONTEXT(2) 
PARAMETRIC_REPRESENTATION_CONTEXT() REPRESENTATION_CONTEXT('2D SPACE',''
  ) );
#9241 = PCURVE('',#3025,#9242);
#9242 = DEFINITIONAL_REPRESENTATION('',(#9243),#9247);
#9243 = LINE('',#9244,#9245);
#9244 = CARTESIAN_POINT('',(0.,-3.));
#9245 = VECTOR('',#9246,1.);
#9246 = DIRECTION('',(1.,0.));
#9247 = ( GEOMETRIC_REPRESENTATION_CONTEXT(2) 
PARAMETRIC_REPRESENTATION_CONTEXT() REPRESENTATION_CONTEXT('2D SPACE',''
  ) );
#9248 = ORIENTED_EDGE('',*,*,#3036,.F.);
#9249 = ORIENTED_EDGE('',*,*,#9152,.T.);
#9250 = ORIENTED_EDGE('',*,*,#9251,.T.);
#9251 = EDGE_CURVE('',#9132,#9227,#9252,.T.);
#9252 = SURFACE_CURVE('',#9253,(#9258,#9265),.PCURVE_S1.);
#9253 = CIRCLE('',#9254,3.);
#9254 = AXIS2_PLACEMENT_3D('',#9255,#9256,#9257);
#9255 = CARTESIAN_POINT('',(284.,78.5,19.8));
#9256 = DIRECTION('',(0.,0.,1.));
#9257 = DIRECTION('',(1.,0.,-0.));
#9258 = PCURVE('',#3053,#9259);
#9259 = DEFINITIONAL_REPRESENTATION('',(#9260),#9264);
#9260 = LINE('',#9261,#9262);
#9261 = CARTESIAN_POINT('',(-6.28318530718,6.));
#9262 = VECTOR('',#9263,1.);
#9263 = DIRECTION('',(1.,-0.));
#9264 = ( GEOMETRIC_REPRESENTATION_CONTEXT(2) 
PARAMETRIC_REPRESENTATION_CONTEXT() REPRESENTATION_CONTEXT('2D SPACE',''
  ) );
#9265 = PCURVE('',#5671,#9266);
#9266 = DEFINITIONAL_REPRESENTATION('',(#9267),#9271);
#9267 = CIRCLE('',#9268,3.);
#9268 = AXIS2_PLACEMENT_2D('',#9269,#9270);
#9269 = CARTESIAN_POINT('',(122.55,6.5));
#9270 = DIRECTION('',(1.,0.));
#9271 = ( GEOMETRIC_REPRESENTATION_CONTEXT(2) 
PARAMETRIC_REPRESENTATION_CONTEXT() REPRESENTATION_CONTEXT('2D SPACE',''
  ) );
#9272 = ADVANCED_FACE('',(#9273),#2970,.F.);
#9273 = FACE_BOUND('',#9274,.F.);
#9274 = EDGE_LOOP('',(#9275,#9276,#9277,#9298));
#9275 = ORIENTED_EDGE('',*,*,#2955,.T.);
#9276 = ORIENTED_EDGE('',*,*,#9178,.T.);
#9277 = ORIENTED_EDGE('',*,*,#9278,.F.);
#9278 = EDGE_CURVE('',#9279,#9179,#9281,.T.);
#9279 = VERTEX_POINT('',#9280);
#9280 = CARTESIAN_POINT('',(284.,84.,19.8));
#9281 = SURFACE_CURVE('',#9282,(#9286,#9292),.PCURVE_S1.);
#9282 = LINE('',#9283,#9284);
#9283 = CARTESIAN_POINT('',(216.225,84.,19.8));
#9284 = VECTOR('',#9285,1.);
#9285 = DIRECTION('',(-1.,0.,0.));
#9286 = PCURVE('',#2970,#9287);
#9287 = DEFINITIONAL_REPRESENTATION('',(#9288),#9291);
#9288 = B_SPLINE_CURVE_WITH_KNOTS('',1,(#9289,#9290),.UNSPECIFIED.,.F.,
  .F.,(2,2),(-67.775,-57.775),.PIECEWISE_BEZIER_KNOTS.);
#9289 = CARTESIAN_POINT('',(6.,13.));
#9290 = CARTESIAN_POINT('',(6.,3.));
#9291 = ( GEOMETRIC_REPRESENTATION_CONTEXT(2) 
PARAMETRIC_REPRESENTATION_CONTEXT() REPRESENTATION_CONTEXT('2D SPACE',''
  ) );
#9292 = PCURVE('',#5671,#9293);
#9293 = DEFINITIONAL_REPRESENTATION('',(#9294),#9297);
#9294 = B_SPLINE_CURVE_WITH_KNOTS('',1,(#9295,#9296),.UNSPECIFIED.,.F.,
  .F.,(2,2),(-67.775,-57.775),.PIECEWISE_BEZIER_KNOTS.);
#9295 = CARTESIAN_POINT('',(122.55,12.));
#9296 = CARTESIAN_POINT('',(112.55,12.));
#9297 = ( GEOMETRIC_REPRESENTATION_CONTEXT(2) 
PARAMETRIC_REPRESENTATION_CONTEXT() REPRESENTATION_CONTEXT('2D SPACE',''
  ) );
#9298 = ORIENTED_EDGE('',*,*,#9299,.F.);
#9299 = EDGE_CURVE('',#2956,#9279,#9300,.T.);
#9300 = SURFACE_CURVE('',#9301,(#9305,#9312),.PCURVE_S1.);
#9301 = LINE('',#9302,#9303);
#9302 = CARTESIAN_POINT('',(284.,84.,13.8));
#9303 = VECTOR('',#9304,1.);
#9304 = DIRECTION('',(0.,0.,1.));
#9305 = PCURVE('',#2970,#9306);
#9306 = DEFINITIONAL_REPRESENTATION('',(#9307),#9311);
#9307 = LINE('',#9308,#9309);
#9308 = CARTESIAN_POINT('',(0.,13.));
#9309 = VECTOR('',#9310,1.);
#9310 = DIRECTION('',(1.,0.));
#9311 = ( GEOMETRIC_REPRESENTATION_CONTEXT(2) 
PARAMETRIC_REPRESENTATION_CONTEXT() REPRESENTATION_CONTEXT('2D SPACE',''
  ) );
#9312 = PCURVE('',#2998,#9313);
#9313 = DEFINITIONAL_REPRESENTATION('',(#9314),#9318);
#9314 = LINE('',#9315,#9316);
#9315 = CARTESIAN_POINT('',(1.570796326795,0.));
#9316 = VECTOR('',#9317,1.);
#9317 = DIRECTION('',(0.,1.));
#9318 = ( GEOMETRIC_REPRESENTATION_CONTEXT(2) 
PARAMETRIC_REPRESENTATION_CONTEXT() REPRESENTATION_CONTEXT('2D SPACE',''
  ) );
#9319 = ADVANCED_FACE('',(#9320),#3025,.F.);
#9320 = FACE_BOUND('',#9321,.F.);
#9321 = EDGE_LOOP('',(#9322,#9343,#9344,#9345));
#9322 = ORIENTED_EDGE('',*,*,#9323,.F.);
#9323 = EDGE_CURVE('',#9227,#9324,#9326,.T.);
#9324 = VERTEX_POINT('',#9325);
#9325 = CARTESIAN_POINT('',(287.,81.,19.8));
#9326 = SURFACE_CURVE('',#9327,(#9331,#9337),.PCURVE_S1.);
#9327 = LINE('',#9328,#9329);
#9328 = CARTESIAN_POINT('',(287.,73.75,19.8));
#9329 = VECTOR('',#9330,1.);
#9330 = DIRECTION('',(0.,1.,0.));
#9331 = PCURVE('',#3025,#9332);
#9332 = DEFINITIONAL_REPRESENTATION('',(#9333),#9336);
#9333 = B_SPLINE_CURVE_WITH_KNOTS('',1,(#9334,#9335),.UNSPECIFIED.,.F.,
  .F.,(2,2),(4.75,7.25),.PIECEWISE_BEZIER_KNOTS.);
#9334 = CARTESIAN_POINT('',(6.,-3.));
#9335 = CARTESIAN_POINT('',(6.,-5.5));
#9336 = ( GEOMETRIC_REPRESENTATION_CONTEXT(2) 
PARAMETRIC_REPRESENTATION_CONTEXT() REPRESENTATION_CONTEXT('2D SPACE',''
  ) );
#9337 = PCURVE('',#5671,#9338);
#9338 = DEFINITIONAL_REPRESENTATION('',(#9339),#9342);
#9339 = B_SPLINE_CURVE_WITH_KNOTS('',1,(#9340,#9341),.UNSPECIFIED.,.F.,
  .F.,(2,2),(4.75,7.25),.PIECEWISE_BEZIER_KNOTS.);
#9340 = CARTESIAN_POINT('',(125.55,6.5));
#9341 = CARTESIAN_POINT('',(125.55,9.));
#9342 = ( GEOMETRIC_REPRESENTATION_CONTEXT(2) 
PARAMETRIC_REPRESENTATION_CONTEXT() REPRESENTATION_CONTEXT('2D SPACE',''
  ) );
#9343 = ORIENTED_EDGE('',*,*,#9226,.F.);
#9344 = ORIENTED_EDGE('',*,*,#3010,.T.);
#9345 = ORIENTED_EDGE('',*,*,#9346,.T.);
#9346 = EDGE_CURVE('',#2982,#9324,#9347,.T.);
#9347 = SURFACE_CURVE('',#9348,(#9352,#9359),.PCURVE_S1.);
#9348 = LINE('',#9349,#9350);
#9349 = CARTESIAN_POINT('',(287.,81.,13.8));
#9350 = VECTOR('',#9351,1.);
#9351 = DIRECTION('',(0.,0.,1.));
#9352 = PCURVE('',#3025,#9353);
#9353 = DEFINITIONAL_REPRESENTATION('',(#9354),#9358);
#9354 = LINE('',#9355,#9356);
#9355 = CARTESIAN_POINT('',(0.,-5.5));
#9356 = VECTOR('',#9357,1.);
#9357 = DIRECTION('',(1.,0.));
#9358 = ( GEOMETRIC_REPRESENTATION_CONTEXT(2) 
PARAMETRIC_REPRESENTATION_CONTEXT() REPRESENTATION_CONTEXT('2D SPACE',''
  ) );
#9359 = PCURVE('',#2998,#9360);
#9360 = DEFINITIONAL_REPRESENTATION('',(#9361),#9365);
#9361 = LINE('',#9362,#9363);
#9362 = CARTESIAN_POINT('',(0.,0.));
#9363 = VECTOR('',#9364,1.);
#9364 = DIRECTION('',(0.,1.));
#9365 = ( GEOMETRIC_REPRESENTATION_CONTEXT(2) 
PARAMETRIC_REPRESENTATION_CONTEXT() REPRESENTATION_CONTEXT('2D SPACE',''
  ) );
#9366 = ADVANCED_FACE('',(#9367),#2998,.F.);
#9367 = FACE_BOUND('',#9368,.F.);
#9368 = EDGE_LOOP('',(#9369,#9370,#9371,#9372));
#9369 = ORIENTED_EDGE('',*,*,#9346,.F.);
#9370 = ORIENTED_EDGE('',*,*,#2981,.T.);
#9371 = ORIENTED_EDGE('',*,*,#9299,.T.);
#9372 = ORIENTED_EDGE('',*,*,#9373,.F.);
#9373 = EDGE_CURVE('',#9324,#9279,#9374,.T.);
#9374 = SURFACE_CURVE('',#9375,(#9380,#9387),.PCURVE_S1.);
#9375 = CIRCLE('',#9376,3.);
#9376 = AXIS2_PLACEMENT_3D('',#9377,#9378,#9379);
#9377 = CARTESIAN_POINT('',(284.,81.,19.8));
#9378 = DIRECTION('',(0.,0.,1.));
#9379 = DIRECTION('',(1.,0.,-0.));
#9380 = PCURVE('',#2998,#9381);
#9381 = DEFINITIONAL_REPRESENTATION('',(#9382),#9386);
#9382 = LINE('',#9383,#9384);
#9383 = CARTESIAN_POINT('',(0.,6.));
#9384 = VECTOR('',#9385,1.);
#9385 = DIRECTION('',(1.,0.));
#9386 = ( GEOMETRIC_REPRESENTATION_CONTEXT(2) 
PARAMETRIC_REPRESENTATION_CONTEXT() REPRESENTATION_CONTEXT('2D SPACE',''
  ) );
#9387 = PCURVE('',#5671,#9388);
#9388 = DEFINITIONAL_REPRESENTATION('',(#9389),#9393);
#9389 = CIRCLE('',#9390,3.);
#9390 = AXIS2_PLACEMENT_2D('',#9391,#9392);
#9391 = CARTESIAN_POINT('',(122.55,9.));
#9392 = DIRECTION('',(1.,0.));
#9393 = ( GEOMETRIC_REPRESENTATION_CONTEXT(2) 
PARAMETRIC_REPRESENTATION_CONTEXT() REPRESENTATION_CONTEXT('2D SPACE',''
  ) );
#9394 = ADVANCED_FACE('',(#9395),#3110,.F.);
#9395 = FACE_BOUND('',#9396,.F.);
#9396 = EDGE_LOOP('',(#9397,#9420,#9421,#9444));
#9397 = ORIENTED_EDGE('',*,*,#9398,.F.);
#9398 = EDGE_CURVE('',#3092,#9399,#9401,.T.);
#9399 = VERTEX_POINT('',#9400);
#9400 = CARTESIAN_POINT('',(292.6,78.5,19.8));
#9401 = SURFACE_CURVE('',#9402,(#9406,#9413),.PCURVE_S1.);
#9402 = LINE('',#9403,#9404);
#9403 = CARTESIAN_POINT('',(292.6,78.5,13.8));
#9404 = VECTOR('',#9405,1.);
#9405 = DIRECTION('',(0.,0.,1.));
#9406 = PCURVE('',#3110,#9407);
#9407 = DEFINITIONAL_REPRESENTATION('',(#9408),#9412);
#9408 = LINE('',#9409,#9410);
#9409 = CARTESIAN_POINT('',(0.,0.));
#9410 = VECTOR('',#9411,1.);
#9411 = DIRECTION('',(0.,1.));
#9412 = ( GEOMETRIC_REPRESENTATION_CONTEXT(2) 
PARAMETRIC_REPRESENTATION_CONTEXT() REPRESENTATION_CONTEXT('2D SPACE',''
  ) );
#9413 = PCURVE('',#3137,#9414);
#9414 = DEFINITIONAL_REPRESENTATION('',(#9415),#9419);
#9415 = LINE('',#9416,#9417);
#9416 = CARTESIAN_POINT('',(0.,-3.));
#9417 = VECTOR('',#9418,1.);
#9418 = DIRECTION('',(1.,0.));
#9419 = ( GEOMETRIC_REPRESENTATION_CONTEXT(2) 
PARAMETRIC_REPRESENTATION_CONTEXT() REPRESENTATION_CONTEXT('2D SPACE',''
  ) );
#9420 = ORIENTED_EDGE('',*,*,#3091,.T.);
#9421 = ORIENTED_EDGE('',*,*,#9422,.T.);
#9422 = EDGE_CURVE('',#3094,#9423,#9425,.T.);
#9423 = VERTEX_POINT('',#9424);
#9424 = CARTESIAN_POINT('',(295.6,75.5,19.8));
#9425 = SURFACE_CURVE('',#9426,(#9430,#9437),.PCURVE_S1.);
#9426 = LINE('',#9427,#9428);
#9427 = CARTESIAN_POINT('',(295.6,75.5,13.8));
#9428 = VECTOR('',#9429,1.);
#9429 = DIRECTION('',(0.,0.,1.));
#9430 = PCURVE('',#3110,#9431);
#9431 = DEFINITIONAL_REPRESENTATION('',(#9432),#9436);
#9432 = LINE('',#9433,#9434);
#9433 = CARTESIAN_POINT('',(1.570796326795,0.));
#9434 = VECTOR('',#9435,1.);
#9435 = DIRECTION('',(0.,1.));
#9436 = ( GEOMETRIC_REPRESENTATION_CONTEXT(2) 
PARAMETRIC_REPRESENTATION_CONTEXT() REPRESENTATION_CONTEXT('2D SPACE',''
  ) );
#9437 = PCURVE('',#3300,#9438);
#9438 = DEFINITIONAL_REPRESENTATION('',(#9439),#9443);
#9439 = LINE('',#9440,#9441);
#9440 = CARTESIAN_POINT('',(0.,3.));
#9441 = VECTOR('',#9442,1.);
#9442 = DIRECTION('',(1.,0.));
#9443 = ( GEOMETRIC_REPRESENTATION_CONTEXT(2) 
PARAMETRIC_REPRESENTATION_CONTEXT() REPRESENTATION_CONTEXT('2D SPACE',''
  ) );
#9444 = ORIENTED_EDGE('',*,*,#9445,.F.);
#9445 = EDGE_CURVE('',#9399,#9423,#9446,.T.);
#9446 = SURFACE_CURVE('',#9447,(#9452,#9459),.PCURVE_S1.);
#9447 = CIRCLE('',#9448,3.);
#9448 = AXIS2_PLACEMENT_3D('',#9449,#9450,#9451);
#9449 = CARTESIAN_POINT('',(295.6,78.5,19.8));
#9450 = DIRECTION('',(0.,0.,1.));
#9451 = DIRECTION('',(-1.,-0.,0.));
#9452 = PCURVE('',#3110,#9453);
#9453 = DEFINITIONAL_REPRESENTATION('',(#9454),#9458);
#9454 = LINE('',#9455,#9456);
#9455 = CARTESIAN_POINT('',(0.,6.));
#9456 = VECTOR('',#9457,1.);
#9457 = DIRECTION('',(1.,0.));
#9458 = ( GEOMETRIC_REPRESENTATION_CONTEXT(2) 
PARAMETRIC_REPRESENTATION_CONTEXT() REPRESENTATION_CONTEXT('2D SPACE',''
  ) );
#9459 = PCURVE('',#5671,#9460);
#9460 = DEFINITIONAL_REPRESENTATION('',(#9461),#9465);
#9461 = CIRCLE('',#9462,3.);
#9462 = AXIS2_PLACEMENT_2D('',#9463,#9464);
#9463 = CARTESIAN_POINT('',(134.15,6.5));
#9464 = DIRECTION('',(-1.,0.));
#9465 = ( GEOMETRIC_REPRESENTATION_CONTEXT(2) 
PARAMETRIC_REPRESENTATION_CONTEXT() REPRESENTATION_CONTEXT('2D SPACE',''
  ) );
#9466 = ADVANCED_FACE('',(#9467),#3137,.T.);
#9467 = FACE_BOUND('',#9468,.T.);
#9468 = EDGE_LOOP('',(#9469,#9490,#9491,#9492));
#9469 = ORIENTED_EDGE('',*,*,#9470,.F.);
#9470 = EDGE_CURVE('',#9399,#9471,#9473,.T.);
#9471 = VERTEX_POINT('',#9472);
#9472 = CARTESIAN_POINT('',(292.6,81.,19.8));
#9473 = SURFACE_CURVE('',#9474,(#9478,#9484),.PCURVE_S1.);
#9474 = LINE('',#9475,#9476);
#9475 = CARTESIAN_POINT('',(292.6,73.75,19.8));
#9476 = VECTOR('',#9477,1.);
#9477 = DIRECTION('',(0.,1.,0.));
#9478 = PCURVE('',#3137,#9479);
#9479 = DEFINITIONAL_REPRESENTATION('',(#9480),#9483);
#9480 = B_SPLINE_CURVE_WITH_KNOTS('',1,(#9481,#9482),.UNSPECIFIED.,.F.,
  .F.,(2,2),(4.75,7.25),.PIECEWISE_BEZIER_KNOTS.);
#9481 = CARTESIAN_POINT('',(6.,-3.));
#9482 = CARTESIAN_POINT('',(6.,-5.5));
#9483 = ( GEOMETRIC_REPRESENTATION_CONTEXT(2) 
PARAMETRIC_REPRESENTATION_CONTEXT() REPRESENTATION_CONTEXT('2D SPACE',''
  ) );
#9484 = PCURVE('',#5671,#9485);
#9485 = DEFINITIONAL_REPRESENTATION('',(#9486),#9489);
#9486 = B_SPLINE_CURVE_WITH_KNOTS('',1,(#9487,#9488),.UNSPECIFIED.,.F.,
  .F.,(2,2),(4.75,7.25),.PIECEWISE_BEZIER_KNOTS.);
#9487 = CARTESIAN_POINT('',(131.15,6.5));
#9488 = CARTESIAN_POINT('',(131.15,9.));
#9489 = ( GEOMETRIC_REPRESENTATION_CONTEXT(2) 
PARAMETRIC_REPRESENTATION_CONTEXT() REPRESENTATION_CONTEXT('2D SPACE',''
  ) );
#9490 = ORIENTED_EDGE('',*,*,#9398,.F.);
#9491 = ORIENTED_EDGE('',*,*,#3122,.T.);
#9492 = ORIENTED_EDGE('',*,*,#9493,.T.);
#9493 = EDGE_CURVE('',#3123,#9471,#9494,.T.);
#9494 = SURFACE_CURVE('',#9495,(#9499,#9506),.PCURVE_S1.);
#9495 = LINE('',#9496,#9497);
#9496 = CARTESIAN_POINT('',(292.6,81.,13.8));
#9497 = VECTOR('',#9498,1.);
#9498 = DIRECTION('',(0.,0.,1.));
#9499 = PCURVE('',#3137,#9500);
#9500 = DEFINITIONAL_REPRESENTATION('',(#9501),#9505);
#9501 = LINE('',#9502,#9503);
#9502 = CARTESIAN_POINT('',(0.,-5.5));
#9503 = VECTOR('',#9504,1.);
#9504 = DIRECTION('',(1.,0.));
#9505 = ( GEOMETRIC_REPRESENTATION_CONTEXT(2) 
PARAMETRIC_REPRESENTATION_CONTEXT() REPRESENTATION_CONTEXT('2D SPACE',''
  ) );
#9506 = PCURVE('',#3165,#9507);
#9507 = DEFINITIONAL_REPRESENTATION('',(#9508),#9512);
#9508 = LINE('',#9509,#9510);
#9509 = CARTESIAN_POINT('',(-0.,0.));
#9510 = VECTOR('',#9511,1.);
#9511 = DIRECTION('',(-0.,1.));
#9512 = ( GEOMETRIC_REPRESENTATION_CONTEXT(2) 
PARAMETRIC_REPRESENTATION_CONTEXT() REPRESENTATION_CONTEXT('2D SPACE',''
  ) );
#9513 = ADVANCED_FACE('',(#9514),#3300,.T.);
#9514 = FACE_BOUND('',#9515,.T.);
#9515 = EDGE_LOOP('',(#9516,#9517,#9518,#9539));
#9516 = ORIENTED_EDGE('',*,*,#3287,.T.);
#9517 = ORIENTED_EDGE('',*,*,#9422,.T.);
#9518 = ORIENTED_EDGE('',*,*,#9519,.F.);
#9519 = EDGE_CURVE('',#9520,#9423,#9522,.T.);
#9520 = VERTEX_POINT('',#9521);
#9521 = CARTESIAN_POINT('',(297.,75.5,19.8));
#9522 = SURFACE_CURVE('',#9523,(#9527,#9533),.PCURVE_S1.);
#9523 = LINE('',#9524,#9525);
#9524 = CARTESIAN_POINT('',(227.025,75.5,19.8));
#9525 = VECTOR('',#9526,1.);
#9526 = DIRECTION('',(-1.,0.,0.));
#9527 = PCURVE('',#3300,#9528);
#9528 = DEFINITIONAL_REPRESENTATION('',(#9529),#9532);
#9529 = B_SPLINE_CURVE_WITH_KNOTS('',1,(#9530,#9531),.UNSPECIFIED.,.F.,
  .F.,(2,2),(-69.975,-68.575),.PIECEWISE_BEZIER_KNOTS.);
#9530 = CARTESIAN_POINT('',(6.,4.4));
#9531 = CARTESIAN_POINT('',(6.,3.));
#9532 = ( GEOMETRIC_REPRESENTATION_CONTEXT(2) 
PARAMETRIC_REPRESENTATION_CONTEXT() REPRESENTATION_CONTEXT('2D SPACE',''
  ) );
#9533 = PCURVE('',#5671,#9534);
#9534 = DEFINITIONAL_REPRESENTATION('',(#9535),#9538);
#9535 = B_SPLINE_CURVE_WITH_KNOTS('',1,(#9536,#9537),.UNSPECIFIED.,.F.,
  .F.,(2,2),(-69.975,-68.575),.PIECEWISE_BEZIER_KNOTS.);
#9536 = CARTESIAN_POINT('',(135.55,3.5));
#9537 = CARTESIAN_POINT('',(134.15,3.5));
#9538 = ( GEOMETRIC_REPRESENTATION_CONTEXT(2) 
PARAMETRIC_REPRESENTATION_CONTEXT() REPRESENTATION_CONTEXT('2D SPACE',''
  ) );
#9539 = ORIENTED_EDGE('',*,*,#9540,.F.);
#9540 = EDGE_CURVE('',#3259,#9520,#9541,.T.);
#9541 = SURFACE_CURVE('',#9542,(#9546,#9553),.PCURVE_S1.);
#9542 = LINE('',#9543,#9544);
#9543 = CARTESIAN_POINT('',(297.,75.5,13.8));
#9544 = VECTOR('',#9545,1.);
#9545 = DIRECTION('',(0.,0.,1.));
#9546 = PCURVE('',#3300,#9547);
#9547 = DEFINITIONAL_REPRESENTATION('',(#9548),#9552);
#9548 = LINE('',#9549,#9550);
#9549 = CARTESIAN_POINT('',(0.,4.4));
#9550 = VECTOR('',#9551,1.);
#9551 = DIRECTION('',(1.,0.));
#9552 = ( GEOMETRIC_REPRESENTATION_CONTEXT(2) 
PARAMETRIC_REPRESENTATION_CONTEXT() REPRESENTATION_CONTEXT('2D SPACE',''
  ) );
#9553 = PCURVE('',#3275,#9554);
#9554 = DEFINITIONAL_REPRESENTATION('',(#9555),#9559);
#9555 = LINE('',#9556,#9557);
#9556 = CARTESIAN_POINT('',(-1.570796326795,0.));
#9557 = VECTOR('',#9558,1.);
#9558 = DIRECTION('',(-0.,1.));
#9559 = ( GEOMETRIC_REPRESENTATION_CONTEXT(2) 
PARAMETRIC_REPRESENTATION_CONTEXT() REPRESENTATION_CONTEXT('2D SPACE',''
  ) );
#9560 = ADVANCED_FACE('',(#9561),#3165,.F.);
#9561 = FACE_BOUND('',#9562,.T.);
#9562 = EDGE_LOOP('',(#9563,#9564,#9565,#9588));
#9563 = ORIENTED_EDGE('',*,*,#9493,.F.);
#9564 = ORIENTED_EDGE('',*,*,#3148,.F.);
#9565 = ORIENTED_EDGE('',*,*,#9566,.T.);
#9566 = EDGE_CURVE('',#3149,#9567,#9569,.T.);
#9567 = VERTEX_POINT('',#9568);
#9568 = CARTESIAN_POINT('',(295.6,84.,19.8));
#9569 = SURFACE_CURVE('',#9570,(#9574,#9581),.PCURVE_S1.);
#9570 = LINE('',#9571,#9572);
#9571 = CARTESIAN_POINT('',(295.6,84.,13.8));
#9572 = VECTOR('',#9573,1.);
#9573 = DIRECTION('',(0.,0.,1.));
#9574 = PCURVE('',#3165,#9575);
#9575 = DEFINITIONAL_REPRESENTATION('',(#9576),#9580);
#9576 = LINE('',#9577,#9578);
#9577 = CARTESIAN_POINT('',(-1.570796326795,0.));
#9578 = VECTOR('',#9579,1.);
#9579 = DIRECTION('',(-0.,1.));
#9580 = ( GEOMETRIC_REPRESENTATION_CONTEXT(2) 
PARAMETRIC_REPRESENTATION_CONTEXT() REPRESENTATION_CONTEXT('2D SPACE',''
  ) );
#9581 = PCURVE('',#3192,#9582);
#9582 = DEFINITIONAL_REPRESENTATION('',(#9583),#9587);
#9583 = LINE('',#9584,#9585);
#9584 = CARTESIAN_POINT('',(0.,3.));
#9585 = VECTOR('',#9586,1.);
#9586 = DIRECTION('',(1.,0.));
#9587 = ( GEOMETRIC_REPRESENTATION_CONTEXT(2) 
PARAMETRIC_REPRESENTATION_CONTEXT() REPRESENTATION_CONTEXT('2D SPACE',''
  ) );
#9588 = ORIENTED_EDGE('',*,*,#9589,.T.);
#9589 = EDGE_CURVE('',#9567,#9471,#9590,.T.);
#9590 = SURFACE_CURVE('',#9591,(#9596,#9603),.PCURVE_S1.);
#9591 = CIRCLE('',#9592,3.);
#9592 = AXIS2_PLACEMENT_3D('',#9593,#9594,#9595);
#9593 = CARTESIAN_POINT('',(295.6,81.,19.8));
#9594 = DIRECTION('',(0.,0.,1.));
#9595 = DIRECTION('',(-1.,-0.,0.));
#9596 = PCURVE('',#3165,#9597);
#9597 = DEFINITIONAL_REPRESENTATION('',(#9598),#9602);
#9598 = LINE('',#9599,#9600);
#9599 = CARTESIAN_POINT('',(-6.28318530718,6.));
#9600 = VECTOR('',#9601,1.);
#9601 = DIRECTION('',(1.,-0.));
#9602 = ( GEOMETRIC_REPRESENTATION_CONTEXT(2) 
PARAMETRIC_REPRESENTATION_CONTEXT() REPRESENTATION_CONTEXT('2D SPACE',''
  ) );
#9603 = PCURVE('',#5671,#9604);
#9604 = DEFINITIONAL_REPRESENTATION('',(#9605),#9609);
#9605 = CIRCLE('',#9606,3.);
#9606 = AXIS2_PLACEMENT_2D('',#9607,#9608);
#9607 = CARTESIAN_POINT('',(134.15,9.));
#9608 = DIRECTION('',(-1.,0.));
#9609 = ( GEOMETRIC_REPRESENTATION_CONTEXT(2) 
PARAMETRIC_REPRESENTATION_CONTEXT() REPRESENTATION_CONTEXT('2D SPACE',''
  ) );
#9610 = ADVANCED_FACE('',(#9611),#3275,.F.);
#9611 = FACE_BOUND('',#9612,.T.);
#9612 = EDGE_LOOP('',(#9613,#9636,#9637,#9638));
#9613 = ORIENTED_EDGE('',*,*,#9614,.F.);
#9614 = EDGE_CURVE('',#3233,#9615,#9617,.T.);
#9615 = VERTEX_POINT('',#9616);
#9616 = CARTESIAN_POINT('',(300.,78.5,19.8));
#9617 = SURFACE_CURVE('',#9618,(#9622,#9629),.PCURVE_S1.);
#9618 = LINE('',#9619,#9620);
#9619 = CARTESIAN_POINT('',(300.,78.5,13.8));
#9620 = VECTOR('',#9621,1.);
#9621 = DIRECTION('',(0.,0.,1.));
#9622 = PCURVE('',#3275,#9623);
#9623 = DEFINITIONAL_REPRESENTATION('',(#9624),#9628);
#9624 = LINE('',#9625,#9626);
#9625 = CARTESIAN_POINT('',(-0.,0.));
#9626 = VECTOR('',#9627,1.);
#9627 = DIRECTION('',(-0.,1.));
#9628 = ( GEOMETRIC_REPRESENTATION_CONTEXT(2) 
PARAMETRIC_REPRESENTATION_CONTEXT() REPRESENTATION_CONTEXT('2D SPACE',''
  ) );
#9629 = PCURVE('',#3247,#9630);
#9630 = DEFINITIONAL_REPRESENTATION('',(#9631),#9635);
#9631 = LINE('',#9632,#9633);
#9632 = CARTESIAN_POINT('',(0.,-3.));
#9633 = VECTOR('',#9634,1.);
#9634 = DIRECTION('',(1.,0.));
#9635 = ( GEOMETRIC_REPRESENTATION_CONTEXT(2) 
PARAMETRIC_REPRESENTATION_CONTEXT() REPRESENTATION_CONTEXT('2D SPACE',''
  ) );
#9636 = ORIENTED_EDGE('',*,*,#3258,.F.);
#9637 = ORIENTED_EDGE('',*,*,#9540,.T.);
#9638 = ORIENTED_EDGE('',*,*,#9639,.T.);
#9639 = EDGE_CURVE('',#9520,#9615,#9640,.T.);
#9640 = SURFACE_CURVE('',#9641,(#9646,#9653),.PCURVE_S1.);
#9641 = CIRCLE('',#9642,3.);
#9642 = AXIS2_PLACEMENT_3D('',#9643,#9644,#9645);
#9643 = CARTESIAN_POINT('',(297.,78.5,19.8));
#9644 = DIRECTION('',(0.,0.,1.));
#9645 = DIRECTION('',(1.,0.,-0.));
#9646 = PCURVE('',#3275,#9647);
#9647 = DEFINITIONAL_REPRESENTATION('',(#9648),#9652);
#9648 = LINE('',#9649,#9650);
#9649 = CARTESIAN_POINT('',(-6.28318530718,6.));
#9650 = VECTOR('',#9651,1.);
#9651 = DIRECTION('',(1.,-0.));
#9652 = ( GEOMETRIC_REPRESENTATION_CONTEXT(2) 
PARAMETRIC_REPRESENTATION_CONTEXT() REPRESENTATION_CONTEXT('2D SPACE',''
  ) );
#9653 = PCURVE('',#5671,#9654);
#9654 = DEFINITIONAL_REPRESENTATION('',(#9655),#9659);
#9655 = CIRCLE('',#9656,3.);
#9656 = AXIS2_PLACEMENT_2D('',#9657,#9658);
#9657 = CARTESIAN_POINT('',(135.55,6.5));
#9658 = DIRECTION('',(1.,0.));
#9659 = ( GEOMETRIC_REPRESENTATION_CONTEXT(2) 
PARAMETRIC_REPRESENTATION_CONTEXT() REPRESENTATION_CONTEXT('2D SPACE',''
  ) );
#9660 = ADVANCED_FACE('',(#9661),#3192,.F.);
#9661 = FACE_BOUND('',#9662,.F.);
#9662 = EDGE_LOOP('',(#9663,#9664,#9665,#9686));
#9663 = ORIENTED_EDGE('',*,*,#3177,.T.);
#9664 = ORIENTED_EDGE('',*,*,#9566,.T.);
#9665 = ORIENTED_EDGE('',*,*,#9666,.F.);
#9666 = EDGE_CURVE('',#9667,#9567,#9669,.T.);
#9667 = VERTEX_POINT('',#9668);
#9668 = CARTESIAN_POINT('',(297.,84.,19.8));
#9669 = SURFACE_CURVE('',#9670,(#9674,#9680),.PCURVE_S1.);
#9670 = LINE('',#9671,#9672);
#9671 = CARTESIAN_POINT('',(227.025,84.,19.8));
#9672 = VECTOR('',#9673,1.);
#9673 = DIRECTION('',(-1.,0.,0.));
#9674 = PCURVE('',#3192,#9675);
#9675 = DEFINITIONAL_REPRESENTATION('',(#9676),#9679);
#9676 = B_SPLINE_CURVE_WITH_KNOTS('',1,(#9677,#9678),.UNSPECIFIED.,.F.,
  .F.,(2,2),(-69.975,-68.575),.PIECEWISE_BEZIER_KNOTS.);
#9677 = CARTESIAN_POINT('',(6.,4.4));
#9678 = CARTESIAN_POINT('',(6.,3.));
#9679 = ( GEOMETRIC_REPRESENTATION_CONTEXT(2) 
PARAMETRIC_REPRESENTATION_CONTEXT() REPRESENTATION_CONTEXT('2D SPACE',''
  ) );
#9680 = PCURVE('',#5671,#9681);
#9681 = DEFINITIONAL_REPRESENTATION('',(#9682),#9685);
#9682 = B_SPLINE_CURVE_WITH_KNOTS('',1,(#9683,#9684),.UNSPECIFIED.,.F.,
  .F.,(2,2),(-69.975,-68.575),.PIECEWISE_BEZIER_KNOTS.);
#9683 = CARTESIAN_POINT('',(135.55,12.));
#9684 = CARTESIAN_POINT('',(134.15,12.));
#9685 = ( GEOMETRIC_REPRESENTATION_CONTEXT(2) 
PARAMETRIC_REPRESENTATION_CONTEXT() REPRESENTATION_CONTEXT('2D SPACE',''
  ) );
#9686 = ORIENTED_EDGE('',*,*,#9687,.F.);
#9687 = EDGE_CURVE('',#3178,#9667,#9688,.T.);
#9688 = SURFACE_CURVE('',#9689,(#9693,#9700),.PCURVE_S1.);
#9689 = LINE('',#9690,#9691);
#9690 = CARTESIAN_POINT('',(297.,84.,13.8));
#9691 = VECTOR('',#9692,1.);
#9692 = DIRECTION('',(0.,0.,1.));
#9693 = PCURVE('',#3192,#9694);
#9694 = DEFINITIONAL_REPRESENTATION('',(#9695),#9699);
#9695 = LINE('',#9696,#9697);
#9696 = CARTESIAN_POINT('',(0.,4.4));
#9697 = VECTOR('',#9698,1.);
#9698 = DIRECTION('',(1.,0.));
#9699 = ( GEOMETRIC_REPRESENTATION_CONTEXT(2) 
PARAMETRIC_REPRESENTATION_CONTEXT() REPRESENTATION_CONTEXT('2D SPACE',''
  ) );
#9700 = PCURVE('',#3220,#9701);
#9701 = DEFINITIONAL_REPRESENTATION('',(#9702),#9706);
#9702 = LINE('',#9703,#9704);
#9703 = CARTESIAN_POINT('',(1.570796326795,0.));
#9704 = VECTOR('',#9705,1.);
#9705 = DIRECTION('',(0.,1.));
#9706 = ( GEOMETRIC_REPRESENTATION_CONTEXT(2) 
PARAMETRIC_REPRESENTATION_CONTEXT() REPRESENTATION_CONTEXT('2D SPACE',''
  ) );
#9707 = ADVANCED_FACE('',(#9708),#3247,.F.);
#9708 = FACE_BOUND('',#9709,.F.);
#9709 = EDGE_LOOP('',(#9710,#9731,#9732,#9733));
#9710 = ORIENTED_EDGE('',*,*,#9711,.F.);
#9711 = EDGE_CURVE('',#9615,#9712,#9714,.T.);
#9712 = VERTEX_POINT('',#9713);
#9713 = CARTESIAN_POINT('',(300.,81.,19.8));
#9714 = SURFACE_CURVE('',#9715,(#9719,#9725),.PCURVE_S1.);
#9715 = LINE('',#9716,#9717);
#9716 = CARTESIAN_POINT('',(300.,73.75,19.8));
#9717 = VECTOR('',#9718,1.);
#9718 = DIRECTION('',(0.,1.,0.));
#9719 = PCURVE('',#3247,#9720);
#9720 = DEFINITIONAL_REPRESENTATION('',(#9721),#9724);
#9721 = B_SPLINE_CURVE_WITH_KNOTS('',1,(#9722,#9723),.UNSPECIFIED.,.F.,
  .F.,(2,2),(4.75,7.25),.PIECEWISE_BEZIER_KNOTS.);
#9722 = CARTESIAN_POINT('',(6.,-3.));
#9723 = CARTESIAN_POINT('',(6.,-5.5));
#9724 = ( GEOMETRIC_REPRESENTATION_CONTEXT(2) 
PARAMETRIC_REPRESENTATION_CONTEXT() REPRESENTATION_CONTEXT('2D SPACE',''
  ) );
#9725 = PCURVE('',#5671,#9726);
#9726 = DEFINITIONAL_REPRESENTATION('',(#9727),#9730);
#9727 = B_SPLINE_CURVE_WITH_KNOTS('',1,(#9728,#9729),.UNSPECIFIED.,.F.,
  .F.,(2,2),(4.75,7.25),.PIECEWISE_BEZIER_KNOTS.);
#9728 = CARTESIAN_POINT('',(138.55,6.5));
#9729 = CARTESIAN_POINT('',(138.55,9.));
#9730 = ( GEOMETRIC_REPRESENTATION_CONTEXT(2) 
PARAMETRIC_REPRESENTATION_CONTEXT() REPRESENTATION_CONTEXT('2D SPACE',''
  ) );
#9731 = ORIENTED_EDGE('',*,*,#9614,.F.);
#9732 = ORIENTED_EDGE('',*,*,#3232,.T.);
#9733 = ORIENTED_EDGE('',*,*,#9734,.T.);
#9734 = EDGE_CURVE('',#3204,#9712,#9735,.T.);
#9735 = SURFACE_CURVE('',#9736,(#9740,#9747),.PCURVE_S1.);
#9736 = LINE('',#9737,#9738);
#9737 = CARTESIAN_POINT('',(300.,81.,13.8));
#9738 = VECTOR('',#9739,1.);
#9739 = DIRECTION('',(0.,0.,1.));
#9740 = PCURVE('',#3247,#9741);
#9741 = DEFINITIONAL_REPRESENTATION('',(#9742),#9746);
#9742 = LINE('',#9743,#9744);
#9743 = CARTESIAN_POINT('',(0.,-5.5));
#9744 = VECTOR('',#9745,1.);
#9745 = DIRECTION('',(1.,0.));
#9746 = ( GEOMETRIC_REPRESENTATION_CONTEXT(2) 
PARAMETRIC_REPRESENTATION_CONTEXT() REPRESENTATION_CONTEXT('2D SPACE',''
  ) );
#9747 = PCURVE('',#3220,#9748);
#9748 = DEFINITIONAL_REPRESENTATION('',(#9749),#9753);
#9749 = LINE('',#9750,#9751);
#9750 = CARTESIAN_POINT('',(0.,0.));
#9751 = VECTOR('',#9752,1.);
#9752 = DIRECTION('',(0.,1.));
#9753 = ( GEOMETRIC_REPRESENTATION_CONTEXT(2) 
PARAMETRIC_REPRESENTATION_CONTEXT() REPRESENTATION_CONTEXT('2D SPACE',''
  ) );
#9754 = ADVANCED_FACE('',(#9755),#3220,.F.);
#9755 = FACE_BOUND('',#9756,.F.);
#9756 = EDGE_LOOP('',(#9757,#9758,#9759,#9760));
#9757 = ORIENTED_EDGE('',*,*,#9734,.F.);
#9758 = ORIENTED_EDGE('',*,*,#3203,.T.);
#9759 = ORIENTED_EDGE('',*,*,#9687,.T.);
#9760 = ORIENTED_EDGE('',*,*,#9761,.F.);
#9761 = EDGE_CURVE('',#9712,#9667,#9762,.T.);
#9762 = SURFACE_CURVE('',#9763,(#9768,#9775),.PCURVE_S1.);
#9763 = CIRCLE('',#9764,3.);
#9764 = AXIS2_PLACEMENT_3D('',#9765,#9766,#9767);
#9765 = CARTESIAN_POINT('',(297.,81.,19.8));
#9766 = DIRECTION('',(0.,0.,1.));
#9767 = DIRECTION('',(1.,0.,-0.));
#9768 = PCURVE('',#3220,#9769);
#9769 = DEFINITIONAL_REPRESENTATION('',(#9770),#9774);
#9770 = LINE('',#9771,#9772);
#9771 = CARTESIAN_POINT('',(0.,6.));
#9772 = VECTOR('',#9773,1.);
#9773 = DIRECTION('',(1.,0.));
#9774 = ( GEOMETRIC_REPRESENTATION_CONTEXT(2) 
PARAMETRIC_REPRESENTATION_CONTEXT() REPRESENTATION_CONTEXT('2D SPACE',''
  ) );
#9775 = PCURVE('',#5671,#9776);
#9776 = DEFINITIONAL_REPRESENTATION('',(#9777),#9781);
#9777 = CIRCLE('',#9778,3.);
#9778 = AXIS2_PLACEMENT_2D('',#9779,#9780);
#9779 = CARTESIAN_POINT('',(135.55,9.));
#9780 = DIRECTION('',(1.,0.));
#9781 = ( GEOMETRIC_REPRESENTATION_CONTEXT(2) 
PARAMETRIC_REPRESENTATION_CONTEXT() REPRESENTATION_CONTEXT('2D SPACE',''
  ) );
#9782 = ADVANCED_FACE('',(#9783),#3379,.F.);
#9783 = FACE_BOUND('',#9784,.F.);
#9784 = EDGE_LOOP('',(#9785,#9786,#9787,#9806));
#9785 = ORIENTED_EDGE('',*,*,#3437,.F.);
#9786 = ORIENTED_EDGE('',*,*,#3463,.T.);
#9787 = ORIENTED_EDGE('',*,*,#9788,.T.);
#9788 = EDGE_CURVE('',#3464,#3338,#9789,.T.);
#9789 = SURFACE_CURVE('',#9790,(#9794,#9800),.PCURVE_S1.);
#9790 = LINE('',#9791,#9792);
#9791 = CARTESIAN_POINT('',(320.65980392156,-0.5,1.832432952646E-18));
#9792 = VECTOR('',#9793,1.);
#9793 = DIRECTION('',(-0.,1.,0.));
#9794 = PCURVE('',#3379,#9795);
#9795 = DEFINITIONAL_REPRESENTATION('',(#9796),#9799);
#9796 = B_SPLINE_CURVE_WITH_KNOTS('',1,(#9797,#9798),.UNSPECIFIED.,.F.,
  .F.,(2,2),(1.090163934426,4.7),.PIECEWISE_BEZIER_KNOTS.);
#9797 = CARTESIAN_POINT('',(159.20980392156,0.590163934426));
#9798 = CARTESIAN_POINT('',(159.20980392156,4.2));
#9799 = ( GEOMETRIC_REPRESENTATION_CONTEXT(2) 
PARAMETRIC_REPRESENTATION_CONTEXT() REPRESENTATION_CONTEXT('2D SPACE',''
  ) );
#9800 = PCURVE('',#3352,#9801);
#9801 = DEFINITIONAL_REPRESENTATION('',(#9802),#9805);
#9802 = B_SPLINE_CURVE_WITH_KNOTS('',1,(#9803,#9804),.UNSPECIFIED.,.F.,
  .F.,(2,2),(1.090163934426,4.7),.PIECEWISE_BEZIER_KNOTS.);
#9803 = CARTESIAN_POINT('',(1.40041735966E-02,-1.590163934426));
#9804 = CARTESIAN_POINT('',(1.40041735966E-02,-5.2));
#9805 = ( GEOMETRIC_REPRESENTATION_CONTEXT(2) 
PARAMETRIC_REPRESENTATION_CONTEXT() REPRESENTATION_CONTEXT('2D SPACE',''
  ) );
#9806 = ORIENTED_EDGE('',*,*,#3363,.F.);
#9807 = ADVANCED_FACE('',(#9808),#3352,.T.);
#9808 = FACE_BOUND('',#9809,.T.);
#9809 = EDGE_LOOP('',(#9810,#9811,#9812,#9813));
#9810 = ORIENTED_EDGE('',*,*,#3529,.F.);
#9811 = ORIENTED_EDGE('',*,*,#3484,.F.);
#9812 = ORIENTED_EDGE('',*,*,#9788,.T.);
#9813 = ORIENTED_EDGE('',*,*,#3337,.F.);
#9814 = ADVANCED_FACE('',(#9815),#4304,.F.);
#9815 = FACE_BOUND('',#9816,.F.);
#9816 = EDGE_LOOP('',(#9817,#9818,#9841,#9864));
#9817 = ORIENTED_EDGE('',*,*,#4290,.T.);
#9818 = ORIENTED_EDGE('',*,*,#9819,.T.);
#9819 = EDGE_CURVE('',#3828,#9820,#9822,.T.);
#9820 = VERTEX_POINT('',#9821);
#9821 = CARTESIAN_POINT('',(233.3,16.9,27.8));
#9822 = SURFACE_CURVE('',#9823,(#9827,#9834),.PCURVE_S1.);
#9823 = LINE('',#9824,#9825);
#9824 = CARTESIAN_POINT('',(233.3,16.9,19.3));
#9825 = VECTOR('',#9826,1.);
#9826 = DIRECTION('',(0.,0.,1.));
#9827 = PCURVE('',#4304,#9828);
#9828 = DEFINITIONAL_REPRESENTATION('',(#9829),#9833);
#9829 = LINE('',#9830,#9831);
#9830 = CARTESIAN_POINT('',(0.,0.));
#9831 = VECTOR('',#9832,1.);
#9832 = DIRECTION('',(0.,-1.));
#9833 = ( GEOMETRIC_REPRESENTATION_CONTEXT(2) 
PARAMETRIC_REPRESENTATION_CONTEXT() REPRESENTATION_CONTEXT('2D SPACE',''
  ) );
#9834 = PCURVE('',#5209,#9835);
#9835 = DEFINITIONAL_REPRESENTATION('',(#9836),#9840);
#9836 = LINE('',#9837,#9838);
#9837 = CARTESIAN_POINT('',(11.180339887499,0.));
#9838 = VECTOR('',#9839,1.);
#9839 = DIRECTION('',(0.,-1.));
#9840 = ( GEOMETRIC_REPRESENTATION_CONTEXT(2) 
PARAMETRIC_REPRESENTATION_CONTEXT() REPRESENTATION_CONTEXT('2D SPACE',''
  ) );
#9841 = ORIENTED_EDGE('',*,*,#9842,.T.);
#9842 = EDGE_CURVE('',#9820,#9843,#9845,.T.);
#9843 = VERTEX_POINT('',#9844);
#9844 = CARTESIAN_POINT('',(233.3,12.9,27.8));
#9845 = SURFACE_CURVE('',#9846,(#9850,#9857),.PCURVE_S1.);
#9846 = LINE('',#9847,#9848);
#9847 = CARTESIAN_POINT('',(233.3,16.9,27.8));
#9848 = VECTOR('',#9849,1.);
#9849 = DIRECTION('',(0.,-1.,0.));
#9850 = PCURVE('',#4304,#9851);
#9851 = DEFINITIONAL_REPRESENTATION('',(#9852),#9856);
#9852 = LINE('',#9853,#9854);
#9853 = CARTESIAN_POINT('',(0.,-8.5));
#9854 = VECTOR('',#9855,1.);
#9855 = DIRECTION('',(1.,0.));
#9856 = ( GEOMETRIC_REPRESENTATION_CONTEXT(2) 
PARAMETRIC_REPRESENTATION_CONTEXT() REPRESENTATION_CONTEXT('2D SPACE',''
  ) );
#9857 = PCURVE('',#5287,#9858);
#9858 = DEFINITIONAL_REPRESENTATION('',(#9859),#9863);
#9859 = LINE('',#9860,#9861);
#9860 = CARTESIAN_POINT('',(-5.,4.4));
#9861 = VECTOR('',#9862,1.);
#9862 = DIRECTION('',(0.,-1.));
#9863 = ( GEOMETRIC_REPRESENTATION_CONTEXT(2) 
PARAMETRIC_REPRESENTATION_CONTEXT() REPRESENTATION_CONTEXT('2D SPACE',''
  ) );
#9864 = ORIENTED_EDGE('',*,*,#9865,.F.);
#9865 = EDGE_CURVE('',#4264,#9843,#9866,.T.);
#9866 = SURFACE_CURVE('',#9867,(#9871,#9878),.PCURVE_S1.);
#9867 = LINE('',#9868,#9869);
#9868 = CARTESIAN_POINT('',(233.3,12.9,19.3));
#9869 = VECTOR('',#9870,1.);
#9870 = DIRECTION('',(0.,0.,1.));
#9871 = PCURVE('',#4304,#9872);
#9872 = DEFINITIONAL_REPRESENTATION('',(#9873),#9877);
#9873 = LINE('',#9874,#9875);
#9874 = CARTESIAN_POINT('',(4.,0.));
#9875 = VECTOR('',#9876,1.);
#9876 = DIRECTION('',(0.,-1.));
#9877 = ( GEOMETRIC_REPRESENTATION_CONTEXT(2) 
PARAMETRIC_REPRESENTATION_CONTEXT() REPRESENTATION_CONTEXT('2D SPACE',''
  ) );
#9878 = PCURVE('',#4279,#9879);
#9879 = DEFINITIONAL_REPRESENTATION('',(#9880),#9884);
#9880 = LINE('',#9881,#9882);
#9881 = CARTESIAN_POINT('',(0.,0.));
#9882 = VECTOR('',#9883,1.);
#9883 = DIRECTION('',(0.,-1.));
#9884 = ( GEOMETRIC_REPRESENTATION_CONTEXT(2) 
PARAMETRIC_REPRESENTATION_CONTEXT() REPRESENTATION_CONTEXT('2D SPACE',''
  ) );
#9885 = ADVANCED_FACE('',(#9886),#4279,.F.);
#9886 = FACE_BOUND('',#9887,.F.);
#9887 = EDGE_LOOP('',(#9888,#9889,#9890,#9913));
#9888 = ORIENTED_EDGE('',*,*,#4263,.T.);
#9889 = ORIENTED_EDGE('',*,*,#9865,.T.);
#9890 = ORIENTED_EDGE('',*,*,#9891,.T.);
#9891 = EDGE_CURVE('',#9843,#9892,#9894,.T.);
#9892 = VERTEX_POINT('',#9893);
#9893 = CARTESIAN_POINT('',(238.3,12.9,27.8));
#9894 = SURFACE_CURVE('',#9895,(#9899,#9906),.PCURVE_S1.);
#9895 = LINE('',#9896,#9897);
#9896 = CARTESIAN_POINT('',(233.3,12.9,27.8));
#9897 = VECTOR('',#9898,1.);
#9898 = DIRECTION('',(1.,0.,0.));
#9899 = PCURVE('',#4279,#9900);
#9900 = DEFINITIONAL_REPRESENTATION('',(#9901),#9905);
#9901 = LINE('',#9902,#9903);
#9902 = CARTESIAN_POINT('',(0.,-8.5));
#9903 = VECTOR('',#9904,1.);
#9904 = DIRECTION('',(1.,0.));
#9905 = ( GEOMETRIC_REPRESENTATION_CONTEXT(2) 
PARAMETRIC_REPRESENTATION_CONTEXT() REPRESENTATION_CONTEXT('2D SPACE',''
  ) );
#9906 = PCURVE('',#5287,#9907);
#9907 = DEFINITIONAL_REPRESENTATION('',(#9908),#9912);
#9908 = LINE('',#9909,#9910);
#9909 = CARTESIAN_POINT('',(-5.,0.4));
#9910 = VECTOR('',#9911,1.);
#9911 = DIRECTION('',(1.,0.));
#9912 = ( GEOMETRIC_REPRESENTATION_CONTEXT(2) 
PARAMETRIC_REPRESENTATION_CONTEXT() REPRESENTATION_CONTEXT('2D SPACE',''
  ) );
#9913 = ORIENTED_EDGE('',*,*,#9914,.F.);
#9914 = EDGE_CURVE('',#4237,#9892,#9915,.T.);
#9915 = SURFACE_CURVE('',#9916,(#9920,#9926),.PCURVE_S1.);
#9916 = LINE('',#9917,#9918);
#9917 = CARTESIAN_POINT('',(238.3,12.9,17.05));
#9918 = VECTOR('',#9919,1.);
#9919 = DIRECTION('',(0.,-0.,1.));
#9920 = PCURVE('',#4279,#9921);
#9921 = DEFINITIONAL_REPRESENTATION('',(#9922),#9925);
#9922 = B_SPLINE_CURVE_WITH_KNOTS('',1,(#9923,#9924),.UNSPECIFIED.,.F.,
  .F.,(2,2),(2.25,10.75),.PIECEWISE_BEZIER_KNOTS.);
#9923 = CARTESIAN_POINT('',(5.,0.));
#9924 = CARTESIAN_POINT('',(5.,-8.5));
#9925 = ( GEOMETRIC_REPRESENTATION_CONTEXT(2) 
PARAMETRIC_REPRESENTATION_CONTEXT() REPRESENTATION_CONTEXT('2D SPACE',''
  ) );
#9926 = PCURVE('',#4252,#9927);
#9927 = DEFINITIONAL_REPRESENTATION('',(#9928),#9931);
#9928 = B_SPLINE_CURVE_WITH_KNOTS('',1,(#9929,#9930),.UNSPECIFIED.,.F.,
  .F.,(2,2),(2.25,10.75),.PIECEWISE_BEZIER_KNOTS.);
#9929 = CARTESIAN_POINT('',(4.5,-0.4));
#9930 = CARTESIAN_POINT('',(13.,-0.4));
#9931 = ( GEOMETRIC_REPRESENTATION_CONTEXT(2) 
PARAMETRIC_REPRESENTATION_CONTEXT() REPRESENTATION_CONTEXT('2D SPACE',''
  ) );
#9932 = ADVANCED_FACE('',(#9933),#4252,.F.);
#9933 = FACE_BOUND('',#9934,.F.);
#9934 = EDGE_LOOP('',(#9935,#9958,#9959,#9960));
#9935 = ORIENTED_EDGE('',*,*,#9936,.F.);
#9936 = EDGE_CURVE('',#4210,#9937,#9939,.T.);
#9937 = VERTEX_POINT('',#9938);
#9938 = CARTESIAN_POINT('',(238.3,12.5,27.8));
#9939 = SURFACE_CURVE('',#9940,(#9944,#9951),.PCURVE_S1.);
#9940 = LINE('',#9941,#9942);
#9941 = CARTESIAN_POINT('',(238.3,12.5,14.8));
#9942 = VECTOR('',#9943,1.);
#9943 = DIRECTION('',(0.,0.,1.));
#9944 = PCURVE('',#4252,#9945);
#9945 = DEFINITIONAL_REPRESENTATION('',(#9946),#9950);
#9946 = LINE('',#9947,#9948);
#9947 = CARTESIAN_POINT('',(0.,0.));
#9948 = VECTOR('',#9949,1.);
#9949 = DIRECTION('',(1.,0.));
#9950 = ( GEOMETRIC_REPRESENTATION_CONTEXT(2) 
PARAMETRIC_REPRESENTATION_CONTEXT() REPRESENTATION_CONTEXT('2D SPACE',''
  ) );
#9951 = PCURVE('',#4225,#9952);
#9952 = DEFINITIONAL_REPRESENTATION('',(#9953),#9957);
#9953 = LINE('',#9954,#9955);
#9954 = CARTESIAN_POINT('',(0.,0.));
#9955 = VECTOR('',#9956,1.);
#9956 = DIRECTION('',(1.,0.));
#9957 = ( GEOMETRIC_REPRESENTATION_CONTEXT(2) 
PARAMETRIC_REPRESENTATION_CONTEXT() REPRESENTATION_CONTEXT('2D SPACE',''
  ) );
#9958 = ORIENTED_EDGE('',*,*,#4236,.T.);
#9959 = ORIENTED_EDGE('',*,*,#9914,.T.);
#9960 = ORIENTED_EDGE('',*,*,#9961,.F.);
#9961 = EDGE_CURVE('',#9937,#9892,#9962,.T.);
#9962 = SURFACE_CURVE('',#9963,(#9967,#9974),.PCURVE_S1.);
#9963 = LINE('',#9964,#9965);
#9964 = CARTESIAN_POINT('',(238.3,12.5,27.8));
#9965 = VECTOR('',#9966,1.);
#9966 = DIRECTION('',(-0.,1.,0.));
#9967 = PCURVE('',#4252,#9968);
#9968 = DEFINITIONAL_REPRESENTATION('',(#9969),#9973);
#9969 = LINE('',#9970,#9971);
#9970 = CARTESIAN_POINT('',(13.,0.));
#9971 = VECTOR('',#9972,1.);
#9972 = DIRECTION('',(0.,-1.));
#9973 = ( GEOMETRIC_REPRESENTATION_CONTEXT(2) 
PARAMETRIC_REPRESENTATION_CONTEXT() REPRESENTATION_CONTEXT('2D SPACE',''
  ) );
#9974 = PCURVE('',#5287,#9975);
#9975 = DEFINITIONAL_REPRESENTATION('',(#9976),#9980);
#9976 = LINE('',#9977,#9978);
#9977 = CARTESIAN_POINT('',(0.,0.));
#9978 = VECTOR('',#9979,1.);
#9979 = DIRECTION('',(0.,1.));
#9980 = ( GEOMETRIC_REPRESENTATION_CONTEXT(2) 
PARAMETRIC_REPRESENTATION_CONTEXT() REPRESENTATION_CONTEXT('2D SPACE',''
  ) );
#9981 = ADVANCED_FACE('',(#9982),#4225,.F.);
#9982 = FACE_BOUND('',#9983,.F.);
#9983 = EDGE_LOOP('',(#9984,#10007,#10008,#10009));
#9984 = ORIENTED_EDGE('',*,*,#9985,.F.);
#9985 = EDGE_CURVE('',#4183,#9986,#9988,.T.);
#9986 = VERTEX_POINT('',#9987);
#9987 = CARTESIAN_POINT('',(244.3,12.5,27.8));
#9988 = SURFACE_CURVE('',#9989,(#9993,#10000),.PCURVE_S1.);
#9989 = LINE('',#9990,#9991);
#9990 = CARTESIAN_POINT('',(244.3,12.5,14.8));
#9991 = VECTOR('',#9992,1.);
#9992 = DIRECTION('',(0.,0.,1.));
#9993 = PCURVE('',#4225,#9994);
#9994 = DEFINITIONAL_REPRESENTATION('',(#9995),#9999);
#9995 = LINE('',#9996,#9997);
#9996 = CARTESIAN_POINT('',(0.,6.));
#9997 = VECTOR('',#9998,1.);
#9998 = DIRECTION('',(1.,0.));
#9999 = ( GEOMETRIC_REPRESENTATION_CONTEXT(2) 
PARAMETRIC_REPRESENTATION_CONTEXT() REPRESENTATION_CONTEXT('2D SPACE',''
  ) );
#10000 = PCURVE('',#4198,#10001);
#10001 = DEFINITIONAL_REPRESENTATION('',(#10002),#10006);
#10002 = LINE('',#10003,#10004);
#10003 = CARTESIAN_POINT('',(0.,0.));
#10004 = VECTOR('',#10005,1.);
#10005 = DIRECTION('',(1.,0.));
#10006 = ( GEOMETRIC_REPRESENTATION_CONTEXT(2) 
PARAMETRIC_REPRESENTATION_CONTEXT() REPRESENTATION_CONTEXT('2D SPACE',''
  ) );
#10007 = ORIENTED_EDGE('',*,*,#4209,.T.);
#10008 = ORIENTED_EDGE('',*,*,#9936,.T.);
#10009 = ORIENTED_EDGE('',*,*,#10010,.T.);
#10010 = EDGE_CURVE('',#9937,#9986,#10011,.T.);
#10011 = SURFACE_CURVE('',#10012,(#10016,#10023),.PCURVE_S1.);
#10012 = LINE('',#10013,#10014);
#10013 = CARTESIAN_POINT('',(238.3,12.5,27.8));
#10014 = VECTOR('',#10015,1.);
#10015 = DIRECTION('',(1.,0.,-0.));
#10016 = PCURVE('',#4225,#10017);
#10017 = DEFINITIONAL_REPRESENTATION('',(#10018),#10022);
#10018 = LINE('',#10019,#10020);
#10019 = CARTESIAN_POINT('',(13.,0.));
#10020 = VECTOR('',#10021,1.);
#10021 = DIRECTION('',(0.,1.));
#10022 = ( GEOMETRIC_REPRESENTATION_CONTEXT(2) 
PARAMETRIC_REPRESENTATION_CONTEXT() REPRESENTATION_CONTEXT('2D SPACE',''
  ) );
#10023 = PCURVE('',#5287,#10024);
#10024 = DEFINITIONAL_REPRESENTATION('',(#10025),#10029);
#10025 = LINE('',#10026,#10027);
#10026 = CARTESIAN_POINT('',(0.,0.));
#10027 = VECTOR('',#10028,1.);
#10028 = DIRECTION('',(1.,0.));
#10029 = ( GEOMETRIC_REPRESENTATION_CONTEXT(2) 
PARAMETRIC_REPRESENTATION_CONTEXT() REPRESENTATION_CONTEXT('2D SPACE',''
  ) );
#10030 = ADVANCED_FACE('',(#10031),#4198,.T.);
#10031 = FACE_BOUND('',#10032,.T.);
#10032 = EDGE_LOOP('',(#10033,#10034,#10035,#10056));
#10033 = ORIENTED_EDGE('',*,*,#9985,.F.);
#10034 = ORIENTED_EDGE('',*,*,#4182,.T.);
#10035 = ORIENTED_EDGE('',*,*,#10036,.T.);
#10036 = EDGE_CURVE('',#4156,#10037,#10039,.T.);
#10037 = VERTEX_POINT('',#10038);
#10038 = CARTESIAN_POINT('',(244.3,12.9,27.8));
#10039 = SURFACE_CURVE('',#10040,(#10044,#10050),.PCURVE_S1.);
#10040 = LINE('',#10041,#10042);
#10041 = CARTESIAN_POINT('',(244.3,12.9,17.05));
#10042 = VECTOR('',#10043,1.);
#10043 = DIRECTION('',(0.,-0.,1.));
#10044 = PCURVE('',#4198,#10045);
#10045 = DEFINITIONAL_REPRESENTATION('',(#10046),#10049);
#10046 = B_SPLINE_CURVE_WITH_KNOTS('',1,(#10047,#10048),.UNSPECIFIED.,
  .F.,.F.,(2,2),(2.25,10.75),.PIECEWISE_BEZIER_KNOTS.);
#10047 = CARTESIAN_POINT('',(4.5,-0.4));
#10048 = CARTESIAN_POINT('',(13.,-0.4));
#10049 = ( GEOMETRIC_REPRESENTATION_CONTEXT(2) 
PARAMETRIC_REPRESENTATION_CONTEXT() REPRESENTATION_CONTEXT('2D SPACE',''
  ) );
#10050 = PCURVE('',#4171,#10051);
#10051 = DEFINITIONAL_REPRESENTATION('',(#10052),#10055);
#10052 = B_SPLINE_CURVE_WITH_KNOTS('',1,(#10053,#10054),.UNSPECIFIED.,
  .F.,.F.,(2,2),(2.25,10.75),.PIECEWISE_BEZIER_KNOTS.);
#10053 = CARTESIAN_POINT('',(11.,0.));
#10054 = CARTESIAN_POINT('',(11.,-8.5));
#10055 = ( GEOMETRIC_REPRESENTATION_CONTEXT(2) 
PARAMETRIC_REPRESENTATION_CONTEXT() REPRESENTATION_CONTEXT('2D SPACE',''
  ) );
#10056 = ORIENTED_EDGE('',*,*,#10057,.F.);
#10057 = EDGE_CURVE('',#9986,#10037,#10058,.T.);
#10058 = SURFACE_CURVE('',#10059,(#10063,#10070),.PCURVE_S1.);
#10059 = LINE('',#10060,#10061);
#10060 = CARTESIAN_POINT('',(244.3,12.5,27.8));
#10061 = VECTOR('',#10062,1.);
#10062 = DIRECTION('',(-0.,1.,0.));
#10063 = PCURVE('',#4198,#10064);
#10064 = DEFINITIONAL_REPRESENTATION('',(#10065),#10069);
#10065 = LINE('',#10066,#10067);
#10066 = CARTESIAN_POINT('',(13.,0.));
#10067 = VECTOR('',#10068,1.);
#10068 = DIRECTION('',(0.,-1.));
#10069 = ( GEOMETRIC_REPRESENTATION_CONTEXT(2) 
PARAMETRIC_REPRESENTATION_CONTEXT() REPRESENTATION_CONTEXT('2D SPACE',''
  ) );
#10070 = PCURVE('',#5287,#10071);
#10071 = DEFINITIONAL_REPRESENTATION('',(#10072),#10076);
#10072 = LINE('',#10073,#10074);
#10073 = CARTESIAN_POINT('',(6.,0.));
#10074 = VECTOR('',#10075,1.);
#10075 = DIRECTION('',(0.,1.));
#10076 = ( GEOMETRIC_REPRESENTATION_CONTEXT(2) 
PARAMETRIC_REPRESENTATION_CONTEXT() REPRESENTATION_CONTEXT('2D SPACE',''
  ) );
#10077 = ADVANCED_FACE('',(#10078),#3956,.F.);
#10078 = FACE_BOUND('',#10079,.T.);
#10079 = EDGE_LOOP('',(#10080,#10081,#10082,#10083));
#10080 = ORIENTED_EDGE('',*,*,#4948,.F.);
#10081 = ORIENTED_EDGE('',*,*,#4898,.T.);
#10082 = ORIENTED_EDGE('',*,*,#4872,.T.);
#10083 = ORIENTED_EDGE('',*,*,#3940,.T.);
#10084 = ADVANCED_FACE('',(#10085),#4171,.F.);
#10085 = FACE_BOUND('',#10086,.F.);
#10086 = EDGE_LOOP('',(#10087,#10110,#10111,#10112));
#10087 = ORIENTED_EDGE('',*,*,#10088,.F.);
#10088 = EDGE_CURVE('',#4129,#10089,#10091,.T.);
#10089 = VERTEX_POINT('',#10090);
#10090 = CARTESIAN_POINT('',(249.3,12.9,27.8));
#10091 = SURFACE_CURVE('',#10092,(#10096,#10103),.PCURVE_S1.);
#10092 = LINE('',#10093,#10094);
#10093 = CARTESIAN_POINT('',(249.3,12.9,19.3));
#10094 = VECTOR('',#10095,1.);
#10095 = DIRECTION('',(0.,0.,1.));
#10096 = PCURVE('',#4171,#10097);
#10097 = DEFINITIONAL_REPRESENTATION('',(#10098),#10102);
#10098 = LINE('',#10099,#10100);
#10099 = CARTESIAN_POINT('',(16.,0.));
#10100 = VECTOR('',#10101,1.);
#10101 = DIRECTION('',(0.,-1.));
#10102 = ( GEOMETRIC_REPRESENTATION_CONTEXT(2) 
PARAMETRIC_REPRESENTATION_CONTEXT() REPRESENTATION_CONTEXT('2D SPACE',''
  ) );
#10103 = PCURVE('',#4144,#10104);
#10104 = DEFINITIONAL_REPRESENTATION('',(#10105),#10109);
#10105 = LINE('',#10106,#10107);
#10106 = CARTESIAN_POINT('',(0.,0.));
#10107 = VECTOR('',#10108,1.);
#10108 = DIRECTION('',(0.,-1.));
#10109 = ( GEOMETRIC_REPRESENTATION_CONTEXT(2) 
PARAMETRIC_REPRESENTATION_CONTEXT() REPRESENTATION_CONTEXT('2D SPACE',''
  ) );
#10110 = ORIENTED_EDGE('',*,*,#4155,.T.);
#10111 = ORIENTED_EDGE('',*,*,#10036,.T.);
#10112 = ORIENTED_EDGE('',*,*,#10113,.T.);
#10113 = EDGE_CURVE('',#10037,#10089,#10114,.T.);
#10114 = SURFACE_CURVE('',#10115,(#10119,#10126),.PCURVE_S1.);
#10115 = LINE('',#10116,#10117);
#10116 = CARTESIAN_POINT('',(233.3,12.9,27.8));
#10117 = VECTOR('',#10118,1.);
#10118 = DIRECTION('',(1.,0.,0.));
#10119 = PCURVE('',#4171,#10120);
#10120 = DEFINITIONAL_REPRESENTATION('',(#10121),#10125);
#10121 = LINE('',#10122,#10123);
#10122 = CARTESIAN_POINT('',(0.,-8.5));
#10123 = VECTOR('',#10124,1.);
#10124 = DIRECTION('',(1.,0.));
#10125 = ( GEOMETRIC_REPRESENTATION_CONTEXT(2) 
PARAMETRIC_REPRESENTATION_CONTEXT() REPRESENTATION_CONTEXT('2D SPACE',''
  ) );
#10126 = PCURVE('',#5287,#10127);
#10127 = DEFINITIONAL_REPRESENTATION('',(#10128),#10132);
#10128 = LINE('',#10129,#10130);
#10129 = CARTESIAN_POINT('',(-5.,0.4));
#10130 = VECTOR('',#10131,1.);
#10131 = DIRECTION('',(1.,0.));
#10132 = ( GEOMETRIC_REPRESENTATION_CONTEXT(2) 
PARAMETRIC_REPRESENTATION_CONTEXT() REPRESENTATION_CONTEXT('2D SPACE',''
  ) );
#10133 = ADVANCED_FACE('',(#10134),#4144,.F.);
#10134 = FACE_BOUND('',#10135,.F.);
#10135 = EDGE_LOOP('',(#10136,#10137,#10138,#10161));
#10136 = ORIENTED_EDGE('',*,*,#4128,.T.);
#10137 = ORIENTED_EDGE('',*,*,#10088,.T.);
#10138 = ORIENTED_EDGE('',*,*,#10139,.T.);
#10139 = EDGE_CURVE('',#10089,#10140,#10142,.T.);
#10140 = VERTEX_POINT('',#10141);
#10141 = CARTESIAN_POINT('',(249.3,16.9,27.8));
#10142 = SURFACE_CURVE('',#10143,(#10147,#10154),.PCURVE_S1.);
#10143 = LINE('',#10144,#10145);
#10144 = CARTESIAN_POINT('',(249.3,12.9,27.8));
#10145 = VECTOR('',#10146,1.);
#10146 = DIRECTION('',(0.,1.,0.));
#10147 = PCURVE('',#4144,#10148);
#10148 = DEFINITIONAL_REPRESENTATION('',(#10149),#10153);
#10149 = LINE('',#10150,#10151);
#10150 = CARTESIAN_POINT('',(0.,-8.5));
#10151 = VECTOR('',#10152,1.);
#10152 = DIRECTION('',(1.,0.));
#10153 = ( GEOMETRIC_REPRESENTATION_CONTEXT(2) 
PARAMETRIC_REPRESENTATION_CONTEXT() REPRESENTATION_CONTEXT('2D SPACE',''
  ) );
#10154 = PCURVE('',#5287,#10155);
#10155 = DEFINITIONAL_REPRESENTATION('',(#10156),#10160);
#10156 = LINE('',#10157,#10158);
#10157 = CARTESIAN_POINT('',(11.,0.4));
#10158 = VECTOR('',#10159,1.);
#10159 = DIRECTION('',(0.,1.));
#10160 = ( GEOMETRIC_REPRESENTATION_CONTEXT(2) 
PARAMETRIC_REPRESENTATION_CONTEXT() REPRESENTATION_CONTEXT('2D SPACE',''
  ) );
#10161 = ORIENTED_EDGE('',*,*,#10162,.F.);
#10162 = EDGE_CURVE('',#4106,#10140,#10163,.T.);
#10163 = SURFACE_CURVE('',#10164,(#10168,#10175),.PCURVE_S1.);
#10164 = LINE('',#10165,#10166);
#10165 = CARTESIAN_POINT('',(249.3,16.9,19.3));
#10166 = VECTOR('',#10167,1.);
#10167 = DIRECTION('',(0.,0.,1.));
#10168 = PCURVE('',#4144,#10169);
#10169 = DEFINITIONAL_REPRESENTATION('',(#10170),#10174);
#10170 = LINE('',#10171,#10172);
#10171 = CARTESIAN_POINT('',(4.,0.));
#10172 = VECTOR('',#10173,1.);
#10173 = DIRECTION('',(0.,-1.));
#10174 = ( GEOMETRIC_REPRESENTATION_CONTEXT(2) 
PARAMETRIC_REPRESENTATION_CONTEXT() REPRESENTATION_CONTEXT('2D SPACE',''
  ) );
#10175 = PCURVE('',#7095,#10176);
#10176 = DEFINITIONAL_REPRESENTATION('',(#10177),#10181);
#10177 = LINE('',#10178,#10179);
#10178 = CARTESIAN_POINT('',(0.,0.));
#10179 = VECTOR('',#10180,1.);
#10180 = DIRECTION('',(0.,-1.));
#10181 = ( GEOMETRIC_REPRESENTATION_CONTEXT(2) 
PARAMETRIC_REPRESENTATION_CONTEXT() REPRESENTATION_CONTEXT('2D SPACE',''
  ) );
#10182 = ADVANCED_FACE('',(#10183),#4026,.F.);
#10183 = FACE_BOUND('',#10184,.T.);
#10184 = EDGE_LOOP('',(#10185,#10186,#10187,#10188));
#10185 = ORIENTED_EDGE('',*,*,#4823,.F.);
#10186 = ORIENTED_EDGE('',*,*,#4773,.T.);
#10187 = ORIENTED_EDGE('',*,*,#4747,.T.);
#10188 = ORIENTED_EDGE('',*,*,#4010,.T.);
#10189 = ADVANCED_FACE('',(#10190),#4335,.T.);
#10190 = FACE_BOUND('',#10191,.T.);
#10191 = EDGE_LOOP('',(#10192,#10215,#10216,#10239));
#10192 = ORIENTED_EDGE('',*,*,#10193,.F.);
#10193 = EDGE_CURVE('',#4318,#10194,#10196,.T.);
#10194 = VERTEX_POINT('',#10195);
#10195 = CARTESIAN_POINT('',(211.,1.5,26.8));
#10196 = SURFACE_CURVE('',#10197,(#10201,#10208),.PCURVE_S1.);
#10197 = LINE('',#10198,#10199);
#10198 = CARTESIAN_POINT('',(208.,1.5,19.3));
#10199 = VECTOR('',#10200,1.);
#10200 = DIRECTION('',(0.371390676354,0.,0.928476690885));
#10201 = PCURVE('',#4335,#10202);
#10202 = DEFINITIONAL_REPRESENTATION('',(#10203),#10207);
#10203 = LINE('',#10204,#10205);
#10204 = CARTESIAN_POINT('',(0.,0.));
#10205 = VECTOR('',#10206,1.);
#10206 = DIRECTION('',(1.,0.));
#10207 = ( GEOMETRIC_REPRESENTATION_CONTEXT(2) 
PARAMETRIC_REPRESENTATION_CONTEXT() REPRESENTATION_CONTEXT('2D SPACE',''
  ) );
#10208 = PCURVE('',#4362,#10209);
#10209 = DEFINITIONAL_REPRESENTATION('',(#10210),#10214);
#10210 = LINE('',#10211,#10212);
#10211 = CARTESIAN_POINT('',(4.165470308976,8.));
#10212 = VECTOR('',#10213,1.);
#10213 = DIRECTION('',(-0.928476690885,0.371390676354));
#10214 = ( GEOMETRIC_REPRESENTATION_CONTEXT(2) 
PARAMETRIC_REPRESENTATION_CONTEXT() REPRESENTATION_CONTEXT('2D SPACE',''
  ) );
#10215 = ORIENTED_EDGE('',*,*,#4317,.T.);
#10216 = ORIENTED_EDGE('',*,*,#10217,.T.);
#10217 = EDGE_CURVE('',#4320,#10218,#10220,.T.);
#10218 = VERTEX_POINT('',#10219);
#10219 = CARTESIAN_POINT('',(211.,15.5,26.8));
#10220 = SURFACE_CURVE('',#10221,(#10225,#10232),.PCURVE_S1.);
#10221 = LINE('',#10222,#10223);
#10222 = CARTESIAN_POINT('',(208.,15.5,19.3));
#10223 = VECTOR('',#10224,1.);
#10224 = DIRECTION('',(0.371390676354,0.,0.928476690885));
#10225 = PCURVE('',#4335,#10226);
#10226 = DEFINITIONAL_REPRESENTATION('',(#10227),#10231);
#10227 = LINE('',#10228,#10229);
#10228 = CARTESIAN_POINT('',(0.,-14.));
#10229 = VECTOR('',#10230,1.);
#10230 = DIRECTION('',(1.,0.));
#10231 = ( GEOMETRIC_REPRESENTATION_CONTEXT(2) 
PARAMETRIC_REPRESENTATION_CONTEXT() REPRESENTATION_CONTEXT('2D SPACE',''
  ) );
#10232 = PCURVE('',#4414,#10233);
#10233 = DEFINITIONAL_REPRESENTATION('',(#10234),#10238);
#10234 = LINE('',#10235,#10236);
#10235 = CARTESIAN_POINT('',(4.165470308976,8.));
#10236 = VECTOR('',#10237,1.);
#10237 = DIRECTION('',(-0.928476690885,0.371390676354));
#10238 = ( GEOMETRIC_REPRESENTATION_CONTEXT(2) 
PARAMETRIC_REPRESENTATION_CONTEXT() REPRESENTATION_CONTEXT('2D SPACE',''
  ) );
#10239 = ORIENTED_EDGE('',*,*,#10240,.F.);
#10240 = EDGE_CURVE('',#10194,#10218,#10241,.T.);
#10241 = SURFACE_CURVE('',#10242,(#10246,#10253),.PCURVE_S1.);
#10242 = LINE('',#10243,#10244);
#10243 = CARTESIAN_POINT('',(211.,1.5,26.8));
#10244 = VECTOR('',#10245,1.);
#10245 = DIRECTION('',(0.,1.,0.));
#10246 = PCURVE('',#4335,#10247);
#10247 = DEFINITIONAL_REPRESENTATION('',(#10248),#10252);
#10248 = LINE('',#10249,#10250);
#10249 = CARTESIAN_POINT('',(8.077747210702,0.));
#10250 = VECTOR('',#10251,1.);
#10251 = DIRECTION('',(0.,-1.));
#10252 = ( GEOMETRIC_REPRESENTATION_CONTEXT(2) 
PARAMETRIC_REPRESENTATION_CONTEXT() REPRESENTATION_CONTEXT('2D SPACE',''
  ) );
#10253 = PCURVE('',#10254,#10259);
#10254 = PLANE('',#10255);
#10255 = AXIS2_PLACEMENT_3D('',#10256,#10257,#10258);
#10256 = CARTESIAN_POINT('',(211.,1.5,26.8));
#10257 = DIRECTION('',(0.,-0.,1.));
#10258 = DIRECTION('',(-1.,0.,0.));
#10259 = DEFINITIONAL_REPRESENTATION('',(#10260),#10264);
#10260 = LINE('',#10261,#10262);
#10261 = CARTESIAN_POINT('',(0.,0.));
#10262 = VECTOR('',#10263,1.);
#10263 = DIRECTION('',(0.,-1.));
#10264 = ( GEOMETRIC_REPRESENTATION_CONTEXT(2) 
PARAMETRIC_REPRESENTATION_CONTEXT() REPRESENTATION_CONTEXT('2D SPACE',''
  ) );
#10265 = ADVANCED_FACE('',(#10266),#4362,.T.);
#10266 = FACE_BOUND('',#10267,.T.);
#10267 = EDGE_LOOP('',(#10268,#10291,#10292,#10293));
#10268 = ORIENTED_EDGE('',*,*,#10269,.T.);
#10269 = EDGE_CURVE('',#10270,#4347,#10272,.T.);
#10270 = VERTEX_POINT('',#10271);
#10271 = CARTESIAN_POINT('',(189.,1.5,26.8));
#10272 = SURFACE_CURVE('',#10273,(#10277,#10284),.PCURVE_S1.);
#10273 = LINE('',#10274,#10275);
#10274 = CARTESIAN_POINT('',(189.,1.5,26.8));
#10275 = VECTOR('',#10276,1.);
#10276 = DIRECTION('',(0.371390676354,0.,-0.928476690885));
#10277 = PCURVE('',#4362,#10278);
#10278 = DEFINITIONAL_REPRESENTATION('',(#10279),#10283);
#10279 = LINE('',#10280,#10281);
#10280 = CARTESIAN_POINT('',(-3.334529691024,-11.));
#10281 = VECTOR('',#10282,1.);
#10282 = DIRECTION('',(0.928476690885,0.371390676354));
#10283 = ( GEOMETRIC_REPRESENTATION_CONTEXT(2) 
PARAMETRIC_REPRESENTATION_CONTEXT() REPRESENTATION_CONTEXT('2D SPACE',''
  ) );
#10284 = PCURVE('',#4389,#10285);
#10285 = DEFINITIONAL_REPRESENTATION('',(#10286),#10290);
#10286 = LINE('',#10287,#10288);
#10287 = CARTESIAN_POINT('',(0.,0.));
#10288 = VECTOR('',#10289,1.);
#10289 = DIRECTION('',(1.,0.));
#10290 = ( GEOMETRIC_REPRESENTATION_CONTEXT(2) 
PARAMETRIC_REPRESENTATION_CONTEXT() REPRESENTATION_CONTEXT('2D SPACE',''
  ) );
#10291 = ORIENTED_EDGE('',*,*,#4346,.T.);
#10292 = ORIENTED_EDGE('',*,*,#10193,.T.);
#10293 = ORIENTED_EDGE('',*,*,#10294,.T.);
#10294 = EDGE_CURVE('',#10194,#10270,#10295,.T.);
#10295 = SURFACE_CURVE('',#10296,(#10300,#10307),.PCURVE_S1.);
#10296 = LINE('',#10297,#10298);
#10297 = CARTESIAN_POINT('',(211.,1.5,26.8));
#10298 = VECTOR('',#10299,1.);
#10299 = DIRECTION('',(-1.,0.,0.));
#10300 = PCURVE('',#4362,#10301);
#10301 = DEFINITIONAL_REPRESENTATION('',(#10302),#10306);
#10302 = LINE('',#10303,#10304);
#10303 = CARTESIAN_POINT('',(-3.334529691024,11.));
#10304 = VECTOR('',#10305,1.);
#10305 = DIRECTION('',(0.,-1.));
#10306 = ( GEOMETRIC_REPRESENTATION_CONTEXT(2) 
PARAMETRIC_REPRESENTATION_CONTEXT() REPRESENTATION_CONTEXT('2D SPACE',''
  ) );
#10307 = PCURVE('',#10254,#10308);
#10308 = DEFINITIONAL_REPRESENTATION('',(#10309),#10313);
#10309 = LINE('',#10310,#10311);
#10310 = CARTESIAN_POINT('',(0.,0.));
#10311 = VECTOR('',#10312,1.);
#10312 = DIRECTION('',(1.,0.));
#10313 = ( GEOMETRIC_REPRESENTATION_CONTEXT(2) 
PARAMETRIC_REPRESENTATION_CONTEXT() REPRESENTATION_CONTEXT('2D SPACE',''
  ) );
#10314 = ADVANCED_FACE('',(#10315),#4414,.F.);
#10315 = FACE_BOUND('',#10316,.F.);
#10316 = EDGE_LOOP('',(#10317,#10340,#10341,#10342));
#10317 = ORIENTED_EDGE('',*,*,#10318,.T.);
#10318 = EDGE_CURVE('',#10319,#4374,#10321,.T.);
#10319 = VERTEX_POINT('',#10320);
#10320 = CARTESIAN_POINT('',(189.,15.5,26.8));
#10321 = SURFACE_CURVE('',#10322,(#10326,#10333),.PCURVE_S1.);
#10322 = LINE('',#10323,#10324);
#10323 = CARTESIAN_POINT('',(189.,15.5,26.8));
#10324 = VECTOR('',#10325,1.);
#10325 = DIRECTION('',(0.371390676354,0.,-0.928476690885));
#10326 = PCURVE('',#4414,#10327);
#10327 = DEFINITIONAL_REPRESENTATION('',(#10328),#10332);
#10328 = LINE('',#10329,#10330);
#10329 = CARTESIAN_POINT('',(-3.334529691024,-11.));
#10330 = VECTOR('',#10331,1.);
#10331 = DIRECTION('',(0.928476690885,0.371390676354));
#10332 = ( GEOMETRIC_REPRESENTATION_CONTEXT(2) 
PARAMETRIC_REPRESENTATION_CONTEXT() REPRESENTATION_CONTEXT('2D SPACE',''
  ) );
#10333 = PCURVE('',#4389,#10334);
#10334 = DEFINITIONAL_REPRESENTATION('',(#10335),#10339);
#10335 = LINE('',#10336,#10337);
#10336 = CARTESIAN_POINT('',(0.,-14.));
#10337 = VECTOR('',#10338,1.);
#10338 = DIRECTION('',(1.,0.));
#10339 = ( GEOMETRIC_REPRESENTATION_CONTEXT(2) 
PARAMETRIC_REPRESENTATION_CONTEXT() REPRESENTATION_CONTEXT('2D SPACE',''
  ) );
#10340 = ORIENTED_EDGE('',*,*,#4400,.T.);
#10341 = ORIENTED_EDGE('',*,*,#10217,.T.);
#10342 = ORIENTED_EDGE('',*,*,#10343,.T.);
#10343 = EDGE_CURVE('',#10218,#10319,#10344,.T.);
#10344 = SURFACE_CURVE('',#10345,(#10349,#10356),.PCURVE_S1.);
#10345 = LINE('',#10346,#10347);
#10346 = CARTESIAN_POINT('',(211.,15.5,26.8));
#10347 = VECTOR('',#10348,1.);
#10348 = DIRECTION('',(-1.,0.,0.));
#10349 = PCURVE('',#4414,#10350);
#10350 = DEFINITIONAL_REPRESENTATION('',(#10351),#10355);
#10351 = LINE('',#10352,#10353);
#10352 = CARTESIAN_POINT('',(-3.334529691024,11.));
#10353 = VECTOR('',#10354,1.);
#10354 = DIRECTION('',(0.,-1.));
#10355 = ( GEOMETRIC_REPRESENTATION_CONTEXT(2) 
PARAMETRIC_REPRESENTATION_CONTEXT() REPRESENTATION_CONTEXT('2D SPACE',''
  ) );
#10356 = PCURVE('',#10254,#10357);
#10357 = DEFINITIONAL_REPRESENTATION('',(#10358),#10362);
#10358 = LINE('',#10359,#10360);
#10359 = CARTESIAN_POINT('',(0.,-14.));
#10360 = VECTOR('',#10361,1.);
#10361 = DIRECTION('',(1.,0.));
#10362 = ( GEOMETRIC_REPRESENTATION_CONTEXT(2) 
PARAMETRIC_REPRESENTATION_CONTEXT() REPRESENTATION_CONTEXT('2D SPACE',''
  ) );
#10363 = ADVANCED_FACE('',(#10364),#4389,.T.);
#10364 = FACE_BOUND('',#10365,.T.);
#10365 = EDGE_LOOP('',(#10366,#10367,#10388,#10389));
#10366 = ORIENTED_EDGE('',*,*,#10269,.F.);
#10367 = ORIENTED_EDGE('',*,*,#10368,.T.);
#10368 = EDGE_CURVE('',#10270,#10319,#10369,.T.);
#10369 = SURFACE_CURVE('',#10370,(#10374,#10381),.PCURVE_S1.);
#10370 = LINE('',#10371,#10372);
#10371 = CARTESIAN_POINT('',(189.,1.5,26.8));
#10372 = VECTOR('',#10373,1.);
#10373 = DIRECTION('',(0.,1.,0.));
#10374 = PCURVE('',#4389,#10375);
#10375 = DEFINITIONAL_REPRESENTATION('',(#10376),#10380);
#10376 = LINE('',#10377,#10378);
#10377 = CARTESIAN_POINT('',(0.,0.));
#10378 = VECTOR('',#10379,1.);
#10379 = DIRECTION('',(0.,-1.));
#10380 = ( GEOMETRIC_REPRESENTATION_CONTEXT(2) 
PARAMETRIC_REPRESENTATION_CONTEXT() REPRESENTATION_CONTEXT('2D SPACE',''
  ) );
#10381 = PCURVE('',#10254,#10382);
#10382 = DEFINITIONAL_REPRESENTATION('',(#10383),#10387);
#10383 = LINE('',#10384,#10385);
#10384 = CARTESIAN_POINT('',(22.,0.));
#10385 = VECTOR('',#10386,1.);
#10386 = DIRECTION('',(0.,-1.));
#10387 = ( GEOMETRIC_REPRESENTATION_CONTEXT(2) 
PARAMETRIC_REPRESENTATION_CONTEXT() REPRESENTATION_CONTEXT('2D SPACE',''
  ) );
#10388 = ORIENTED_EDGE('',*,*,#10318,.T.);
#10389 = ORIENTED_EDGE('',*,*,#4373,.T.);
#10390 = ADVANCED_FACE('',(#10391),#4629,.T.);
#10391 = FACE_BOUND('',#10392,.T.);
#10392 = EDGE_LOOP('',(#10393,#10416,#10417,#10440));
#10393 = ORIENTED_EDGE('',*,*,#10394,.F.);
#10394 = EDGE_CURVE('',#4612,#10395,#10397,.T.);
#10395 = VERTEX_POINT('',#10396);
#10396 = CARTESIAN_POINT('',(293.6,1.5,26.8));
#10397 = SURFACE_CURVE('',#10398,(#10402,#10409),.PCURVE_S1.);
#10398 = LINE('',#10399,#10400);
#10399 = CARTESIAN_POINT('',(290.6,1.5,19.3));
#10400 = VECTOR('',#10401,1.);
#10401 = DIRECTION('',(0.371390676354,0.,0.928476690885));
#10402 = PCURVE('',#4629,#10403);
#10403 = DEFINITIONAL_REPRESENTATION('',(#10404),#10408);
#10404 = LINE('',#10405,#10406);
#10405 = CARTESIAN_POINT('',(0.,0.));
#10406 = VECTOR('',#10407,1.);
#10407 = DIRECTION('',(1.,0.));
#10408 = ( GEOMETRIC_REPRESENTATION_CONTEXT(2) 
PARAMETRIC_REPRESENTATION_CONTEXT() REPRESENTATION_CONTEXT('2D SPACE',''
  ) );
#10409 = PCURVE('',#4656,#10410);
#10410 = DEFINITIONAL_REPRESENTATION('',(#10411),#10415);
#10411 = LINE('',#10412,#10413);
#10412 = CARTESIAN_POINT('',(4.165470308976,8.));
#10413 = VECTOR('',#10414,1.);
#10414 = DIRECTION('',(-0.928476690885,0.371390676354));
#10415 = ( GEOMETRIC_REPRESENTATION_CONTEXT(2) 
PARAMETRIC_REPRESENTATION_CONTEXT() REPRESENTATION_CONTEXT('2D SPACE',''
  ) );
#10416 = ORIENTED_EDGE('',*,*,#4611,.T.);
#10417 = ORIENTED_EDGE('',*,*,#10418,.T.);
#10418 = EDGE_CURVE('',#4614,#10419,#10421,.T.);
#10419 = VERTEX_POINT('',#10420);
#10420 = CARTESIAN_POINT('',(293.6,15.5,26.8));
#10421 = SURFACE_CURVE('',#10422,(#10426,#10433),.PCURVE_S1.);
#10422 = LINE('',#10423,#10424);
#10423 = CARTESIAN_POINT('',(290.6,15.5,19.3));
#10424 = VECTOR('',#10425,1.);
#10425 = DIRECTION('',(0.371390676354,0.,0.928476690885));
#10426 = PCURVE('',#4629,#10427);
#10427 = DEFINITIONAL_REPRESENTATION('',(#10428),#10432);
#10428 = LINE('',#10429,#10430);
#10429 = CARTESIAN_POINT('',(0.,-14.));
#10430 = VECTOR('',#10431,1.);
#10431 = DIRECTION('',(1.,0.));
#10432 = ( GEOMETRIC_REPRESENTATION_CONTEXT(2) 
PARAMETRIC_REPRESENTATION_CONTEXT() REPRESENTATION_CONTEXT('2D SPACE',''
  ) );
#10433 = PCURVE('',#4708,#10434);
#10434 = DEFINITIONAL_REPRESENTATION('',(#10435),#10439);
#10435 = LINE('',#10436,#10437);
#10436 = CARTESIAN_POINT('',(4.165470308976,8.));
#10437 = VECTOR('',#10438,1.);
#10438 = DIRECTION('',(-0.928476690885,0.371390676354));
#10439 = ( GEOMETRIC_REPRESENTATION_CONTEXT(2) 
PARAMETRIC_REPRESENTATION_CONTEXT() REPRESENTATION_CONTEXT('2D SPACE',''
  ) );
#10440 = ORIENTED_EDGE('',*,*,#10441,.F.);
#10441 = EDGE_CURVE('',#10395,#10419,#10442,.T.);
#10442 = SURFACE_CURVE('',#10443,(#10447,#10454),.PCURVE_S1.);
#10443 = LINE('',#10444,#10445);
#10444 = CARTESIAN_POINT('',(293.6,1.5,26.8));
#10445 = VECTOR('',#10446,1.);
#10446 = DIRECTION('',(0.,1.,0.));
#10447 = PCURVE('',#4629,#10448);
#10448 = DEFINITIONAL_REPRESENTATION('',(#10449),#10453);
#10449 = LINE('',#10450,#10451);
#10450 = CARTESIAN_POINT('',(8.077747210702,0.));
#10451 = VECTOR('',#10452,1.);
#10452 = DIRECTION('',(0.,-1.));
#10453 = ( GEOMETRIC_REPRESENTATION_CONTEXT(2) 
PARAMETRIC_REPRESENTATION_CONTEXT() REPRESENTATION_CONTEXT('2D SPACE',''
  ) );
#10454 = PCURVE('',#10455,#10460);
#10455 = PLANE('',#10456);
#10456 = AXIS2_PLACEMENT_3D('',#10457,#10458,#10459);
#10457 = CARTESIAN_POINT('',(293.6,1.5,26.8));
#10458 = DIRECTION('',(0.,-0.,1.));
#10459 = DIRECTION('',(-1.,0.,0.));
#10460 = DEFINITIONAL_REPRESENTATION('',(#10461),#10465);
#10461 = LINE('',#10462,#10463);
#10462 = CARTESIAN_POINT('',(0.,0.));
#10463 = VECTOR('',#10464,1.);
#10464 = DIRECTION('',(0.,-1.));
#10465 = ( GEOMETRIC_REPRESENTATION_CONTEXT(2) 
PARAMETRIC_REPRESENTATION_CONTEXT() REPRESENTATION_CONTEXT('2D SPACE',''
  ) );
#10466 = ADVANCED_FACE('',(#10467),#4656,.T.);
#10467 = FACE_BOUND('',#10468,.T.);
#10468 = EDGE_LOOP('',(#10469,#10492,#10493,#10494));
#10469 = ORIENTED_EDGE('',*,*,#10470,.T.);
#10470 = EDGE_CURVE('',#10471,#4641,#10473,.T.);
#10471 = VERTEX_POINT('',#10472);
#10472 = CARTESIAN_POINT('',(271.6,1.5,26.8));
#10473 = SURFACE_CURVE('',#10474,(#10478,#10485),.PCURVE_S1.);
#10474 = LINE('',#10475,#10476);
#10475 = CARTESIAN_POINT('',(271.6,1.5,26.8));
#10476 = VECTOR('',#10477,1.);
#10477 = DIRECTION('',(0.371390676354,0.,-0.928476690885));
#10478 = PCURVE('',#4656,#10479);
#10479 = DEFINITIONAL_REPRESENTATION('',(#10480),#10484);
#10480 = LINE('',#10481,#10482);
#10481 = CARTESIAN_POINT('',(-3.334529691024,-11.));
#10482 = VECTOR('',#10483,1.);
#10483 = DIRECTION('',(0.928476690885,0.371390676354));
#10484 = ( GEOMETRIC_REPRESENTATION_CONTEXT(2) 
PARAMETRIC_REPRESENTATION_CONTEXT() REPRESENTATION_CONTEXT('2D SPACE',''
  ) );
#10485 = PCURVE('',#4683,#10486);
#10486 = DEFINITIONAL_REPRESENTATION('',(#10487),#10491);
#10487 = LINE('',#10488,#10489);
#10488 = CARTESIAN_POINT('',(0.,0.));
#10489 = VECTOR('',#10490,1.);
#10490 = DIRECTION('',(1.,0.));
#10491 = ( GEOMETRIC_REPRESENTATION_CONTEXT(2) 
PARAMETRIC_REPRESENTATION_CONTEXT() REPRESENTATION_CONTEXT('2D SPACE',''
  ) );
#10492 = ORIENTED_EDGE('',*,*,#4640,.T.);
#10493 = ORIENTED_EDGE('',*,*,#10394,.T.);
#10494 = ORIENTED_EDGE('',*,*,#10495,.T.);
#10495 = EDGE_CURVE('',#10395,#10471,#10496,.T.);
#10496 = SURFACE_CURVE('',#10497,(#10501,#10508),.PCURVE_S1.);
#10497 = LINE('',#10498,#10499);
#10498 = CARTESIAN_POINT('',(293.6,1.5,26.8));
#10499 = VECTOR('',#10500,1.);
#10500 = DIRECTION('',(-1.,0.,0.));
#10501 = PCURVE('',#4656,#10502);
#10502 = DEFINITIONAL_REPRESENTATION('',(#10503),#10507);
#10503 = LINE('',#10504,#10505);
#10504 = CARTESIAN_POINT('',(-3.334529691024,11.));
#10505 = VECTOR('',#10506,1.);
#10506 = DIRECTION('',(0.,-1.));
#10507 = ( GEOMETRIC_REPRESENTATION_CONTEXT(2) 
PARAMETRIC_REPRESENTATION_CONTEXT() REPRESENTATION_CONTEXT('2D SPACE',''
  ) );
#10508 = PCURVE('',#10455,#10509);
#10509 = DEFINITIONAL_REPRESENTATION('',(#10510),#10514);
#10510 = LINE('',#10511,#10512);
#10511 = CARTESIAN_POINT('',(0.,0.));
#10512 = VECTOR('',#10513,1.);
#10513 = DIRECTION('',(1.,0.));
#10514 = ( GEOMETRIC_REPRESENTATION_CONTEXT(2) 
PARAMETRIC_REPRESENTATION_CONTEXT() REPRESENTATION_CONTEXT('2D SPACE',''
  ) );
#10515 = ADVANCED_FACE('',(#10516),#4708,.F.);
#10516 = FACE_BOUND('',#10517,.F.);
#10517 = EDGE_LOOP('',(#10518,#10541,#10542,#10543));
#10518 = ORIENTED_EDGE('',*,*,#10519,.T.);
#10519 = EDGE_CURVE('',#10520,#4668,#10522,.T.);
#10520 = VERTEX_POINT('',#10521);
#10521 = CARTESIAN_POINT('',(271.6,15.5,26.8));
#10522 = SURFACE_CURVE('',#10523,(#10527,#10534),.PCURVE_S1.);
#10523 = LINE('',#10524,#10525);
#10524 = CARTESIAN_POINT('',(271.6,15.5,26.8));
#10525 = VECTOR('',#10526,1.);
#10526 = DIRECTION('',(0.371390676354,0.,-0.928476690885));
#10527 = PCURVE('',#4708,#10528);
#10528 = DEFINITIONAL_REPRESENTATION('',(#10529),#10533);
#10529 = LINE('',#10530,#10531);
#10530 = CARTESIAN_POINT('',(-3.334529691024,-11.));
#10531 = VECTOR('',#10532,1.);
#10532 = DIRECTION('',(0.928476690885,0.371390676354));
#10533 = ( GEOMETRIC_REPRESENTATION_CONTEXT(2) 
PARAMETRIC_REPRESENTATION_CONTEXT() REPRESENTATION_CONTEXT('2D SPACE',''
  ) );
#10534 = PCURVE('',#4683,#10535);
#10535 = DEFINITIONAL_REPRESENTATION('',(#10536),#10540);
#10536 = LINE('',#10537,#10538);
#10537 = CARTESIAN_POINT('',(0.,-14.));
#10538 = VECTOR('',#10539,1.);
#10539 = DIRECTION('',(1.,0.));
#10540 = ( GEOMETRIC_REPRESENTATION_CONTEXT(2) 
PARAMETRIC_REPRESENTATION_CONTEXT() REPRESENTATION_CONTEXT('2D SPACE',''
  ) );
#10541 = ORIENTED_EDGE('',*,*,#4694,.T.);
#10542 = ORIENTED_EDGE('',*,*,#10418,.T.);
#10543 = ORIENTED_EDGE('',*,*,#10544,.T.);
#10544 = EDGE_CURVE('',#10419,#10520,#10545,.T.);
#10545 = SURFACE_CURVE('',#10546,(#10550,#10557),.PCURVE_S1.);
#10546 = LINE('',#10547,#10548);
#10547 = CARTESIAN_POINT('',(293.6,15.5,26.8));
#10548 = VECTOR('',#10549,1.);
#10549 = DIRECTION('',(-1.,0.,0.));
#10550 = PCURVE('',#4708,#10551);
#10551 = DEFINITIONAL_REPRESENTATION('',(#10552),#10556);
#10552 = LINE('',#10553,#10554);
#10553 = CARTESIAN_POINT('',(-3.334529691024,11.));
#10554 = VECTOR('',#10555,1.);
#10555 = DIRECTION('',(0.,-1.));
#10556 = ( GEOMETRIC_REPRESENTATION_CONTEXT(2) 
PARAMETRIC_REPRESENTATION_CONTEXT() REPRESENTATION_CONTEXT('2D SPACE',''
  ) );
#10557 = PCURVE('',#10455,#10558);
#10558 = DEFINITIONAL_REPRESENTATION('',(#10559),#10563);
#10559 = LINE('',#10560,#10561);
#10560 = CARTESIAN_POINT('',(0.,-14.));
#10561 = VECTOR('',#10562,1.);
#10562 = DIRECTION('',(1.,0.));
#10563 = ( GEOMETRIC_REPRESENTATION_CONTEXT(2) 
PARAMETRIC_REPRESENTATION_CONTEXT() REPRESENTATION_CONTEXT('2D SPACE',''
  ) );
#10564 = ADVANCED_FACE('',(#10565),#4683,.T.);
#10565 = FACE_BOUND('',#10566,.T.);
#10566 = EDGE_LOOP('',(#10567,#10568,#10589,#10590));
#10567 = ORIENTED_EDGE('',*,*,#10470,.F.);
#10568 = ORIENTED_EDGE('',*,*,#10569,.T.);
#10569 = EDGE_CURVE('',#10471,#10520,#10570,.T.);
#10570 = SURFACE_CURVE('',#10571,(#10575,#10582),.PCURVE_S1.);
#10571 = LINE('',#10572,#10573);
#10572 = CARTESIAN_POINT('',(271.6,1.5,26.8));
#10573 = VECTOR('',#10574,1.);
#10574 = DIRECTION('',(0.,1.,0.));
#10575 = PCURVE('',#4683,#10576);
#10576 = DEFINITIONAL_REPRESENTATION('',(#10577),#10581);
#10577 = LINE('',#10578,#10579);
#10578 = CARTESIAN_POINT('',(0.,0.));
#10579 = VECTOR('',#10580,1.);
#10580 = DIRECTION('',(0.,-1.));
#10581 = ( GEOMETRIC_REPRESENTATION_CONTEXT(2) 
PARAMETRIC_REPRESENTATION_CONTEXT() REPRESENTATION_CONTEXT('2D SPACE',''
  ) );
#10582 = PCURVE('',#10455,#10583);
#10583 = DEFINITIONAL_REPRESENTATION('',(#10584),#10588);
#10584 = LINE('',#10585,#10586);
#10585 = CARTESIAN_POINT('',(22.,0.));
#10586 = VECTOR('',#10587,1.);
#10587 = DIRECTION('',(0.,-1.));
#10588 = ( GEOMETRIC_REPRESENTATION_CONTEXT(2) 
PARAMETRIC_REPRESENTATION_CONTEXT() REPRESENTATION_CONTEXT('2D SPACE',''
  ) );
#10589 = ORIENTED_EDGE('',*,*,#10519,.T.);
#10590 = ORIENTED_EDGE('',*,*,#4667,.T.);
#10591 = ADVANCED_FACE('',(#10592),#5209,.F.);
#10592 = FACE_BOUND('',#10593,.F.);
#10593 = EDGE_LOOP('',(#10594,#10595,#10616,#10617,#10618));
#10594 = ORIENTED_EDGE('',*,*,#5299,.T.);
#10595 = ORIENTED_EDGE('',*,*,#10596,.T.);
#10596 = EDGE_CURVE('',#5270,#9820,#10597,.T.);
#10597 = SURFACE_CURVE('',#10598,(#10602,#10609),.PCURVE_S1.);
#10598 = LINE('',#10599,#10600);
#10599 = CARTESIAN_POINT('',(238.3,26.9,27.8));
#10600 = VECTOR('',#10601,1.);
#10601 = DIRECTION('',(-0.4472135955,-0.894427191,0.));
#10602 = PCURVE('',#5209,#10603);
#10603 = DEFINITIONAL_REPRESENTATION('',(#10604),#10608);
#10604 = LINE('',#10605,#10606);
#10605 = CARTESIAN_POINT('',(0.,-8.5));
#10606 = VECTOR('',#10607,1.);
#10607 = DIRECTION('',(1.,0.));
#10608 = ( GEOMETRIC_REPRESENTATION_CONTEXT(2) 
PARAMETRIC_REPRESENTATION_CONTEXT() REPRESENTATION_CONTEXT('2D SPACE',''
  ) );
#10609 = PCURVE('',#5287,#10610);
#10610 = DEFINITIONAL_REPRESENTATION('',(#10611),#10615);
#10611 = LINE('',#10612,#10613);
#10612 = CARTESIAN_POINT('',(0.,14.4));
#10613 = VECTOR('',#10614,1.);
#10614 = DIRECTION('',(-0.4472135955,-0.894427191));
#10615 = ( GEOMETRIC_REPRESENTATION_CONTEXT(2) 
PARAMETRIC_REPRESENTATION_CONTEXT() REPRESENTATION_CONTEXT('2D SPACE',''
  ) );
#10616 = ORIENTED_EDGE('',*,*,#9819,.F.);
#10617 = ORIENTED_EDGE('',*,*,#5193,.F.);
#10618 = ORIENTED_EDGE('',*,*,#10619,.F.);
#10619 = EDGE_CURVE('',#5300,#5194,#10620,.T.);
#10620 = SURFACE_CURVE('',#10621,(#10625,#10632),.PCURVE_S1.);
#10621 = LINE('',#10622,#10623);
#10622 = CARTESIAN_POINT('',(238.3,26.9,19.3));
#10623 = VECTOR('',#10624,1.);
#10624 = DIRECTION('',(-0.4472135955,-0.894427191,0.));
#10625 = PCURVE('',#5209,#10626);
#10626 = DEFINITIONAL_REPRESENTATION('',(#10627),#10631);
#10627 = LINE('',#10628,#10629);
#10628 = CARTESIAN_POINT('',(0.,0.));
#10629 = VECTOR('',#10630,1.);
#10630 = DIRECTION('',(1.,0.));
#10631 = ( GEOMETRIC_REPRESENTATION_CONTEXT(2) 
PARAMETRIC_REPRESENTATION_CONTEXT() REPRESENTATION_CONTEXT('2D SPACE',''
  ) );
#10632 = PCURVE('',#5236,#10633);
#10633 = DEFINITIONAL_REPRESENTATION('',(#10634),#10638);
#10634 = LINE('',#10635,#10636);
#10635 = CARTESIAN_POINT('',(-3.,8.246711095626));
#10636 = VECTOR('',#10637,1.);
#10637 = DIRECTION('',(-0.4472135955,-0.894427191));
#10638 = ( GEOMETRIC_REPRESENTATION_CONTEXT(2) 
PARAMETRIC_REPRESENTATION_CONTEXT() REPRESENTATION_CONTEXT('2D SPACE',''
  ) );
#10639 = ADVANCED_FACE('',(#10640),#5236,.F.);
#10640 = FACE_BOUND('',#10641,.F.);
#10641 = EDGE_LOOP('',(#10642,#10643,#10644));
#10642 = ORIENTED_EDGE('',*,*,#10619,.T.);
#10643 = ORIENTED_EDGE('',*,*,#5221,.T.);
#10644 = ORIENTED_EDGE('',*,*,#5322,.F.);
#10645 = ADVANCED_FACE('',(#10646),#5287,.T.);
#10646 = FACE_BOUND('',#10647,.T.);
#10647 = EDGE_LOOP('',(#10648,#10649,#10650,#10651,#10652,#10653,#10654,
    #10655,#10656,#10657,#10678,#10679,#10702,#10730,#10758,#10786,
    #10814,#10842,#10870,#10898));
#10648 = ORIENTED_EDGE('',*,*,#5269,.F.);
#10649 = ORIENTED_EDGE('',*,*,#10596,.T.);
#10650 = ORIENTED_EDGE('',*,*,#9842,.T.);
#10651 = ORIENTED_EDGE('',*,*,#9891,.T.);
#10652 = ORIENTED_EDGE('',*,*,#9961,.F.);
#10653 = ORIENTED_EDGE('',*,*,#10010,.T.);
#10654 = ORIENTED_EDGE('',*,*,#10057,.T.);
#10655 = ORIENTED_EDGE('',*,*,#10113,.T.);
#10656 = ORIENTED_EDGE('',*,*,#10139,.T.);
#10657 = ORIENTED_EDGE('',*,*,#10658,.T.);
#10658 = EDGE_CURVE('',#10140,#7055,#10659,.T.);
#10659 = SURFACE_CURVE('',#10660,(#10664,#10671),.PCURVE_S1.);
#10660 = LINE('',#10661,#10662);
#10661 = CARTESIAN_POINT('',(249.3,16.9,27.8));
#10662 = VECTOR('',#10663,1.);
#10663 = DIRECTION('',(-0.4472135955,0.894427191,0.));
#10664 = PCURVE('',#5287,#10665);
#10665 = DEFINITIONAL_REPRESENTATION('',(#10666),#10670);
#10666 = LINE('',#10667,#10668);
#10667 = CARTESIAN_POINT('',(11.,4.4));
#10668 = VECTOR('',#10669,1.);
#10669 = DIRECTION('',(-0.4472135955,0.894427191));
#10670 = ( GEOMETRIC_REPRESENTATION_CONTEXT(2) 
PARAMETRIC_REPRESENTATION_CONTEXT() REPRESENTATION_CONTEXT('2D SPACE',''
  ) );
#10671 = PCURVE('',#7095,#10672);
#10672 = DEFINITIONAL_REPRESENTATION('',(#10673),#10677);
#10673 = LINE('',#10674,#10675);
#10674 = CARTESIAN_POINT('',(0.,-8.5));
#10675 = VECTOR('',#10676,1.);
#10676 = DIRECTION('',(1.,0.));
#10677 = ( GEOMETRIC_REPRESENTATION_CONTEXT(2) 
PARAMETRIC_REPRESENTATION_CONTEXT() REPRESENTATION_CONTEXT('2D SPACE',''
  ) );
#10678 = ORIENTED_EDGE('',*,*,#7054,.T.);
#10679 = ORIENTED_EDGE('',*,*,#10680,.F.);
#10680 = EDGE_CURVE('',#10681,#7057,#10683,.T.);
#10681 = VERTEX_POINT('',#10682);
#10682 = CARTESIAN_POINT('',(249.3,72.,27.8));
#10683 = SURFACE_CURVE('',#10684,(#10688,#10695),.PCURVE_S1.);
#10684 = LINE('',#10685,#10686);
#10685 = CARTESIAN_POINT('',(249.3,72.,27.8));
#10686 = VECTOR('',#10687,1.);
#10687 = DIRECTION('',(-0.4472135955,-0.894427191,-0.));
#10688 = PCURVE('',#5287,#10689);
#10689 = DEFINITIONAL_REPRESENTATION('',(#10690),#10694);
#10690 = LINE('',#10691,#10692);
#10691 = CARTESIAN_POINT('',(11.,59.5));
#10692 = VECTOR('',#10693,1.);
#10693 = DIRECTION('',(-0.4472135955,-0.894427191));
#10694 = ( GEOMETRIC_REPRESENTATION_CONTEXT(2) 
PARAMETRIC_REPRESENTATION_CONTEXT() REPRESENTATION_CONTEXT('2D SPACE',''
  ) );
#10695 = PCURVE('',#7017,#10696);
#10696 = DEFINITIONAL_REPRESENTATION('',(#10697),#10701);
#10697 = LINE('',#10698,#10699);
#10698 = CARTESIAN_POINT('',(-0.,-8.5));
#10699 = VECTOR('',#10700,1.);
#10700 = DIRECTION('',(-1.,0.));
#10701 = ( GEOMETRIC_REPRESENTATION_CONTEXT(2) 
PARAMETRIC_REPRESENTATION_CONTEXT() REPRESENTATION_CONTEXT('2D SPACE',''
  ) );
#10702 = ORIENTED_EDGE('',*,*,#10703,.F.);
#10703 = EDGE_CURVE('',#10704,#10681,#10706,.T.);
#10704 = VERTEX_POINT('',#10705);
#10705 = CARTESIAN_POINT('',(249.3,76.,27.8));
#10706 = SURFACE_CURVE('',#10707,(#10711,#10718),.PCURVE_S1.);
#10707 = LINE('',#10708,#10709);
#10708 = CARTESIAN_POINT('',(249.3,76.,27.8));
#10709 = VECTOR('',#10710,1.);
#10710 = DIRECTION('',(-0.,-1.,-0.));
#10711 = PCURVE('',#5287,#10712);
#10712 = DEFINITIONAL_REPRESENTATION('',(#10713),#10717);
#10713 = LINE('',#10714,#10715);
#10714 = CARTESIAN_POINT('',(11.,63.5));
#10715 = VECTOR('',#10716,1.);
#10716 = DIRECTION('',(0.,-1.));
#10717 = ( GEOMETRIC_REPRESENTATION_CONTEXT(2) 
PARAMETRIC_REPRESENTATION_CONTEXT() REPRESENTATION_CONTEXT('2D SPACE',''
  ) );
#10718 = PCURVE('',#10719,#10724);
#10719 = PLANE('',#10720);
#10720 = AXIS2_PLACEMENT_3D('',#10721,#10722,#10723);
#10721 = CARTESIAN_POINT('',(249.3,76.,19.3));
#10722 = DIRECTION('',(-1.,-0.,-0.));
#10723 = DIRECTION('',(0.,1.,0.));
#10724 = DEFINITIONAL_REPRESENTATION('',(#10725),#10729);
#10725 = LINE('',#10726,#10727);
#10726 = CARTESIAN_POINT('',(-0.,-8.5));
#10727 = VECTOR('',#10728,1.);
#10728 = DIRECTION('',(-1.,0.));
#10729 = ( GEOMETRIC_REPRESENTATION_CONTEXT(2) 
PARAMETRIC_REPRESENTATION_CONTEXT() REPRESENTATION_CONTEXT('2D SPACE',''
  ) );
#10730 = ORIENTED_EDGE('',*,*,#10731,.F.);
#10731 = EDGE_CURVE('',#10732,#10704,#10734,.T.);
#10732 = VERTEX_POINT('',#10733);
#10733 = CARTESIAN_POINT('',(244.3,76.,27.8));
#10734 = SURFACE_CURVE('',#10735,(#10739,#10746),.PCURVE_S1.);
#10735 = LINE('',#10736,#10737);
#10736 = CARTESIAN_POINT('',(233.3,76.,27.8));
#10737 = VECTOR('',#10738,1.);
#10738 = DIRECTION('',(1.,-0.,-0.));
#10739 = PCURVE('',#5287,#10740);
#10740 = DEFINITIONAL_REPRESENTATION('',(#10741),#10745);
#10741 = LINE('',#10742,#10743);
#10742 = CARTESIAN_POINT('',(-5.,63.5));
#10743 = VECTOR('',#10744,1.);
#10744 = DIRECTION('',(1.,-0.));
#10745 = ( GEOMETRIC_REPRESENTATION_CONTEXT(2) 
PARAMETRIC_REPRESENTATION_CONTEXT() REPRESENTATION_CONTEXT('2D SPACE',''
  ) );
#10746 = PCURVE('',#10747,#10752);
#10747 = PLANE('',#10748);
#10748 = AXIS2_PLACEMENT_3D('',#10749,#10750,#10751);
#10749 = CARTESIAN_POINT('',(233.3,76.,19.3));
#10750 = DIRECTION('',(-0.,-1.,-0.));
#10751 = DIRECTION('',(-1.,0.,0.));
#10752 = DEFINITIONAL_REPRESENTATION('',(#10753),#10757);
#10753 = LINE('',#10754,#10755);
#10754 = CARTESIAN_POINT('',(-0.,-8.5));
#10755 = VECTOR('',#10756,1.);
#10756 = DIRECTION('',(-1.,-0.));
#10757 = ( GEOMETRIC_REPRESENTATION_CONTEXT(2) 
PARAMETRIC_REPRESENTATION_CONTEXT() REPRESENTATION_CONTEXT('2D SPACE',''
  ) );
#10758 = ORIENTED_EDGE('',*,*,#10759,.T.);
#10759 = EDGE_CURVE('',#10732,#10760,#10762,.T.);
#10760 = VERTEX_POINT('',#10761);
#10761 = CARTESIAN_POINT('',(244.3,76.4,27.8));
#10762 = SURFACE_CURVE('',#10763,(#10767,#10774),.PCURVE_S1.);
#10763 = LINE('',#10764,#10765);
#10764 = CARTESIAN_POINT('',(244.3,12.5,27.8));
#10765 = VECTOR('',#10766,1.);
#10766 = DIRECTION('',(-0.,1.,0.));
#10767 = PCURVE('',#5287,#10768);
#10768 = DEFINITIONAL_REPRESENTATION('',(#10769),#10773);
#10769 = LINE('',#10770,#10771);
#10770 = CARTESIAN_POINT('',(6.,0.));
#10771 = VECTOR('',#10772,1.);
#10772 = DIRECTION('',(0.,1.));
#10773 = ( GEOMETRIC_REPRESENTATION_CONTEXT(2) 
PARAMETRIC_REPRESENTATION_CONTEXT() REPRESENTATION_CONTEXT('2D SPACE',''
  ) );
#10774 = PCURVE('',#10775,#10780);
#10775 = PLANE('',#10776);
#10776 = AXIS2_PLACEMENT_3D('',#10777,#10778,#10779);
#10777 = CARTESIAN_POINT('',(244.3,12.5,14.8));
#10778 = DIRECTION('',(1.,0.,-0.));
#10779 = DIRECTION('',(0.,0.,1.));
#10780 = DEFINITIONAL_REPRESENTATION('',(#10781),#10785);
#10781 = LINE('',#10782,#10783);
#10782 = CARTESIAN_POINT('',(13.,0.));
#10783 = VECTOR('',#10784,1.);
#10784 = DIRECTION('',(0.,-1.));
#10785 = ( GEOMETRIC_REPRESENTATION_CONTEXT(2) 
PARAMETRIC_REPRESENTATION_CONTEXT() REPRESENTATION_CONTEXT('2D SPACE',''
  ) );
#10786 = ORIENTED_EDGE('',*,*,#10787,.F.);
#10787 = EDGE_CURVE('',#10788,#10760,#10790,.T.);
#10788 = VERTEX_POINT('',#10789);
#10789 = CARTESIAN_POINT('',(238.3,76.4,27.8));
#10790 = SURFACE_CURVE('',#10791,(#10795,#10802),.PCURVE_S1.);
#10791 = LINE('',#10792,#10793);
#10792 = CARTESIAN_POINT('',(238.3,76.4,27.8));
#10793 = VECTOR('',#10794,1.);
#10794 = DIRECTION('',(1.,0.,-0.));
#10795 = PCURVE('',#5287,#10796);
#10796 = DEFINITIONAL_REPRESENTATION('',(#10797),#10801);
#10797 = LINE('',#10798,#10799);
#10798 = CARTESIAN_POINT('',(0.,63.9));
#10799 = VECTOR('',#10800,1.);
#10800 = DIRECTION('',(1.,0.));
#10801 = ( GEOMETRIC_REPRESENTATION_CONTEXT(2) 
PARAMETRIC_REPRESENTATION_CONTEXT() REPRESENTATION_CONTEXT('2D SPACE',''
  ) );
#10802 = PCURVE('',#10803,#10808);
#10803 = PLANE('',#10804);
#10804 = AXIS2_PLACEMENT_3D('',#10805,#10806,#10807);
#10805 = CARTESIAN_POINT('',(238.3,76.4,14.8));
#10806 = DIRECTION('',(-0.,1.,0.));
#10807 = DIRECTION('',(0.,0.,1.));
#10808 = DEFINITIONAL_REPRESENTATION('',(#10809),#10813);
#10809 = LINE('',#10810,#10811);
#10810 = CARTESIAN_POINT('',(13.,0.));
#10811 = VECTOR('',#10812,1.);
#10812 = DIRECTION('',(0.,1.));
#10813 = ( GEOMETRIC_REPRESENTATION_CONTEXT(2) 
PARAMETRIC_REPRESENTATION_CONTEXT() REPRESENTATION_CONTEXT('2D SPACE',''
  ) );
#10814 = ORIENTED_EDGE('',*,*,#10815,.F.);
#10815 = EDGE_CURVE('',#10816,#10788,#10818,.T.);
#10816 = VERTEX_POINT('',#10817);
#10817 = CARTESIAN_POINT('',(238.3,76.,27.8));
#10818 = SURFACE_CURVE('',#10819,(#10823,#10830),.PCURVE_S1.);
#10819 = LINE('',#10820,#10821);
#10820 = CARTESIAN_POINT('',(238.3,12.5,27.8));
#10821 = VECTOR('',#10822,1.);
#10822 = DIRECTION('',(-0.,1.,0.));
#10823 = PCURVE('',#5287,#10824);
#10824 = DEFINITIONAL_REPRESENTATION('',(#10825),#10829);
#10825 = LINE('',#10826,#10827);
#10826 = CARTESIAN_POINT('',(0.,0.));
#10827 = VECTOR('',#10828,1.);
#10828 = DIRECTION('',(0.,1.));
#10829 = ( GEOMETRIC_REPRESENTATION_CONTEXT(2) 
PARAMETRIC_REPRESENTATION_CONTEXT() REPRESENTATION_CONTEXT('2D SPACE',''
  ) );
#10830 = PCURVE('',#10831,#10836);
#10831 = PLANE('',#10832);
#10832 = AXIS2_PLACEMENT_3D('',#10833,#10834,#10835);
#10833 = CARTESIAN_POINT('',(238.3,12.5,14.8));
#10834 = DIRECTION('',(1.,0.,-0.));
#10835 = DIRECTION('',(0.,0.,1.));
#10836 = DEFINITIONAL_REPRESENTATION('',(#10837),#10841);
#10837 = LINE('',#10838,#10839);
#10838 = CARTESIAN_POINT('',(13.,0.));
#10839 = VECTOR('',#10840,1.);
#10840 = DIRECTION('',(0.,-1.));
#10841 = ( GEOMETRIC_REPRESENTATION_CONTEXT(2) 
PARAMETRIC_REPRESENTATION_CONTEXT() REPRESENTATION_CONTEXT('2D SPACE',''
  ) );
#10842 = ORIENTED_EDGE('',*,*,#10843,.F.);
#10843 = EDGE_CURVE('',#10844,#10816,#10846,.T.);
#10844 = VERTEX_POINT('',#10845);
#10845 = CARTESIAN_POINT('',(233.3,76.,27.8));
#10846 = SURFACE_CURVE('',#10847,(#10851,#10858),.PCURVE_S1.);
#10847 = LINE('',#10848,#10849);
#10848 = CARTESIAN_POINT('',(233.3,76.,27.8));
#10849 = VECTOR('',#10850,1.);
#10850 = DIRECTION('',(1.,-0.,-0.));
#10851 = PCURVE('',#5287,#10852);
#10852 = DEFINITIONAL_REPRESENTATION('',(#10853),#10857);
#10853 = LINE('',#10854,#10855);
#10854 = CARTESIAN_POINT('',(-5.,63.5));
#10855 = VECTOR('',#10856,1.);
#10856 = DIRECTION('',(1.,-0.));
#10857 = ( GEOMETRIC_REPRESENTATION_CONTEXT(2) 
PARAMETRIC_REPRESENTATION_CONTEXT() REPRESENTATION_CONTEXT('2D SPACE',''
  ) );
#10858 = PCURVE('',#10859,#10864);
#10859 = PLANE('',#10860);
#10860 = AXIS2_PLACEMENT_3D('',#10861,#10862,#10863);
#10861 = CARTESIAN_POINT('',(233.3,76.,19.3));
#10862 = DIRECTION('',(-0.,-1.,-0.));
#10863 = DIRECTION('',(-1.,0.,0.));
#10864 = DEFINITIONAL_REPRESENTATION('',(#10865),#10869);
#10865 = LINE('',#10866,#10867);
#10866 = CARTESIAN_POINT('',(-0.,-8.5));
#10867 = VECTOR('',#10868,1.);
#10868 = DIRECTION('',(-1.,-0.));
#10869 = ( GEOMETRIC_REPRESENTATION_CONTEXT(2) 
PARAMETRIC_REPRESENTATION_CONTEXT() REPRESENTATION_CONTEXT('2D SPACE',''
  ) );
#10870 = ORIENTED_EDGE('',*,*,#10871,.F.);
#10871 = EDGE_CURVE('',#10872,#10844,#10874,.T.);
#10872 = VERTEX_POINT('',#10873);
#10873 = CARTESIAN_POINT('',(233.3,72.,27.8));
#10874 = SURFACE_CURVE('',#10875,(#10879,#10886),.PCURVE_S1.);
#10875 = LINE('',#10876,#10877);
#10876 = CARTESIAN_POINT('',(233.3,72.,27.8));
#10877 = VECTOR('',#10878,1.);
#10878 = DIRECTION('',(-0.,1.,-0.));
#10879 = PCURVE('',#5287,#10880);
#10880 = DEFINITIONAL_REPRESENTATION('',(#10881),#10885);
#10881 = LINE('',#10882,#10883);
#10882 = CARTESIAN_POINT('',(-5.,59.5));
#10883 = VECTOR('',#10884,1.);
#10884 = DIRECTION('',(0.,1.));
#10885 = ( GEOMETRIC_REPRESENTATION_CONTEXT(2) 
PARAMETRIC_REPRESENTATION_CONTEXT() REPRESENTATION_CONTEXT('2D SPACE',''
  ) );
#10886 = PCURVE('',#10887,#10892);
#10887 = PLANE('',#10888);
#10888 = AXIS2_PLACEMENT_3D('',#10889,#10890,#10891);
#10889 = CARTESIAN_POINT('',(233.3,72.,19.3));
#10890 = DIRECTION('',(1.,-0.,-0.));
#10891 = DIRECTION('',(0.,-1.,0.));
#10892 = DEFINITIONAL_REPRESENTATION('',(#10893),#10897);
#10893 = LINE('',#10894,#10895);
#10894 = CARTESIAN_POINT('',(-0.,-8.5));
#10895 = VECTOR('',#10896,1.);
#10896 = DIRECTION('',(-1.,-0.));
#10897 = ( GEOMETRIC_REPRESENTATION_CONTEXT(2) 
PARAMETRIC_REPRESENTATION_CONTEXT() REPRESENTATION_CONTEXT('2D SPACE',''
  ) );
#10898 = ORIENTED_EDGE('',*,*,#10899,.F.);
#10899 = EDGE_CURVE('',#5272,#10872,#10900,.T.);
#10900 = SURFACE_CURVE('',#10901,(#10905,#10912),.PCURVE_S1.);
#10901 = LINE('',#10902,#10903);
#10902 = CARTESIAN_POINT('',(238.3,62.,27.8));
#10903 = VECTOR('',#10904,1.);
#10904 = DIRECTION('',(-0.4472135955,0.894427191,0.));
#10905 = PCURVE('',#5287,#10906);
#10906 = DEFINITIONAL_REPRESENTATION('',(#10907),#10911);
#10907 = LINE('',#10908,#10909);
#10908 = CARTESIAN_POINT('',(0.,49.5));
#10909 = VECTOR('',#10910,1.);
#10910 = DIRECTION('',(-0.4472135955,0.894427191));
#10911 = ( GEOMETRIC_REPRESENTATION_CONTEXT(2) 
PARAMETRIC_REPRESENTATION_CONTEXT() REPRESENTATION_CONTEXT('2D SPACE',''
  ) );
#10912 = PCURVE('',#5404,#10913);
#10913 = DEFINITIONAL_REPRESENTATION('',(#10914),#10918);
#10914 = LINE('',#10915,#10916);
#10915 = CARTESIAN_POINT('',(-0.,-8.5));
#10916 = VECTOR('',#10917,1.);
#10917 = DIRECTION('',(-1.,-0.));
#10918 = ( GEOMETRIC_REPRESENTATION_CONTEXT(2) 
PARAMETRIC_REPRESENTATION_CONTEXT() REPRESENTATION_CONTEXT('2D SPACE',''
  ) );
#10919 = ADVANCED_FACE('',(#10920),#5404,.F.);
#10920 = FACE_BOUND('',#10921,.T.);
#10921 = EDGE_LOOP('',(#10922,#10923,#10924,#10945,#10946));
#10922 = ORIENTED_EDGE('',*,*,#5390,.T.);
#10923 = ORIENTED_EDGE('',*,*,#10899,.T.);
#10924 = ORIENTED_EDGE('',*,*,#10925,.F.);
#10925 = EDGE_CURVE('',#5656,#10872,#10926,.T.);
#10926 = SURFACE_CURVE('',#10927,(#10931,#10938),.PCURVE_S1.);
#10927 = LINE('',#10928,#10929);
#10928 = CARTESIAN_POINT('',(233.3,72.,19.3));
#10929 = VECTOR('',#10930,1.);
#10930 = DIRECTION('',(-0.,-0.,1.));
#10931 = PCURVE('',#5404,#10932);
#10932 = DEFINITIONAL_REPRESENTATION('',(#10933),#10937);
#10933 = LINE('',#10934,#10935);
#10934 = CARTESIAN_POINT('',(-11.18033988749,-0.));
#10935 = VECTOR('',#10936,1.);
#10936 = DIRECTION('',(-0.,-1.));
#10937 = ( GEOMETRIC_REPRESENTATION_CONTEXT(2) 
PARAMETRIC_REPRESENTATION_CONTEXT() REPRESENTATION_CONTEXT('2D SPACE',''
  ) );
#10938 = PCURVE('',#10887,#10939);
#10939 = DEFINITIONAL_REPRESENTATION('',(#10940),#10944);
#10940 = LINE('',#10941,#10942);
#10941 = CARTESIAN_POINT('',(-0.,0.));
#10942 = VECTOR('',#10943,1.);
#10943 = DIRECTION('',(-0.,-1.));
#10944 = ( GEOMETRIC_REPRESENTATION_CONTEXT(2) 
PARAMETRIC_REPRESENTATION_CONTEXT() REPRESENTATION_CONTEXT('2D SPACE',''
  ) );
#10945 = ORIENTED_EDGE('',*,*,#5683,.F.);
#10946 = ORIENTED_EDGE('',*,*,#10947,.F.);
#10947 = EDGE_CURVE('',#5365,#5684,#10948,.T.);
#10948 = SURFACE_CURVE('',#10949,(#10953,#10960),.PCURVE_S1.);
#10949 = LINE('',#10950,#10951);
#10950 = CARTESIAN_POINT('',(238.3,62.,19.3));
#10951 = VECTOR('',#10952,1.);
#10952 = DIRECTION('',(-0.4472135955,0.894427191,0.));
#10953 = PCURVE('',#5404,#10954);
#10954 = DEFINITIONAL_REPRESENTATION('',(#10955),#10959);
#10955 = LINE('',#10956,#10957);
#10956 = CARTESIAN_POINT('',(-0.,0.));
#10957 = VECTOR('',#10958,1.);
#10958 = DIRECTION('',(-1.,-0.));
#10959 = ( GEOMETRIC_REPRESENTATION_CONTEXT(2) 
PARAMETRIC_REPRESENTATION_CONTEXT() REPRESENTATION_CONTEXT('2D SPACE',''
  ) );
#10960 = PCURVE('',#5379,#10961);
#10961 = DEFINITIONAL_REPRESENTATION('',(#10962),#10966);
#10962 = LINE('',#10963,#10964);
#10963 = CARTESIAN_POINT('',(3.,8.246711095626));
#10964 = VECTOR('',#10965,1.);
#10965 = DIRECTION('',(0.4472135955,-0.894427191));
#10966 = ( GEOMETRIC_REPRESENTATION_CONTEXT(2) 
PARAMETRIC_REPRESENTATION_CONTEXT() REPRESENTATION_CONTEXT('2D SPACE',''
  ) );
#10967 = ADVANCED_FACE('',(#10968),#5379,.F.);
#10968 = FACE_BOUND('',#10969,.T.);
#10969 = EDGE_LOOP('',(#10970,#10971,#10972));
#10970 = ORIENTED_EDGE('',*,*,#10947,.T.);
#10971 = ORIENTED_EDGE('',*,*,#5706,.F.);
#10972 = ORIENTED_EDGE('',*,*,#5364,.F.);
#10973 = ADVANCED_FACE('',(#10974),#5435,.T.);
#10974 = FACE_BOUND('',#10975,.T.);
#10975 = EDGE_LOOP('',(#10976,#10997,#10998,#11019));
#10976 = ORIENTED_EDGE('',*,*,#10977,.F.);
#10977 = EDGE_CURVE('',#5419,#7199,#10978,.T.);
#10978 = SURFACE_CURVE('',#10979,(#10983,#10990),.PCURVE_S1.);
#10979 = LINE('',#10980,#10981);
#10980 = CARTESIAN_POINT('',(237.3,61.5,20.8));
#10981 = VECTOR('',#10982,1.);
#10982 = DIRECTION('',(1.,0.,-0.));
#10983 = PCURVE('',#5435,#10984);
#10984 = DEFINITIONAL_REPRESENTATION('',(#10985),#10989);
#10985 = LINE('',#10986,#10987);
#10986 = CARTESIAN_POINT('',(0.,5.2));
#10987 = VECTOR('',#10988,1.);
#10988 = DIRECTION('',(1.,0.));
#10989 = ( GEOMETRIC_REPRESENTATION_CONTEXT(2) 
PARAMETRIC_REPRESENTATION_CONTEXT() REPRESENTATION_CONTEXT('2D SPACE',''
  ) );
#10990 = PCURVE('',#5511,#10991);
#10991 = DEFINITIONAL_REPRESENTATION('',(#10992),#10996);
#10992 = LINE('',#10993,#10994);
#10993 = CARTESIAN_POINT('',(0.,0.));
#10994 = VECTOR('',#10995,1.);
#10995 = DIRECTION('',(0.,1.));
#10996 = ( GEOMETRIC_REPRESENTATION_CONTEXT(2) 
PARAMETRIC_REPRESENTATION_CONTEXT() REPRESENTATION_CONTEXT('2D SPACE',''
  ) );
#10997 = ORIENTED_EDGE('',*,*,#5418,.T.);
#10998 = ORIENTED_EDGE('',*,*,#10999,.T.);
#10999 = EDGE_CURVE('',#5421,#7201,#11000,.T.);
#11000 = SURFACE_CURVE('',#11001,(#11005,#11012),.PCURVE_S1.);
#11001 = LINE('',#11002,#11003);
#11002 = CARTESIAN_POINT('',(237.3,56.3,20.8));
#11003 = VECTOR('',#11004,1.);
#11004 = DIRECTION('',(1.,0.,-0.));
#11005 = PCURVE('',#5435,#11006);
#11006 = DEFINITIONAL_REPRESENTATION('',(#11007),#11011);
#11007 = LINE('',#11008,#11009);
#11008 = CARTESIAN_POINT('',(0.,0.));
#11009 = VECTOR('',#11010,1.);
#11010 = DIRECTION('',(1.,0.));
#11011 = ( GEOMETRIC_REPRESENTATION_CONTEXT(2) 
PARAMETRIC_REPRESENTATION_CONTEXT() REPRESENTATION_CONTEXT('2D SPACE',''
  ) );
#11012 = PCURVE('',#5461,#11013);
#11013 = DEFINITIONAL_REPRESENTATION('',(#11014),#11018);
#11014 = LINE('',#11015,#11016);
#11015 = CARTESIAN_POINT('',(0.,0.));
#11016 = VECTOR('',#11017,1.);
#11017 = DIRECTION('',(0.,1.));
#11018 = ( GEOMETRIC_REPRESENTATION_CONTEXT(2) 
PARAMETRIC_REPRESENTATION_CONTEXT() REPRESENTATION_CONTEXT('2D SPACE',''
  ) );
#11019 = ORIENTED_EDGE('',*,*,#7198,.F.);
#11020 = ADVANCED_FACE('',(#11021),#5511,.F.);
#11021 = FACE_BOUND('',#11022,.F.);
#11022 = EDGE_LOOP('',(#11023,#11024,#11025,#11046));
#11023 = ORIENTED_EDGE('',*,*,#10977,.F.);
#11024 = ORIENTED_EDGE('',*,*,#5498,.T.);
#11025 = ORIENTED_EDGE('',*,*,#11026,.T.);
#11026 = EDGE_CURVE('',#5473,#7243,#11027,.T.);
#11027 = SURFACE_CURVE('',#11028,(#11032,#11039),.PCURVE_S1.);
#11028 = LINE('',#11029,#11030);
#11029 = CARTESIAN_POINT('',(237.3,61.5,23.8));
#11030 = VECTOR('',#11031,1.);
#11031 = DIRECTION('',(1.,0.,-0.));
#11032 = PCURVE('',#5511,#11033);
#11033 = DEFINITIONAL_REPRESENTATION('',(#11034),#11038);
#11034 = LINE('',#11035,#11036);
#11035 = CARTESIAN_POINT('',(3.,0.));
#11036 = VECTOR('',#11037,1.);
#11037 = DIRECTION('',(0.,1.));
#11038 = ( GEOMETRIC_REPRESENTATION_CONTEXT(2) 
PARAMETRIC_REPRESENTATION_CONTEXT() REPRESENTATION_CONTEXT('2D SPACE',''
  ) );
#11039 = PCURVE('',#5487,#11040);
#11040 = DEFINITIONAL_REPRESENTATION('',(#11041),#11045);
#11041 = LINE('',#11042,#11043);
#11042 = CARTESIAN_POINT('',(0.,5.2));
#11043 = VECTOR('',#11044,1.);
#11044 = DIRECTION('',(1.,0.));
#11045 = ( GEOMETRIC_REPRESENTATION_CONTEXT(2) 
PARAMETRIC_REPRESENTATION_CONTEXT() REPRESENTATION_CONTEXT('2D SPACE',''
  ) );
#11046 = ORIENTED_EDGE('',*,*,#7263,.F.);
#11047 = ADVANCED_FACE('',(#11048),#5487,.F.);
#11048 = FACE_BOUND('',#11049,.F.);
#11049 = EDGE_LOOP('',(#11050,#11051,#11052,#11073));
#11050 = ORIENTED_EDGE('',*,*,#11026,.F.);
#11051 = ORIENTED_EDGE('',*,*,#5472,.T.);
#11052 = ORIENTED_EDGE('',*,*,#11053,.T.);
#11053 = EDGE_CURVE('',#5447,#7222,#11054,.T.);
#11054 = SURFACE_CURVE('',#11055,(#11059,#11066),.PCURVE_S1.);
#11055 = LINE('',#11056,#11057);
#11056 = CARTESIAN_POINT('',(237.3,56.3,23.8));
#11057 = VECTOR('',#11058,1.);
#11058 = DIRECTION('',(1.,0.,-0.));
#11059 = PCURVE('',#5487,#11060);
#11060 = DEFINITIONAL_REPRESENTATION('',(#11061),#11065);
#11061 = LINE('',#11062,#11063);
#11062 = CARTESIAN_POINT('',(0.,0.));
#11063 = VECTOR('',#11064,1.);
#11064 = DIRECTION('',(1.,0.));
#11065 = ( GEOMETRIC_REPRESENTATION_CONTEXT(2) 
PARAMETRIC_REPRESENTATION_CONTEXT() REPRESENTATION_CONTEXT('2D SPACE',''
  ) );
#11066 = PCURVE('',#5461,#11067);
#11067 = DEFINITIONAL_REPRESENTATION('',(#11068),#11072);
#11068 = LINE('',#11069,#11070);
#11069 = CARTESIAN_POINT('',(3.,0.));
#11070 = VECTOR('',#11071,1.);
#11071 = DIRECTION('',(0.,1.));
#11072 = ( GEOMETRIC_REPRESENTATION_CONTEXT(2) 
PARAMETRIC_REPRESENTATION_CONTEXT() REPRESENTATION_CONTEXT('2D SPACE',''
  ) );
#11073 = ORIENTED_EDGE('',*,*,#7242,.F.);
#11074 = ADVANCED_FACE('',(#11075),#5461,.T.);
#11075 = FACE_BOUND('',#11076,.T.);
#11076 = EDGE_LOOP('',(#11077,#11078,#11079,#11080));
#11077 = ORIENTED_EDGE('',*,*,#10999,.F.);
#11078 = ORIENTED_EDGE('',*,*,#5446,.T.);
#11079 = ORIENTED_EDGE('',*,*,#11053,.T.);
#11080 = ORIENTED_EDGE('',*,*,#7221,.F.);
#11081 = ADVANCED_FACE('',(#11082),#5541,.T.);
#11082 = FACE_BOUND('',#11083,.T.);
#11083 = EDGE_LOOP('',(#11084,#11105,#11106,#11127));
#11084 = ORIENTED_EDGE('',*,*,#11085,.F.);
#11085 = EDGE_CURVE('',#5525,#7285,#11086,.T.);
#11086 = SURFACE_CURVE('',#11087,(#11091,#11098),.PCURVE_S1.);
#11087 = LINE('',#11088,#11089);
#11088 = CARTESIAN_POINT('',(237.3,32.6,20.8));
#11089 = VECTOR('',#11090,1.);
#11090 = DIRECTION('',(1.,0.,-0.));
#11091 = PCURVE('',#5541,#11092);
#11092 = DEFINITIONAL_REPRESENTATION('',(#11093),#11097);
#11093 = LINE('',#11094,#11095);
#11094 = CARTESIAN_POINT('',(0.,5.2));
#11095 = VECTOR('',#11096,1.);
#11096 = DIRECTION('',(1.,0.));
#11097 = ( GEOMETRIC_REPRESENTATION_CONTEXT(2) 
PARAMETRIC_REPRESENTATION_CONTEXT() REPRESENTATION_CONTEXT('2D SPACE',''
  ) );
#11098 = PCURVE('',#5617,#11099);
#11099 = DEFINITIONAL_REPRESENTATION('',(#11100),#11104);
#11100 = LINE('',#11101,#11102);
#11101 = CARTESIAN_POINT('',(0.,0.));
#11102 = VECTOR('',#11103,1.);
#11103 = DIRECTION('',(0.,1.));
#11104 = ( GEOMETRIC_REPRESENTATION_CONTEXT(2) 
PARAMETRIC_REPRESENTATION_CONTEXT() REPRESENTATION_CONTEXT('2D SPACE',''
  ) );
#11105 = ORIENTED_EDGE('',*,*,#5524,.T.);
#11106 = ORIENTED_EDGE('',*,*,#11107,.T.);
#11107 = EDGE_CURVE('',#5527,#7287,#11108,.T.);
#11108 = SURFACE_CURVE('',#11109,(#11113,#11120),.PCURVE_S1.);
#11109 = LINE('',#11110,#11111);
#11110 = CARTESIAN_POINT('',(237.3,27.4,20.8));
#11111 = VECTOR('',#11112,1.);
#11112 = DIRECTION('',(1.,0.,-0.));
#11113 = PCURVE('',#5541,#11114);
#11114 = DEFINITIONAL_REPRESENTATION('',(#11115),#11119);
#11115 = LINE('',#11116,#11117);
#11116 = CARTESIAN_POINT('',(0.,0.));
#11117 = VECTOR('',#11118,1.);
#11118 = DIRECTION('',(1.,0.));
#11119 = ( GEOMETRIC_REPRESENTATION_CONTEXT(2) 
PARAMETRIC_REPRESENTATION_CONTEXT() REPRESENTATION_CONTEXT('2D SPACE',''
  ) );
#11120 = PCURVE('',#5567,#11121);
#11121 = DEFINITIONAL_REPRESENTATION('',(#11122),#11126);
#11122 = LINE('',#11123,#11124);
#11123 = CARTESIAN_POINT('',(0.,0.));
#11124 = VECTOR('',#11125,1.);
#11125 = DIRECTION('',(0.,1.));
#11126 = ( GEOMETRIC_REPRESENTATION_CONTEXT(2) 
PARAMETRIC_REPRESENTATION_CONTEXT() REPRESENTATION_CONTEXT('2D SPACE',''
  ) );
#11127 = ORIENTED_EDGE('',*,*,#7284,.F.);
#11128 = ADVANCED_FACE('',(#11129),#5617,.F.);
#11129 = FACE_BOUND('',#11130,.F.);
#11130 = EDGE_LOOP('',(#11131,#11132,#11133,#11154));
#11131 = ORIENTED_EDGE('',*,*,#11085,.F.);
#11132 = ORIENTED_EDGE('',*,*,#5604,.T.);
#11133 = ORIENTED_EDGE('',*,*,#11134,.T.);
#11134 = EDGE_CURVE('',#5579,#7329,#11135,.T.);
#11135 = SURFACE_CURVE('',#11136,(#11140,#11147),.PCURVE_S1.);
#11136 = LINE('',#11137,#11138);
#11137 = CARTESIAN_POINT('',(237.3,32.6,23.8));
#11138 = VECTOR('',#11139,1.);
#11139 = DIRECTION('',(1.,0.,-0.));
#11140 = PCURVE('',#5617,#11141);
#11141 = DEFINITIONAL_REPRESENTATION('',(#11142),#11146);
#11142 = LINE('',#11143,#11144);
#11143 = CARTESIAN_POINT('',(3.,0.));
#11144 = VECTOR('',#11145,1.);
#11145 = DIRECTION('',(0.,1.));
#11146 = ( GEOMETRIC_REPRESENTATION_CONTEXT(2) 
PARAMETRIC_REPRESENTATION_CONTEXT() REPRESENTATION_CONTEXT('2D SPACE',''
  ) );
#11147 = PCURVE('',#5593,#11148);
#11148 = DEFINITIONAL_REPRESENTATION('',(#11149),#11153);
#11149 = LINE('',#11150,#11151);
#11150 = CARTESIAN_POINT('',(0.,5.2));
#11151 = VECTOR('',#11152,1.);
#11152 = DIRECTION('',(1.,0.));
#11153 = ( GEOMETRIC_REPRESENTATION_CONTEXT(2) 
PARAMETRIC_REPRESENTATION_CONTEXT() REPRESENTATION_CONTEXT('2D SPACE',''
  ) );
#11154 = ORIENTED_EDGE('',*,*,#7349,.F.);
#11155 = ADVANCED_FACE('',(#11156),#5567,.T.);
#11156 = FACE_BOUND('',#11157,.T.);
#11157 = EDGE_LOOP('',(#11158,#11159,#11160,#11181));
#11158 = ORIENTED_EDGE('',*,*,#11107,.F.);
#11159 = ORIENTED_EDGE('',*,*,#5552,.T.);
#11160 = ORIENTED_EDGE('',*,*,#11161,.T.);
#11161 = EDGE_CURVE('',#5553,#7308,#11162,.T.);
#11162 = SURFACE_CURVE('',#11163,(#11167,#11174),.PCURVE_S1.);
#11163 = LINE('',#11164,#11165);
#11164 = CARTESIAN_POINT('',(237.3,27.4,23.8));
#11165 = VECTOR('',#11166,1.);
#11166 = DIRECTION('',(1.,0.,-0.));
#11167 = PCURVE('',#5567,#11168);
#11168 = DEFINITIONAL_REPRESENTATION('',(#11169),#11173);
#11169 = LINE('',#11170,#11171);
#11170 = CARTESIAN_POINT('',(3.,0.));
#11171 = VECTOR('',#11172,1.);
#11172 = DIRECTION('',(0.,1.));
#11173 = ( GEOMETRIC_REPRESENTATION_CONTEXT(2) 
PARAMETRIC_REPRESENTATION_CONTEXT() REPRESENTATION_CONTEXT('2D SPACE',''
  ) );
#11174 = PCURVE('',#5593,#11175);
#11175 = DEFINITIONAL_REPRESENTATION('',(#11176),#11180);
#11176 = LINE('',#11177,#11178);
#11177 = CARTESIAN_POINT('',(0.,0.));
#11178 = VECTOR('',#11179,1.);
#11179 = DIRECTION('',(1.,0.));
#11180 = ( GEOMETRIC_REPRESENTATION_CONTEXT(2) 
PARAMETRIC_REPRESENTATION_CONTEXT() REPRESENTATION_CONTEXT('2D SPACE',''
  ) );
#11181 = ORIENTED_EDGE('',*,*,#7307,.F.);
#11182 = ADVANCED_FACE('',(#11183),#5593,.F.);
#11183 = FACE_BOUND('',#11184,.F.);
#11184 = EDGE_LOOP('',(#11185,#11186,#11187,#11188));
#11185 = ORIENTED_EDGE('',*,*,#11134,.F.);
#11186 = ORIENTED_EDGE('',*,*,#5578,.T.);
#11187 = ORIENTED_EDGE('',*,*,#11161,.T.);
#11188 = ORIENTED_EDGE('',*,*,#7328,.F.);
#11189 = ADVANCED_FACE('',(#11190,#12041,#12047,#12053,#12063,#12073,
    #12083),#5671,.T.);
#11190 = FACE_BOUND('',#11191,.T.);
#11191 = EDGE_LOOP('',(#11192,#11193,#11194,#11195,#11218,#11241,#11268,
    #11295,#11322,#11345,#11372,#11399,#11426,#11449,#11476,#11503,
    #11530,#11553,#11580,#11607,#11634,#11657,#11684,#11711,#11738,
    #11761,#11788,#11815,#11842,#11865,#11886,#11887,#11888,#11889,
    #11911,#11933,#11955,#11977,#11999,#12021));
#11192 = ORIENTED_EDGE('',*,*,#7029,.T.);
#11193 = ORIENTED_EDGE('',*,*,#6929,.F.);
#11194 = ORIENTED_EDGE('',*,*,#6880,.F.);
#11195 = ORIENTED_EDGE('',*,*,#11196,.T.);
#11196 = EDGE_CURVE('',#6853,#11197,#11199,.T.);
#11197 = VERTEX_POINT('',#11198);
#11198 = CARTESIAN_POINT('',(302.61666666666,88.9,19.8));
#11199 = SURFACE_CURVE('',#11200,(#11204,#11211),.PCURVE_S1.);
#11200 = LINE('',#11201,#11202);
#11201 = CARTESIAN_POINT('',(302.61666666666,70.9,19.8));
#11202 = VECTOR('',#11203,1.);
#11203 = DIRECTION('',(-3.157967714489E-15,1.,-3.947459643112E-16));
#11204 = PCURVE('',#5671,#11205);
#11205 = DEFINITIONAL_REPRESENTATION('',(#11206),#11210);
#11206 = LINE('',#11207,#11208);
#11207 = CARTESIAN_POINT('',(141.16666666666,-1.1));
#11208 = VECTOR('',#11209,1.);
#11209 = DIRECTION('',(-3.157967714489E-15,1.));
#11210 = ( GEOMETRIC_REPRESENTATION_CONTEXT(2) 
PARAMETRIC_REPRESENTATION_CONTEXT() REPRESENTATION_CONTEXT('2D SPACE',''
  ) );
#11211 = PCURVE('',#6868,#11212);
#11212 = DEFINITIONAL_REPRESENTATION('',(#11213),#11217);
#11213 = LINE('',#11214,#11215);
#11214 = CARTESIAN_POINT('',(-0.683942817623,0.));
#11215 = VECTOR('',#11216,1.);
#11216 = DIRECTION('',(2.443320122471E-15,-1.));
#11217 = ( GEOMETRIC_REPRESENTATION_CONTEXT(2) 
PARAMETRIC_REPRESENTATION_CONTEXT() REPRESENTATION_CONTEXT('2D SPACE',''
  ) );
#11218 = ORIENTED_EDGE('',*,*,#11219,.F.);
#11219 = EDGE_CURVE('',#11220,#11197,#11222,.T.);
#11220 = VERTEX_POINT('',#11221);
#11221 = CARTESIAN_POINT('',(292.,88.9,19.8));
#11222 = SURFACE_CURVE('',#11223,(#11227,#11234),.PCURVE_S1.);
#11223 = LINE('',#11224,#11225);
#11224 = CARTESIAN_POINT('',(161.45,88.9,19.8));
#11225 = VECTOR('',#11226,1.);
#11226 = DIRECTION('',(1.,0.,-0.));
#11227 = PCURVE('',#5671,#11228);
#11228 = DEFINITIONAL_REPRESENTATION('',(#11229),#11233);
#11229 = LINE('',#11230,#11231);
#11230 = CARTESIAN_POINT('',(0.,16.9));
#11231 = VECTOR('',#11232,1.);
#11232 = DIRECTION('',(1.,0.));
#11233 = ( GEOMETRIC_REPRESENTATION_CONTEXT(2) 
PARAMETRIC_REPRESENTATION_CONTEXT() REPRESENTATION_CONTEXT('2D SPACE',''
  ) );
#11234 = PCURVE('',#6260,#11235);
#11235 = DEFINITIONAL_REPRESENTATION('',(#11236),#11240);
#11236 = LINE('',#11237,#11238);
#11237 = CARTESIAN_POINT('',(5.,0.));
#11238 = VECTOR('',#11239,1.);
#11239 = DIRECTION('',(0.,1.));
#11240 = ( GEOMETRIC_REPRESENTATION_CONTEXT(2) 
PARAMETRIC_REPRESENTATION_CONTEXT() REPRESENTATION_CONTEXT('2D SPACE',''
  ) );
#11241 = ORIENTED_EDGE('',*,*,#11242,.F.);
#11242 = EDGE_CURVE('',#11243,#11220,#11245,.T.);
#11243 = VERTEX_POINT('',#11244);
#11244 = CARTESIAN_POINT('',(292.,73.86,19.8));
#11245 = SURFACE_CURVE('',#11246,(#11250,#11257),.PCURVE_S1.);
#11246 = LINE('',#11247,#11248);
#11247 = CARTESIAN_POINT('',(292.,77.159775482683,19.8));
#11248 = VECTOR('',#11249,1.);
#11249 = DIRECTION('',(0.,1.,0.));
#11250 = PCURVE('',#5671,#11251);
#11251 = DEFINITIONAL_REPRESENTATION('',(#11252),#11256);
#11252 = LINE('',#11253,#11254);
#11253 = CARTESIAN_POINT('',(130.55,5.159775482683));
#11254 = VECTOR('',#11255,1.);
#11255 = DIRECTION('',(0.,1.));
#11256 = ( GEOMETRIC_REPRESENTATION_CONTEXT(2) 
PARAMETRIC_REPRESENTATION_CONTEXT() REPRESENTATION_CONTEXT('2D SPACE',''
  ) );
#11257 = PCURVE('',#11258,#11263);
#11258 = PLANE('',#11259);
#11259 = AXIS2_PLACEMENT_3D('',#11260,#11261,#11262);
#11260 = CARTESIAN_POINT('',(292.,82.319550965366,21.879310327223));
#11261 = DIRECTION('',(1.,0.,0.));
#11262 = DIRECTION('',(-0.,0.,1.));
#11263 = DEFINITIONAL_REPRESENTATION('',(#11264),#11267);
#11264 = B_SPLINE_CURVE_WITH_KNOTS('',1,(#11265,#11266),.UNSPECIFIED.,
  .F.,.F.,(2,2),(-4.159775482683,11.740224517317),
  .PIECEWISE_BEZIER_KNOTS.);
#11265 = CARTESIAN_POINT('',(-2.079310327223,9.319550965366));
#11266 = CARTESIAN_POINT('',(-2.079310327223,-6.580449034634));
#11267 = ( GEOMETRIC_REPRESENTATION_CONTEXT(2) 
PARAMETRIC_REPRESENTATION_CONTEXT() REPRESENTATION_CONTEXT('2D SPACE',''
  ) );
#11268 = ORIENTED_EDGE('',*,*,#11269,.T.);
#11269 = EDGE_CURVE('',#11243,#11270,#11272,.T.);
#11270 = VERTEX_POINT('',#11271);
#11271 = CARTESIAN_POINT('',(288.8,73.86,19.8));
#11272 = SURFACE_CURVE('',#11273,(#11277,#11284),.PCURVE_S1.);
#11273 = LINE('',#11274,#11275);
#11274 = CARTESIAN_POINT('',(225.125,73.86,19.8));
#11275 = VECTOR('',#11276,1.);
#11276 = DIRECTION('',(-1.,0.,0.));
#11277 = PCURVE('',#5671,#11278);
#11278 = DEFINITIONAL_REPRESENTATION('',(#11279),#11283);
#11279 = LINE('',#11280,#11281);
#11280 = CARTESIAN_POINT('',(63.675,1.86));
#11281 = VECTOR('',#11282,1.);
#11282 = DIRECTION('',(-1.,0.));
#11283 = ( GEOMETRIC_REPRESENTATION_CONTEXT(2) 
PARAMETRIC_REPRESENTATION_CONTEXT() REPRESENTATION_CONTEXT('2D SPACE',''
  ) );
#11284 = PCURVE('',#11285,#11290);
#11285 = PLANE('',#11286);
#11286 = AXIS2_PLACEMENT_3D('',#11287,#11288,#11289);
#11287 = CARTESIAN_POINT('',(288.8,85.9,26.8));
#11288 = DIRECTION('',(0.,0.502620457375,-0.864507186684));
#11289 = DIRECTION('',(0.,-0.864507186684,-0.502620457375));
#11290 = DEFINITIONAL_REPRESENTATION('',(#11291),#11294);
#11291 = B_SPLINE_CURVE_WITH_KNOTS('',1,(#11292,#11293),.UNSPECIFIED.,
  .F.,.F.,(2,2),(-66.875,-63.675),.PIECEWISE_BEZIER_KNOTS.);
#11292 = CARTESIAN_POINT('',(13.927009729299,-3.2));
#11293 = CARTESIAN_POINT('',(13.927009729299,0.));
#11294 = ( GEOMETRIC_REPRESENTATION_CONTEXT(2) 
PARAMETRIC_REPRESENTATION_CONTEXT() REPRESENTATION_CONTEXT('2D SPACE',''
  ) );
#11295 = ORIENTED_EDGE('',*,*,#11296,.T.);
#11296 = EDGE_CURVE('',#11270,#11297,#11299,.T.);
#11297 = VERTEX_POINT('',#11298);
#11298 = CARTESIAN_POINT('',(288.8,88.9,19.8));
#11299 = SURFACE_CURVE('',#11300,(#11304,#11311),.PCURVE_S1.);
#11300 = LINE('',#11301,#11302);
#11301 = CARTESIAN_POINT('',(288.8,77.159775482683,19.8));
#11302 = VECTOR('',#11303,1.);
#11303 = DIRECTION('',(0.,1.,0.));
#11304 = PCURVE('',#5671,#11305);
#11305 = DEFINITIONAL_REPRESENTATION('',(#11306),#11310);
#11306 = LINE('',#11307,#11308);
#11307 = CARTESIAN_POINT('',(127.35,5.159775482683));
#11308 = VECTOR('',#11309,1.);
#11309 = DIRECTION('',(0.,1.));
#11310 = ( GEOMETRIC_REPRESENTATION_CONTEXT(2) 
PARAMETRIC_REPRESENTATION_CONTEXT() REPRESENTATION_CONTEXT('2D SPACE',''
  ) );
#11311 = PCURVE('',#11312,#11317);
#11312 = PLANE('',#11313);
#11313 = AXIS2_PLACEMENT_3D('',#11314,#11315,#11316);
#11314 = CARTESIAN_POINT('',(288.8,82.319550965366,21.879310327223));
#11315 = DIRECTION('',(1.,0.,0.));
#11316 = DIRECTION('',(-0.,0.,1.));
#11317 = DEFINITIONAL_REPRESENTATION('',(#11318),#11321);
#11318 = B_SPLINE_CURVE_WITH_KNOTS('',1,(#11319,#11320),.UNSPECIFIED.,
  .F.,.F.,(2,2),(-4.159775482683,11.740224517317),
  .PIECEWISE_BEZIER_KNOTS.);
#11319 = CARTESIAN_POINT('',(-2.079310327223,9.319550965366));
#11320 = CARTESIAN_POINT('',(-2.079310327223,-6.580449034634));
#11321 = ( GEOMETRIC_REPRESENTATION_CONTEXT(2) 
PARAMETRIC_REPRESENTATION_CONTEXT() REPRESENTATION_CONTEXT('2D SPACE',''
  ) );
#11322 = ORIENTED_EDGE('',*,*,#11323,.F.);
#11323 = EDGE_CURVE('',#11324,#11297,#11326,.T.);
#11324 = VERTEX_POINT('',#11325);
#11325 = CARTESIAN_POINT('',(269.2,88.9,19.8));
#11326 = SURFACE_CURVE('',#11327,(#11331,#11338),.PCURVE_S1.);
#11327 = LINE('',#11328,#11329);
#11328 = CARTESIAN_POINT('',(161.45,88.9,19.8));
#11329 = VECTOR('',#11330,1.);
#11330 = DIRECTION('',(1.,0.,-0.));
#11331 = PCURVE('',#5671,#11332);
#11332 = DEFINITIONAL_REPRESENTATION('',(#11333),#11337);
#11333 = LINE('',#11334,#11335);
#11334 = CARTESIAN_POINT('',(0.,16.9));
#11335 = VECTOR('',#11336,1.);
#11336 = DIRECTION('',(1.,0.));
#11337 = ( GEOMETRIC_REPRESENTATION_CONTEXT(2) 
PARAMETRIC_REPRESENTATION_CONTEXT() REPRESENTATION_CONTEXT('2D SPACE',''
  ) );
#11338 = PCURVE('',#6260,#11339);
#11339 = DEFINITIONAL_REPRESENTATION('',(#11340),#11344);
#11340 = LINE('',#11341,#11342);
#11341 = CARTESIAN_POINT('',(5.,0.));
#11342 = VECTOR('',#11343,1.);
#11343 = DIRECTION('',(0.,1.));
#11344 = ( GEOMETRIC_REPRESENTATION_CONTEXT(2) 
PARAMETRIC_REPRESENTATION_CONTEXT() REPRESENTATION_CONTEXT('2D SPACE',''
  ) );
#11345 = ORIENTED_EDGE('',*,*,#11346,.F.);
#11346 = EDGE_CURVE('',#11347,#11324,#11349,.T.);
#11347 = VERTEX_POINT('',#11348);
#11348 = CARTESIAN_POINT('',(269.2,73.86,19.8));
#11349 = SURFACE_CURVE('',#11350,(#11354,#11361),.PCURVE_S1.);
#11350 = LINE('',#11351,#11352);
#11351 = CARTESIAN_POINT('',(269.2,77.159775482683,19.8));
#11352 = VECTOR('',#11353,1.);
#11353 = DIRECTION('',(0.,1.,0.));
#11354 = PCURVE('',#5671,#11355);
#11355 = DEFINITIONAL_REPRESENTATION('',(#11356),#11360);
#11356 = LINE('',#11357,#11358);
#11357 = CARTESIAN_POINT('',(107.75,5.159775482683));
#11358 = VECTOR('',#11359,1.);
#11359 = DIRECTION('',(0.,1.));
#11360 = ( GEOMETRIC_REPRESENTATION_CONTEXT(2) 
PARAMETRIC_REPRESENTATION_CONTEXT() REPRESENTATION_CONTEXT('2D SPACE',''
  ) );
#11361 = PCURVE('',#11362,#11367);
#11362 = PLANE('',#11363);
#11363 = AXIS2_PLACEMENT_3D('',#11364,#11365,#11366);
#11364 = CARTESIAN_POINT('',(269.2,82.319550965366,21.879310327223));
#11365 = DIRECTION('',(1.,0.,0.));
#11366 = DIRECTION('',(-0.,0.,1.));
#11367 = DEFINITIONAL_REPRESENTATION('',(#11368),#11371);
#11368 = B_SPLINE_CURVE_WITH_KNOTS('',1,(#11369,#11370),.UNSPECIFIED.,
  .F.,.F.,(2,2),(-4.159775482683,11.740224517317),
  .PIECEWISE_BEZIER_KNOTS.);
#11369 = CARTESIAN_POINT('',(-2.079310327223,9.319550965366));
#11370 = CARTESIAN_POINT('',(-2.079310327223,-6.580449034634));
#11371 = ( GEOMETRIC_REPRESENTATION_CONTEXT(2) 
PARAMETRIC_REPRESENTATION_CONTEXT() REPRESENTATION_CONTEXT('2D SPACE',''
  ) );
#11372 = ORIENTED_EDGE('',*,*,#11373,.T.);
#11373 = EDGE_CURVE('',#11347,#11374,#11376,.T.);
#11374 = VERTEX_POINT('',#11375);
#11375 = CARTESIAN_POINT('',(266.,73.86,19.8));
#11376 = SURFACE_CURVE('',#11377,(#11381,#11388),.PCURVE_S1.);
#11377 = LINE('',#11378,#11379);
#11378 = CARTESIAN_POINT('',(213.725,73.86,19.8));
#11379 = VECTOR('',#11380,1.);
#11380 = DIRECTION('',(-1.,0.,0.));
#11381 = PCURVE('',#5671,#11382);
#11382 = DEFINITIONAL_REPRESENTATION('',(#11383),#11387);
#11383 = LINE('',#11384,#11385);
#11384 = CARTESIAN_POINT('',(52.275,1.86));
#11385 = VECTOR('',#11386,1.);
#11386 = DIRECTION('',(-1.,0.));
#11387 = ( GEOMETRIC_REPRESENTATION_CONTEXT(2) 
PARAMETRIC_REPRESENTATION_CONTEXT() REPRESENTATION_CONTEXT('2D SPACE',''
  ) );
#11388 = PCURVE('',#11389,#11394);
#11389 = PLANE('',#11390);
#11390 = AXIS2_PLACEMENT_3D('',#11391,#11392,#11393);
#11391 = CARTESIAN_POINT('',(266.,85.9,26.8));
#11392 = DIRECTION('',(0.,0.502620457375,-0.864507186684));
#11393 = DIRECTION('',(0.,-0.864507186684,-0.502620457375));
#11394 = DEFINITIONAL_REPRESENTATION('',(#11395),#11398);
#11395 = B_SPLINE_CURVE_WITH_KNOTS('',1,(#11396,#11397),.UNSPECIFIED.,
  .F.,.F.,(2,2),(-55.475,-52.275),.PIECEWISE_BEZIER_KNOTS.);
#11396 = CARTESIAN_POINT('',(13.927009729299,-3.2));
#11397 = CARTESIAN_POINT('',(13.927009729299,0.));
#11398 = ( GEOMETRIC_REPRESENTATION_CONTEXT(2) 
PARAMETRIC_REPRESENTATION_CONTEXT() REPRESENTATION_CONTEXT('2D SPACE',''
  ) );
#11399 = ORIENTED_EDGE('',*,*,#11400,.T.);
#11400 = EDGE_CURVE('',#11374,#11401,#11403,.T.);
#11401 = VERTEX_POINT('',#11402);
#11402 = CARTESIAN_POINT('',(266.,88.9,19.8));
#11403 = SURFACE_CURVE('',#11404,(#11408,#11415),.PCURVE_S1.);
#11404 = LINE('',#11405,#11406);
#11405 = CARTESIAN_POINT('',(266.,77.159775482683,19.8));
#11406 = VECTOR('',#11407,1.);
#11407 = DIRECTION('',(0.,1.,0.));
#11408 = PCURVE('',#5671,#11409);
#11409 = DEFINITIONAL_REPRESENTATION('',(#11410),#11414);
#11410 = LINE('',#11411,#11412);
#11411 = CARTESIAN_POINT('',(104.55,5.159775482683));
#11412 = VECTOR('',#11413,1.);
#11413 = DIRECTION('',(0.,1.));
#11414 = ( GEOMETRIC_REPRESENTATION_CONTEXT(2) 
PARAMETRIC_REPRESENTATION_CONTEXT() REPRESENTATION_CONTEXT('2D SPACE',''
  ) );
#11415 = PCURVE('',#11416,#11421);
#11416 = PLANE('',#11417);
#11417 = AXIS2_PLACEMENT_3D('',#11418,#11419,#11420);
#11418 = CARTESIAN_POINT('',(266.,82.319550965366,21.879310327223));
#11419 = DIRECTION('',(1.,0.,0.));
#11420 = DIRECTION('',(-0.,0.,1.));
#11421 = DEFINITIONAL_REPRESENTATION('',(#11422),#11425);
#11422 = B_SPLINE_CURVE_WITH_KNOTS('',1,(#11423,#11424),.UNSPECIFIED.,
  .F.,.F.,(2,2),(-4.159775482683,11.740224517317),
  .PIECEWISE_BEZIER_KNOTS.);
#11423 = CARTESIAN_POINT('',(-2.079310327223,9.319550965366));
#11424 = CARTESIAN_POINT('',(-2.079310327223,-6.580449034634));
#11425 = ( GEOMETRIC_REPRESENTATION_CONTEXT(2) 
PARAMETRIC_REPRESENTATION_CONTEXT() REPRESENTATION_CONTEXT('2D SPACE',''
  ) );
#11426 = ORIENTED_EDGE('',*,*,#11427,.F.);
#11427 = EDGE_CURVE('',#11428,#11401,#11430,.T.);
#11428 = VERTEX_POINT('',#11429);
#11429 = CARTESIAN_POINT('',(253.4,88.9,19.8));
#11430 = SURFACE_CURVE('',#11431,(#11435,#11442),.PCURVE_S1.);
#11431 = LINE('',#11432,#11433);
#11432 = CARTESIAN_POINT('',(161.45,88.9,19.8));
#11433 = VECTOR('',#11434,1.);
#11434 = DIRECTION('',(1.,0.,-0.));
#11435 = PCURVE('',#5671,#11436);
#11436 = DEFINITIONAL_REPRESENTATION('',(#11437),#11441);
#11437 = LINE('',#11438,#11439);
#11438 = CARTESIAN_POINT('',(0.,16.9));
#11439 = VECTOR('',#11440,1.);
#11440 = DIRECTION('',(1.,0.));
#11441 = ( GEOMETRIC_REPRESENTATION_CONTEXT(2) 
PARAMETRIC_REPRESENTATION_CONTEXT() REPRESENTATION_CONTEXT('2D SPACE',''
  ) );
#11442 = PCURVE('',#6260,#11443);
#11443 = DEFINITIONAL_REPRESENTATION('',(#11444),#11448);
#11444 = LINE('',#11445,#11446);
#11445 = CARTESIAN_POINT('',(5.,0.));
#11446 = VECTOR('',#11447,1.);
#11447 = DIRECTION('',(0.,1.));
#11448 = ( GEOMETRIC_REPRESENTATION_CONTEXT(2) 
PARAMETRIC_REPRESENTATION_CONTEXT() REPRESENTATION_CONTEXT('2D SPACE',''
  ) );
#11449 = ORIENTED_EDGE('',*,*,#11450,.F.);
#11450 = EDGE_CURVE('',#11451,#11428,#11453,.T.);
#11451 = VERTEX_POINT('',#11452);
#11452 = CARTESIAN_POINT('',(253.4,73.86,19.8));
#11453 = SURFACE_CURVE('',#11454,(#11458,#11465),.PCURVE_S1.);
#11454 = LINE('',#11455,#11456);
#11455 = CARTESIAN_POINT('',(253.4,77.159775482683,19.8));
#11456 = VECTOR('',#11457,1.);
#11457 = DIRECTION('',(0.,1.,0.));
#11458 = PCURVE('',#5671,#11459);
#11459 = DEFINITIONAL_REPRESENTATION('',(#11460),#11464);
#11460 = LINE('',#11461,#11462);
#11461 = CARTESIAN_POINT('',(91.95,5.159775482683));
#11462 = VECTOR('',#11463,1.);
#11463 = DIRECTION('',(0.,1.));
#11464 = ( GEOMETRIC_REPRESENTATION_CONTEXT(2) 
PARAMETRIC_REPRESENTATION_CONTEXT() REPRESENTATION_CONTEXT('2D SPACE',''
  ) );
#11465 = PCURVE('',#11466,#11471);
#11466 = PLANE('',#11467);
#11467 = AXIS2_PLACEMENT_3D('',#11468,#11469,#11470);
#11468 = CARTESIAN_POINT('',(253.4,82.319550965366,21.879310327223));
#11469 = DIRECTION('',(1.,0.,0.));
#11470 = DIRECTION('',(-0.,0.,1.));
#11471 = DEFINITIONAL_REPRESENTATION('',(#11472),#11475);
#11472 = B_SPLINE_CURVE_WITH_KNOTS('',1,(#11473,#11474),.UNSPECIFIED.,
  .F.,.F.,(2,2),(-4.159775482683,11.740224517317),
  .PIECEWISE_BEZIER_KNOTS.);
#11473 = CARTESIAN_POINT('',(-2.079310327223,9.319550965366));
#11474 = CARTESIAN_POINT('',(-2.079310327223,-6.580449034634));
#11475 = ( GEOMETRIC_REPRESENTATION_CONTEXT(2) 
PARAMETRIC_REPRESENTATION_CONTEXT() REPRESENTATION_CONTEXT('2D SPACE',''
  ) );
#11476 = ORIENTED_EDGE('',*,*,#11477,.T.);
#11477 = EDGE_CURVE('',#11451,#11478,#11480,.T.);
#11478 = VERTEX_POINT('',#11479);
#11479 = CARTESIAN_POINT('',(250.2,73.86,19.8));
#11480 = SURFACE_CURVE('',#11481,(#11485,#11492),.PCURVE_S1.);
#11481 = LINE('',#11482,#11483);
#11482 = CARTESIAN_POINT('',(205.825,73.86,19.8));
#11483 = VECTOR('',#11484,1.);
#11484 = DIRECTION('',(-1.,0.,0.));
#11485 = PCURVE('',#5671,#11486);
#11486 = DEFINITIONAL_REPRESENTATION('',(#11487),#11491);
#11487 = LINE('',#11488,#11489);
#11488 = CARTESIAN_POINT('',(44.375,1.86));
#11489 = VECTOR('',#11490,1.);
#11490 = DIRECTION('',(-1.,0.));
#11491 = ( GEOMETRIC_REPRESENTATION_CONTEXT(2) 
PARAMETRIC_REPRESENTATION_CONTEXT() REPRESENTATION_CONTEXT('2D SPACE',''
  ) );
#11492 = PCURVE('',#11493,#11498);
#11493 = PLANE('',#11494);
#11494 = AXIS2_PLACEMENT_3D('',#11495,#11496,#11497);
#11495 = CARTESIAN_POINT('',(250.2,85.9,26.8));
#11496 = DIRECTION('',(0.,0.502620457375,-0.864507186684));
#11497 = DIRECTION('',(0.,-0.864507186684,-0.502620457375));
#11498 = DEFINITIONAL_REPRESENTATION('',(#11499),#11502);
#11499 = B_SPLINE_CURVE_WITH_KNOTS('',1,(#11500,#11501),.UNSPECIFIED.,
  .F.,.F.,(2,2),(-47.575,-44.375),.PIECEWISE_BEZIER_KNOTS.);
#11500 = CARTESIAN_POINT('',(13.927009729299,-3.2));
#11501 = CARTESIAN_POINT('',(13.927009729299,0.));
#11502 = ( GEOMETRIC_REPRESENTATION_CONTEXT(2) 
PARAMETRIC_REPRESENTATION_CONTEXT() REPRESENTATION_CONTEXT('2D SPACE',''
  ) );
#11503 = ORIENTED_EDGE('',*,*,#11504,.T.);
#11504 = EDGE_CURVE('',#11478,#11505,#11507,.T.);
#11505 = VERTEX_POINT('',#11506);
#11506 = CARTESIAN_POINT('',(250.2,88.9,19.8));
#11507 = SURFACE_CURVE('',#11508,(#11512,#11519),.PCURVE_S1.);
#11508 = LINE('',#11509,#11510);
#11509 = CARTESIAN_POINT('',(250.2,77.159775482683,19.8));
#11510 = VECTOR('',#11511,1.);
#11511 = DIRECTION('',(0.,1.,0.));
#11512 = PCURVE('',#5671,#11513);
#11513 = DEFINITIONAL_REPRESENTATION('',(#11514),#11518);
#11514 = LINE('',#11515,#11516);
#11515 = CARTESIAN_POINT('',(88.75,5.159775482683));
#11516 = VECTOR('',#11517,1.);
#11517 = DIRECTION('',(0.,1.));
#11518 = ( GEOMETRIC_REPRESENTATION_CONTEXT(2) 
PARAMETRIC_REPRESENTATION_CONTEXT() REPRESENTATION_CONTEXT('2D SPACE',''
  ) );
#11519 = PCURVE('',#11520,#11525);
#11520 = PLANE('',#11521);
#11521 = AXIS2_PLACEMENT_3D('',#11522,#11523,#11524);
#11522 = CARTESIAN_POINT('',(250.2,82.319550965366,21.879310327223));
#11523 = DIRECTION('',(1.,0.,0.));
#11524 = DIRECTION('',(-0.,0.,1.));
#11525 = DEFINITIONAL_REPRESENTATION('',(#11526),#11529);
#11526 = B_SPLINE_CURVE_WITH_KNOTS('',1,(#11527,#11528),.UNSPECIFIED.,
  .F.,.F.,(2,2),(-4.159775482683,11.740224517317),
  .PIECEWISE_BEZIER_KNOTS.);
#11527 = CARTESIAN_POINT('',(-2.079310327223,9.319550965366));
#11528 = CARTESIAN_POINT('',(-2.079310327223,-6.580449034634));
#11529 = ( GEOMETRIC_REPRESENTATION_CONTEXT(2) 
PARAMETRIC_REPRESENTATION_CONTEXT() REPRESENTATION_CONTEXT('2D SPACE',''
  ) );
#11530 = ORIENTED_EDGE('',*,*,#11531,.F.);
#11531 = EDGE_CURVE('',#11532,#11505,#11534,.T.);
#11532 = VERTEX_POINT('',#11533);
#11533 = CARTESIAN_POINT('',(233.2,88.9,19.8));
#11534 = SURFACE_CURVE('',#11535,(#11539,#11546),.PCURVE_S1.);
#11535 = LINE('',#11536,#11537);
#11536 = CARTESIAN_POINT('',(161.45,88.9,19.8));
#11537 = VECTOR('',#11538,1.);
#11538 = DIRECTION('',(1.,0.,-0.));
#11539 = PCURVE('',#5671,#11540);
#11540 = DEFINITIONAL_REPRESENTATION('',(#11541),#11545);
#11541 = LINE('',#11542,#11543);
#11542 = CARTESIAN_POINT('',(0.,16.9));
#11543 = VECTOR('',#11544,1.);
#11544 = DIRECTION('',(1.,0.));
#11545 = ( GEOMETRIC_REPRESENTATION_CONTEXT(2) 
PARAMETRIC_REPRESENTATION_CONTEXT() REPRESENTATION_CONTEXT('2D SPACE',''
  ) );
#11546 = PCURVE('',#6260,#11547);
#11547 = DEFINITIONAL_REPRESENTATION('',(#11548),#11552);
#11548 = LINE('',#11549,#11550);
#11549 = CARTESIAN_POINT('',(5.,0.));
#11550 = VECTOR('',#11551,1.);
#11551 = DIRECTION('',(0.,1.));
#11552 = ( GEOMETRIC_REPRESENTATION_CONTEXT(2) 
PARAMETRIC_REPRESENTATION_CONTEXT() REPRESENTATION_CONTEXT('2D SPACE',''
  ) );
#11553 = ORIENTED_EDGE('',*,*,#11554,.F.);
#11554 = EDGE_CURVE('',#11555,#11532,#11557,.T.);
#11555 = VERTEX_POINT('',#11556);
#11556 = CARTESIAN_POINT('',(233.2,73.86,19.8));
#11557 = SURFACE_CURVE('',#11558,(#11562,#11569),.PCURVE_S1.);
#11558 = LINE('',#11559,#11560);
#11559 = CARTESIAN_POINT('',(233.2,77.159775482683,19.8));
#11560 = VECTOR('',#11561,1.);
#11561 = DIRECTION('',(0.,1.,0.));
#11562 = PCURVE('',#5671,#11563);
#11563 = DEFINITIONAL_REPRESENTATION('',(#11564),#11568);
#11564 = LINE('',#11565,#11566);
#11565 = CARTESIAN_POINT('',(71.75,5.159775482683));
#11566 = VECTOR('',#11567,1.);
#11567 = DIRECTION('',(0.,1.));
#11568 = ( GEOMETRIC_REPRESENTATION_CONTEXT(2) 
PARAMETRIC_REPRESENTATION_CONTEXT() REPRESENTATION_CONTEXT('2D SPACE',''
  ) );
#11569 = PCURVE('',#11570,#11575);
#11570 = PLANE('',#11571);
#11571 = AXIS2_PLACEMENT_3D('',#11572,#11573,#11574);
#11572 = CARTESIAN_POINT('',(233.2,82.319550965366,21.879310327223));
#11573 = DIRECTION('',(1.,0.,0.));
#11574 = DIRECTION('',(-0.,0.,1.));
#11575 = DEFINITIONAL_REPRESENTATION('',(#11576),#11579);
#11576 = B_SPLINE_CURVE_WITH_KNOTS('',1,(#11577,#11578),.UNSPECIFIED.,
  .F.,.F.,(2,2),(-4.159775482683,11.740224517317),
  .PIECEWISE_BEZIER_KNOTS.);
#11577 = CARTESIAN_POINT('',(-2.079310327223,9.319550965366));
#11578 = CARTESIAN_POINT('',(-2.079310327223,-6.580449034634));
#11579 = ( GEOMETRIC_REPRESENTATION_CONTEXT(2) 
PARAMETRIC_REPRESENTATION_CONTEXT() REPRESENTATION_CONTEXT('2D SPACE',''
  ) );
#11580 = ORIENTED_EDGE('',*,*,#11581,.T.);
#11581 = EDGE_CURVE('',#11555,#11582,#11584,.T.);
#11582 = VERTEX_POINT('',#11583);
#11583 = CARTESIAN_POINT('',(230.,73.86,19.8));
#11584 = SURFACE_CURVE('',#11585,(#11589,#11596),.PCURVE_S1.);
#11585 = LINE('',#11586,#11587);
#11586 = CARTESIAN_POINT('',(195.725,73.86,19.8));
#11587 = VECTOR('',#11588,1.);
#11588 = DIRECTION('',(-1.,0.,0.));
#11589 = PCURVE('',#5671,#11590);
#11590 = DEFINITIONAL_REPRESENTATION('',(#11591),#11595);
#11591 = LINE('',#11592,#11593);
#11592 = CARTESIAN_POINT('',(34.275,1.86));
#11593 = VECTOR('',#11594,1.);
#11594 = DIRECTION('',(-1.,0.));
#11595 = ( GEOMETRIC_REPRESENTATION_CONTEXT(2) 
PARAMETRIC_REPRESENTATION_CONTEXT() REPRESENTATION_CONTEXT('2D SPACE',''
  ) );
#11596 = PCURVE('',#11597,#11602);
#11597 = PLANE('',#11598);
#11598 = AXIS2_PLACEMENT_3D('',#11599,#11600,#11601);
#11599 = CARTESIAN_POINT('',(230.,85.9,26.8));
#11600 = DIRECTION('',(0.,0.502620457375,-0.864507186684));
#11601 = DIRECTION('',(0.,-0.864507186684,-0.502620457375));
#11602 = DEFINITIONAL_REPRESENTATION('',(#11603),#11606);
#11603 = B_SPLINE_CURVE_WITH_KNOTS('',1,(#11604,#11605),.UNSPECIFIED.,
  .F.,.F.,(2,2),(-37.475,-34.275),.PIECEWISE_BEZIER_KNOTS.);
#11604 = CARTESIAN_POINT('',(13.927009729299,-3.2));
#11605 = CARTESIAN_POINT('',(13.927009729299,0.));
#11606 = ( GEOMETRIC_REPRESENTATION_CONTEXT(2) 
PARAMETRIC_REPRESENTATION_CONTEXT() REPRESENTATION_CONTEXT('2D SPACE',''
  ) );
#11607 = ORIENTED_EDGE('',*,*,#11608,.T.);
#11608 = EDGE_CURVE('',#11582,#11609,#11611,.T.);
#11609 = VERTEX_POINT('',#11610);
#11610 = CARTESIAN_POINT('',(230.,88.9,19.8));
#11611 = SURFACE_CURVE('',#11612,(#11616,#11623),.PCURVE_S1.);
#11612 = LINE('',#11613,#11614);
#11613 = CARTESIAN_POINT('',(230.,77.159775482683,19.8));
#11614 = VECTOR('',#11615,1.);
#11615 = DIRECTION('',(0.,1.,0.));
#11616 = PCURVE('',#5671,#11617);
#11617 = DEFINITIONAL_REPRESENTATION('',(#11618),#11622);
#11618 = LINE('',#11619,#11620);
#11619 = CARTESIAN_POINT('',(68.55,5.159775482683));
#11620 = VECTOR('',#11621,1.);
#11621 = DIRECTION('',(0.,1.));
#11622 = ( GEOMETRIC_REPRESENTATION_CONTEXT(2) 
PARAMETRIC_REPRESENTATION_CONTEXT() REPRESENTATION_CONTEXT('2D SPACE',''
  ) );
#11623 = PCURVE('',#11624,#11629);
#11624 = PLANE('',#11625);
#11625 = AXIS2_PLACEMENT_3D('',#11626,#11627,#11628);
#11626 = CARTESIAN_POINT('',(230.,82.319550965366,21.879310327223));
#11627 = DIRECTION('',(1.,0.,0.));
#11628 = DIRECTION('',(-0.,0.,1.));
#11629 = DEFINITIONAL_REPRESENTATION('',(#11630),#11633);
#11630 = B_SPLINE_CURVE_WITH_KNOTS('',1,(#11631,#11632),.UNSPECIFIED.,
  .F.,.F.,(2,2),(-4.159775482683,11.740224517317),
  .PIECEWISE_BEZIER_KNOTS.);
#11631 = CARTESIAN_POINT('',(-2.079310327223,9.319550965366));
#11632 = CARTESIAN_POINT('',(-2.079310327223,-6.580449034634));
#11633 = ( GEOMETRIC_REPRESENTATION_CONTEXT(2) 
PARAMETRIC_REPRESENTATION_CONTEXT() REPRESENTATION_CONTEXT('2D SPACE',''
  ) );
#11634 = ORIENTED_EDGE('',*,*,#11635,.F.);
#11635 = EDGE_CURVE('',#11636,#11609,#11638,.T.);
#11636 = VERTEX_POINT('',#11637);
#11637 = CARTESIAN_POINT('',(217.2,88.9,19.8));
#11638 = SURFACE_CURVE('',#11639,(#11643,#11650),.PCURVE_S1.);
#11639 = LINE('',#11640,#11641);
#11640 = CARTESIAN_POINT('',(161.45,88.9,19.8));
#11641 = VECTOR('',#11642,1.);
#11642 = DIRECTION('',(1.,0.,-0.));
#11643 = PCURVE('',#5671,#11644);
#11644 = DEFINITIONAL_REPRESENTATION('',(#11645),#11649);
#11645 = LINE('',#11646,#11647);
#11646 = CARTESIAN_POINT('',(0.,16.9));
#11647 = VECTOR('',#11648,1.);
#11648 = DIRECTION('',(1.,0.));
#11649 = ( GEOMETRIC_REPRESENTATION_CONTEXT(2) 
PARAMETRIC_REPRESENTATION_CONTEXT() REPRESENTATION_CONTEXT('2D SPACE',''
  ) );
#11650 = PCURVE('',#6260,#11651);
#11651 = DEFINITIONAL_REPRESENTATION('',(#11652),#11656);
#11652 = LINE('',#11653,#11654);
#11653 = CARTESIAN_POINT('',(5.,0.));
#11654 = VECTOR('',#11655,1.);
#11655 = DIRECTION('',(0.,1.));
#11656 = ( GEOMETRIC_REPRESENTATION_CONTEXT(2) 
PARAMETRIC_REPRESENTATION_CONTEXT() REPRESENTATION_CONTEXT('2D SPACE',''
  ) );
#11657 = ORIENTED_EDGE('',*,*,#11658,.F.);
#11658 = EDGE_CURVE('',#11659,#11636,#11661,.T.);
#11659 = VERTEX_POINT('',#11660);
#11660 = CARTESIAN_POINT('',(217.2,73.86,19.8));
#11661 = SURFACE_CURVE('',#11662,(#11666,#11673),.PCURVE_S1.);
#11662 = LINE('',#11663,#11664);
#11663 = CARTESIAN_POINT('',(217.2,77.159775482683,19.8));
#11664 = VECTOR('',#11665,1.);
#11665 = DIRECTION('',(0.,1.,0.));
#11666 = PCURVE('',#5671,#11667);
#11667 = DEFINITIONAL_REPRESENTATION('',(#11668),#11672);
#11668 = LINE('',#11669,#11670);
#11669 = CARTESIAN_POINT('',(55.75,5.159775482683));
#11670 = VECTOR('',#11671,1.);
#11671 = DIRECTION('',(0.,1.));
#11672 = ( GEOMETRIC_REPRESENTATION_CONTEXT(2) 
PARAMETRIC_REPRESENTATION_CONTEXT() REPRESENTATION_CONTEXT('2D SPACE',''
  ) );
#11673 = PCURVE('',#11674,#11679);
#11674 = PLANE('',#11675);
#11675 = AXIS2_PLACEMENT_3D('',#11676,#11677,#11678);
#11676 = CARTESIAN_POINT('',(217.2,82.319550965366,21.879310327223));
#11677 = DIRECTION('',(1.,0.,0.));
#11678 = DIRECTION('',(-0.,0.,1.));
#11679 = DEFINITIONAL_REPRESENTATION('',(#11680),#11683);
#11680 = B_SPLINE_CURVE_WITH_KNOTS('',1,(#11681,#11682),.UNSPECIFIED.,
  .F.,.F.,(2,2),(-4.159775482683,11.740224517317),
  .PIECEWISE_BEZIER_KNOTS.);
#11681 = CARTESIAN_POINT('',(-2.079310327223,9.319550965366));
#11682 = CARTESIAN_POINT('',(-2.079310327223,-6.580449034634));
#11683 = ( GEOMETRIC_REPRESENTATION_CONTEXT(2) 
PARAMETRIC_REPRESENTATION_CONTEXT() REPRESENTATION_CONTEXT('2D SPACE',''
  ) );
#11684 = ORIENTED_EDGE('',*,*,#11685,.T.);
#11685 = EDGE_CURVE('',#11659,#11686,#11688,.T.);
#11686 = VERTEX_POINT('',#11687);
#11687 = CARTESIAN_POINT('',(214.,73.86,19.8));
#11688 = SURFACE_CURVE('',#11689,(#11693,#11700),.PCURVE_S1.);
#11689 = LINE('',#11690,#11691);
#11690 = CARTESIAN_POINT('',(187.725,73.86,19.8));
#11691 = VECTOR('',#11692,1.);
#11692 = DIRECTION('',(-1.,0.,0.));
#11693 = PCURVE('',#5671,#11694);
#11694 = DEFINITIONAL_REPRESENTATION('',(#11695),#11699);
#11695 = LINE('',#11696,#11697);
#11696 = CARTESIAN_POINT('',(26.275,1.86));
#11697 = VECTOR('',#11698,1.);
#11698 = DIRECTION('',(-1.,0.));
#11699 = ( GEOMETRIC_REPRESENTATION_CONTEXT(2) 
PARAMETRIC_REPRESENTATION_CONTEXT() REPRESENTATION_CONTEXT('2D SPACE',''
  ) );
#11700 = PCURVE('',#11701,#11706);
#11701 = PLANE('',#11702);
#11702 = AXIS2_PLACEMENT_3D('',#11703,#11704,#11705);
#11703 = CARTESIAN_POINT('',(214.,85.9,26.8));
#11704 = DIRECTION('',(0.,0.502620457375,-0.864507186684));
#11705 = DIRECTION('',(0.,-0.864507186684,-0.502620457375));
#11706 = DEFINITIONAL_REPRESENTATION('',(#11707),#11710);
#11707 = B_SPLINE_CURVE_WITH_KNOTS('',1,(#11708,#11709),.UNSPECIFIED.,
  .F.,.F.,(2,2),(-29.475,-26.275),.PIECEWISE_BEZIER_KNOTS.);
#11708 = CARTESIAN_POINT('',(13.927009729299,-3.2));
#11709 = CARTESIAN_POINT('',(13.927009729299,0.));
#11710 = ( GEOMETRIC_REPRESENTATION_CONTEXT(2) 
PARAMETRIC_REPRESENTATION_CONTEXT() REPRESENTATION_CONTEXT('2D SPACE',''
  ) );
#11711 = ORIENTED_EDGE('',*,*,#11712,.T.);
#11712 = EDGE_CURVE('',#11686,#11713,#11715,.T.);
#11713 = VERTEX_POINT('',#11714);
#11714 = CARTESIAN_POINT('',(214.,88.9,19.8));
#11715 = SURFACE_CURVE('',#11716,(#11720,#11727),.PCURVE_S1.);
#11716 = LINE('',#11717,#11718);
#11717 = CARTESIAN_POINT('',(214.,77.159775482683,19.8));
#11718 = VECTOR('',#11719,1.);
#11719 = DIRECTION('',(0.,1.,0.));
#11720 = PCURVE('',#5671,#11721);
#11721 = DEFINITIONAL_REPRESENTATION('',(#11722),#11726);
#11722 = LINE('',#11723,#11724);
#11723 = CARTESIAN_POINT('',(52.55,5.159775482683));
#11724 = VECTOR('',#11725,1.);
#11725 = DIRECTION('',(0.,1.));
#11726 = ( GEOMETRIC_REPRESENTATION_CONTEXT(2) 
PARAMETRIC_REPRESENTATION_CONTEXT() REPRESENTATION_CONTEXT('2D SPACE',''
  ) );
#11727 = PCURVE('',#11728,#11733);
#11728 = PLANE('',#11729);
#11729 = AXIS2_PLACEMENT_3D('',#11730,#11731,#11732);
#11730 = CARTESIAN_POINT('',(214.,82.319550965366,21.879310327223));
#11731 = DIRECTION('',(1.,0.,0.));
#11732 = DIRECTION('',(-0.,0.,1.));
#11733 = DEFINITIONAL_REPRESENTATION('',(#11734),#11737);
#11734 = B_SPLINE_CURVE_WITH_KNOTS('',1,(#11735,#11736),.UNSPECIFIED.,
  .F.,.F.,(2,2),(-4.159775482683,11.740224517317),
  .PIECEWISE_BEZIER_KNOTS.);
#11735 = CARTESIAN_POINT('',(-2.079310327223,9.319550965366));
#11736 = CARTESIAN_POINT('',(-2.079310327223,-6.580449034634));
#11737 = ( GEOMETRIC_REPRESENTATION_CONTEXT(2) 
PARAMETRIC_REPRESENTATION_CONTEXT() REPRESENTATION_CONTEXT('2D SPACE',''
  ) );
#11738 = ORIENTED_EDGE('',*,*,#11739,.F.);
#11739 = EDGE_CURVE('',#11740,#11713,#11742,.T.);
#11740 = VERTEX_POINT('',#11741);
#11741 = CARTESIAN_POINT('',(194.6,88.9,19.8));
#11742 = SURFACE_CURVE('',#11743,(#11747,#11754),.PCURVE_S1.);
#11743 = LINE('',#11744,#11745);
#11744 = CARTESIAN_POINT('',(161.45,88.9,19.8));
#11745 = VECTOR('',#11746,1.);
#11746 = DIRECTION('',(1.,0.,-0.));
#11747 = PCURVE('',#5671,#11748);
#11748 = DEFINITIONAL_REPRESENTATION('',(#11749),#11753);
#11749 = LINE('',#11750,#11751);
#11750 = CARTESIAN_POINT('',(0.,16.9));
#11751 = VECTOR('',#11752,1.);
#11752 = DIRECTION('',(1.,0.));
#11753 = ( GEOMETRIC_REPRESENTATION_CONTEXT(2) 
PARAMETRIC_REPRESENTATION_CONTEXT() REPRESENTATION_CONTEXT('2D SPACE',''
  ) );
#11754 = PCURVE('',#6260,#11755);
#11755 = DEFINITIONAL_REPRESENTATION('',(#11756),#11760);
#11756 = LINE('',#11757,#11758);
#11757 = CARTESIAN_POINT('',(5.,0.));
#11758 = VECTOR('',#11759,1.);
#11759 = DIRECTION('',(0.,1.));
#11760 = ( GEOMETRIC_REPRESENTATION_CONTEXT(2) 
PARAMETRIC_REPRESENTATION_CONTEXT() REPRESENTATION_CONTEXT('2D SPACE',''
  ) );
#11761 = ORIENTED_EDGE('',*,*,#11762,.F.);
#11762 = EDGE_CURVE('',#11763,#11740,#11765,.T.);
#11763 = VERTEX_POINT('',#11764);
#11764 = CARTESIAN_POINT('',(194.6,73.86,19.8));
#11765 = SURFACE_CURVE('',#11766,(#11770,#11777),.PCURVE_S1.);
#11766 = LINE('',#11767,#11768);
#11767 = CARTESIAN_POINT('',(194.6,77.159775482683,19.8));
#11768 = VECTOR('',#11769,1.);
#11769 = DIRECTION('',(0.,1.,0.));
#11770 = PCURVE('',#5671,#11771);
#11771 = DEFINITIONAL_REPRESENTATION('',(#11772),#11776);
#11772 = LINE('',#11773,#11774);
#11773 = CARTESIAN_POINT('',(33.15,5.159775482683));
#11774 = VECTOR('',#11775,1.);
#11775 = DIRECTION('',(0.,1.));
#11776 = ( GEOMETRIC_REPRESENTATION_CONTEXT(2) 
PARAMETRIC_REPRESENTATION_CONTEXT() REPRESENTATION_CONTEXT('2D SPACE',''
  ) );
#11777 = PCURVE('',#11778,#11783);
#11778 = PLANE('',#11779);
#11779 = AXIS2_PLACEMENT_3D('',#11780,#11781,#11782);
#11780 = CARTESIAN_POINT('',(194.6,82.319550965366,21.879310327223));
#11781 = DIRECTION('',(1.,0.,0.));
#11782 = DIRECTION('',(-0.,0.,1.));
#11783 = DEFINITIONAL_REPRESENTATION('',(#11784),#11787);
#11784 = B_SPLINE_CURVE_WITH_KNOTS('',1,(#11785,#11786),.UNSPECIFIED.,
  .F.,.F.,(2,2),(-4.159775482683,11.740224517317),
  .PIECEWISE_BEZIER_KNOTS.);
#11785 = CARTESIAN_POINT('',(-2.079310327223,9.319550965366));
#11786 = CARTESIAN_POINT('',(-2.079310327223,-6.580449034634));
#11787 = ( GEOMETRIC_REPRESENTATION_CONTEXT(2) 
PARAMETRIC_REPRESENTATION_CONTEXT() REPRESENTATION_CONTEXT('2D SPACE',''
  ) );
#11788 = ORIENTED_EDGE('',*,*,#11789,.T.);
#11789 = EDGE_CURVE('',#11763,#11790,#11792,.T.);
#11790 = VERTEX_POINT('',#11791);
#11791 = CARTESIAN_POINT('',(191.4,73.86,19.8));
#11792 = SURFACE_CURVE('',#11793,(#11797,#11804),.PCURVE_S1.);
#11793 = LINE('',#11794,#11795);
#11794 = CARTESIAN_POINT('',(176.425,73.86,19.8));
#11795 = VECTOR('',#11796,1.);
#11796 = DIRECTION('',(-1.,0.,0.));
#11797 = PCURVE('',#5671,#11798);
#11798 = DEFINITIONAL_REPRESENTATION('',(#11799),#11803);
#11799 = LINE('',#11800,#11801);
#11800 = CARTESIAN_POINT('',(14.975,1.86));
#11801 = VECTOR('',#11802,1.);
#11802 = DIRECTION('',(-1.,0.));
#11803 = ( GEOMETRIC_REPRESENTATION_CONTEXT(2) 
PARAMETRIC_REPRESENTATION_CONTEXT() REPRESENTATION_CONTEXT('2D SPACE',''
  ) );
#11804 = PCURVE('',#11805,#11810);
#11805 = PLANE('',#11806);
#11806 = AXIS2_PLACEMENT_3D('',#11807,#11808,#11809);
#11807 = CARTESIAN_POINT('',(191.4,85.9,26.8));
#11808 = DIRECTION('',(0.,0.502620457375,-0.864507186684));
#11809 = DIRECTION('',(0.,-0.864507186684,-0.502620457375));
#11810 = DEFINITIONAL_REPRESENTATION('',(#11811),#11814);
#11811 = B_SPLINE_CURVE_WITH_KNOTS('',1,(#11812,#11813),.UNSPECIFIED.,
  .F.,.F.,(2,2),(-18.175,-14.975),.PIECEWISE_BEZIER_KNOTS.);
#11812 = CARTESIAN_POINT('',(13.927009729299,-3.2));
#11813 = CARTESIAN_POINT('',(13.927009729299,0.));
#11814 = ( GEOMETRIC_REPRESENTATION_CONTEXT(2) 
PARAMETRIC_REPRESENTATION_CONTEXT() REPRESENTATION_CONTEXT('2D SPACE',''
  ) );
#11815 = ORIENTED_EDGE('',*,*,#11816,.T.);
#11816 = EDGE_CURVE('',#11790,#11817,#11819,.T.);
#11817 = VERTEX_POINT('',#11818);
#11818 = CARTESIAN_POINT('',(191.4,88.9,19.8));
#11819 = SURFACE_CURVE('',#11820,(#11824,#11831),.PCURVE_S1.);
#11820 = LINE('',#11821,#11822);
#11821 = CARTESIAN_POINT('',(191.4,77.159775482683,19.8));
#11822 = VECTOR('',#11823,1.);
#11823 = DIRECTION('',(0.,1.,0.));
#11824 = PCURVE('',#5671,#11825);
#11825 = DEFINITIONAL_REPRESENTATION('',(#11826),#11830);
#11826 = LINE('',#11827,#11828);
#11827 = CARTESIAN_POINT('',(29.95,5.159775482683));
#11828 = VECTOR('',#11829,1.);
#11829 = DIRECTION('',(0.,1.));
#11830 = ( GEOMETRIC_REPRESENTATION_CONTEXT(2) 
PARAMETRIC_REPRESENTATION_CONTEXT() REPRESENTATION_CONTEXT('2D SPACE',''
  ) );
#11831 = PCURVE('',#11832,#11837);
#11832 = PLANE('',#11833);
#11833 = AXIS2_PLACEMENT_3D('',#11834,#11835,#11836);
#11834 = CARTESIAN_POINT('',(191.4,82.319550965366,21.879310327223));
#11835 = DIRECTION('',(1.,0.,0.));
#11836 = DIRECTION('',(-0.,0.,1.));
#11837 = DEFINITIONAL_REPRESENTATION('',(#11838),#11841);
#11838 = B_SPLINE_CURVE_WITH_KNOTS('',1,(#11839,#11840),.UNSPECIFIED.,
  .F.,.F.,(2,2),(-4.159775482683,11.740224517317),
  .PIECEWISE_BEZIER_KNOTS.);
#11839 = CARTESIAN_POINT('',(-2.079310327223,9.319550965366));
#11840 = CARTESIAN_POINT('',(-2.079310327223,-6.580449034634));
#11841 = ( GEOMETRIC_REPRESENTATION_CONTEXT(2) 
PARAMETRIC_REPRESENTATION_CONTEXT() REPRESENTATION_CONTEXT('2D SPACE',''
  ) );
#11842 = ORIENTED_EDGE('',*,*,#11843,.F.);
#11843 = EDGE_CURVE('',#11844,#11817,#11846,.T.);
#11844 = VERTEX_POINT('',#11845);
#11845 = CARTESIAN_POINT('',(179.98333333333,88.9,19.8));
#11846 = SURFACE_CURVE('',#11847,(#11851,#11858),.PCURVE_S1.);
#11847 = LINE('',#11848,#11849);
#11848 = CARTESIAN_POINT('',(161.45,88.9,19.8));
#11849 = VECTOR('',#11850,1.);
#11850 = DIRECTION('',(1.,0.,-0.));
#11851 = PCURVE('',#5671,#11852);
#11852 = DEFINITIONAL_REPRESENTATION('',(#11853),#11857);
#11853 = LINE('',#11854,#11855);
#11854 = CARTESIAN_POINT('',(0.,16.9));
#11855 = VECTOR('',#11856,1.);
#11856 = DIRECTION('',(1.,0.));
#11857 = ( GEOMETRIC_REPRESENTATION_CONTEXT(2) 
PARAMETRIC_REPRESENTATION_CONTEXT() REPRESENTATION_CONTEXT('2D SPACE',''
  ) );
#11858 = PCURVE('',#6260,#11859);
#11859 = DEFINITIONAL_REPRESENTATION('',(#11860),#11864);
#11860 = LINE('',#11861,#11862);
#11861 = CARTESIAN_POINT('',(5.,0.));
#11862 = VECTOR('',#11863,1.);
#11863 = DIRECTION('',(0.,1.));
#11864 = ( GEOMETRIC_REPRESENTATION_CONTEXT(2) 
PARAMETRIC_REPRESENTATION_CONTEXT() REPRESENTATION_CONTEXT('2D SPACE',''
  ) );
#11865 = ORIENTED_EDGE('',*,*,#11866,.T.);
#11866 = EDGE_CURVE('',#11844,#5832,#11867,.T.);
#11867 = SURFACE_CURVE('',#11868,(#11872,#11879),.PCURVE_S1.);
#11868 = LINE('',#11869,#11870);
#11869 = CARTESIAN_POINT('',(179.98333333333,88.9,19.8));
#11870 = VECTOR('',#11871,1.);
#11871 = DIRECTION('',(0.,-1.,0.));
#11872 = PCURVE('',#5671,#11873);
#11873 = DEFINITIONAL_REPRESENTATION('',(#11874),#11878);
#11874 = LINE('',#11875,#11876);
#11875 = CARTESIAN_POINT('',(18.533333333333,16.9));
#11876 = VECTOR('',#11877,1.);
#11877 = DIRECTION('',(0.,-1.));
#11878 = ( GEOMETRIC_REPRESENTATION_CONTEXT(2) 
PARAMETRIC_REPRESENTATION_CONTEXT() REPRESENTATION_CONTEXT('2D SPACE',''
  ) );
#11879 = PCURVE('',#5847,#11880);
#11880 = DEFINITIONAL_REPRESENTATION('',(#11881),#11885);
#11881 = LINE('',#11882,#11883);
#11882 = CARTESIAN_POINT('',(0.683942817623,-18.));
#11883 = VECTOR('',#11884,1.);
#11884 = DIRECTION('',(0.,1.));
#11885 = ( GEOMETRIC_REPRESENTATION_CONTEXT(2) 
PARAMETRIC_REPRESENTATION_CONTEXT() REPRESENTATION_CONTEXT('2D SPACE',''
  ) );
#11886 = ORIENTED_EDGE('',*,*,#5859,.T.);
#11887 = ORIENTED_EDGE('',*,*,#5754,.T.);
#11888 = ORIENTED_EDGE('',*,*,#5655,.T.);
#11889 = ORIENTED_EDGE('',*,*,#11890,.F.);
#11890 = EDGE_CURVE('',#11891,#5656,#11893,.T.);
#11891 = VERTEX_POINT('',#11892);
#11892 = CARTESIAN_POINT('',(233.3,76.,19.8));
#11893 = SURFACE_CURVE('',#11894,(#11898,#11905),.PCURVE_S1.);
#11894 = LINE('',#11895,#11896);
#11895 = CARTESIAN_POINT('',(233.3,72.,19.8));
#11896 = VECTOR('',#11897,1.);
#11897 = DIRECTION('',(0.,-1.,0.));
#11898 = PCURVE('',#5671,#11899);
#11899 = DEFINITIONAL_REPRESENTATION('',(#11900),#11904);
#11900 = LINE('',#11901,#11902);
#11901 = CARTESIAN_POINT('',(71.85,0.));
#11902 = VECTOR('',#11903,1.);
#11903 = DIRECTION('',(0.,-1.));
#11904 = ( GEOMETRIC_REPRESENTATION_CONTEXT(2) 
PARAMETRIC_REPRESENTATION_CONTEXT() REPRESENTATION_CONTEXT('2D SPACE',''
  ) );
#11905 = PCURVE('',#10887,#11906);
#11906 = DEFINITIONAL_REPRESENTATION('',(#11907),#11910);
#11907 = B_SPLINE_CURVE_WITH_KNOTS('',1,(#11908,#11909),.UNSPECIFIED.,
  .F.,.F.,(2,2),(-4.,0.),.PIECEWISE_BEZIER_KNOTS.);
#11908 = CARTESIAN_POINT('',(-4.,-0.5));
#11909 = CARTESIAN_POINT('',(0.,-0.5));
#11910 = ( GEOMETRIC_REPRESENTATION_CONTEXT(2) 
PARAMETRIC_REPRESENTATION_CONTEXT() REPRESENTATION_CONTEXT('2D SPACE',''
  ) );
#11911 = ORIENTED_EDGE('',*,*,#11912,.F.);
#11912 = EDGE_CURVE('',#11913,#11891,#11915,.T.);
#11913 = VERTEX_POINT('',#11914);
#11914 = CARTESIAN_POINT('',(238.3,76.,19.8));
#11915 = SURFACE_CURVE('',#11916,(#11920,#11927),.PCURVE_S1.);
#11916 = LINE('',#11917,#11918);
#11917 = CARTESIAN_POINT('',(197.375,76.,19.8));
#11918 = VECTOR('',#11919,1.);
#11919 = DIRECTION('',(-1.,0.,0.));
#11920 = PCURVE('',#5671,#11921);
#11921 = DEFINITIONAL_REPRESENTATION('',(#11922),#11926);
#11922 = LINE('',#11923,#11924);
#11923 = CARTESIAN_POINT('',(35.925,4.));
#11924 = VECTOR('',#11925,1.);
#11925 = DIRECTION('',(-1.,0.));
#11926 = ( GEOMETRIC_REPRESENTATION_CONTEXT(2) 
PARAMETRIC_REPRESENTATION_CONTEXT() REPRESENTATION_CONTEXT('2D SPACE',''
  ) );
#11927 = PCURVE('',#10859,#11928);
#11928 = DEFINITIONAL_REPRESENTATION('',(#11929),#11932);
#11929 = B_SPLINE_CURVE_WITH_KNOTS('',1,(#11930,#11931),.UNSPECIFIED.,
  .F.,.F.,(2,2),(-51.925,-35.925),.PIECEWISE_BEZIER_KNOTS.);
#11930 = CARTESIAN_POINT('',(-16.,-0.5));
#11931 = CARTESIAN_POINT('',(0.,-0.5));
#11932 = ( GEOMETRIC_REPRESENTATION_CONTEXT(2) 
PARAMETRIC_REPRESENTATION_CONTEXT() REPRESENTATION_CONTEXT('2D SPACE',''
  ) );
#11933 = ORIENTED_EDGE('',*,*,#11934,.T.);
#11934 = EDGE_CURVE('',#11913,#11935,#11937,.T.);
#11935 = VERTEX_POINT('',#11936);
#11936 = CARTESIAN_POINT('',(238.3,76.4,19.8));
#11937 = SURFACE_CURVE('',#11938,(#11942,#11949),.PCURVE_S1.);
#11938 = LINE('',#11939,#11940);
#11939 = CARTESIAN_POINT('',(238.3,42.25,19.8));
#11940 = VECTOR('',#11941,1.);
#11941 = DIRECTION('',(-0.,1.,0.));
#11942 = PCURVE('',#5671,#11943);
#11943 = DEFINITIONAL_REPRESENTATION('',(#11944),#11948);
#11944 = LINE('',#11945,#11946);
#11945 = CARTESIAN_POINT('',(76.85,-29.75));
#11946 = VECTOR('',#11947,1.);
#11947 = DIRECTION('',(0.,1.));
#11948 = ( GEOMETRIC_REPRESENTATION_CONTEXT(2) 
PARAMETRIC_REPRESENTATION_CONTEXT() REPRESENTATION_CONTEXT('2D SPACE',''
  ) );
#11949 = PCURVE('',#10831,#11950);
#11950 = DEFINITIONAL_REPRESENTATION('',(#11951),#11954);
#11951 = B_SPLINE_CURVE_WITH_KNOTS('',1,(#11952,#11953),.UNSPECIFIED.,
  .F.,.F.,(2,2),(29.75,34.15),.PIECEWISE_BEZIER_KNOTS.);
#11952 = CARTESIAN_POINT('',(5.,-59.5));
#11953 = CARTESIAN_POINT('',(5.,-63.9));
#11954 = ( GEOMETRIC_REPRESENTATION_CONTEXT(2) 
PARAMETRIC_REPRESENTATION_CONTEXT() REPRESENTATION_CONTEXT('2D SPACE',''
  ) );
#11955 = ORIENTED_EDGE('',*,*,#11956,.F.);
#11956 = EDGE_CURVE('',#11957,#11935,#11959,.T.);
#11957 = VERTEX_POINT('',#11958);
#11958 = CARTESIAN_POINT('',(244.3,76.4,19.8));
#11959 = SURFACE_CURVE('',#11960,(#11964,#11971),.PCURVE_S1.);
#11960 = LINE('',#11961,#11962);
#11961 = CARTESIAN_POINT('',(199.875,76.4,19.8));
#11962 = VECTOR('',#11963,1.);
#11963 = DIRECTION('',(-1.,-0.,0.));
#11964 = PCURVE('',#5671,#11965);
#11965 = DEFINITIONAL_REPRESENTATION('',(#11966),#11970);
#11966 = LINE('',#11967,#11968);
#11967 = CARTESIAN_POINT('',(38.425,4.4));
#11968 = VECTOR('',#11969,1.);
#11969 = DIRECTION('',(-1.,0.));
#11970 = ( GEOMETRIC_REPRESENTATION_CONTEXT(2) 
PARAMETRIC_REPRESENTATION_CONTEXT() REPRESENTATION_CONTEXT('2D SPACE',''
  ) );
#11971 = PCURVE('',#10803,#11972);
#11972 = DEFINITIONAL_REPRESENTATION('',(#11973),#11976);
#11973 = B_SPLINE_CURVE_WITH_KNOTS('',1,(#11974,#11975),.UNSPECIFIED.,
  .F.,.F.,(2,2),(-44.425,-38.425),.PIECEWISE_BEZIER_KNOTS.);
#11974 = CARTESIAN_POINT('',(5.,6.));
#11975 = CARTESIAN_POINT('',(5.,0.));
#11976 = ( GEOMETRIC_REPRESENTATION_CONTEXT(2) 
PARAMETRIC_REPRESENTATION_CONTEXT() REPRESENTATION_CONTEXT('2D SPACE',''
  ) );
#11977 = ORIENTED_EDGE('',*,*,#11978,.F.);
#11978 = EDGE_CURVE('',#11979,#11957,#11981,.T.);
#11979 = VERTEX_POINT('',#11980);
#11980 = CARTESIAN_POINT('',(244.3,76.,19.8));
#11981 = SURFACE_CURVE('',#11982,(#11986,#11993),.PCURVE_S1.);
#11982 = LINE('',#11983,#11984);
#11983 = CARTESIAN_POINT('',(244.3,42.25,19.8));
#11984 = VECTOR('',#11985,1.);
#11985 = DIRECTION('',(-0.,1.,0.));
#11986 = PCURVE('',#5671,#11987);
#11987 = DEFINITIONAL_REPRESENTATION('',(#11988),#11992);
#11988 = LINE('',#11989,#11990);
#11989 = CARTESIAN_POINT('',(82.85,-29.75));
#11990 = VECTOR('',#11991,1.);
#11991 = DIRECTION('',(0.,1.));
#11992 = ( GEOMETRIC_REPRESENTATION_CONTEXT(2) 
PARAMETRIC_REPRESENTATION_CONTEXT() REPRESENTATION_CONTEXT('2D SPACE',''
  ) );
#11993 = PCURVE('',#10775,#11994);
#11994 = DEFINITIONAL_REPRESENTATION('',(#11995),#11998);
#11995 = B_SPLINE_CURVE_WITH_KNOTS('',1,(#11996,#11997),.UNSPECIFIED.,
  .F.,.F.,(2,2),(29.75,34.15),.PIECEWISE_BEZIER_KNOTS.);
#11996 = CARTESIAN_POINT('',(5.,-59.5));
#11997 = CARTESIAN_POINT('',(5.,-63.9));
#11998 = ( GEOMETRIC_REPRESENTATION_CONTEXT(2) 
PARAMETRIC_REPRESENTATION_CONTEXT() REPRESENTATION_CONTEXT('2D SPACE',''
  ) );
#11999 = ORIENTED_EDGE('',*,*,#12000,.F.);
#12000 = EDGE_CURVE('',#12001,#11979,#12003,.T.);
#12001 = VERTEX_POINT('',#12002);
#12002 = CARTESIAN_POINT('',(249.3,76.,19.8));
#12003 = SURFACE_CURVE('',#12004,(#12008,#12015),.PCURVE_S1.);
#12004 = LINE('',#12005,#12006);
#12005 = CARTESIAN_POINT('',(197.375,76.,19.8));
#12006 = VECTOR('',#12007,1.);
#12007 = DIRECTION('',(-1.,0.,0.));
#12008 = PCURVE('',#5671,#12009);
#12009 = DEFINITIONAL_REPRESENTATION('',(#12010),#12014);
#12010 = LINE('',#12011,#12012);
#12011 = CARTESIAN_POINT('',(35.925,4.));
#12012 = VECTOR('',#12013,1.);
#12013 = DIRECTION('',(-1.,0.));
#12014 = ( GEOMETRIC_REPRESENTATION_CONTEXT(2) 
PARAMETRIC_REPRESENTATION_CONTEXT() REPRESENTATION_CONTEXT('2D SPACE',''
  ) );
#12015 = PCURVE('',#10747,#12016);
#12016 = DEFINITIONAL_REPRESENTATION('',(#12017),#12020);
#12017 = B_SPLINE_CURVE_WITH_KNOTS('',1,(#12018,#12019),.UNSPECIFIED.,
  .F.,.F.,(2,2),(-51.925,-35.925),.PIECEWISE_BEZIER_KNOTS.);
#12018 = CARTESIAN_POINT('',(-16.,-0.5));
#12019 = CARTESIAN_POINT('',(0.,-0.5));
#12020 = ( GEOMETRIC_REPRESENTATION_CONTEXT(2) 
PARAMETRIC_REPRESENTATION_CONTEXT() REPRESENTATION_CONTEXT('2D SPACE',''
  ) );
#12021 = ORIENTED_EDGE('',*,*,#12022,.F.);
#12022 = EDGE_CURVE('',#7002,#12001,#12023,.T.);
#12023 = SURFACE_CURVE('',#12024,(#12028,#12035),.PCURVE_S1.);
#12024 = LINE('',#12025,#12026);
#12025 = CARTESIAN_POINT('',(249.3,74.,19.8));
#12026 = VECTOR('',#12027,1.);
#12027 = DIRECTION('',(0.,1.,0.));
#12028 = PCURVE('',#5671,#12029);
#12029 = DEFINITIONAL_REPRESENTATION('',(#12030),#12034);
#12030 = LINE('',#12031,#12032);
#12031 = CARTESIAN_POINT('',(87.85,2.));
#12032 = VECTOR('',#12033,1.);
#12033 = DIRECTION('',(0.,1.));
#12034 = ( GEOMETRIC_REPRESENTATION_CONTEXT(2) 
PARAMETRIC_REPRESENTATION_CONTEXT() REPRESENTATION_CONTEXT('2D SPACE',''
  ) );
#12035 = PCURVE('',#10719,#12036);
#12036 = DEFINITIONAL_REPRESENTATION('',(#12037),#12040);
#12037 = B_SPLINE_CURVE_WITH_KNOTS('',1,(#12038,#12039),.UNSPECIFIED.,
  .F.,.F.,(2,2),(-2.,2.),.PIECEWISE_BEZIER_KNOTS.);
#12038 = CARTESIAN_POINT('',(-4.,-0.5));
#12039 = CARTESIAN_POINT('',(0.,-0.5));
#12040 = ( GEOMETRIC_REPRESENTATION_CONTEXT(2) 
PARAMETRIC_REPRESENTATION_CONTEXT() REPRESENTATION_CONTEXT('2D SPACE',''
  ) );
#12041 = FACE_BOUND('',#12042,.T.);
#12042 = EDGE_LOOP('',(#12043,#12044,#12045,#12046));
#12043 = ORIENTED_EDGE('',*,*,#8671,.F.);
#12044 = ORIENTED_EDGE('',*,*,#8721,.T.);
#12045 = ORIENTED_EDGE('',*,*,#8790,.F.);
#12046 = ORIENTED_EDGE('',*,*,#8768,.F.);
#12047 = FACE_BOUND('',#12048,.T.);
#12048 = EDGE_LOOP('',(#12049,#12050,#12051,#12052));
#12049 = ORIENTED_EDGE('',*,*,#8863,.F.);
#12050 = ORIENTED_EDGE('',*,*,#8913,.T.);
#12051 = ORIENTED_EDGE('',*,*,#8982,.F.);
#12052 = ORIENTED_EDGE('',*,*,#8960,.F.);
#12053 = FACE_BOUND('',#12054,.T.);
#12054 = EDGE_LOOP('',(#12055,#12056,#12057,#12058,#12059,#12060,#12061,
    #12062));
#12055 = ORIENTED_EDGE('',*,*,#7897,.F.);
#12056 = ORIENTED_EDGE('',*,*,#7922,.T.);
#12057 = ORIENTED_EDGE('',*,*,#8041,.F.);
#12058 = ORIENTED_EDGE('',*,*,#8118,.F.);
#12059 = ORIENTED_EDGE('',*,*,#8213,.F.);
#12060 = ORIENTED_EDGE('',*,*,#8163,.F.);
#12061 = ORIENTED_EDGE('',*,*,#8091,.F.);
#12062 = ORIENTED_EDGE('',*,*,#7971,.T.);
#12063 = FACE_BOUND('',#12064,.T.);
#12064 = EDGE_LOOP('',(#12065,#12066,#12067,#12068,#12069,#12070,#12071,
    #12072));
#12065 = ORIENTED_EDGE('',*,*,#8285,.F.);
#12066 = ORIENTED_EDGE('',*,*,#8310,.T.);
#12067 = ORIENTED_EDGE('',*,*,#8429,.F.);
#12068 = ORIENTED_EDGE('',*,*,#8506,.F.);
#12069 = ORIENTED_EDGE('',*,*,#8601,.F.);
#12070 = ORIENTED_EDGE('',*,*,#8551,.F.);
#12071 = ORIENTED_EDGE('',*,*,#8479,.F.);
#12072 = ORIENTED_EDGE('',*,*,#8359,.T.);
#12073 = FACE_BOUND('',#12074,.T.);
#12074 = EDGE_LOOP('',(#12075,#12076,#12077,#12078,#12079,#12080,#12081,
    #12082));
#12075 = ORIENTED_EDGE('',*,*,#9057,.F.);
#12076 = ORIENTED_EDGE('',*,*,#9082,.T.);
#12077 = ORIENTED_EDGE('',*,*,#9201,.F.);
#12078 = ORIENTED_EDGE('',*,*,#9278,.F.);
#12079 = ORIENTED_EDGE('',*,*,#9373,.F.);
#12080 = ORIENTED_EDGE('',*,*,#9323,.F.);
#12081 = ORIENTED_EDGE('',*,*,#9251,.F.);
#12082 = ORIENTED_EDGE('',*,*,#9131,.T.);
#12083 = FACE_BOUND('',#12084,.T.);
#12084 = EDGE_LOOP('',(#12085,#12086,#12087,#12088,#12089,#12090,#12091,
    #12092));
#12085 = ORIENTED_EDGE('',*,*,#9445,.F.);
#12086 = ORIENTED_EDGE('',*,*,#9470,.T.);
#12087 = ORIENTED_EDGE('',*,*,#9589,.F.);
#12088 = ORIENTED_EDGE('',*,*,#9666,.F.);
#12089 = ORIENTED_EDGE('',*,*,#9761,.F.);
#12090 = ORIENTED_EDGE('',*,*,#9711,.F.);
#12091 = ORIENTED_EDGE('',*,*,#9639,.F.);
#12092 = ORIENTED_EDGE('',*,*,#9519,.T.);
#12093 = ADVANCED_FACE('',(#12094),#5819,.T.);
#12094 = FACE_BOUND('',#12095,.T.);
#12095 = EDGE_LOOP('',(#12096,#12097,#12120,#12141,#12142,#12143,#12144,
    #12145,#12146,#12147));
#12096 = ORIENTED_EDGE('',*,*,#5803,.F.);
#12097 = ORIENTED_EDGE('',*,*,#12098,.T.);
#12098 = EDGE_CURVE('',#5804,#12099,#12101,.T.);
#12099 = VERTEX_POINT('',#12100);
#12100 = CARTESIAN_POINT('',(173.45,88.9,26.8));
#12101 = SURFACE_CURVE('',#12102,(#12106,#12113),.PCURVE_S1.);
#12102 = LINE('',#12103,#12104);
#12103 = CARTESIAN_POINT('',(173.45,70.9,26.8));
#12104 = VECTOR('',#12105,1.);
#12105 = DIRECTION('',(0.,1.,0.));
#12106 = PCURVE('',#5819,#12107);
#12107 = DEFINITIONAL_REPRESENTATION('',(#12108),#12112);
#12108 = LINE('',#12109,#12110);
#12109 = CARTESIAN_POINT('',(0.,0.));
#12110 = VECTOR('',#12111,1.);
#12111 = DIRECTION('',(0.,-1.));
#12112 = ( GEOMETRIC_REPRESENTATION_CONTEXT(2) 
PARAMETRIC_REPRESENTATION_CONTEXT() REPRESENTATION_CONTEXT('2D SPACE',''
  ) );
#12113 = PCURVE('',#5847,#12114);
#12114 = DEFINITIONAL_REPRESENTATION('',(#12115),#12119);
#12115 = LINE('',#12116,#12117);
#12116 = CARTESIAN_POINT('',(10.259142264342,0.));
#12117 = VECTOR('',#12118,1.);
#12118 = DIRECTION('',(0.,-1.));
#12119 = ( GEOMETRIC_REPRESENTATION_CONTEXT(2) 
PARAMETRIC_REPRESENTATION_CONTEXT() REPRESENTATION_CONTEXT('2D SPACE',''
  ) );
#12120 = ORIENTED_EDGE('',*,*,#12121,.T.);
#12121 = EDGE_CURVE('',#12099,#6245,#12122,.T.);
#12122 = SURFACE_CURVE('',#12123,(#12127,#12134),.PCURVE_S1.);
#12123 = LINE('',#12124,#12125);
#12124 = CARTESIAN_POINT('',(173.45,88.9,26.8));
#12125 = VECTOR('',#12126,1.);
#12126 = DIRECTION('',(-1.,0.,0.));
#12127 = PCURVE('',#5819,#12128);
#12128 = DEFINITIONAL_REPRESENTATION('',(#12129),#12133);
#12129 = LINE('',#12130,#12131);
#12130 = CARTESIAN_POINT('',(0.,-18.));
#12131 = VECTOR('',#12132,1.);
#12132 = DIRECTION('',(1.,0.));
#12133 = ( GEOMETRIC_REPRESENTATION_CONTEXT(2) 
PARAMETRIC_REPRESENTATION_CONTEXT() REPRESENTATION_CONTEXT('2D SPACE',''
  ) );
#12134 = PCURVE('',#6260,#12135);
#12135 = DEFINITIONAL_REPRESENTATION('',(#12136),#12140);
#12136 = LINE('',#12137,#12138);
#12137 = CARTESIAN_POINT('',(12.,12.));
#12138 = VECTOR('',#12139,1.);
#12139 = DIRECTION('',(0.,-1.));
#12140 = ( GEOMETRIC_REPRESENTATION_CONTEXT(2) 
PARAMETRIC_REPRESENTATION_CONTEXT() REPRESENTATION_CONTEXT('2D SPACE',''
  ) );
#12141 = ORIENTED_EDGE('',*,*,#6272,.F.);
#12142 = ORIENTED_EDGE('',*,*,#6122,.T.);
#12143 = ORIENTED_EDGE('',*,*,#6075,.T.);
#12144 = ORIENTED_EDGE('',*,*,#6028,.T.);
#12145 = ORIENTED_EDGE('',*,*,#5981,.T.);
#12146 = ORIENTED_EDGE('',*,*,#5934,.T.);
#12147 = ORIENTED_EDGE('',*,*,#5907,.F.);
#12148 = ADVANCED_FACE('',(#12149),#5847,.T.);
#12149 = FACE_BOUND('',#12150,.T.);
#12150 = EDGE_LOOP('',(#12151,#12152,#12153,#12174));
#12151 = ORIENTED_EDGE('',*,*,#5831,.F.);
#12152 = ORIENTED_EDGE('',*,*,#11866,.F.);
#12153 = ORIENTED_EDGE('',*,*,#12154,.T.);
#12154 = EDGE_CURVE('',#11844,#12099,#12155,.T.);
#12155 = SURFACE_CURVE('',#12156,(#12160,#12167),.PCURVE_S1.);
#12156 = LINE('',#12157,#12158);
#12157 = CARTESIAN_POINT('',(180.45,88.9,19.3));
#12158 = VECTOR('',#12159,1.);
#12159 = DIRECTION('',(-0.68231825036,0.,0.731055268243));
#12160 = PCURVE('',#5847,#12161);
#12161 = DEFINITIONAL_REPRESENTATION('',(#12162),#12166);
#12162 = LINE('',#12163,#12164);
#12163 = CARTESIAN_POINT('',(0.,-18.));
#12164 = VECTOR('',#12165,1.);
#12165 = DIRECTION('',(1.,0.));
#12166 = ( GEOMETRIC_REPRESENTATION_CONTEXT(2) 
PARAMETRIC_REPRESENTATION_CONTEXT() REPRESENTATION_CONTEXT('2D SPACE',''
  ) );
#12167 = PCURVE('',#6260,#12168);
#12168 = DEFINITIONAL_REPRESENTATION('',(#12169),#12173);
#12169 = LINE('',#12170,#12171);
#12170 = CARTESIAN_POINT('',(4.5,19.));
#12171 = VECTOR('',#12172,1.);
#12172 = DIRECTION('',(0.731055268243,-0.68231825036));
#12173 = ( GEOMETRIC_REPRESENTATION_CONTEXT(2) 
PARAMETRIC_REPRESENTATION_CONTEXT() REPRESENTATION_CONTEXT('2D SPACE',''
  ) );
#12174 = ORIENTED_EDGE('',*,*,#12098,.F.);
#12175 = ADVANCED_FACE('',(#12176),#6260,.T.);
#12176 = FACE_BOUND('',#12177,.T.);
#12177 = EDGE_LOOP('',(#12178,#12179,#12200,#12201,#12202,#12203,#12204,
    #12227,#12255,#12276,#12277,#12300,#12328,#12349,#12350,#12373,
    #12401,#12422,#12423,#12446,#12474,#12495,#12496,#12519,#12547,
    #12568,#12569,#12592,#12620,#12641,#12642,#12665));
#12178 = ORIENTED_EDGE('',*,*,#6445,.F.);
#12179 = ORIENTED_EDGE('',*,*,#12180,.F.);
#12180 = EDGE_CURVE('',#6219,#6425,#12181,.T.);
#12181 = SURFACE_CURVE('',#12182,(#12186,#12193),.PCURVE_S1.);
#12182 = LINE('',#12183,#12184);
#12183 = CARTESIAN_POINT('',(160.45,88.9,0.6));
#12184 = VECTOR('',#12185,1.);
#12185 = DIRECTION('',(1.,0.,0.));
#12186 = PCURVE('',#6260,#12187);
#12187 = DEFINITIONAL_REPRESENTATION('',(#12188),#12192);
#12188 = LINE('',#12189,#12190);
#12189 = CARTESIAN_POINT('',(-14.2,-1.));
#12190 = VECTOR('',#12191,1.);
#12191 = DIRECTION('',(0.,1.));
#12192 = ( GEOMETRIC_REPRESENTATION_CONTEXT(2) 
PARAMETRIC_REPRESENTATION_CONTEXT() REPRESENTATION_CONTEXT('2D SPACE',''
  ) );
#12193 = PCURVE('',#6233,#12194);
#12194 = DEFINITIONAL_REPRESENTATION('',(#12195),#12199);
#12195 = LINE('',#12196,#12197);
#12196 = CARTESIAN_POINT('',(0.855628424025,0.));
#12197 = VECTOR('',#12198,1.);
#12198 = DIRECTION('',(0.,-1.));
#12199 = ( GEOMETRIC_REPRESENTATION_CONTEXT(2) 
PARAMETRIC_REPRESENTATION_CONTEXT() REPRESENTATION_CONTEXT('2D SPACE',''
  ) );
#12200 = ORIENTED_EDGE('',*,*,#6244,.F.);
#12201 = ORIENTED_EDGE('',*,*,#12121,.F.);
#12202 = ORIENTED_EDGE('',*,*,#12154,.F.);
#12203 = ORIENTED_EDGE('',*,*,#11843,.T.);
#12204 = ORIENTED_EDGE('',*,*,#12205,.T.);
#12205 = EDGE_CURVE('',#11817,#12206,#12208,.T.);
#12206 = VERTEX_POINT('',#12207);
#12207 = CARTESIAN_POINT('',(191.4,88.9,26.8));
#12208 = SURFACE_CURVE('',#12209,(#12213,#12220),.PCURVE_S1.);
#12209 = LINE('',#12210,#12211);
#12210 = CARTESIAN_POINT('',(191.4,88.9,19.3));
#12211 = VECTOR('',#12212,1.);
#12212 = DIRECTION('',(0.,0.,1.));
#12213 = PCURVE('',#6260,#12214);
#12214 = DEFINITIONAL_REPRESENTATION('',(#12215),#12219);
#12215 = LINE('',#12216,#12217);
#12216 = CARTESIAN_POINT('',(4.5,29.95));
#12217 = VECTOR('',#12218,1.);
#12218 = DIRECTION('',(1.,0.));
#12219 = ( GEOMETRIC_REPRESENTATION_CONTEXT(2) 
PARAMETRIC_REPRESENTATION_CONTEXT() REPRESENTATION_CONTEXT('2D SPACE',''
  ) );
#12220 = PCURVE('',#11832,#12221);
#12221 = DEFINITIONAL_REPRESENTATION('',(#12222),#12226);
#12222 = LINE('',#12223,#12224);
#12223 = CARTESIAN_POINT('',(-2.579310327223,-6.580449034634));
#12224 = VECTOR('',#12225,1.);
#12225 = DIRECTION('',(1.,0.));
#12226 = ( GEOMETRIC_REPRESENTATION_CONTEXT(2) 
PARAMETRIC_REPRESENTATION_CONTEXT() REPRESENTATION_CONTEXT('2D SPACE',''
  ) );
#12227 = ORIENTED_EDGE('',*,*,#12228,.T.);
#12228 = EDGE_CURVE('',#12206,#12229,#12231,.T.);
#12229 = VERTEX_POINT('',#12230);
#12230 = CARTESIAN_POINT('',(194.6,88.9,26.8));
#12231 = SURFACE_CURVE('',#12232,(#12236,#12243),.PCURVE_S1.);
#12232 = LINE('',#12233,#12234);
#12233 = CARTESIAN_POINT('',(191.4,88.9,26.8));
#12234 = VECTOR('',#12235,1.);
#12235 = DIRECTION('',(1.,0.,0.));
#12236 = PCURVE('',#6260,#12237);
#12237 = DEFINITIONAL_REPRESENTATION('',(#12238),#12242);
#12238 = LINE('',#12239,#12240);
#12239 = CARTESIAN_POINT('',(12.,29.95));
#12240 = VECTOR('',#12241,1.);
#12241 = DIRECTION('',(0.,1.));
#12242 = ( GEOMETRIC_REPRESENTATION_CONTEXT(2) 
PARAMETRIC_REPRESENTATION_CONTEXT() REPRESENTATION_CONTEXT('2D SPACE',''
  ) );
#12243 = PCURVE('',#12244,#12249);
#12244 = PLANE('',#12245);
#12245 = AXIS2_PLACEMENT_3D('',#12246,#12247,#12248);
#12246 = CARTESIAN_POINT('',(191.4,88.9,26.8));
#12247 = DIRECTION('',(0.,0.,-1.));
#12248 = DIRECTION('',(0.,-1.,0.));
#12249 = DEFINITIONAL_REPRESENTATION('',(#12250),#12254);
#12250 = LINE('',#12251,#12252);
#12251 = CARTESIAN_POINT('',(0.,-0.));
#12252 = VECTOR('',#12253,1.);
#12253 = DIRECTION('',(0.,-1.));
#12254 = ( GEOMETRIC_REPRESENTATION_CONTEXT(2) 
PARAMETRIC_REPRESENTATION_CONTEXT() REPRESENTATION_CONTEXT('2D SPACE',''
  ) );
#12255 = ORIENTED_EDGE('',*,*,#12256,.F.);
#12256 = EDGE_CURVE('',#11740,#12229,#12257,.T.);
#12257 = SURFACE_CURVE('',#12258,(#12262,#12269),.PCURVE_S1.);
#12258 = LINE('',#12259,#12260);
#12259 = CARTESIAN_POINT('',(194.6,88.9,19.3));
#12260 = VECTOR('',#12261,1.);
#12261 = DIRECTION('',(0.,0.,1.));
#12262 = PCURVE('',#6260,#12263);
#12263 = DEFINITIONAL_REPRESENTATION('',(#12264),#12268);
#12264 = LINE('',#12265,#12266);
#12265 = CARTESIAN_POINT('',(4.5,33.15));
#12266 = VECTOR('',#12267,1.);
#12267 = DIRECTION('',(1.,0.));
#12268 = ( GEOMETRIC_REPRESENTATION_CONTEXT(2) 
PARAMETRIC_REPRESENTATION_CONTEXT() REPRESENTATION_CONTEXT('2D SPACE',''
  ) );
#12269 = PCURVE('',#11778,#12270);
#12270 = DEFINITIONAL_REPRESENTATION('',(#12271),#12275);
#12271 = LINE('',#12272,#12273);
#12272 = CARTESIAN_POINT('',(-2.579310327223,-6.580449034634));
#12273 = VECTOR('',#12274,1.);
#12274 = DIRECTION('',(1.,0.));
#12275 = ( GEOMETRIC_REPRESENTATION_CONTEXT(2) 
PARAMETRIC_REPRESENTATION_CONTEXT() REPRESENTATION_CONTEXT('2D SPACE',''
  ) );
#12276 = ORIENTED_EDGE('',*,*,#11739,.T.);
#12277 = ORIENTED_EDGE('',*,*,#12278,.T.);
#12278 = EDGE_CURVE('',#11713,#12279,#12281,.T.);
#12279 = VERTEX_POINT('',#12280);
#12280 = CARTESIAN_POINT('',(214.,88.9,26.8));
#12281 = SURFACE_CURVE('',#12282,(#12286,#12293),.PCURVE_S1.);
#12282 = LINE('',#12283,#12284);
#12283 = CARTESIAN_POINT('',(214.,88.9,19.3));
#12284 = VECTOR('',#12285,1.);
#12285 = DIRECTION('',(0.,0.,1.));
#12286 = PCURVE('',#6260,#12287);
#12287 = DEFINITIONAL_REPRESENTATION('',(#12288),#12292);
#12288 = LINE('',#12289,#12290);
#12289 = CARTESIAN_POINT('',(4.5,52.55));
#12290 = VECTOR('',#12291,1.);
#12291 = DIRECTION('',(1.,0.));
#12292 = ( GEOMETRIC_REPRESENTATION_CONTEXT(2) 
PARAMETRIC_REPRESENTATION_CONTEXT() REPRESENTATION_CONTEXT('2D SPACE',''
  ) );
#12293 = PCURVE('',#11728,#12294);
#12294 = DEFINITIONAL_REPRESENTATION('',(#12295),#12299);
#12295 = LINE('',#12296,#12297);
#12296 = CARTESIAN_POINT('',(-2.579310327223,-6.580449034634));
#12297 = VECTOR('',#12298,1.);
#12298 = DIRECTION('',(1.,0.));
#12299 = ( GEOMETRIC_REPRESENTATION_CONTEXT(2) 
PARAMETRIC_REPRESENTATION_CONTEXT() REPRESENTATION_CONTEXT('2D SPACE',''
  ) );
#12300 = ORIENTED_EDGE('',*,*,#12301,.T.);
#12301 = EDGE_CURVE('',#12279,#12302,#12304,.T.);
#12302 = VERTEX_POINT('',#12303);
#12303 = CARTESIAN_POINT('',(217.2,88.9,26.8));
#12304 = SURFACE_CURVE('',#12305,(#12309,#12316),.PCURVE_S1.);
#12305 = LINE('',#12306,#12307);
#12306 = CARTESIAN_POINT('',(214.,88.9,26.8));
#12307 = VECTOR('',#12308,1.);
#12308 = DIRECTION('',(1.,0.,0.));
#12309 = PCURVE('',#6260,#12310);
#12310 = DEFINITIONAL_REPRESENTATION('',(#12311),#12315);
#12311 = LINE('',#12312,#12313);
#12312 = CARTESIAN_POINT('',(12.,52.55));
#12313 = VECTOR('',#12314,1.);
#12314 = DIRECTION('',(0.,1.));
#12315 = ( GEOMETRIC_REPRESENTATION_CONTEXT(2) 
PARAMETRIC_REPRESENTATION_CONTEXT() REPRESENTATION_CONTEXT('2D SPACE',''
  ) );
#12316 = PCURVE('',#12317,#12322);
#12317 = PLANE('',#12318);
#12318 = AXIS2_PLACEMENT_3D('',#12319,#12320,#12321);
#12319 = CARTESIAN_POINT('',(214.,88.9,26.8));
#12320 = DIRECTION('',(0.,0.,-1.));
#12321 = DIRECTION('',(0.,-1.,0.));
#12322 = DEFINITIONAL_REPRESENTATION('',(#12323),#12327);
#12323 = LINE('',#12324,#12325);
#12324 = CARTESIAN_POINT('',(0.,-0.));
#12325 = VECTOR('',#12326,1.);
#12326 = DIRECTION('',(0.,-1.));
#12327 = ( GEOMETRIC_REPRESENTATION_CONTEXT(2) 
PARAMETRIC_REPRESENTATION_CONTEXT() REPRESENTATION_CONTEXT('2D SPACE',''
  ) );
#12328 = ORIENTED_EDGE('',*,*,#12329,.F.);
#12329 = EDGE_CURVE('',#11636,#12302,#12330,.T.);
#12330 = SURFACE_CURVE('',#12331,(#12335,#12342),.PCURVE_S1.);
#12331 = LINE('',#12332,#12333);
#12332 = CARTESIAN_POINT('',(217.2,88.9,19.3));
#12333 = VECTOR('',#12334,1.);
#12334 = DIRECTION('',(0.,0.,1.));
#12335 = PCURVE('',#6260,#12336);
#12336 = DEFINITIONAL_REPRESENTATION('',(#12337),#12341);
#12337 = LINE('',#12338,#12339);
#12338 = CARTESIAN_POINT('',(4.5,55.75));
#12339 = VECTOR('',#12340,1.);
#12340 = DIRECTION('',(1.,0.));
#12341 = ( GEOMETRIC_REPRESENTATION_CONTEXT(2) 
PARAMETRIC_REPRESENTATION_CONTEXT() REPRESENTATION_CONTEXT('2D SPACE',''
  ) );
#12342 = PCURVE('',#11674,#12343);
#12343 = DEFINITIONAL_REPRESENTATION('',(#12344),#12348);
#12344 = LINE('',#12345,#12346);
#12345 = CARTESIAN_POINT('',(-2.579310327223,-6.580449034634));
#12346 = VECTOR('',#12347,1.);
#12347 = DIRECTION('',(1.,0.));
#12348 = ( GEOMETRIC_REPRESENTATION_CONTEXT(2) 
PARAMETRIC_REPRESENTATION_CONTEXT() REPRESENTATION_CONTEXT('2D SPACE',''
  ) );
#12349 = ORIENTED_EDGE('',*,*,#11635,.T.);
#12350 = ORIENTED_EDGE('',*,*,#12351,.T.);
#12351 = EDGE_CURVE('',#11609,#12352,#12354,.T.);
#12352 = VERTEX_POINT('',#12353);
#12353 = CARTESIAN_POINT('',(230.,88.9,26.8));
#12354 = SURFACE_CURVE('',#12355,(#12359,#12366),.PCURVE_S1.);
#12355 = LINE('',#12356,#12357);
#12356 = CARTESIAN_POINT('',(230.,88.9,19.3));
#12357 = VECTOR('',#12358,1.);
#12358 = DIRECTION('',(0.,0.,1.));
#12359 = PCURVE('',#6260,#12360);
#12360 = DEFINITIONAL_REPRESENTATION('',(#12361),#12365);
#12361 = LINE('',#12362,#12363);
#12362 = CARTESIAN_POINT('',(4.5,68.55));
#12363 = VECTOR('',#12364,1.);
#12364 = DIRECTION('',(1.,0.));
#12365 = ( GEOMETRIC_REPRESENTATION_CONTEXT(2) 
PARAMETRIC_REPRESENTATION_CONTEXT() REPRESENTATION_CONTEXT('2D SPACE',''
  ) );
#12366 = PCURVE('',#11624,#12367);
#12367 = DEFINITIONAL_REPRESENTATION('',(#12368),#12372);
#12368 = LINE('',#12369,#12370);
#12369 = CARTESIAN_POINT('',(-2.579310327223,-6.580449034634));
#12370 = VECTOR('',#12371,1.);
#12371 = DIRECTION('',(1.,0.));
#12372 = ( GEOMETRIC_REPRESENTATION_CONTEXT(2) 
PARAMETRIC_REPRESENTATION_CONTEXT() REPRESENTATION_CONTEXT('2D SPACE',''
  ) );
#12373 = ORIENTED_EDGE('',*,*,#12374,.T.);
#12374 = EDGE_CURVE('',#12352,#12375,#12377,.T.);
#12375 = VERTEX_POINT('',#12376);
#12376 = CARTESIAN_POINT('',(233.2,88.9,26.8));
#12377 = SURFACE_CURVE('',#12378,(#12382,#12389),.PCURVE_S1.);
#12378 = LINE('',#12379,#12380);
#12379 = CARTESIAN_POINT('',(230.,88.9,26.8));
#12380 = VECTOR('',#12381,1.);
#12381 = DIRECTION('',(1.,0.,0.));
#12382 = PCURVE('',#6260,#12383);
#12383 = DEFINITIONAL_REPRESENTATION('',(#12384),#12388);
#12384 = LINE('',#12385,#12386);
#12385 = CARTESIAN_POINT('',(12.,68.55));
#12386 = VECTOR('',#12387,1.);
#12387 = DIRECTION('',(0.,1.));
#12388 = ( GEOMETRIC_REPRESENTATION_CONTEXT(2) 
PARAMETRIC_REPRESENTATION_CONTEXT() REPRESENTATION_CONTEXT('2D SPACE',''
  ) );
#12389 = PCURVE('',#12390,#12395);
#12390 = PLANE('',#12391);
#12391 = AXIS2_PLACEMENT_3D('',#12392,#12393,#12394);
#12392 = CARTESIAN_POINT('',(230.,88.9,26.8));
#12393 = DIRECTION('',(0.,0.,-1.));
#12394 = DIRECTION('',(0.,-1.,0.));
#12395 = DEFINITIONAL_REPRESENTATION('',(#12396),#12400);
#12396 = LINE('',#12397,#12398);
#12397 = CARTESIAN_POINT('',(0.,-0.));
#12398 = VECTOR('',#12399,1.);
#12399 = DIRECTION('',(0.,-1.));
#12400 = ( GEOMETRIC_REPRESENTATION_CONTEXT(2) 
PARAMETRIC_REPRESENTATION_CONTEXT() REPRESENTATION_CONTEXT('2D SPACE',''
  ) );
#12401 = ORIENTED_EDGE('',*,*,#12402,.F.);
#12402 = EDGE_CURVE('',#11532,#12375,#12403,.T.);
#12403 = SURFACE_CURVE('',#12404,(#12408,#12415),.PCURVE_S1.);
#12404 = LINE('',#12405,#12406);
#12405 = CARTESIAN_POINT('',(233.2,88.9,19.3));
#12406 = VECTOR('',#12407,1.);
#12407 = DIRECTION('',(0.,0.,1.));
#12408 = PCURVE('',#6260,#12409);
#12409 = DEFINITIONAL_REPRESENTATION('',(#12410),#12414);
#12410 = LINE('',#12411,#12412);
#12411 = CARTESIAN_POINT('',(4.5,71.75));
#12412 = VECTOR('',#12413,1.);
#12413 = DIRECTION('',(1.,0.));
#12414 = ( GEOMETRIC_REPRESENTATION_CONTEXT(2) 
PARAMETRIC_REPRESENTATION_CONTEXT() REPRESENTATION_CONTEXT('2D SPACE',''
  ) );
#12415 = PCURVE('',#11570,#12416);
#12416 = DEFINITIONAL_REPRESENTATION('',(#12417),#12421);
#12417 = LINE('',#12418,#12419);
#12418 = CARTESIAN_POINT('',(-2.579310327223,-6.580449034634));
#12419 = VECTOR('',#12420,1.);
#12420 = DIRECTION('',(1.,0.));
#12421 = ( GEOMETRIC_REPRESENTATION_CONTEXT(2) 
PARAMETRIC_REPRESENTATION_CONTEXT() REPRESENTATION_CONTEXT('2D SPACE',''
  ) );
#12422 = ORIENTED_EDGE('',*,*,#11531,.T.);
#12423 = ORIENTED_EDGE('',*,*,#12424,.T.);
#12424 = EDGE_CURVE('',#11505,#12425,#12427,.T.);
#12425 = VERTEX_POINT('',#12426);
#12426 = CARTESIAN_POINT('',(250.2,88.9,26.8));
#12427 = SURFACE_CURVE('',#12428,(#12432,#12439),.PCURVE_S1.);
#12428 = LINE('',#12429,#12430);
#12429 = CARTESIAN_POINT('',(250.2,88.9,19.3));
#12430 = VECTOR('',#12431,1.);
#12431 = DIRECTION('',(0.,0.,1.));
#12432 = PCURVE('',#6260,#12433);
#12433 = DEFINITIONAL_REPRESENTATION('',(#12434),#12438);
#12434 = LINE('',#12435,#12436);
#12435 = CARTESIAN_POINT('',(4.5,88.75));
#12436 = VECTOR('',#12437,1.);
#12437 = DIRECTION('',(1.,0.));
#12438 = ( GEOMETRIC_REPRESENTATION_CONTEXT(2) 
PARAMETRIC_REPRESENTATION_CONTEXT() REPRESENTATION_CONTEXT('2D SPACE',''
  ) );
#12439 = PCURVE('',#11520,#12440);
#12440 = DEFINITIONAL_REPRESENTATION('',(#12441),#12445);
#12441 = LINE('',#12442,#12443);
#12442 = CARTESIAN_POINT('',(-2.579310327223,-6.580449034634));
#12443 = VECTOR('',#12444,1.);
#12444 = DIRECTION('',(1.,0.));
#12445 = ( GEOMETRIC_REPRESENTATION_CONTEXT(2) 
PARAMETRIC_REPRESENTATION_CONTEXT() REPRESENTATION_CONTEXT('2D SPACE',''
  ) );
#12446 = ORIENTED_EDGE('',*,*,#12447,.T.);
#12447 = EDGE_CURVE('',#12425,#12448,#12450,.T.);
#12448 = VERTEX_POINT('',#12449);
#12449 = CARTESIAN_POINT('',(253.4,88.9,26.8));
#12450 = SURFACE_CURVE('',#12451,(#12455,#12462),.PCURVE_S1.);
#12451 = LINE('',#12452,#12453);
#12452 = CARTESIAN_POINT('',(250.2,88.9,26.8));
#12453 = VECTOR('',#12454,1.);
#12454 = DIRECTION('',(1.,0.,0.));
#12455 = PCURVE('',#6260,#12456);
#12456 = DEFINITIONAL_REPRESENTATION('',(#12457),#12461);
#12457 = LINE('',#12458,#12459);
#12458 = CARTESIAN_POINT('',(12.,88.75));
#12459 = VECTOR('',#12460,1.);
#12460 = DIRECTION('',(0.,1.));
#12461 = ( GEOMETRIC_REPRESENTATION_CONTEXT(2) 
PARAMETRIC_REPRESENTATION_CONTEXT() REPRESENTATION_CONTEXT('2D SPACE',''
  ) );
#12462 = PCURVE('',#12463,#12468);
#12463 = PLANE('',#12464);
#12464 = AXIS2_PLACEMENT_3D('',#12465,#12466,#12467);
#12465 = CARTESIAN_POINT('',(250.2,88.9,26.8));
#12466 = DIRECTION('',(0.,0.,-1.));
#12467 = DIRECTION('',(0.,-1.,0.));
#12468 = DEFINITIONAL_REPRESENTATION('',(#12469),#12473);
#12469 = LINE('',#12470,#12471);
#12470 = CARTESIAN_POINT('',(0.,-0.));
#12471 = VECTOR('',#12472,1.);
#12472 = DIRECTION('',(0.,-1.));
#12473 = ( GEOMETRIC_REPRESENTATION_CONTEXT(2) 
PARAMETRIC_REPRESENTATION_CONTEXT() REPRESENTATION_CONTEXT('2D SPACE',''
  ) );
#12474 = ORIENTED_EDGE('',*,*,#12475,.F.);
#12475 = EDGE_CURVE('',#11428,#12448,#12476,.T.);
#12476 = SURFACE_CURVE('',#12477,(#12481,#12488),.PCURVE_S1.);
#12477 = LINE('',#12478,#12479);
#12478 = CARTESIAN_POINT('',(253.4,88.9,19.3));
#12479 = VECTOR('',#12480,1.);
#12480 = DIRECTION('',(0.,0.,1.));
#12481 = PCURVE('',#6260,#12482);
#12482 = DEFINITIONAL_REPRESENTATION('',(#12483),#12487);
#12483 = LINE('',#12484,#12485);
#12484 = CARTESIAN_POINT('',(4.5,91.95));
#12485 = VECTOR('',#12486,1.);
#12486 = DIRECTION('',(1.,0.));
#12487 = ( GEOMETRIC_REPRESENTATION_CONTEXT(2) 
PARAMETRIC_REPRESENTATION_CONTEXT() REPRESENTATION_CONTEXT('2D SPACE',''
  ) );
#12488 = PCURVE('',#11466,#12489);
#12489 = DEFINITIONAL_REPRESENTATION('',(#12490),#12494);
#12490 = LINE('',#12491,#12492);
#12491 = CARTESIAN_POINT('',(-2.579310327223,-6.580449034634));
#12492 = VECTOR('',#12493,1.);
#12493 = DIRECTION('',(1.,0.));
#12494 = ( GEOMETRIC_REPRESENTATION_CONTEXT(2) 
PARAMETRIC_REPRESENTATION_CONTEXT() REPRESENTATION_CONTEXT('2D SPACE',''
  ) );
#12495 = ORIENTED_EDGE('',*,*,#11427,.T.);
#12496 = ORIENTED_EDGE('',*,*,#12497,.T.);
#12497 = EDGE_CURVE('',#11401,#12498,#12500,.T.);
#12498 = VERTEX_POINT('',#12499);
#12499 = CARTESIAN_POINT('',(266.,88.9,26.8));
#12500 = SURFACE_CURVE('',#12501,(#12505,#12512),.PCURVE_S1.);
#12501 = LINE('',#12502,#12503);
#12502 = CARTESIAN_POINT('',(266.,88.9,19.3));
#12503 = VECTOR('',#12504,1.);
#12504 = DIRECTION('',(0.,0.,1.));
#12505 = PCURVE('',#6260,#12506);
#12506 = DEFINITIONAL_REPRESENTATION('',(#12507),#12511);
#12507 = LINE('',#12508,#12509);
#12508 = CARTESIAN_POINT('',(4.5,104.55));
#12509 = VECTOR('',#12510,1.);
#12510 = DIRECTION('',(1.,0.));
#12511 = ( GEOMETRIC_REPRESENTATION_CONTEXT(2) 
PARAMETRIC_REPRESENTATION_CONTEXT() REPRESENTATION_CONTEXT('2D SPACE',''
  ) );
#12512 = PCURVE('',#11416,#12513);
#12513 = DEFINITIONAL_REPRESENTATION('',(#12514),#12518);
#12514 = LINE('',#12515,#12516);
#12515 = CARTESIAN_POINT('',(-2.579310327223,-6.580449034634));
#12516 = VECTOR('',#12517,1.);
#12517 = DIRECTION('',(1.,0.));
#12518 = ( GEOMETRIC_REPRESENTATION_CONTEXT(2) 
PARAMETRIC_REPRESENTATION_CONTEXT() REPRESENTATION_CONTEXT('2D SPACE',''
  ) );
#12519 = ORIENTED_EDGE('',*,*,#12520,.T.);
#12520 = EDGE_CURVE('',#12498,#12521,#12523,.T.);
#12521 = VERTEX_POINT('',#12522);
#12522 = CARTESIAN_POINT('',(269.2,88.9,26.8));
#12523 = SURFACE_CURVE('',#12524,(#12528,#12535),.PCURVE_S1.);
#12524 = LINE('',#12525,#12526);
#12525 = CARTESIAN_POINT('',(266.,88.9,26.8));
#12526 = VECTOR('',#12527,1.);
#12527 = DIRECTION('',(1.,0.,0.));
#12528 = PCURVE('',#6260,#12529);
#12529 = DEFINITIONAL_REPRESENTATION('',(#12530),#12534);
#12530 = LINE('',#12531,#12532);
#12531 = CARTESIAN_POINT('',(12.,104.55));
#12532 = VECTOR('',#12533,1.);
#12533 = DIRECTION('',(0.,1.));
#12534 = ( GEOMETRIC_REPRESENTATION_CONTEXT(2) 
PARAMETRIC_REPRESENTATION_CONTEXT() REPRESENTATION_CONTEXT('2D SPACE',''
  ) );
#12535 = PCURVE('',#12536,#12541);
#12536 = PLANE('',#12537);
#12537 = AXIS2_PLACEMENT_3D('',#12538,#12539,#12540);
#12538 = CARTESIAN_POINT('',(266.,88.9,26.8));
#12539 = DIRECTION('',(0.,0.,-1.));
#12540 = DIRECTION('',(0.,-1.,0.));
#12541 = DEFINITIONAL_REPRESENTATION('',(#12542),#12546);
#12542 = LINE('',#12543,#12544);
#12543 = CARTESIAN_POINT('',(0.,-0.));
#12544 = VECTOR('',#12545,1.);
#12545 = DIRECTION('',(0.,-1.));
#12546 = ( GEOMETRIC_REPRESENTATION_CONTEXT(2) 
PARAMETRIC_REPRESENTATION_CONTEXT() REPRESENTATION_CONTEXT('2D SPACE',''
  ) );
#12547 = ORIENTED_EDGE('',*,*,#12548,.F.);
#12548 = EDGE_CURVE('',#11324,#12521,#12549,.T.);
#12549 = SURFACE_CURVE('',#12550,(#12554,#12561),.PCURVE_S1.);
#12550 = LINE('',#12551,#12552);
#12551 = CARTESIAN_POINT('',(269.2,88.9,19.3));
#12552 = VECTOR('',#12553,1.);
#12553 = DIRECTION('',(0.,0.,1.));
#12554 = PCURVE('',#6260,#12555);
#12555 = DEFINITIONAL_REPRESENTATION('',(#12556),#12560);
#12556 = LINE('',#12557,#12558);
#12557 = CARTESIAN_POINT('',(4.5,107.75));
#12558 = VECTOR('',#12559,1.);
#12559 = DIRECTION('',(1.,0.));
#12560 = ( GEOMETRIC_REPRESENTATION_CONTEXT(2) 
PARAMETRIC_REPRESENTATION_CONTEXT() REPRESENTATION_CONTEXT('2D SPACE',''
  ) );
#12561 = PCURVE('',#11362,#12562);
#12562 = DEFINITIONAL_REPRESENTATION('',(#12563),#12567);
#12563 = LINE('',#12564,#12565);
#12564 = CARTESIAN_POINT('',(-2.579310327223,-6.580449034634));
#12565 = VECTOR('',#12566,1.);
#12566 = DIRECTION('',(1.,0.));
#12567 = ( GEOMETRIC_REPRESENTATION_CONTEXT(2) 
PARAMETRIC_REPRESENTATION_CONTEXT() REPRESENTATION_CONTEXT('2D SPACE',''
  ) );
#12568 = ORIENTED_EDGE('',*,*,#11323,.T.);
#12569 = ORIENTED_EDGE('',*,*,#12570,.T.);
#12570 = EDGE_CURVE('',#11297,#12571,#12573,.T.);
#12571 = VERTEX_POINT('',#12572);
#12572 = CARTESIAN_POINT('',(288.8,88.9,26.8));
#12573 = SURFACE_CURVE('',#12574,(#12578,#12585),.PCURVE_S1.);
#12574 = LINE('',#12575,#12576);
#12575 = CARTESIAN_POINT('',(288.8,88.9,19.3));
#12576 = VECTOR('',#12577,1.);
#12577 = DIRECTION('',(0.,0.,1.));
#12578 = PCURVE('',#6260,#12579);
#12579 = DEFINITIONAL_REPRESENTATION('',(#12580),#12584);
#12580 = LINE('',#12581,#12582);
#12581 = CARTESIAN_POINT('',(4.5,127.35));
#12582 = VECTOR('',#12583,1.);
#12583 = DIRECTION('',(1.,0.));
#12584 = ( GEOMETRIC_REPRESENTATION_CONTEXT(2) 
PARAMETRIC_REPRESENTATION_CONTEXT() REPRESENTATION_CONTEXT('2D SPACE',''
  ) );
#12585 = PCURVE('',#11312,#12586);
#12586 = DEFINITIONAL_REPRESENTATION('',(#12587),#12591);
#12587 = LINE('',#12588,#12589);
#12588 = CARTESIAN_POINT('',(-2.579310327223,-6.580449034634));
#12589 = VECTOR('',#12590,1.);
#12590 = DIRECTION('',(1.,0.));
#12591 = ( GEOMETRIC_REPRESENTATION_CONTEXT(2) 
PARAMETRIC_REPRESENTATION_CONTEXT() REPRESENTATION_CONTEXT('2D SPACE',''
  ) );
#12592 = ORIENTED_EDGE('',*,*,#12593,.T.);
#12593 = EDGE_CURVE('',#12571,#12594,#12596,.T.);
#12594 = VERTEX_POINT('',#12595);
#12595 = CARTESIAN_POINT('',(292.,88.9,26.8));
#12596 = SURFACE_CURVE('',#12597,(#12601,#12608),.PCURVE_S1.);
#12597 = LINE('',#12598,#12599);
#12598 = CARTESIAN_POINT('',(288.8,88.9,26.8));
#12599 = VECTOR('',#12600,1.);
#12600 = DIRECTION('',(1.,0.,0.));
#12601 = PCURVE('',#6260,#12602);
#12602 = DEFINITIONAL_REPRESENTATION('',(#12603),#12607);
#12603 = LINE('',#12604,#12605);
#12604 = CARTESIAN_POINT('',(12.,127.35));
#12605 = VECTOR('',#12606,1.);
#12606 = DIRECTION('',(0.,1.));
#12607 = ( GEOMETRIC_REPRESENTATION_CONTEXT(2) 
PARAMETRIC_REPRESENTATION_CONTEXT() REPRESENTATION_CONTEXT('2D SPACE',''
  ) );
#12608 = PCURVE('',#12609,#12614);
#12609 = PLANE('',#12610);
#12610 = AXIS2_PLACEMENT_3D('',#12611,#12612,#12613);
#12611 = CARTESIAN_POINT('',(288.8,88.9,26.8));
#12612 = DIRECTION('',(0.,0.,-1.));
#12613 = DIRECTION('',(0.,-1.,0.));
#12614 = DEFINITIONAL_REPRESENTATION('',(#12615),#12619);
#12615 = LINE('',#12616,#12617);
#12616 = CARTESIAN_POINT('',(0.,-0.));
#12617 = VECTOR('',#12618,1.);
#12618 = DIRECTION('',(0.,-1.));
#12619 = ( GEOMETRIC_REPRESENTATION_CONTEXT(2) 
PARAMETRIC_REPRESENTATION_CONTEXT() REPRESENTATION_CONTEXT('2D SPACE',''
  ) );
#12620 = ORIENTED_EDGE('',*,*,#12621,.F.);
#12621 = EDGE_CURVE('',#11220,#12594,#12622,.T.);
#12622 = SURFACE_CURVE('',#12623,(#12627,#12634),.PCURVE_S1.);
#12623 = LINE('',#12624,#12625);
#12624 = CARTESIAN_POINT('',(292.,88.9,19.3));
#12625 = VECTOR('',#12626,1.);
#12626 = DIRECTION('',(0.,0.,1.));
#12627 = PCURVE('',#6260,#12628);
#12628 = DEFINITIONAL_REPRESENTATION('',(#12629),#12633);
#12629 = LINE('',#12630,#12631);
#12630 = CARTESIAN_POINT('',(4.5,130.55));
#12631 = VECTOR('',#12632,1.);
#12632 = DIRECTION('',(1.,0.));
#12633 = ( GEOMETRIC_REPRESENTATION_CONTEXT(2) 
PARAMETRIC_REPRESENTATION_CONTEXT() REPRESENTATION_CONTEXT('2D SPACE',''
  ) );
#12634 = PCURVE('',#11258,#12635);
#12635 = DEFINITIONAL_REPRESENTATION('',(#12636),#12640);
#12636 = LINE('',#12637,#12638);
#12637 = CARTESIAN_POINT('',(-2.579310327223,-6.580449034634));
#12638 = VECTOR('',#12639,1.);
#12639 = DIRECTION('',(1.,0.));
#12640 = ( GEOMETRIC_REPRESENTATION_CONTEXT(2) 
PARAMETRIC_REPRESENTATION_CONTEXT() REPRESENTATION_CONTEXT('2D SPACE',''
  ) );
#12641 = ORIENTED_EDGE('',*,*,#11219,.T.);
#12642 = ORIENTED_EDGE('',*,*,#12643,.T.);
#12643 = EDGE_CURVE('',#11197,#12644,#12646,.T.);
#12644 = VERTEX_POINT('',#12645);
#12645 = CARTESIAN_POINT('',(309.15,88.9,26.8));
#12646 = SURFACE_CURVE('',#12647,(#12651,#12658),.PCURVE_S1.);
#12647 = LINE('',#12648,#12649);
#12648 = CARTESIAN_POINT('',(302.15,88.9,19.3));
#12649 = VECTOR('',#12650,1.);
#12650 = DIRECTION('',(0.68231825036,-0.,0.731055268243));
#12651 = PCURVE('',#6260,#12652);
#12652 = DEFINITIONAL_REPRESENTATION('',(#12653),#12657);
#12653 = LINE('',#12654,#12655);
#12654 = CARTESIAN_POINT('',(4.5,140.7));
#12655 = VECTOR('',#12656,1.);
#12656 = DIRECTION('',(0.731055268243,0.68231825036));
#12657 = ( GEOMETRIC_REPRESENTATION_CONTEXT(2) 
PARAMETRIC_REPRESENTATION_CONTEXT() REPRESENTATION_CONTEXT('2D SPACE',''
  ) );
#12658 = PCURVE('',#6868,#12659);
#12659 = DEFINITIONAL_REPRESENTATION('',(#12660),#12664);
#12660 = LINE('',#12661,#12662);
#12661 = CARTESIAN_POINT('',(-0.,-18.));
#12662 = VECTOR('',#12663,1.);
#12663 = DIRECTION('',(-1.,0.));
#12664 = ( GEOMETRIC_REPRESENTATION_CONTEXT(2) 
PARAMETRIC_REPRESENTATION_CONTEXT() REPRESENTATION_CONTEXT('2D SPACE',''
  ) );
#12665 = ORIENTED_EDGE('',*,*,#12666,.T.);
#12666 = EDGE_CURVE('',#12644,#6446,#12667,.T.);
#12667 = SURFACE_CURVE('',#12668,(#12672,#12679),.PCURVE_S1.);
#12668 = LINE('',#12669,#12670);
#12669 = CARTESIAN_POINT('',(309.15,88.9,26.8));
#12670 = VECTOR('',#12671,1.);
#12671 = DIRECTION('',(1.,-0.,-0.));
#12672 = PCURVE('',#6260,#12673);
#12673 = DEFINITIONAL_REPRESENTATION('',(#12674),#12678);
#12674 = LINE('',#12675,#12676);
#12675 = CARTESIAN_POINT('',(12.,147.7));
#12676 = VECTOR('',#12677,1.);
#12677 = DIRECTION('',(0.,1.));
#12678 = ( GEOMETRIC_REPRESENTATION_CONTEXT(2) 
PARAMETRIC_REPRESENTATION_CONTEXT() REPRESENTATION_CONTEXT('2D SPACE',''
  ) );
#12679 = PCURVE('',#6484,#12680);
#12680 = DEFINITIONAL_REPRESENTATION('',(#12681),#12685);
#12681 = LINE('',#12682,#12683);
#12682 = CARTESIAN_POINT('',(-0.,-18.));
#12683 = VECTOR('',#12684,1.);
#12684 = DIRECTION('',(-1.,-0.));
#12685 = ( GEOMETRIC_REPRESENTATION_CONTEXT(2) 
PARAMETRIC_REPRESENTATION_CONTEXT() REPRESENTATION_CONTEXT('2D SPACE',''
  ) );
#12686 = ADVANCED_FACE('',(#12687),#6233,.F.);
#12687 = FACE_BOUND('',#12688,.F.);
#12688 = EDGE_LOOP('',(#12689,#12690,#12691,#12712,#12733,#12752));
#12689 = ORIENTED_EDGE('',*,*,#12180,.F.);
#12690 = ORIENTED_EDGE('',*,*,#6218,.T.);
#12691 = ORIENTED_EDGE('',*,*,#12692,.F.);
#12692 = EDGE_CURVE('',#12693,#6191,#12695,.T.);
#12693 = VERTEX_POINT('',#12694);
#12694 = CARTESIAN_POINT('',(161.94019607843,88.309836065574,
    2.161499711571E-18));
#12695 = SURFACE_CURVE('',#12696,(#12700,#12706),.PCURVE_S1.);
#12696 = LINE('',#12697,#12698);
#12697 = CARTESIAN_POINT('',(176.40581036917,73.796793531256,
    -14.75492657655));
#12698 = VECTOR('',#12699,1.);
#12699 = DIRECTION('',(-0.572883144295,0.574761449686,0.584340807181));
#12700 = PCURVE('',#6233,#12701);
#12701 = DEFINITIONAL_REPRESENTATION('',(#12702),#12705);
#12702 = B_SPLINE_CURVE_WITH_KNOTS('',1,(#12703,#12704),.UNSPECIFIED.,
  .F.,.F.,(2,2),(25.250549671066,26.106214710809),
  .PIECEWISE_BEZIER_KNOTS.);
#12703 = CARTESIAN_POINT('',(1.402669547584E-02,-1.490196078431));
#12704 = CARTESIAN_POINT('',(0.715361469267,-1.));
#12705 = ( GEOMETRIC_REPRESENTATION_CONTEXT(2) 
PARAMETRIC_REPRESENTATION_CONTEXT() REPRESENTATION_CONTEXT('2D SPACE',''
  ) );
#12706 = PCURVE('',#6206,#12707);
#12707 = DEFINITIONAL_REPRESENTATION('',(#12708),#12711);
#12708 = B_SPLINE_CURVE_WITH_KNOTS('',1,(#12709,#12710),.UNSPECIFIED.,
  .F.,.F.,(2,2),(25.250549671066,26.106214710809),
  .PIECEWISE_BEZIER_KNOTS.);
#12709 = CARTESIAN_POINT('',(1.40041735966E-02,-89.30983606557));
#12710 = CARTESIAN_POINT('',(0.714212853427,-89.80163934426));
#12711 = ( GEOMETRIC_REPRESENTATION_CONTEXT(2) 
PARAMETRIC_REPRESENTATION_CONTEXT() REPRESENTATION_CONTEXT('2D SPACE',''
  ) );
#12712 = ORIENTED_EDGE('',*,*,#12713,.T.);
#12713 = EDGE_CURVE('',#12693,#12714,#12716,.T.);
#12714 = VERTEX_POINT('',#12715);
#12715 = CARTESIAN_POINT('',(320.65980392156,88.309836065574,
    2.161499711571E-18));
#12716 = SURFACE_CURVE('',#12717,(#12721,#12727),.PCURVE_S1.);
#12717 = LINE('',#12718,#12719);
#12718 = CARTESIAN_POINT('',(160.95,88.309836065574,2.161499711571E-18)
  );
#12719 = VECTOR('',#12720,1.);
#12720 = DIRECTION('',(1.,0.,-0.));
#12721 = PCURVE('',#6233,#12722);
#12722 = DEFINITIONAL_REPRESENTATION('',(#12723),#12726);
#12723 = B_SPLINE_CURVE_WITH_KNOTS('',1,(#12724,#12725),.UNSPECIFIED.,
  .F.,.F.,(2,2),(0.5,160.2),.PIECEWISE_BEZIER_KNOTS.);
#12724 = CARTESIAN_POINT('',(1.402669547583E-02,-1.));
#12725 = CARTESIAN_POINT('',(1.402669547583E-02,-160.7));
#12726 = ( GEOMETRIC_REPRESENTATION_CONTEXT(2) 
PARAMETRIC_REPRESENTATION_CONTEXT() REPRESENTATION_CONTEXT('2D SPACE',''
  ) );
#12727 = PCURVE('',#6363,#12728);
#12728 = DEFINITIONAL_REPRESENTATION('',(#12729),#12732);
#12729 = B_SPLINE_CURVE_WITH_KNOTS('',1,(#12730,#12731),.UNSPECIFIED.,
  .F.,.F.,(2,2),(0.5,160.2),.PIECEWISE_BEZIER_KNOTS.);
#12730 = CARTESIAN_POINT('',(0.,3.609836065574));
#12731 = CARTESIAN_POINT('',(159.7,3.609836065574));
#12732 = ( GEOMETRIC_REPRESENTATION_CONTEXT(2) 
PARAMETRIC_REPRESENTATION_CONTEXT() REPRESENTATION_CONTEXT('2D SPACE',''
  ) );
#12733 = ORIENTED_EDGE('',*,*,#12734,.T.);
#12734 = EDGE_CURVE('',#12714,#6402,#12735,.T.);
#12735 = SURFACE_CURVE('',#12736,(#12740,#12746),.PCURVE_S1.);
#12736 = LINE('',#12737,#12738);
#12737 = CARTESIAN_POINT('',(279.65961603696,47.175221335444,
    -41.82019164229));
#12738 = VECTOR('',#12739,1.);
#12739 = DIRECTION('',(0.572883144295,0.574761449686,0.584340807181));
#12740 = PCURVE('',#6233,#12741);
#12741 = DEFINITIONAL_REPRESENTATION('',(#12742),#12745);
#12742 = B_SPLINE_CURVE_WITH_KNOTS('',1,(#12743,#12744),.UNSPECIFIED.,
  .F.,.F.,(2,2),(71.56815188733,72.423816927073),
  .PIECEWISE_BEZIER_KNOTS.);
#12743 = CARTESIAN_POINT('',(1.402669547586E-02,-160.2098039215));
#12744 = CARTESIAN_POINT('',(0.715361469267,-160.7));
#12745 = ( GEOMETRIC_REPRESENTATION_CONTEXT(2) 
PARAMETRIC_REPRESENTATION_CONTEXT() REPRESENTATION_CONTEXT('2D SPACE',''
  ) );
#12746 = PCURVE('',#6336,#12747);
#12747 = DEFINITIONAL_REPRESENTATION('',(#12748),#12751);
#12748 = B_SPLINE_CURVE_WITH_KNOTS('',1,(#12749,#12750),.UNSPECIFIED.,
  .F.,.F.,(2,2),(71.56815188733,72.423816927073),
  .PIECEWISE_BEZIER_KNOTS.);
#12749 = CARTESIAN_POINT('',(1.400417359664E-02,-89.30983606557));
#12750 = CARTESIAN_POINT('',(0.714212853427,-89.80163934426));
#12751 = ( GEOMETRIC_REPRESENTATION_CONTEXT(2) 
PARAMETRIC_REPRESENTATION_CONTEXT() REPRESENTATION_CONTEXT('2D SPACE',''
  ) );
#12752 = ORIENTED_EDGE('',*,*,#6424,.F.);
#12753 = ADVANCED_FACE('',(#12754),#6206,.F.);
#12754 = FACE_BOUND('',#12755,.F.);
#12755 = EDGE_LOOP('',(#12756,#12757,#12758,#12759));
#12756 = ORIENTED_EDGE('',*,*,#12692,.T.);
#12757 = ORIENTED_EDGE('',*,*,#6190,.F.);
#12758 = ORIENTED_EDGE('',*,*,#6375,.T.);
#12759 = ORIENTED_EDGE('',*,*,#12760,.T.);
#12760 = EDGE_CURVE('',#6348,#12693,#12761,.T.);
#12761 = SURFACE_CURVE('',#12762,(#12766,#12772),.PCURVE_S1.);
#12762 = LINE('',#12763,#12764);
#12763 = CARTESIAN_POINT('',(161.94019607843,41.85,1.832432952646E-18));
#12764 = VECTOR('',#12765,1.);
#12765 = DIRECTION('',(0.,1.,-0.));
#12766 = PCURVE('',#6206,#12767);
#12767 = DEFINITIONAL_REPRESENTATION('',(#12768),#12771);
#12768 = B_SPLINE_CURVE_WITH_KNOTS('',1,(#12769,#12770),.UNSPECIFIED.,
  .F.,.F.,(2,2),(42.85,46.459836065574),.PIECEWISE_BEZIER_KNOTS.);
#12769 = CARTESIAN_POINT('',(1.400417359662E-02,-85.7));
#12770 = CARTESIAN_POINT('',(1.400417359662E-02,-89.30983606557));
#12771 = ( GEOMETRIC_REPRESENTATION_CONTEXT(2) 
PARAMETRIC_REPRESENTATION_CONTEXT() REPRESENTATION_CONTEXT('2D SPACE',''
  ) );
#12772 = PCURVE('',#6363,#12773);
#12773 = DEFINITIONAL_REPRESENTATION('',(#12774),#12777);
#12774 = B_SPLINE_CURVE_WITH_KNOTS('',1,(#12775,#12776),.UNSPECIFIED.,
  .F.,.F.,(2,2),(42.85,46.459836065574),.PIECEWISE_BEZIER_KNOTS.);
#12775 = CARTESIAN_POINT('',(0.490196078431,0.));
#12776 = CARTESIAN_POINT('',(0.490196078431,3.609836065574));
#12777 = ( GEOMETRIC_REPRESENTATION_CONTEXT(2) 
PARAMETRIC_REPRESENTATION_CONTEXT() REPRESENTATION_CONTEXT('2D SPACE',''
  ) );
#12778 = ADVANCED_FACE('',(#12779),#6363,.F.);
#12779 = FACE_BOUND('',#12780,.F.);
#12780 = EDGE_LOOP('',(#12781,#12782,#12783,#12802));
#12781 = ORIENTED_EDGE('',*,*,#12760,.F.);
#12782 = ORIENTED_EDGE('',*,*,#6347,.T.);
#12783 = ORIENTED_EDGE('',*,*,#12784,.T.);
#12784 = EDGE_CURVE('',#6322,#12714,#12785,.T.);
#12785 = SURFACE_CURVE('',#12786,(#12790,#12796),.PCURVE_S1.);
#12786 = LINE('',#12787,#12788);
#12787 = CARTESIAN_POINT('',(320.65980392156,41.85,1.832432952646E-18));
#12788 = VECTOR('',#12789,1.);
#12789 = DIRECTION('',(-0.,1.,0.));
#12790 = PCURVE('',#6363,#12791);
#12791 = DEFINITIONAL_REPRESENTATION('',(#12792),#12795);
#12792 = B_SPLINE_CURVE_WITH_KNOTS('',1,(#12793,#12794),.UNSPECIFIED.,
  .F.,.F.,(2,2),(42.85,46.459836065574),.PIECEWISE_BEZIER_KNOTS.);
#12793 = CARTESIAN_POINT('',(159.20980392156,0.));
#12794 = CARTESIAN_POINT('',(159.20980392156,3.609836065574));
#12795 = ( GEOMETRIC_REPRESENTATION_CONTEXT(2) 
PARAMETRIC_REPRESENTATION_CONTEXT() REPRESENTATION_CONTEXT('2D SPACE',''
  ) );
#12796 = PCURVE('',#6336,#12797);
#12797 = DEFINITIONAL_REPRESENTATION('',(#12798),#12801);
#12798 = B_SPLINE_CURVE_WITH_KNOTS('',1,(#12799,#12800),.UNSPECIFIED.,
  .F.,.F.,(2,2),(42.85,46.459836065574),.PIECEWISE_BEZIER_KNOTS.);
#12799 = CARTESIAN_POINT('',(1.40041735966E-02,-85.7));
#12800 = CARTESIAN_POINT('',(1.40041735966E-02,-89.30983606557));
#12801 = ( GEOMETRIC_REPRESENTATION_CONTEXT(2) 
PARAMETRIC_REPRESENTATION_CONTEXT() REPRESENTATION_CONTEXT('2D SPACE',''
  ) );
#12802 = ORIENTED_EDGE('',*,*,#12713,.F.);
#12803 = ADVANCED_FACE('',(#12804),#6336,.T.);
#12804 = FACE_BOUND('',#12805,.T.);
#12805 = EDGE_LOOP('',(#12806,#12807,#12808,#12809));
#12806 = ORIENTED_EDGE('',*,*,#12734,.T.);
#12807 = ORIENTED_EDGE('',*,*,#6401,.F.);
#12808 = ORIENTED_EDGE('',*,*,#6321,.T.);
#12809 = ORIENTED_EDGE('',*,*,#12784,.T.);
#12810 = ADVANCED_FACE('',(#12811),#6484,.T.);
#12811 = FACE_BOUND('',#12812,.F.);
#12812 = EDGE_LOOP('',(#12813,#12814,#12835,#12836,#12837,#12838,#12839,
    #12840,#12841,#12842));
#12813 = ORIENTED_EDGE('',*,*,#6829,.F.);
#12814 = ORIENTED_EDGE('',*,*,#12815,.T.);
#12815 = EDGE_CURVE('',#6830,#12644,#12816,.T.);
#12816 = SURFACE_CURVE('',#12817,(#12821,#12828),.PCURVE_S1.);
#12817 = LINE('',#12818,#12819);
#12818 = CARTESIAN_POINT('',(309.15,70.9,26.8));
#12819 = VECTOR('',#12820,1.);
#12820 = DIRECTION('',(-0.,1.,-0.));
#12821 = PCURVE('',#6484,#12822);
#12822 = DEFINITIONAL_REPRESENTATION('',(#12823),#12827);
#12823 = LINE('',#12824,#12825);
#12824 = CARTESIAN_POINT('',(-0.,0.));
#12825 = VECTOR('',#12826,1.);
#12826 = DIRECTION('',(-0.,-1.));
#12827 = ( GEOMETRIC_REPRESENTATION_CONTEXT(2) 
PARAMETRIC_REPRESENTATION_CONTEXT() REPRESENTATION_CONTEXT('2D SPACE',''
  ) );
#12828 = PCURVE('',#6868,#12829);
#12829 = DEFINITIONAL_REPRESENTATION('',(#12830),#12834);
#12830 = LINE('',#12831,#12832);
#12831 = CARTESIAN_POINT('',(-10.25914226434,0.));
#12832 = VECTOR('',#12833,1.);
#12833 = DIRECTION('',(-0.,-1.));
#12834 = ( GEOMETRIC_REPRESENTATION_CONTEXT(2) 
PARAMETRIC_REPRESENTATION_CONTEXT() REPRESENTATION_CONTEXT('2D SPACE',''
  ) );
#12835 = ORIENTED_EDGE('',*,*,#12666,.T.);
#12836 = ORIENTED_EDGE('',*,*,#6468,.F.);
#12837 = ORIENTED_EDGE('',*,*,#6544,.F.);
#12838 = ORIENTED_EDGE('',*,*,#6591,.F.);
#12839 = ORIENTED_EDGE('',*,*,#6638,.F.);
#12840 = ORIENTED_EDGE('',*,*,#6685,.F.);
#12841 = ORIENTED_EDGE('',*,*,#6732,.F.);
#12842 = ORIENTED_EDGE('',*,*,#6757,.F.);
#12843 = ADVANCED_FACE('',(#12844),#6868,.T.);
#12844 = FACE_BOUND('',#12845,.F.);
#12845 = EDGE_LOOP('',(#12846,#12847,#12848,#12849));
#12846 = ORIENTED_EDGE('',*,*,#6852,.F.);
#12847 = ORIENTED_EDGE('',*,*,#11196,.T.);
#12848 = ORIENTED_EDGE('',*,*,#12643,.T.);
#12849 = ORIENTED_EDGE('',*,*,#12815,.F.);
#12850 = ADVANCED_FACE('',(#12851),#6990,.F.);
#12851 = FACE_BOUND('',#12852,.T.);
#12852 = EDGE_LOOP('',(#12853,#12854,#12875));
#12853 = ORIENTED_EDGE('',*,*,#6975,.F.);
#12854 = ORIENTED_EDGE('',*,*,#12855,.T.);
#12855 = EDGE_CURVE('',#6976,#7155,#12856,.T.);
#12856 = SURFACE_CURVE('',#12857,(#12861,#12868),.PCURVE_S1.);
#12857 = LINE('',#12858,#12859);
#12858 = CARTESIAN_POINT('',(249.3,72.,19.3));
#12859 = VECTOR('',#12860,1.);
#12860 = DIRECTION('',(-0.4472135955,-0.894427191,-0.));
#12861 = PCURVE('',#6990,#12862);
#12862 = DEFINITIONAL_REPRESENTATION('',(#12863),#12867);
#12863 = LINE('',#12864,#12865);
#12864 = CARTESIAN_POINT('',(-8.,-1.753288904374));
#12865 = VECTOR('',#12866,1.);
#12866 = DIRECTION('',(0.4472135955,0.894427191));
#12867 = ( GEOMETRIC_REPRESENTATION_CONTEXT(2) 
PARAMETRIC_REPRESENTATION_CONTEXT() REPRESENTATION_CONTEXT('2D SPACE',''
  ) );
#12868 = PCURVE('',#7017,#12869);
#12869 = DEFINITIONAL_REPRESENTATION('',(#12870),#12874);
#12870 = LINE('',#12871,#12872);
#12871 = CARTESIAN_POINT('',(-0.,-0.));
#12872 = VECTOR('',#12873,1.);
#12873 = DIRECTION('',(-1.,0.));
#12874 = ( GEOMETRIC_REPRESENTATION_CONTEXT(2) 
PARAMETRIC_REPRESENTATION_CONTEXT() REPRESENTATION_CONTEXT('2D SPACE',''
  ) );
#12875 = ORIENTED_EDGE('',*,*,#7154,.T.);
#12876 = ADVANCED_FACE('',(#12877),#7017,.F.);
#12877 = FACE_BOUND('',#12878,.T.);
#12878 = EDGE_LOOP('',(#12879,#12880,#12901,#12902,#12903));
#12879 = ORIENTED_EDGE('',*,*,#7001,.T.);
#12880 = ORIENTED_EDGE('',*,*,#12881,.T.);
#12881 = EDGE_CURVE('',#7002,#10681,#12882,.T.);
#12882 = SURFACE_CURVE('',#12883,(#12887,#12894),.PCURVE_S1.);
#12883 = LINE('',#12884,#12885);
#12884 = CARTESIAN_POINT('',(249.3,72.,19.3));
#12885 = VECTOR('',#12886,1.);
#12886 = DIRECTION('',(-0.,-0.,1.));
#12887 = PCURVE('',#7017,#12888);
#12888 = DEFINITIONAL_REPRESENTATION('',(#12889),#12893);
#12889 = LINE('',#12890,#12891);
#12890 = CARTESIAN_POINT('',(-0.,-0.));
#12891 = VECTOR('',#12892,1.);
#12892 = DIRECTION('',(-0.,-1.));
#12893 = ( GEOMETRIC_REPRESENTATION_CONTEXT(2) 
PARAMETRIC_REPRESENTATION_CONTEXT() REPRESENTATION_CONTEXT('2D SPACE',''
  ) );
#12894 = PCURVE('',#10719,#12895);
#12895 = DEFINITIONAL_REPRESENTATION('',(#12896),#12900);
#12896 = LINE('',#12897,#12898);
#12897 = CARTESIAN_POINT('',(-4.,0.));
#12898 = VECTOR('',#12899,1.);
#12899 = DIRECTION('',(-0.,-1.));
#12900 = ( GEOMETRIC_REPRESENTATION_CONTEXT(2) 
PARAMETRIC_REPRESENTATION_CONTEXT() REPRESENTATION_CONTEXT('2D SPACE',''
  ) );
#12901 = ORIENTED_EDGE('',*,*,#10680,.T.);
#12902 = ORIENTED_EDGE('',*,*,#7175,.F.);
#12903 = ORIENTED_EDGE('',*,*,#12855,.F.);
#12904 = ADVANCED_FACE('',(#12905),#7095,.F.);
#12905 = FACE_BOUND('',#12906,.F.);
#12906 = EDGE_LOOP('',(#12907,#12908,#12909,#12910,#12911));
#12907 = ORIENTED_EDGE('',*,*,#7394,.T.);
#12908 = ORIENTED_EDGE('',*,*,#10162,.T.);
#12909 = ORIENTED_EDGE('',*,*,#10658,.T.);
#12910 = ORIENTED_EDGE('',*,*,#7079,.F.);
#12911 = ORIENTED_EDGE('',*,*,#12912,.F.);
#12912 = EDGE_CURVE('',#7374,#7080,#12913,.T.);
#12913 = SURFACE_CURVE('',#12914,(#12918,#12925),.PCURVE_S1.);
#12914 = LINE('',#12915,#12916);
#12915 = CARTESIAN_POINT('',(249.3,16.9,19.3));
#12916 = VECTOR('',#12917,1.);
#12917 = DIRECTION('',(-0.4472135955,0.894427191,0.));
#12918 = PCURVE('',#7095,#12919);
#12919 = DEFINITIONAL_REPRESENTATION('',(#12920),#12924);
#12920 = LINE('',#12921,#12922);
#12921 = CARTESIAN_POINT('',(0.,0.));
#12922 = VECTOR('',#12923,1.);
#12923 = DIRECTION('',(1.,0.));
#12924 = ( GEOMETRIC_REPRESENTATION_CONTEXT(2) 
PARAMETRIC_REPRESENTATION_CONTEXT() REPRESENTATION_CONTEXT('2D SPACE',''
  ) );
#12925 = PCURVE('',#7122,#12926);
#12926 = DEFINITIONAL_REPRESENTATION('',(#12927),#12931);
#12927 = LINE('',#12928,#12929);
#12928 = CARTESIAN_POINT('',(8.,-1.753288904374));
#12929 = VECTOR('',#12930,1.);
#12930 = DIRECTION('',(-0.4472135955,0.894427191));
#12931 = ( GEOMETRIC_REPRESENTATION_CONTEXT(2) 
PARAMETRIC_REPRESENTATION_CONTEXT() REPRESENTATION_CONTEXT('2D SPACE',''
  ) );
#12932 = ADVANCED_FACE('',(#12933),#7122,.F.);
#12933 = FACE_BOUND('',#12934,.F.);
#12934 = EDGE_LOOP('',(#12935,#12936,#12937));
#12935 = ORIENTED_EDGE('',*,*,#7373,.T.);
#12936 = ORIENTED_EDGE('',*,*,#12912,.T.);
#12937 = ORIENTED_EDGE('',*,*,#7107,.T.);
#12938 = ADVANCED_FACE('',(#12939),#10254,.T.);
#12939 = FACE_BOUND('',#12940,.T.);
#12940 = EDGE_LOOP('',(#12941,#12942,#12943,#12944));
#12941 = ORIENTED_EDGE('',*,*,#10240,.T.);
#12942 = ORIENTED_EDGE('',*,*,#10343,.T.);
#12943 = ORIENTED_EDGE('',*,*,#10368,.F.);
#12944 = ORIENTED_EDGE('',*,*,#10294,.F.);
#12945 = ADVANCED_FACE('',(#12946),#10455,.T.);
#12946 = FACE_BOUND('',#12947,.T.);
#12947 = EDGE_LOOP('',(#12948,#12949,#12950,#12951));
#12948 = ORIENTED_EDGE('',*,*,#10441,.T.);
#12949 = ORIENTED_EDGE('',*,*,#10544,.T.);
#12950 = ORIENTED_EDGE('',*,*,#10569,.F.);
#12951 = ORIENTED_EDGE('',*,*,#10495,.F.);
#12952 = ADVANCED_FACE('',(#12953),#10719,.F.);
#12953 = FACE_BOUND('',#12954,.T.);
#12954 = EDGE_LOOP('',(#12955,#12956,#12977,#12978));
#12955 = ORIENTED_EDGE('',*,*,#12022,.T.);
#12956 = ORIENTED_EDGE('',*,*,#12957,.T.);
#12957 = EDGE_CURVE('',#12001,#10704,#12958,.T.);
#12958 = SURFACE_CURVE('',#12959,(#12963,#12970),.PCURVE_S1.);
#12959 = LINE('',#12960,#12961);
#12960 = CARTESIAN_POINT('',(249.3,76.,19.3));
#12961 = VECTOR('',#12962,1.);
#12962 = DIRECTION('',(-0.,-0.,1.));
#12963 = PCURVE('',#10719,#12964);
#12964 = DEFINITIONAL_REPRESENTATION('',(#12965),#12969);
#12965 = LINE('',#12966,#12967);
#12966 = CARTESIAN_POINT('',(-0.,-0.));
#12967 = VECTOR('',#12968,1.);
#12968 = DIRECTION('',(-0.,-1.));
#12969 = ( GEOMETRIC_REPRESENTATION_CONTEXT(2) 
PARAMETRIC_REPRESENTATION_CONTEXT() REPRESENTATION_CONTEXT('2D SPACE',''
  ) );
#12970 = PCURVE('',#10747,#12971);
#12971 = DEFINITIONAL_REPRESENTATION('',(#12972),#12976);
#12972 = LINE('',#12973,#12974);
#12973 = CARTESIAN_POINT('',(-16.,-0.));
#12974 = VECTOR('',#12975,1.);
#12975 = DIRECTION('',(-0.,-1.));
#12976 = ( GEOMETRIC_REPRESENTATION_CONTEXT(2) 
PARAMETRIC_REPRESENTATION_CONTEXT() REPRESENTATION_CONTEXT('2D SPACE',''
  ) );
#12977 = ORIENTED_EDGE('',*,*,#10703,.T.);
#12978 = ORIENTED_EDGE('',*,*,#12881,.F.);
#12979 = ADVANCED_FACE('',(#12980),#10747,.F.);
#12980 = FACE_BOUND('',#12981,.T.);
#12981 = EDGE_LOOP('',(#12982,#12983,#12984,#13003));
#12982 = ORIENTED_EDGE('',*,*,#12957,.F.);
#12983 = ORIENTED_EDGE('',*,*,#12000,.T.);
#12984 = ORIENTED_EDGE('',*,*,#12985,.T.);
#12985 = EDGE_CURVE('',#11979,#10732,#12986,.T.);
#12986 = SURFACE_CURVE('',#12987,(#12991,#12997),.PCURVE_S1.);
#12987 = LINE('',#12988,#12989);
#12988 = CARTESIAN_POINT('',(244.3,76.,17.05));
#12989 = VECTOR('',#12990,1.);
#12990 = DIRECTION('',(0.,-0.,1.));
#12991 = PCURVE('',#10747,#12992);
#12992 = DEFINITIONAL_REPRESENTATION('',(#12993),#12996);
#12993 = B_SPLINE_CURVE_WITH_KNOTS('',1,(#12994,#12995),.UNSPECIFIED.,
  .F.,.F.,(2,2),(2.25,10.75),.PIECEWISE_BEZIER_KNOTS.);
#12994 = CARTESIAN_POINT('',(-11.,0.));
#12995 = CARTESIAN_POINT('',(-11.,-8.5));
#12996 = ( GEOMETRIC_REPRESENTATION_CONTEXT(2) 
PARAMETRIC_REPRESENTATION_CONTEXT() REPRESENTATION_CONTEXT('2D SPACE',''
  ) );
#12997 = PCURVE('',#10775,#12998);
#12998 = DEFINITIONAL_REPRESENTATION('',(#12999),#13002);
#12999 = B_SPLINE_CURVE_WITH_KNOTS('',1,(#13000,#13001),.UNSPECIFIED.,
  .F.,.F.,(2,2),(2.25,10.75),.PIECEWISE_BEZIER_KNOTS.);
#13000 = CARTESIAN_POINT('',(4.5,-63.5));
#13001 = CARTESIAN_POINT('',(13.,-63.5));
#13002 = ( GEOMETRIC_REPRESENTATION_CONTEXT(2) 
PARAMETRIC_REPRESENTATION_CONTEXT() REPRESENTATION_CONTEXT('2D SPACE',''
  ) );
#13003 = ORIENTED_EDGE('',*,*,#10731,.T.);
#13004 = ADVANCED_FACE('',(#13005),#10775,.T.);
#13005 = FACE_BOUND('',#13006,.T.);
#13006 = EDGE_LOOP('',(#13007,#13008,#13009,#13010));
#13007 = ORIENTED_EDGE('',*,*,#10759,.F.);
#13008 = ORIENTED_EDGE('',*,*,#12985,.F.);
#13009 = ORIENTED_EDGE('',*,*,#11978,.T.);
#13010 = ORIENTED_EDGE('',*,*,#13011,.T.);
#13011 = EDGE_CURVE('',#11957,#10760,#13012,.T.);
#13012 = SURFACE_CURVE('',#13013,(#13017,#13024),.PCURVE_S1.);
#13013 = LINE('',#13014,#13015);
#13014 = CARTESIAN_POINT('',(244.3,76.4,14.8));
#13015 = VECTOR('',#13016,1.);
#13016 = DIRECTION('',(0.,0.,1.));
#13017 = PCURVE('',#10775,#13018);
#13018 = DEFINITIONAL_REPRESENTATION('',(#13019),#13023);
#13019 = LINE('',#13020,#13021);
#13020 = CARTESIAN_POINT('',(0.,-63.9));
#13021 = VECTOR('',#13022,1.);
#13022 = DIRECTION('',(1.,0.));
#13023 = ( GEOMETRIC_REPRESENTATION_CONTEXT(2) 
PARAMETRIC_REPRESENTATION_CONTEXT() REPRESENTATION_CONTEXT('2D SPACE',''
  ) );
#13024 = PCURVE('',#10803,#13025);
#13025 = DEFINITIONAL_REPRESENTATION('',(#13026),#13030);
#13026 = LINE('',#13027,#13028);
#13027 = CARTESIAN_POINT('',(0.,6.));
#13028 = VECTOR('',#13029,1.);
#13029 = DIRECTION('',(1.,0.));
#13030 = ( GEOMETRIC_REPRESENTATION_CONTEXT(2) 
PARAMETRIC_REPRESENTATION_CONTEXT() REPRESENTATION_CONTEXT('2D SPACE',''
  ) );
#13031 = ADVANCED_FACE('',(#13032),#10803,.T.);
#13032 = FACE_BOUND('',#13033,.T.);
#13033 = EDGE_LOOP('',(#13034,#13035,#13036,#13057));
#13034 = ORIENTED_EDGE('',*,*,#13011,.F.);
#13035 = ORIENTED_EDGE('',*,*,#11956,.T.);
#13036 = ORIENTED_EDGE('',*,*,#13037,.T.);
#13037 = EDGE_CURVE('',#11935,#10788,#13038,.T.);
#13038 = SURFACE_CURVE('',#13039,(#13043,#13050),.PCURVE_S1.);
#13039 = LINE('',#13040,#13041);
#13040 = CARTESIAN_POINT('',(238.3,76.4,14.8));
#13041 = VECTOR('',#13042,1.);
#13042 = DIRECTION('',(0.,0.,1.));
#13043 = PCURVE('',#10803,#13044);
#13044 = DEFINITIONAL_REPRESENTATION('',(#13045),#13049);
#13045 = LINE('',#13046,#13047);
#13046 = CARTESIAN_POINT('',(0.,0.));
#13047 = VECTOR('',#13048,1.);
#13048 = DIRECTION('',(1.,0.));
#13049 = ( GEOMETRIC_REPRESENTATION_CONTEXT(2) 
PARAMETRIC_REPRESENTATION_CONTEXT() REPRESENTATION_CONTEXT('2D SPACE',''
  ) );
#13050 = PCURVE('',#10831,#13051);
#13051 = DEFINITIONAL_REPRESENTATION('',(#13052),#13056);
#13052 = LINE('',#13053,#13054);
#13053 = CARTESIAN_POINT('',(0.,-63.9));
#13054 = VECTOR('',#13055,1.);
#13055 = DIRECTION('',(1.,0.));
#13056 = ( GEOMETRIC_REPRESENTATION_CONTEXT(2) 
PARAMETRIC_REPRESENTATION_CONTEXT() REPRESENTATION_CONTEXT('2D SPACE',''
  ) );
#13057 = ORIENTED_EDGE('',*,*,#10787,.T.);
#13058 = ADVANCED_FACE('',(#13059),#10831,.F.);
#13059 = FACE_BOUND('',#13060,.F.);
#13060 = EDGE_LOOP('',(#13061,#13062,#13081,#13082));
#13061 = ORIENTED_EDGE('',*,*,#10815,.F.);
#13062 = ORIENTED_EDGE('',*,*,#13063,.F.);
#13063 = EDGE_CURVE('',#11913,#10816,#13064,.T.);
#13064 = SURFACE_CURVE('',#13065,(#13069,#13075),.PCURVE_S1.);
#13065 = LINE('',#13066,#13067);
#13066 = CARTESIAN_POINT('',(238.3,76.,17.05));
#13067 = VECTOR('',#13068,1.);
#13068 = DIRECTION('',(0.,-0.,1.));
#13069 = PCURVE('',#10831,#13070);
#13070 = DEFINITIONAL_REPRESENTATION('',(#13071),#13074);
#13071 = B_SPLINE_CURVE_WITH_KNOTS('',1,(#13072,#13073),.UNSPECIFIED.,
  .F.,.F.,(2,2),(2.25,10.75),.PIECEWISE_BEZIER_KNOTS.);
#13072 = CARTESIAN_POINT('',(4.5,-63.5));
#13073 = CARTESIAN_POINT('',(13.,-63.5));
#13074 = ( GEOMETRIC_REPRESENTATION_CONTEXT(2) 
PARAMETRIC_REPRESENTATION_CONTEXT() REPRESENTATION_CONTEXT('2D SPACE',''
  ) );
#13075 = PCURVE('',#10859,#13076);
#13076 = DEFINITIONAL_REPRESENTATION('',(#13077),#13080);
#13077 = B_SPLINE_CURVE_WITH_KNOTS('',1,(#13078,#13079),.UNSPECIFIED.,
  .F.,.F.,(2,2),(2.25,10.75),.PIECEWISE_BEZIER_KNOTS.);
#13078 = CARTESIAN_POINT('',(-5.,0.));
#13079 = CARTESIAN_POINT('',(-5.,-8.5));
#13080 = ( GEOMETRIC_REPRESENTATION_CONTEXT(2) 
PARAMETRIC_REPRESENTATION_CONTEXT() REPRESENTATION_CONTEXT('2D SPACE',''
  ) );
#13081 = ORIENTED_EDGE('',*,*,#11934,.T.);
#13082 = ORIENTED_EDGE('',*,*,#13037,.T.);
#13083 = ADVANCED_FACE('',(#13084),#10859,.F.);
#13084 = FACE_BOUND('',#13085,.T.);
#13085 = EDGE_LOOP('',(#13086,#13087,#13108,#13109));
#13086 = ORIENTED_EDGE('',*,*,#11912,.T.);
#13087 = ORIENTED_EDGE('',*,*,#13088,.T.);
#13088 = EDGE_CURVE('',#11891,#10844,#13089,.T.);
#13089 = SURFACE_CURVE('',#13090,(#13094,#13101),.PCURVE_S1.);
#13090 = LINE('',#13091,#13092);
#13091 = CARTESIAN_POINT('',(233.3,76.,19.3));
#13092 = VECTOR('',#13093,1.);
#13093 = DIRECTION('',(-0.,-0.,1.));
#13094 = PCURVE('',#10859,#13095);
#13095 = DEFINITIONAL_REPRESENTATION('',(#13096),#13100);
#13096 = LINE('',#13097,#13098);
#13097 = CARTESIAN_POINT('',(-0.,-0.));
#13098 = VECTOR('',#13099,1.);
#13099 = DIRECTION('',(-0.,-1.));
#13100 = ( GEOMETRIC_REPRESENTATION_CONTEXT(2) 
PARAMETRIC_REPRESENTATION_CONTEXT() REPRESENTATION_CONTEXT('2D SPACE',''
  ) );
#13101 = PCURVE('',#10887,#13102);
#13102 = DEFINITIONAL_REPRESENTATION('',(#13103),#13107);
#13103 = LINE('',#13104,#13105);
#13104 = CARTESIAN_POINT('',(-4.,0.));
#13105 = VECTOR('',#13106,1.);
#13106 = DIRECTION('',(-0.,-1.));
#13107 = ( GEOMETRIC_REPRESENTATION_CONTEXT(2) 
PARAMETRIC_REPRESENTATION_CONTEXT() REPRESENTATION_CONTEXT('2D SPACE',''
  ) );
#13108 = ORIENTED_EDGE('',*,*,#10843,.T.);
#13109 = ORIENTED_EDGE('',*,*,#13063,.F.);
#13110 = ADVANCED_FACE('',(#13111),#10887,.F.);
#13111 = FACE_BOUND('',#13112,.T.);
#13112 = EDGE_LOOP('',(#13113,#13114,#13115,#13116));
#13113 = ORIENTED_EDGE('',*,*,#11890,.T.);
#13114 = ORIENTED_EDGE('',*,*,#10925,.T.);
#13115 = ORIENTED_EDGE('',*,*,#10871,.T.);
#13116 = ORIENTED_EDGE('',*,*,#13088,.F.);
#13117 = ADVANCED_FACE('',(#13118),#11258,.T.);
#13118 = FACE_BOUND('',#13119,.T.);
#13119 = EDGE_LOOP('',(#13120,#13121,#13122,#13145));
#13120 = ORIENTED_EDGE('',*,*,#11242,.T.);
#13121 = ORIENTED_EDGE('',*,*,#12621,.T.);
#13122 = ORIENTED_EDGE('',*,*,#13123,.T.);
#13123 = EDGE_CURVE('',#12594,#13124,#13126,.T.);
#13124 = VERTEX_POINT('',#13125);
#13125 = CARTESIAN_POINT('',(292.,85.9,26.8));
#13126 = SURFACE_CURVE('',#13127,(#13131,#13138),.PCURVE_S1.);
#13127 = LINE('',#13128,#13129);
#13128 = CARTESIAN_POINT('',(292.,88.9,26.8));
#13129 = VECTOR('',#13130,1.);
#13130 = DIRECTION('',(0.,-1.,0.));
#13131 = PCURVE('',#11258,#13132);
#13132 = DEFINITIONAL_REPRESENTATION('',(#13133),#13137);
#13133 = LINE('',#13134,#13135);
#13134 = CARTESIAN_POINT('',(4.920689672777,-6.580449034634));
#13135 = VECTOR('',#13136,1.);
#13136 = DIRECTION('',(0.,1.));
#13137 = ( GEOMETRIC_REPRESENTATION_CONTEXT(2) 
PARAMETRIC_REPRESENTATION_CONTEXT() REPRESENTATION_CONTEXT('2D SPACE',''
  ) );
#13138 = PCURVE('',#12609,#13139);
#13139 = DEFINITIONAL_REPRESENTATION('',(#13140),#13144);
#13140 = LINE('',#13141,#13142);
#13141 = CARTESIAN_POINT('',(0.,-3.2));
#13142 = VECTOR('',#13143,1.);
#13143 = DIRECTION('',(1.,0.));
#13144 = ( GEOMETRIC_REPRESENTATION_CONTEXT(2) 
PARAMETRIC_REPRESENTATION_CONTEXT() REPRESENTATION_CONTEXT('2D SPACE',''
  ) );
#13145 = ORIENTED_EDGE('',*,*,#13146,.T.);
#13146 = EDGE_CURVE('',#13124,#11243,#13147,.T.);
#13147 = SURFACE_CURVE('',#13148,(#13152,#13159),.PCURVE_S1.);
#13148 = LINE('',#13149,#13150);
#13149 = CARTESIAN_POINT('',(292.,85.9,26.8));
#13150 = VECTOR('',#13151,1.);
#13151 = DIRECTION('',(0.,-0.864507186684,-0.502620457375));
#13152 = PCURVE('',#11258,#13153);
#13153 = DEFINITIONAL_REPRESENTATION('',(#13154),#13158);
#13154 = LINE('',#13155,#13156);
#13155 = CARTESIAN_POINT('',(4.920689672777,-3.580449034634));
#13156 = VECTOR('',#13157,1.);
#13157 = DIRECTION('',(-0.502620457375,0.864507186684));
#13158 = ( GEOMETRIC_REPRESENTATION_CONTEXT(2) 
PARAMETRIC_REPRESENTATION_CONTEXT() REPRESENTATION_CONTEXT('2D SPACE',''
  ) );
#13159 = PCURVE('',#11285,#13160);
#13160 = DEFINITIONAL_REPRESENTATION('',(#13161),#13165);
#13161 = LINE('',#13162,#13163);
#13162 = CARTESIAN_POINT('',(0.,-3.2));
#13163 = VECTOR('',#13164,1.);
#13164 = DIRECTION('',(1.,0.));
#13165 = ( GEOMETRIC_REPRESENTATION_CONTEXT(2) 
PARAMETRIC_REPRESENTATION_CONTEXT() REPRESENTATION_CONTEXT('2D SPACE',''
  ) );
#13166 = ADVANCED_FACE('',(#13167),#11285,.F.);
#13167 = FACE_BOUND('',#13168,.F.);
#13168 = EDGE_LOOP('',(#13169,#13192,#13213,#13214));
#13169 = ORIENTED_EDGE('',*,*,#13170,.F.);
#13170 = EDGE_CURVE('',#13171,#11270,#13173,.T.);
#13171 = VERTEX_POINT('',#13172);
#13172 = CARTESIAN_POINT('',(288.8,85.9,26.8));
#13173 = SURFACE_CURVE('',#13174,(#13178,#13185),.PCURVE_S1.);
#13174 = LINE('',#13175,#13176);
#13175 = CARTESIAN_POINT('',(288.8,85.9,26.8));
#13176 = VECTOR('',#13177,1.);
#13177 = DIRECTION('',(0.,-0.864507186684,-0.502620457375));
#13178 = PCURVE('',#11285,#13179);
#13179 = DEFINITIONAL_REPRESENTATION('',(#13180),#13184);
#13180 = LINE('',#13181,#13182);
#13181 = CARTESIAN_POINT('',(0.,0.));
#13182 = VECTOR('',#13183,1.);
#13183 = DIRECTION('',(1.,0.));
#13184 = ( GEOMETRIC_REPRESENTATION_CONTEXT(2) 
PARAMETRIC_REPRESENTATION_CONTEXT() REPRESENTATION_CONTEXT('2D SPACE',''
  ) );
#13185 = PCURVE('',#11312,#13186);
#13186 = DEFINITIONAL_REPRESENTATION('',(#13187),#13191);
#13187 = LINE('',#13188,#13189);
#13188 = CARTESIAN_POINT('',(4.920689672777,-3.580449034634));
#13189 = VECTOR('',#13190,1.);
#13190 = DIRECTION('',(-0.502620457375,0.864507186684));
#13191 = ( GEOMETRIC_REPRESENTATION_CONTEXT(2) 
PARAMETRIC_REPRESENTATION_CONTEXT() REPRESENTATION_CONTEXT('2D SPACE',''
  ) );
#13192 = ORIENTED_EDGE('',*,*,#13193,.T.);
#13193 = EDGE_CURVE('',#13171,#13124,#13194,.T.);
#13194 = SURFACE_CURVE('',#13195,(#13199,#13206),.PCURVE_S1.);
#13195 = LINE('',#13196,#13197);
#13196 = CARTESIAN_POINT('',(288.8,85.9,26.8));
#13197 = VECTOR('',#13198,1.);
#13198 = DIRECTION('',(1.,0.,0.));
#13199 = PCURVE('',#11285,#13200);
#13200 = DEFINITIONAL_REPRESENTATION('',(#13201),#13205);
#13201 = LINE('',#13202,#13203);
#13202 = CARTESIAN_POINT('',(0.,0.));
#13203 = VECTOR('',#13204,1.);
#13204 = DIRECTION('',(0.,-1.));
#13205 = ( GEOMETRIC_REPRESENTATION_CONTEXT(2) 
PARAMETRIC_REPRESENTATION_CONTEXT() REPRESENTATION_CONTEXT('2D SPACE',''
  ) );
#13206 = PCURVE('',#12609,#13207);
#13207 = DEFINITIONAL_REPRESENTATION('',(#13208),#13212);
#13208 = LINE('',#13209,#13210);
#13209 = CARTESIAN_POINT('',(3.,0.));
#13210 = VECTOR('',#13211,1.);
#13211 = DIRECTION('',(0.,-1.));
#13212 = ( GEOMETRIC_REPRESENTATION_CONTEXT(2) 
PARAMETRIC_REPRESENTATION_CONTEXT() REPRESENTATION_CONTEXT('2D SPACE',''
  ) );
#13213 = ORIENTED_EDGE('',*,*,#13146,.T.);
#13214 = ORIENTED_EDGE('',*,*,#11269,.T.);
#13215 = ADVANCED_FACE('',(#13216),#11312,.F.);
#13216 = FACE_BOUND('',#13217,.F.);
#13217 = EDGE_LOOP('',(#13218,#13219,#13220,#13241));
#13218 = ORIENTED_EDGE('',*,*,#11296,.T.);
#13219 = ORIENTED_EDGE('',*,*,#12570,.T.);
#13220 = ORIENTED_EDGE('',*,*,#13221,.T.);
#13221 = EDGE_CURVE('',#12571,#13171,#13222,.T.);
#13222 = SURFACE_CURVE('',#13223,(#13227,#13234),.PCURVE_S1.);
#13223 = LINE('',#13224,#13225);
#13224 = CARTESIAN_POINT('',(288.8,88.9,26.8));
#13225 = VECTOR('',#13226,1.);
#13226 = DIRECTION('',(0.,-1.,0.));
#13227 = PCURVE('',#11312,#13228);
#13228 = DEFINITIONAL_REPRESENTATION('',(#13229),#13233);
#13229 = LINE('',#13230,#13231);
#13230 = CARTESIAN_POINT('',(4.920689672777,-6.580449034634));
#13231 = VECTOR('',#13232,1.);
#13232 = DIRECTION('',(0.,1.));
#13233 = ( GEOMETRIC_REPRESENTATION_CONTEXT(2) 
PARAMETRIC_REPRESENTATION_CONTEXT() REPRESENTATION_CONTEXT('2D SPACE',''
  ) );
#13234 = PCURVE('',#12609,#13235);
#13235 = DEFINITIONAL_REPRESENTATION('',(#13236),#13240);
#13236 = LINE('',#13237,#13238);
#13237 = CARTESIAN_POINT('',(0.,-0.));
#13238 = VECTOR('',#13239,1.);
#13239 = DIRECTION('',(1.,0.));
#13240 = ( GEOMETRIC_REPRESENTATION_CONTEXT(2) 
PARAMETRIC_REPRESENTATION_CONTEXT() REPRESENTATION_CONTEXT('2D SPACE',''
  ) );
#13241 = ORIENTED_EDGE('',*,*,#13170,.T.);
#13242 = ADVANCED_FACE('',(#13243),#11362,.T.);
#13243 = FACE_BOUND('',#13244,.T.);
#13244 = EDGE_LOOP('',(#13245,#13246,#13247,#13270));
#13245 = ORIENTED_EDGE('',*,*,#11346,.T.);
#13246 = ORIENTED_EDGE('',*,*,#12548,.T.);
#13247 = ORIENTED_EDGE('',*,*,#13248,.T.);
#13248 = EDGE_CURVE('',#12521,#13249,#13251,.T.);
#13249 = VERTEX_POINT('',#13250);
#13250 = CARTESIAN_POINT('',(269.2,85.9,26.8));
#13251 = SURFACE_CURVE('',#13252,(#13256,#13263),.PCURVE_S1.);
#13252 = LINE('',#13253,#13254);
#13253 = CARTESIAN_POINT('',(269.2,88.9,26.8));
#13254 = VECTOR('',#13255,1.);
#13255 = DIRECTION('',(0.,-1.,0.));
#13256 = PCURVE('',#11362,#13257);
#13257 = DEFINITIONAL_REPRESENTATION('',(#13258),#13262);
#13258 = LINE('',#13259,#13260);
#13259 = CARTESIAN_POINT('',(4.920689672777,-6.580449034634));
#13260 = VECTOR('',#13261,1.);
#13261 = DIRECTION('',(0.,1.));
#13262 = ( GEOMETRIC_REPRESENTATION_CONTEXT(2) 
PARAMETRIC_REPRESENTATION_CONTEXT() REPRESENTATION_CONTEXT('2D SPACE',''
  ) );
#13263 = PCURVE('',#12536,#13264);
#13264 = DEFINITIONAL_REPRESENTATION('',(#13265),#13269);
#13265 = LINE('',#13266,#13267);
#13266 = CARTESIAN_POINT('',(0.,-3.2));
#13267 = VECTOR('',#13268,1.);
#13268 = DIRECTION('',(1.,0.));
#13269 = ( GEOMETRIC_REPRESENTATION_CONTEXT(2) 
PARAMETRIC_REPRESENTATION_CONTEXT() REPRESENTATION_CONTEXT('2D SPACE',''
  ) );
#13270 = ORIENTED_EDGE('',*,*,#13271,.T.);
#13271 = EDGE_CURVE('',#13249,#11347,#13272,.T.);
#13272 = SURFACE_CURVE('',#13273,(#13277,#13284),.PCURVE_S1.);
#13273 = LINE('',#13274,#13275);
#13274 = CARTESIAN_POINT('',(269.2,85.9,26.8));
#13275 = VECTOR('',#13276,1.);
#13276 = DIRECTION('',(0.,-0.864507186684,-0.502620457375));
#13277 = PCURVE('',#11362,#13278);
#13278 = DEFINITIONAL_REPRESENTATION('',(#13279),#13283);
#13279 = LINE('',#13280,#13281);
#13280 = CARTESIAN_POINT('',(4.920689672777,-3.580449034634));
#13281 = VECTOR('',#13282,1.);
#13282 = DIRECTION('',(-0.502620457375,0.864507186684));
#13283 = ( GEOMETRIC_REPRESENTATION_CONTEXT(2) 
PARAMETRIC_REPRESENTATION_CONTEXT() REPRESENTATION_CONTEXT('2D SPACE',''
  ) );
#13284 = PCURVE('',#11389,#13285);
#13285 = DEFINITIONAL_REPRESENTATION('',(#13286),#13290);
#13286 = LINE('',#13287,#13288);
#13287 = CARTESIAN_POINT('',(0.,-3.2));
#13288 = VECTOR('',#13289,1.);
#13289 = DIRECTION('',(1.,0.));
#13290 = ( GEOMETRIC_REPRESENTATION_CONTEXT(2) 
PARAMETRIC_REPRESENTATION_CONTEXT() REPRESENTATION_CONTEXT('2D SPACE',''
  ) );
#13291 = ADVANCED_FACE('',(#13292),#11389,.F.);
#13292 = FACE_BOUND('',#13293,.F.);
#13293 = EDGE_LOOP('',(#13294,#13317,#13338,#13339));
#13294 = ORIENTED_EDGE('',*,*,#13295,.F.);
#13295 = EDGE_CURVE('',#13296,#11374,#13298,.T.);
#13296 = VERTEX_POINT('',#13297);
#13297 = CARTESIAN_POINT('',(266.,85.9,26.8));
#13298 = SURFACE_CURVE('',#13299,(#13303,#13310),.PCURVE_S1.);
#13299 = LINE('',#13300,#13301);
#13300 = CARTESIAN_POINT('',(266.,85.9,26.8));
#13301 = VECTOR('',#13302,1.);
#13302 = DIRECTION('',(0.,-0.864507186684,-0.502620457375));
#13303 = PCURVE('',#11389,#13304);
#13304 = DEFINITIONAL_REPRESENTATION('',(#13305),#13309);
#13305 = LINE('',#13306,#13307);
#13306 = CARTESIAN_POINT('',(0.,0.));
#13307 = VECTOR('',#13308,1.);
#13308 = DIRECTION('',(1.,0.));
#13309 = ( GEOMETRIC_REPRESENTATION_CONTEXT(2) 
PARAMETRIC_REPRESENTATION_CONTEXT() REPRESENTATION_CONTEXT('2D SPACE',''
  ) );
#13310 = PCURVE('',#11416,#13311);
#13311 = DEFINITIONAL_REPRESENTATION('',(#13312),#13316);
#13312 = LINE('',#13313,#13314);
#13313 = CARTESIAN_POINT('',(4.920689672777,-3.580449034634));
#13314 = VECTOR('',#13315,1.);
#13315 = DIRECTION('',(-0.502620457375,0.864507186684));
#13316 = ( GEOMETRIC_REPRESENTATION_CONTEXT(2) 
PARAMETRIC_REPRESENTATION_CONTEXT() REPRESENTATION_CONTEXT('2D SPACE',''
  ) );
#13317 = ORIENTED_EDGE('',*,*,#13318,.T.);
#13318 = EDGE_CURVE('',#13296,#13249,#13319,.T.);
#13319 = SURFACE_CURVE('',#13320,(#13324,#13331),.PCURVE_S1.);
#13320 = LINE('',#13321,#13322);
#13321 = CARTESIAN_POINT('',(266.,85.9,26.8));
#13322 = VECTOR('',#13323,1.);
#13323 = DIRECTION('',(1.,0.,0.));
#13324 = PCURVE('',#11389,#13325);
#13325 = DEFINITIONAL_REPRESENTATION('',(#13326),#13330);
#13326 = LINE('',#13327,#13328);
#13327 = CARTESIAN_POINT('',(0.,0.));
#13328 = VECTOR('',#13329,1.);
#13329 = DIRECTION('',(0.,-1.));
#13330 = ( GEOMETRIC_REPRESENTATION_CONTEXT(2) 
PARAMETRIC_REPRESENTATION_CONTEXT() REPRESENTATION_CONTEXT('2D SPACE',''
  ) );
#13331 = PCURVE('',#12536,#13332);
#13332 = DEFINITIONAL_REPRESENTATION('',(#13333),#13337);
#13333 = LINE('',#13334,#13335);
#13334 = CARTESIAN_POINT('',(3.,0.));
#13335 = VECTOR('',#13336,1.);
#13336 = DIRECTION('',(0.,-1.));
#13337 = ( GEOMETRIC_REPRESENTATION_CONTEXT(2) 
PARAMETRIC_REPRESENTATION_CONTEXT() REPRESENTATION_CONTEXT('2D SPACE',''
  ) );
#13338 = ORIENTED_EDGE('',*,*,#13271,.T.);
#13339 = ORIENTED_EDGE('',*,*,#11373,.T.);
#13340 = ADVANCED_FACE('',(#13341),#11416,.F.);
#13341 = FACE_BOUND('',#13342,.F.);
#13342 = EDGE_LOOP('',(#13343,#13344,#13345,#13366));
#13343 = ORIENTED_EDGE('',*,*,#11400,.T.);
#13344 = ORIENTED_EDGE('',*,*,#12497,.T.);
#13345 = ORIENTED_EDGE('',*,*,#13346,.T.);
#13346 = EDGE_CURVE('',#12498,#13296,#13347,.T.);
#13347 = SURFACE_CURVE('',#13348,(#13352,#13359),.PCURVE_S1.);
#13348 = LINE('',#13349,#13350);
#13349 = CARTESIAN_POINT('',(266.,88.9,26.8));
#13350 = VECTOR('',#13351,1.);
#13351 = DIRECTION('',(0.,-1.,0.));
#13352 = PCURVE('',#11416,#13353);
#13353 = DEFINITIONAL_REPRESENTATION('',(#13354),#13358);
#13354 = LINE('',#13355,#13356);
#13355 = CARTESIAN_POINT('',(4.920689672777,-6.580449034634));
#13356 = VECTOR('',#13357,1.);
#13357 = DIRECTION('',(0.,1.));
#13358 = ( GEOMETRIC_REPRESENTATION_CONTEXT(2) 
PARAMETRIC_REPRESENTATION_CONTEXT() REPRESENTATION_CONTEXT('2D SPACE',''
  ) );
#13359 = PCURVE('',#12536,#13360);
#13360 = DEFINITIONAL_REPRESENTATION('',(#13361),#13365);
#13361 = LINE('',#13362,#13363);
#13362 = CARTESIAN_POINT('',(0.,-0.));
#13363 = VECTOR('',#13364,1.);
#13364 = DIRECTION('',(1.,0.));
#13365 = ( GEOMETRIC_REPRESENTATION_CONTEXT(2) 
PARAMETRIC_REPRESENTATION_CONTEXT() REPRESENTATION_CONTEXT('2D SPACE',''
  ) );
#13366 = ORIENTED_EDGE('',*,*,#13295,.T.);
#13367 = ADVANCED_FACE('',(#13368),#11832,.F.);
#13368 = FACE_BOUND('',#13369,.F.);
#13369 = EDGE_LOOP('',(#13370,#13371,#13372,#13395));
#13370 = ORIENTED_EDGE('',*,*,#11816,.T.);
#13371 = ORIENTED_EDGE('',*,*,#12205,.T.);
#13372 = ORIENTED_EDGE('',*,*,#13373,.T.);
#13373 = EDGE_CURVE('',#12206,#13374,#13376,.T.);
#13374 = VERTEX_POINT('',#13375);
#13375 = CARTESIAN_POINT('',(191.4,85.9,26.8));
#13376 = SURFACE_CURVE('',#13377,(#13381,#13388),.PCURVE_S1.);
#13377 = LINE('',#13378,#13379);
#13378 = CARTESIAN_POINT('',(191.4,88.9,26.8));
#13379 = VECTOR('',#13380,1.);
#13380 = DIRECTION('',(0.,-1.,0.));
#13381 = PCURVE('',#11832,#13382);
#13382 = DEFINITIONAL_REPRESENTATION('',(#13383),#13387);
#13383 = LINE('',#13384,#13385);
#13384 = CARTESIAN_POINT('',(4.920689672777,-6.580449034634));
#13385 = VECTOR('',#13386,1.);
#13386 = DIRECTION('',(0.,1.));
#13387 = ( GEOMETRIC_REPRESENTATION_CONTEXT(2) 
PARAMETRIC_REPRESENTATION_CONTEXT() REPRESENTATION_CONTEXT('2D SPACE',''
  ) );
#13388 = PCURVE('',#12244,#13389);
#13389 = DEFINITIONAL_REPRESENTATION('',(#13390),#13394);
#13390 = LINE('',#13391,#13392);
#13391 = CARTESIAN_POINT('',(0.,-0.));
#13392 = VECTOR('',#13393,1.);
#13393 = DIRECTION('',(1.,0.));
#13394 = ( GEOMETRIC_REPRESENTATION_CONTEXT(2) 
PARAMETRIC_REPRESENTATION_CONTEXT() REPRESENTATION_CONTEXT('2D SPACE',''
  ) );
#13395 = ORIENTED_EDGE('',*,*,#13396,.T.);
#13396 = EDGE_CURVE('',#13374,#11790,#13397,.T.);
#13397 = SURFACE_CURVE('',#13398,(#13402,#13409),.PCURVE_S1.);
#13398 = LINE('',#13399,#13400);
#13399 = CARTESIAN_POINT('',(191.4,85.9,26.8));
#13400 = VECTOR('',#13401,1.);
#13401 = DIRECTION('',(0.,-0.864507186684,-0.502620457375));
#13402 = PCURVE('',#11832,#13403);
#13403 = DEFINITIONAL_REPRESENTATION('',(#13404),#13408);
#13404 = LINE('',#13405,#13406);
#13405 = CARTESIAN_POINT('',(4.920689672777,-3.580449034634));
#13406 = VECTOR('',#13407,1.);
#13407 = DIRECTION('',(-0.502620457375,0.864507186684));
#13408 = ( GEOMETRIC_REPRESENTATION_CONTEXT(2) 
PARAMETRIC_REPRESENTATION_CONTEXT() REPRESENTATION_CONTEXT('2D SPACE',''
  ) );
#13409 = PCURVE('',#11805,#13410);
#13410 = DEFINITIONAL_REPRESENTATION('',(#13411),#13415);
#13411 = LINE('',#13412,#13413);
#13412 = CARTESIAN_POINT('',(0.,0.));
#13413 = VECTOR('',#13414,1.);
#13414 = DIRECTION('',(1.,0.));
#13415 = ( GEOMETRIC_REPRESENTATION_CONTEXT(2) 
PARAMETRIC_REPRESENTATION_CONTEXT() REPRESENTATION_CONTEXT('2D SPACE',''
  ) );
#13416 = ADVANCED_FACE('',(#13417),#11466,.T.);
#13417 = FACE_BOUND('',#13418,.T.);
#13418 = EDGE_LOOP('',(#13419,#13420,#13421,#13444));
#13419 = ORIENTED_EDGE('',*,*,#11450,.T.);
#13420 = ORIENTED_EDGE('',*,*,#12475,.T.);
#13421 = ORIENTED_EDGE('',*,*,#13422,.T.);
#13422 = EDGE_CURVE('',#12448,#13423,#13425,.T.);
#13423 = VERTEX_POINT('',#13424);
#13424 = CARTESIAN_POINT('',(253.4,85.9,26.8));
#13425 = SURFACE_CURVE('',#13426,(#13430,#13437),.PCURVE_S1.);
#13426 = LINE('',#13427,#13428);
#13427 = CARTESIAN_POINT('',(253.4,88.9,26.8));
#13428 = VECTOR('',#13429,1.);
#13429 = DIRECTION('',(0.,-1.,0.));
#13430 = PCURVE('',#11466,#13431);
#13431 = DEFINITIONAL_REPRESENTATION('',(#13432),#13436);
#13432 = LINE('',#13433,#13434);
#13433 = CARTESIAN_POINT('',(4.920689672777,-6.580449034634));
#13434 = VECTOR('',#13435,1.);
#13435 = DIRECTION('',(0.,1.));
#13436 = ( GEOMETRIC_REPRESENTATION_CONTEXT(2) 
PARAMETRIC_REPRESENTATION_CONTEXT() REPRESENTATION_CONTEXT('2D SPACE',''
  ) );
#13437 = PCURVE('',#12463,#13438);
#13438 = DEFINITIONAL_REPRESENTATION('',(#13439),#13443);
#13439 = LINE('',#13440,#13441);
#13440 = CARTESIAN_POINT('',(0.,-3.2));
#13441 = VECTOR('',#13442,1.);
#13442 = DIRECTION('',(1.,0.));
#13443 = ( GEOMETRIC_REPRESENTATION_CONTEXT(2) 
PARAMETRIC_REPRESENTATION_CONTEXT() REPRESENTATION_CONTEXT('2D SPACE',''
  ) );
#13444 = ORIENTED_EDGE('',*,*,#13445,.T.);
#13445 = EDGE_CURVE('',#13423,#11451,#13446,.T.);
#13446 = SURFACE_CURVE('',#13447,(#13451,#13458),.PCURVE_S1.);
#13447 = LINE('',#13448,#13449);
#13448 = CARTESIAN_POINT('',(253.4,85.9,26.8));
#13449 = VECTOR('',#13450,1.);
#13450 = DIRECTION('',(0.,-0.864507186684,-0.502620457375));
#13451 = PCURVE('',#11466,#13452);
#13452 = DEFINITIONAL_REPRESENTATION('',(#13453),#13457);
#13453 = LINE('',#13454,#13455);
#13454 = CARTESIAN_POINT('',(4.920689672777,-3.580449034634));
#13455 = VECTOR('',#13456,1.);
#13456 = DIRECTION('',(-0.502620457375,0.864507186684));
#13457 = ( GEOMETRIC_REPRESENTATION_CONTEXT(2) 
PARAMETRIC_REPRESENTATION_CONTEXT() REPRESENTATION_CONTEXT('2D SPACE',''
  ) );
#13458 = PCURVE('',#11493,#13459);
#13459 = DEFINITIONAL_REPRESENTATION('',(#13460),#13464);
#13460 = LINE('',#13461,#13462);
#13461 = CARTESIAN_POINT('',(0.,-3.2));
#13462 = VECTOR('',#13463,1.);
#13463 = DIRECTION('',(1.,0.));
#13464 = ( GEOMETRIC_REPRESENTATION_CONTEXT(2) 
PARAMETRIC_REPRESENTATION_CONTEXT() REPRESENTATION_CONTEXT('2D SPACE',''
  ) );
#13465 = ADVANCED_FACE('',(#13466),#11805,.F.);
#13466 = FACE_BOUND('',#13467,.F.);
#13467 = EDGE_LOOP('',(#13468,#13469,#13492,#13513));
#13468 = ORIENTED_EDGE('',*,*,#13396,.F.);
#13469 = ORIENTED_EDGE('',*,*,#13470,.T.);
#13470 = EDGE_CURVE('',#13374,#13471,#13473,.T.);
#13471 = VERTEX_POINT('',#13472);
#13472 = CARTESIAN_POINT('',(194.6,85.9,26.8));
#13473 = SURFACE_CURVE('',#13474,(#13478,#13485),.PCURVE_S1.);
#13474 = LINE('',#13475,#13476);
#13475 = CARTESIAN_POINT('',(191.4,85.9,26.8));
#13476 = VECTOR('',#13477,1.);
#13477 = DIRECTION('',(1.,0.,0.));
#13478 = PCURVE('',#11805,#13479);
#13479 = DEFINITIONAL_REPRESENTATION('',(#13480),#13484);
#13480 = LINE('',#13481,#13482);
#13481 = CARTESIAN_POINT('',(0.,0.));
#13482 = VECTOR('',#13483,1.);
#13483 = DIRECTION('',(0.,-1.));
#13484 = ( GEOMETRIC_REPRESENTATION_CONTEXT(2) 
PARAMETRIC_REPRESENTATION_CONTEXT() REPRESENTATION_CONTEXT('2D SPACE',''
  ) );
#13485 = PCURVE('',#12244,#13486);
#13486 = DEFINITIONAL_REPRESENTATION('',(#13487),#13491);
#13487 = LINE('',#13488,#13489);
#13488 = CARTESIAN_POINT('',(3.,0.));
#13489 = VECTOR('',#13490,1.);
#13490 = DIRECTION('',(0.,-1.));
#13491 = ( GEOMETRIC_REPRESENTATION_CONTEXT(2) 
PARAMETRIC_REPRESENTATION_CONTEXT() REPRESENTATION_CONTEXT('2D SPACE',''
  ) );
#13492 = ORIENTED_EDGE('',*,*,#13493,.T.);
#13493 = EDGE_CURVE('',#13471,#11763,#13494,.T.);
#13494 = SURFACE_CURVE('',#13495,(#13499,#13506),.PCURVE_S1.);
#13495 = LINE('',#13496,#13497);
#13496 = CARTESIAN_POINT('',(194.6,85.9,26.8));
#13497 = VECTOR('',#13498,1.);
#13498 = DIRECTION('',(0.,-0.864507186684,-0.502620457375));
#13499 = PCURVE('',#11805,#13500);
#13500 = DEFINITIONAL_REPRESENTATION('',(#13501),#13505);
#13501 = LINE('',#13502,#13503);
#13502 = CARTESIAN_POINT('',(0.,-3.2));
#13503 = VECTOR('',#13504,1.);
#13504 = DIRECTION('',(1.,0.));
#13505 = ( GEOMETRIC_REPRESENTATION_CONTEXT(2) 
PARAMETRIC_REPRESENTATION_CONTEXT() REPRESENTATION_CONTEXT('2D SPACE',''
  ) );
#13506 = PCURVE('',#11778,#13507);
#13507 = DEFINITIONAL_REPRESENTATION('',(#13508),#13512);
#13508 = LINE('',#13509,#13510);
#13509 = CARTESIAN_POINT('',(4.920689672777,-3.580449034634));
#13510 = VECTOR('',#13511,1.);
#13511 = DIRECTION('',(-0.502620457375,0.864507186684));
#13512 = ( GEOMETRIC_REPRESENTATION_CONTEXT(2) 
PARAMETRIC_REPRESENTATION_CONTEXT() REPRESENTATION_CONTEXT('2D SPACE',''
  ) );
#13513 = ORIENTED_EDGE('',*,*,#11789,.T.);
#13514 = ADVANCED_FACE('',(#13515),#11493,.F.);
#13515 = FACE_BOUND('',#13516,.F.);
#13516 = EDGE_LOOP('',(#13517,#13540,#13561,#13562));
#13517 = ORIENTED_EDGE('',*,*,#13518,.F.);
#13518 = EDGE_CURVE('',#13519,#11478,#13521,.T.);
#13519 = VERTEX_POINT('',#13520);
#13520 = CARTESIAN_POINT('',(250.2,85.9,26.8));
#13521 = SURFACE_CURVE('',#13522,(#13526,#13533),.PCURVE_S1.);
#13522 = LINE('',#13523,#13524);
#13523 = CARTESIAN_POINT('',(250.2,85.9,26.8));
#13524 = VECTOR('',#13525,1.);
#13525 = DIRECTION('',(0.,-0.864507186684,-0.502620457375));
#13526 = PCURVE('',#11493,#13527);
#13527 = DEFINITIONAL_REPRESENTATION('',(#13528),#13532);
#13528 = LINE('',#13529,#13530);
#13529 = CARTESIAN_POINT('',(0.,0.));
#13530 = VECTOR('',#13531,1.);
#13531 = DIRECTION('',(1.,0.));
#13532 = ( GEOMETRIC_REPRESENTATION_CONTEXT(2) 
PARAMETRIC_REPRESENTATION_CONTEXT() REPRESENTATION_CONTEXT('2D SPACE',''
  ) );
#13533 = PCURVE('',#11520,#13534);
#13534 = DEFINITIONAL_REPRESENTATION('',(#13535),#13539);
#13535 = LINE('',#13536,#13537);
#13536 = CARTESIAN_POINT('',(4.920689672777,-3.580449034634));
#13537 = VECTOR('',#13538,1.);
#13538 = DIRECTION('',(-0.502620457375,0.864507186684));
#13539 = ( GEOMETRIC_REPRESENTATION_CONTEXT(2) 
PARAMETRIC_REPRESENTATION_CONTEXT() REPRESENTATION_CONTEXT('2D SPACE',''
  ) );
#13540 = ORIENTED_EDGE('',*,*,#13541,.T.);
#13541 = EDGE_CURVE('',#13519,#13423,#13542,.T.);
#13542 = SURFACE_CURVE('',#13543,(#13547,#13554),.PCURVE_S1.);
#13543 = LINE('',#13544,#13545);
#13544 = CARTESIAN_POINT('',(250.2,85.9,26.8));
#13545 = VECTOR('',#13546,1.);
#13546 = DIRECTION('',(1.,0.,0.));
#13547 = PCURVE('',#11493,#13548);
#13548 = DEFINITIONAL_REPRESENTATION('',(#13549),#13553);
#13549 = LINE('',#13550,#13551);
#13550 = CARTESIAN_POINT('',(0.,0.));
#13551 = VECTOR('',#13552,1.);
#13552 = DIRECTION('',(0.,-1.));
#13553 = ( GEOMETRIC_REPRESENTATION_CONTEXT(2) 
PARAMETRIC_REPRESENTATION_CONTEXT() REPRESENTATION_CONTEXT('2D SPACE',''
  ) );
#13554 = PCURVE('',#12463,#13555);
#13555 = DEFINITIONAL_REPRESENTATION('',(#13556),#13560);
#13556 = LINE('',#13557,#13558);
#13557 = CARTESIAN_POINT('',(3.,0.));
#13558 = VECTOR('',#13559,1.);
#13559 = DIRECTION('',(0.,-1.));
#13560 = ( GEOMETRIC_REPRESENTATION_CONTEXT(2) 
PARAMETRIC_REPRESENTATION_CONTEXT() REPRESENTATION_CONTEXT('2D SPACE',''
  ) );
#13561 = ORIENTED_EDGE('',*,*,#13445,.T.);
#13562 = ORIENTED_EDGE('',*,*,#11477,.T.);
#13563 = ADVANCED_FACE('',(#13564),#11778,.T.);
#13564 = FACE_BOUND('',#13565,.T.);
#13565 = EDGE_LOOP('',(#13566,#13567,#13568,#13589));
#13566 = ORIENTED_EDGE('',*,*,#11762,.T.);
#13567 = ORIENTED_EDGE('',*,*,#12256,.T.);
#13568 = ORIENTED_EDGE('',*,*,#13569,.T.);
#13569 = EDGE_CURVE('',#12229,#13471,#13570,.T.);
#13570 = SURFACE_CURVE('',#13571,(#13575,#13582),.PCURVE_S1.);
#13571 = LINE('',#13572,#13573);
#13572 = CARTESIAN_POINT('',(194.6,88.9,26.8));
#13573 = VECTOR('',#13574,1.);
#13574 = DIRECTION('',(0.,-1.,0.));
#13575 = PCURVE('',#11778,#13576);
#13576 = DEFINITIONAL_REPRESENTATION('',(#13577),#13581);
#13577 = LINE('',#13578,#13579);
#13578 = CARTESIAN_POINT('',(4.920689672777,-6.580449034634));
#13579 = VECTOR('',#13580,1.);
#13580 = DIRECTION('',(0.,1.));
#13581 = ( GEOMETRIC_REPRESENTATION_CONTEXT(2) 
PARAMETRIC_REPRESENTATION_CONTEXT() REPRESENTATION_CONTEXT('2D SPACE',''
  ) );
#13582 = PCURVE('',#12244,#13583);
#13583 = DEFINITIONAL_REPRESENTATION('',(#13584),#13588);
#13584 = LINE('',#13585,#13586);
#13585 = CARTESIAN_POINT('',(0.,-3.2));
#13586 = VECTOR('',#13587,1.);
#13587 = DIRECTION('',(1.,0.));
#13588 = ( GEOMETRIC_REPRESENTATION_CONTEXT(2) 
PARAMETRIC_REPRESENTATION_CONTEXT() REPRESENTATION_CONTEXT('2D SPACE',''
  ) );
#13589 = ORIENTED_EDGE('',*,*,#13493,.T.);
#13590 = ADVANCED_FACE('',(#13591),#11520,.F.);
#13591 = FACE_BOUND('',#13592,.F.);
#13592 = EDGE_LOOP('',(#13593,#13594,#13595,#13616));
#13593 = ORIENTED_EDGE('',*,*,#11504,.T.);
#13594 = ORIENTED_EDGE('',*,*,#12424,.T.);
#13595 = ORIENTED_EDGE('',*,*,#13596,.T.);
#13596 = EDGE_CURVE('',#12425,#13519,#13597,.T.);
#13597 = SURFACE_CURVE('',#13598,(#13602,#13609),.PCURVE_S1.);
#13598 = LINE('',#13599,#13600);
#13599 = CARTESIAN_POINT('',(250.2,88.9,26.8));
#13600 = VECTOR('',#13601,1.);
#13601 = DIRECTION('',(0.,-1.,0.));
#13602 = PCURVE('',#11520,#13603);
#13603 = DEFINITIONAL_REPRESENTATION('',(#13604),#13608);
#13604 = LINE('',#13605,#13606);
#13605 = CARTESIAN_POINT('',(4.920689672777,-6.580449034634));
#13606 = VECTOR('',#13607,1.);
#13607 = DIRECTION('',(0.,1.));
#13608 = ( GEOMETRIC_REPRESENTATION_CONTEXT(2) 
PARAMETRIC_REPRESENTATION_CONTEXT() REPRESENTATION_CONTEXT('2D SPACE',''
  ) );
#13609 = PCURVE('',#12463,#13610);
#13610 = DEFINITIONAL_REPRESENTATION('',(#13611),#13615);
#13611 = LINE('',#13612,#13613);
#13612 = CARTESIAN_POINT('',(0.,-0.));
#13613 = VECTOR('',#13614,1.);
#13614 = DIRECTION('',(1.,0.));
#13615 = ( GEOMETRIC_REPRESENTATION_CONTEXT(2) 
PARAMETRIC_REPRESENTATION_CONTEXT() REPRESENTATION_CONTEXT('2D SPACE',''
  ) );
#13616 = ORIENTED_EDGE('',*,*,#13518,.T.);
#13617 = ADVANCED_FACE('',(#13618),#11728,.F.);
#13618 = FACE_BOUND('',#13619,.F.);
#13619 = EDGE_LOOP('',(#13620,#13621,#13622,#13645));
#13620 = ORIENTED_EDGE('',*,*,#11712,.T.);
#13621 = ORIENTED_EDGE('',*,*,#12278,.T.);
#13622 = ORIENTED_EDGE('',*,*,#13623,.T.);
#13623 = EDGE_CURVE('',#12279,#13624,#13626,.T.);
#13624 = VERTEX_POINT('',#13625);
#13625 = CARTESIAN_POINT('',(214.,85.9,26.8));
#13626 = SURFACE_CURVE('',#13627,(#13631,#13638),.PCURVE_S1.);
#13627 = LINE('',#13628,#13629);
#13628 = CARTESIAN_POINT('',(214.,88.9,26.8));
#13629 = VECTOR('',#13630,1.);
#13630 = DIRECTION('',(0.,-1.,0.));
#13631 = PCURVE('',#11728,#13632);
#13632 = DEFINITIONAL_REPRESENTATION('',(#13633),#13637);
#13633 = LINE('',#13634,#13635);
#13634 = CARTESIAN_POINT('',(4.920689672777,-6.580449034634));
#13635 = VECTOR('',#13636,1.);
#13636 = DIRECTION('',(0.,1.));
#13637 = ( GEOMETRIC_REPRESENTATION_CONTEXT(2) 
PARAMETRIC_REPRESENTATION_CONTEXT() REPRESENTATION_CONTEXT('2D SPACE',''
  ) );
#13638 = PCURVE('',#12317,#13639);
#13639 = DEFINITIONAL_REPRESENTATION('',(#13640),#13644);
#13640 = LINE('',#13641,#13642);
#13641 = CARTESIAN_POINT('',(0.,-0.));
#13642 = VECTOR('',#13643,1.);
#13643 = DIRECTION('',(1.,0.));
#13644 = ( GEOMETRIC_REPRESENTATION_CONTEXT(2) 
PARAMETRIC_REPRESENTATION_CONTEXT() REPRESENTATION_CONTEXT('2D SPACE',''
  ) );
#13645 = ORIENTED_EDGE('',*,*,#13646,.T.);
#13646 = EDGE_CURVE('',#13624,#11686,#13647,.T.);
#13647 = SURFACE_CURVE('',#13648,(#13652,#13659),.PCURVE_S1.);
#13648 = LINE('',#13649,#13650);
#13649 = CARTESIAN_POINT('',(214.,85.9,26.8));
#13650 = VECTOR('',#13651,1.);
#13651 = DIRECTION('',(0.,-0.864507186684,-0.502620457375));
#13652 = PCURVE('',#11728,#13653);
#13653 = DEFINITIONAL_REPRESENTATION('',(#13654),#13658);
#13654 = LINE('',#13655,#13656);
#13655 = CARTESIAN_POINT('',(4.920689672777,-3.580449034634));
#13656 = VECTOR('',#13657,1.);
#13657 = DIRECTION('',(-0.502620457375,0.864507186684));
#13658 = ( GEOMETRIC_REPRESENTATION_CONTEXT(2) 
PARAMETRIC_REPRESENTATION_CONTEXT() REPRESENTATION_CONTEXT('2D SPACE',''
  ) );
#13659 = PCURVE('',#11701,#13660);
#13660 = DEFINITIONAL_REPRESENTATION('',(#13661),#13665);
#13661 = LINE('',#13662,#13663);
#13662 = CARTESIAN_POINT('',(0.,0.));
#13663 = VECTOR('',#13664,1.);
#13664 = DIRECTION('',(1.,0.));
#13665 = ( GEOMETRIC_REPRESENTATION_CONTEXT(2) 
PARAMETRIC_REPRESENTATION_CONTEXT() REPRESENTATION_CONTEXT('2D SPACE',''
  ) );
#13666 = ADVANCED_FACE('',(#13667),#11570,.T.);
#13667 = FACE_BOUND('',#13668,.T.);
#13668 = EDGE_LOOP('',(#13669,#13670,#13671,#13694));
#13669 = ORIENTED_EDGE('',*,*,#11554,.T.);
#13670 = ORIENTED_EDGE('',*,*,#12402,.T.);
#13671 = ORIENTED_EDGE('',*,*,#13672,.T.);
#13672 = EDGE_CURVE('',#12375,#13673,#13675,.T.);
#13673 = VERTEX_POINT('',#13674);
#13674 = CARTESIAN_POINT('',(233.2,85.9,26.8));
#13675 = SURFACE_CURVE('',#13676,(#13680,#13687),.PCURVE_S1.);
#13676 = LINE('',#13677,#13678);
#13677 = CARTESIAN_POINT('',(233.2,88.9,26.8));
#13678 = VECTOR('',#13679,1.);
#13679 = DIRECTION('',(0.,-1.,0.));
#13680 = PCURVE('',#11570,#13681);
#13681 = DEFINITIONAL_REPRESENTATION('',(#13682),#13686);
#13682 = LINE('',#13683,#13684);
#13683 = CARTESIAN_POINT('',(4.920689672777,-6.580449034634));
#13684 = VECTOR('',#13685,1.);
#13685 = DIRECTION('',(0.,1.));
#13686 = ( GEOMETRIC_REPRESENTATION_CONTEXT(2) 
PARAMETRIC_REPRESENTATION_CONTEXT() REPRESENTATION_CONTEXT('2D SPACE',''
  ) );
#13687 = PCURVE('',#12390,#13688);
#13688 = DEFINITIONAL_REPRESENTATION('',(#13689),#13693);
#13689 = LINE('',#13690,#13691);
#13690 = CARTESIAN_POINT('',(0.,-3.2));
#13691 = VECTOR('',#13692,1.);
#13692 = DIRECTION('',(1.,0.));
#13693 = ( GEOMETRIC_REPRESENTATION_CONTEXT(2) 
PARAMETRIC_REPRESENTATION_CONTEXT() REPRESENTATION_CONTEXT('2D SPACE',''
  ) );
#13694 = ORIENTED_EDGE('',*,*,#13695,.T.);
#13695 = EDGE_CURVE('',#13673,#11555,#13696,.T.);
#13696 = SURFACE_CURVE('',#13697,(#13701,#13708),.PCURVE_S1.);
#13697 = LINE('',#13698,#13699);
#13698 = CARTESIAN_POINT('',(233.2,85.9,26.8));
#13699 = VECTOR('',#13700,1.);
#13700 = DIRECTION('',(0.,-0.864507186684,-0.502620457375));
#13701 = PCURVE('',#11570,#13702);
#13702 = DEFINITIONAL_REPRESENTATION('',(#13703),#13707);
#13703 = LINE('',#13704,#13705);
#13704 = CARTESIAN_POINT('',(4.920689672777,-3.580449034634));
#13705 = VECTOR('',#13706,1.);
#13706 = DIRECTION('',(-0.502620457375,0.864507186684));
#13707 = ( GEOMETRIC_REPRESENTATION_CONTEXT(2) 
PARAMETRIC_REPRESENTATION_CONTEXT() REPRESENTATION_CONTEXT('2D SPACE',''
  ) );
#13708 = PCURVE('',#11597,#13709);
#13709 = DEFINITIONAL_REPRESENTATION('',(#13710),#13714);
#13710 = LINE('',#13711,#13712);
#13711 = CARTESIAN_POINT('',(0.,-3.2));
#13712 = VECTOR('',#13713,1.);
#13713 = DIRECTION('',(1.,0.));
#13714 = ( GEOMETRIC_REPRESENTATION_CONTEXT(2) 
PARAMETRIC_REPRESENTATION_CONTEXT() REPRESENTATION_CONTEXT('2D SPACE',''
  ) );
#13715 = ADVANCED_FACE('',(#13716),#11701,.F.);
#13716 = FACE_BOUND('',#13717,.F.);
#13717 = EDGE_LOOP('',(#13718,#13719,#13742,#13763));
#13718 = ORIENTED_EDGE('',*,*,#13646,.F.);
#13719 = ORIENTED_EDGE('',*,*,#13720,.T.);
#13720 = EDGE_CURVE('',#13624,#13721,#13723,.T.);
#13721 = VERTEX_POINT('',#13722);
#13722 = CARTESIAN_POINT('',(217.2,85.9,26.8));
#13723 = SURFACE_CURVE('',#13724,(#13728,#13735),.PCURVE_S1.);
#13724 = LINE('',#13725,#13726);
#13725 = CARTESIAN_POINT('',(214.,85.9,26.8));
#13726 = VECTOR('',#13727,1.);
#13727 = DIRECTION('',(1.,0.,0.));
#13728 = PCURVE('',#11701,#13729);
#13729 = DEFINITIONAL_REPRESENTATION('',(#13730),#13734);
#13730 = LINE('',#13731,#13732);
#13731 = CARTESIAN_POINT('',(0.,0.));
#13732 = VECTOR('',#13733,1.);
#13733 = DIRECTION('',(0.,-1.));
#13734 = ( GEOMETRIC_REPRESENTATION_CONTEXT(2) 
PARAMETRIC_REPRESENTATION_CONTEXT() REPRESENTATION_CONTEXT('2D SPACE',''
  ) );
#13735 = PCURVE('',#12317,#13736);
#13736 = DEFINITIONAL_REPRESENTATION('',(#13737),#13741);
#13737 = LINE('',#13738,#13739);
#13738 = CARTESIAN_POINT('',(3.,0.));
#13739 = VECTOR('',#13740,1.);
#13740 = DIRECTION('',(0.,-1.));
#13741 = ( GEOMETRIC_REPRESENTATION_CONTEXT(2) 
PARAMETRIC_REPRESENTATION_CONTEXT() REPRESENTATION_CONTEXT('2D SPACE',''
  ) );
#13742 = ORIENTED_EDGE('',*,*,#13743,.T.);
#13743 = EDGE_CURVE('',#13721,#11659,#13744,.T.);
#13744 = SURFACE_CURVE('',#13745,(#13749,#13756),.PCURVE_S1.);
#13745 = LINE('',#13746,#13747);
#13746 = CARTESIAN_POINT('',(217.2,85.9,26.8));
#13747 = VECTOR('',#13748,1.);
#13748 = DIRECTION('',(0.,-0.864507186684,-0.502620457375));
#13749 = PCURVE('',#11701,#13750);
#13750 = DEFINITIONAL_REPRESENTATION('',(#13751),#13755);
#13751 = LINE('',#13752,#13753);
#13752 = CARTESIAN_POINT('',(0.,-3.2));
#13753 = VECTOR('',#13754,1.);
#13754 = DIRECTION('',(1.,0.));
#13755 = ( GEOMETRIC_REPRESENTATION_CONTEXT(2) 
PARAMETRIC_REPRESENTATION_CONTEXT() REPRESENTATION_CONTEXT('2D SPACE',''
  ) );
#13756 = PCURVE('',#11674,#13757);
#13757 = DEFINITIONAL_REPRESENTATION('',(#13758),#13762);
#13758 = LINE('',#13759,#13760);
#13759 = CARTESIAN_POINT('',(4.920689672777,-3.580449034634));
#13760 = VECTOR('',#13761,1.);
#13761 = DIRECTION('',(-0.502620457375,0.864507186684));
#13762 = ( GEOMETRIC_REPRESENTATION_CONTEXT(2) 
PARAMETRIC_REPRESENTATION_CONTEXT() REPRESENTATION_CONTEXT('2D SPACE',''
  ) );
#13763 = ORIENTED_EDGE('',*,*,#11685,.T.);
#13764 = ADVANCED_FACE('',(#13765),#11597,.F.);
#13765 = FACE_BOUND('',#13766,.F.);
#13766 = EDGE_LOOP('',(#13767,#13790,#13811,#13812));
#13767 = ORIENTED_EDGE('',*,*,#13768,.F.);
#13768 = EDGE_CURVE('',#13769,#11582,#13771,.T.);
#13769 = VERTEX_POINT('',#13770);
#13770 = CARTESIAN_POINT('',(230.,85.9,26.8));
#13771 = SURFACE_CURVE('',#13772,(#13776,#13783),.PCURVE_S1.);
#13772 = LINE('',#13773,#13774);
#13773 = CARTESIAN_POINT('',(230.,85.9,26.8));
#13774 = VECTOR('',#13775,1.);
#13775 = DIRECTION('',(0.,-0.864507186684,-0.502620457375));
#13776 = PCURVE('',#11597,#13777);
#13777 = DEFINITIONAL_REPRESENTATION('',(#13778),#13782);
#13778 = LINE('',#13779,#13780);
#13779 = CARTESIAN_POINT('',(0.,0.));
#13780 = VECTOR('',#13781,1.);
#13781 = DIRECTION('',(1.,0.));
#13782 = ( GEOMETRIC_REPRESENTATION_CONTEXT(2) 
PARAMETRIC_REPRESENTATION_CONTEXT() REPRESENTATION_CONTEXT('2D SPACE',''
  ) );
#13783 = PCURVE('',#11624,#13784);
#13784 = DEFINITIONAL_REPRESENTATION('',(#13785),#13789);
#13785 = LINE('',#13786,#13787);
#13786 = CARTESIAN_POINT('',(4.920689672777,-3.580449034634));
#13787 = VECTOR('',#13788,1.);
#13788 = DIRECTION('',(-0.502620457375,0.864507186684));
#13789 = ( GEOMETRIC_REPRESENTATION_CONTEXT(2) 
PARAMETRIC_REPRESENTATION_CONTEXT() REPRESENTATION_CONTEXT('2D SPACE',''
  ) );
#13790 = ORIENTED_EDGE('',*,*,#13791,.T.);
#13791 = EDGE_CURVE('',#13769,#13673,#13792,.T.);
#13792 = SURFACE_CURVE('',#13793,(#13797,#13804),.PCURVE_S1.);
#13793 = LINE('',#13794,#13795);
#13794 = CARTESIAN_POINT('',(230.,85.9,26.8));
#13795 = VECTOR('',#13796,1.);
#13796 = DIRECTION('',(1.,0.,0.));
#13797 = PCURVE('',#11597,#13798);
#13798 = DEFINITIONAL_REPRESENTATION('',(#13799),#13803);
#13799 = LINE('',#13800,#13801);
#13800 = CARTESIAN_POINT('',(0.,0.));
#13801 = VECTOR('',#13802,1.);
#13802 = DIRECTION('',(0.,-1.));
#13803 = ( GEOMETRIC_REPRESENTATION_CONTEXT(2) 
PARAMETRIC_REPRESENTATION_CONTEXT() REPRESENTATION_CONTEXT('2D SPACE',''
  ) );
#13804 = PCURVE('',#12390,#13805);
#13805 = DEFINITIONAL_REPRESENTATION('',(#13806),#13810);
#13806 = LINE('',#13807,#13808);
#13807 = CARTESIAN_POINT('',(3.,0.));
#13808 = VECTOR('',#13809,1.);
#13809 = DIRECTION('',(0.,-1.));
#13810 = ( GEOMETRIC_REPRESENTATION_CONTEXT(2) 
PARAMETRIC_REPRESENTATION_CONTEXT() REPRESENTATION_CONTEXT('2D SPACE',''
  ) );
#13811 = ORIENTED_EDGE('',*,*,#13695,.T.);
#13812 = ORIENTED_EDGE('',*,*,#11581,.T.);
#13813 = ADVANCED_FACE('',(#13814),#11674,.T.);
#13814 = FACE_BOUND('',#13815,.T.);
#13815 = EDGE_LOOP('',(#13816,#13817,#13818,#13839));
#13816 = ORIENTED_EDGE('',*,*,#11658,.T.);
#13817 = ORIENTED_EDGE('',*,*,#12329,.T.);
#13818 = ORIENTED_EDGE('',*,*,#13819,.T.);
#13819 = EDGE_CURVE('',#12302,#13721,#13820,.T.);
#13820 = SURFACE_CURVE('',#13821,(#13825,#13832),.PCURVE_S1.);
#13821 = LINE('',#13822,#13823);
#13822 = CARTESIAN_POINT('',(217.2,88.9,26.8));
#13823 = VECTOR('',#13824,1.);
#13824 = DIRECTION('',(0.,-1.,0.));
#13825 = PCURVE('',#11674,#13826);
#13826 = DEFINITIONAL_REPRESENTATION('',(#13827),#13831);
#13827 = LINE('',#13828,#13829);
#13828 = CARTESIAN_POINT('',(4.920689672777,-6.580449034634));
#13829 = VECTOR('',#13830,1.);
#13830 = DIRECTION('',(0.,1.));
#13831 = ( GEOMETRIC_REPRESENTATION_CONTEXT(2) 
PARAMETRIC_REPRESENTATION_CONTEXT() REPRESENTATION_CONTEXT('2D SPACE',''
  ) );
#13832 = PCURVE('',#12317,#13833);
#13833 = DEFINITIONAL_REPRESENTATION('',(#13834),#13838);
#13834 = LINE('',#13835,#13836);
#13835 = CARTESIAN_POINT('',(0.,-3.2));
#13836 = VECTOR('',#13837,1.);
#13837 = DIRECTION('',(1.,0.));
#13838 = ( GEOMETRIC_REPRESENTATION_CONTEXT(2) 
PARAMETRIC_REPRESENTATION_CONTEXT() REPRESENTATION_CONTEXT('2D SPACE',''
  ) );
#13839 = ORIENTED_EDGE('',*,*,#13743,.T.);
#13840 = ADVANCED_FACE('',(#13841),#11624,.F.);
#13841 = FACE_BOUND('',#13842,.F.);
#13842 = EDGE_LOOP('',(#13843,#13844,#13845,#13866));
#13843 = ORIENTED_EDGE('',*,*,#11608,.T.);
#13844 = ORIENTED_EDGE('',*,*,#12351,.T.);
#13845 = ORIENTED_EDGE('',*,*,#13846,.T.);
#13846 = EDGE_CURVE('',#12352,#13769,#13847,.T.);
#13847 = SURFACE_CURVE('',#13848,(#13852,#13859),.PCURVE_S1.);
#13848 = LINE('',#13849,#13850);
#13849 = CARTESIAN_POINT('',(230.,88.9,26.8));
#13850 = VECTOR('',#13851,1.);
#13851 = DIRECTION('',(0.,-1.,0.));
#13852 = PCURVE('',#11624,#13853);
#13853 = DEFINITIONAL_REPRESENTATION('',(#13854),#13858);
#13854 = LINE('',#13855,#13856);
#13855 = CARTESIAN_POINT('',(4.920689672777,-6.580449034634));
#13856 = VECTOR('',#13857,1.);
#13857 = DIRECTION('',(0.,1.));
#13858 = ( GEOMETRIC_REPRESENTATION_CONTEXT(2) 
PARAMETRIC_REPRESENTATION_CONTEXT() REPRESENTATION_CONTEXT('2D SPACE',''
  ) );
#13859 = PCURVE('',#12390,#13860);
#13860 = DEFINITIONAL_REPRESENTATION('',(#13861),#13865);
#13861 = LINE('',#13862,#13863);
#13862 = CARTESIAN_POINT('',(0.,-0.));
#13863 = VECTOR('',#13864,1.);
#13864 = DIRECTION('',(1.,0.));
#13865 = ( GEOMETRIC_REPRESENTATION_CONTEXT(2) 
PARAMETRIC_REPRESENTATION_CONTEXT() REPRESENTATION_CONTEXT('2D SPACE',''
  ) );
#13866 = ORIENTED_EDGE('',*,*,#13768,.T.);
#13867 = ADVANCED_FACE('',(#13868),#12609,.F.);
#13868 = FACE_BOUND('',#13869,.F.);
#13869 = EDGE_LOOP('',(#13870,#13871,#13872,#13873));
#13870 = ORIENTED_EDGE('',*,*,#12593,.T.);
#13871 = ORIENTED_EDGE('',*,*,#13123,.T.);
#13872 = ORIENTED_EDGE('',*,*,#13193,.F.);
#13873 = ORIENTED_EDGE('',*,*,#13221,.F.);
#13874 = ADVANCED_FACE('',(#13875),#12536,.F.);
#13875 = FACE_BOUND('',#13876,.F.);
#13876 = EDGE_LOOP('',(#13877,#13878,#13879,#13880));
#13877 = ORIENTED_EDGE('',*,*,#12520,.T.);
#13878 = ORIENTED_EDGE('',*,*,#13248,.T.);
#13879 = ORIENTED_EDGE('',*,*,#13318,.F.);
#13880 = ORIENTED_EDGE('',*,*,#13346,.F.);
#13881 = ADVANCED_FACE('',(#13882),#12463,.F.);
#13882 = FACE_BOUND('',#13883,.F.);
#13883 = EDGE_LOOP('',(#13884,#13885,#13886,#13887));
#13884 = ORIENTED_EDGE('',*,*,#12447,.T.);
#13885 = ORIENTED_EDGE('',*,*,#13422,.T.);
#13886 = ORIENTED_EDGE('',*,*,#13541,.F.);
#13887 = ORIENTED_EDGE('',*,*,#13596,.F.);
#13888 = ADVANCED_FACE('',(#13889),#12390,.F.);
#13889 = FACE_BOUND('',#13890,.F.);
#13890 = EDGE_LOOP('',(#13891,#13892,#13893,#13894));
#13891 = ORIENTED_EDGE('',*,*,#12374,.T.);
#13892 = ORIENTED_EDGE('',*,*,#13672,.T.);
#13893 = ORIENTED_EDGE('',*,*,#13791,.F.);
#13894 = ORIENTED_EDGE('',*,*,#13846,.F.);
#13895 = ADVANCED_FACE('',(#13896),#12317,.F.);
#13896 = FACE_BOUND('',#13897,.F.);
#13897 = EDGE_LOOP('',(#13898,#13899,#13900,#13901));
#13898 = ORIENTED_EDGE('',*,*,#12301,.T.);
#13899 = ORIENTED_EDGE('',*,*,#13819,.T.);
#13900 = ORIENTED_EDGE('',*,*,#13720,.F.);
#13901 = ORIENTED_EDGE('',*,*,#13623,.F.);
#13902 = ADVANCED_FACE('',(#13903),#12244,.F.);
#13903 = FACE_BOUND('',#13904,.F.);
#13904 = EDGE_LOOP('',(#13905,#13906,#13907,#13908));
#13905 = ORIENTED_EDGE('',*,*,#12228,.T.);
#13906 = ORIENTED_EDGE('',*,*,#13569,.T.);
#13907 = ORIENTED_EDGE('',*,*,#13470,.F.);
#13908 = ORIENTED_EDGE('',*,*,#13373,.F.);
#13909 = ( GEOMETRIC_REPRESENTATION_CONTEXT(3) 
GLOBAL_UNCERTAINTY_ASSIGNED_CONTEXT((#13913)) 
GLOBAL_UNIT_ASSIGNED_CONTEXT((#13910,#13911,#13912)) 
REPRESENTATION_CONTEXT('Context #1',
  '3D Context with UNIT and UNCERTAINTY') );
#13910 = ( LENGTH_UNIT() NAMED_UNIT(*) SI_UNIT(.MILLI.,.METRE.) );
#13911 = ( NAMED_UNIT(*) PLANE_ANGLE_UNIT() SI_UNIT($,.RADIAN.) );
#13912 = ( NAMED_UNIT(*) SI_UNIT($,.STERADIAN.) SOLID_ANGLE_UNIT() );
#13913 = UNCERTAINTY_MEASURE_WITH_UNIT(LENGTH_MEASURE(1.E-07),#13910,
  'distance_accuracy_value','confusion accuracy');
#13914 = PRODUCT_RELATED_PRODUCT_CATEGORY('part',$,(#7));
ENDSEC;
END-ISO-10303-21;
